game_id,season,game_type,week,gameday,weekday,gametime,away_team,away_score,home_team,home_score,location,overtime,away_rest,home_rest,div_game,roof,surface,stadium_id,stadium
2014_01_GB_SEA,2014,REG,1,2014-09-04,Thursday,20:30,GB,16,SEA,36,Home,0,7,7,0,outdoors,fieldturf,SEA00,CenturyLink Field
2014_01_BUF_CHI,2014,REG,1,2014-09-07,Sunday,13:00,BUF,23,CHI,20,Home,1,7,7,0,outdoors,grass,CHI98,Soldier Field
2014_01_CAR_TB,2014,REG,1,2014-09-07,Sunday,16:25,CAR,20,TB,14,Home,0,7,7,1,outdoors,grass,TAM00,Raymond James Stadium
2014_01_CIN_BAL,2014,REG,1,2014-09-07,Sunday,13:00,CIN,23,BAL,16,Home,0,7,7,1,outdoors,sportturf,BAL00,M&T Bank Stadium
2014_01_CLE_PIT,2014,REG,1,2014-09-07,Sunday,13:00,CLE,27,PIT,30,Home,0,7,7,1,outdoors,grass,PIT00,Heinz Field
2014_01_IND_DEN,2014,REG,1,2014-09-07,Sunday,20:30,IND,24,DEN,31,Home,0,7,7,0,outdoors,grass,DEN00,Sports Authority Field at Mile High
2014_01_JAX_PHI,2014,REG,1,2014-09-07,Sunday,13:00,JAX,17,PHI,34,Home,0,7,7,0,outdoors,grass,PHI00,Lincoln Financial Field
2014_01_MIN_STL,2014,REG,1,2014-09-07,Sunday,13:00,MIN,34,STL,6,Home,0,7,7,0,dome,astroplay,STL00,Edward Jones Dome
2014_01_NE_MIA,2014,REG,1,2014-09-07,Sunday,13:00,NE,20,MIA,33,Home,0,7,7,1,outdoors,grass,MIA00,Sun Life Stadium
2014_01_NO_ATL,2014,REG,1,2014-09-07,Sunday,13:00,NO,34,ATL,37,Home,1,7,7,1,dome,fieldturf,ATL00,Georgia Dome
2014_01_OAK_NYJ,2014,REG,1,2014-09-07,Sunday,13:00,OAK,14,NYJ,19,Home,0,7,7,0,outdoors,fieldturf,NYC01,MetLife Stadium
2014_01_SF_DAL,2014,REG,1,2014-09-07,Sunday,16:25,SF,28,DAL,17,Home,0,7,7,0,closed,matrixturf,DAL00,AT&T Stadium
2014_01_TEN_KC,2014,REG,1,2014-09-07,Sunday,13:00,TEN,26,KC,10,Home,0,7,7,0,outdoors,grass,KAN00,Arrowhead Stadium
2014_01_WAS_HOU,2014,REG,1,2014-09-07,Sunday,13:00,WAS,6,HOU,17,Home,0,7,7,0,closed,grass,HOU00,NRG Stadium
2014_01_NYG_DET,2014,REG,1,2014-09-08,Monday,19:10,NYG,14,DET,35,Home,0,7,7,0,dome,fieldturf,DET00,Ford Field
2014_01_SD_ARI,2014,REG,1,2014-09-08,Monday,21:20,SD,17,ARI,18,Home,0,7,7,0,closed,grass,PHO00,University of Phoenix Stadium
2014_02_PIT_BAL,2014,REG,2,2014-09-11,Thursday,20:25,PIT,6,BAL,26,Home,0,4,4,1,outdoors,sportturf,BAL00,M&T Bank Stadium
2014_02_ARI_NYG,2014,REG,2,2014-09-14,Sunday,13:00,ARI,25,NYG,14,Home,0,6,6,0,outdoors,fieldturf,NYC01,MetLife Stadium
2014_02_ATL_CIN,2014,REG,2,2014-09-14,Sunday,13:00,ATL,10,CIN,24,Home,0,7,7,0,outdoors,fieldturf,CIN00,Paul Brown Stadium
2014_02_CHI_SF,2014,REG,2,2014-09-14,Sunday,20:30,CHI,28,SF,20,Home,0,7,7,0,outdoors,grass,SFO01,Levi's Stadium
2014_02_DAL_TEN,2014,REG,2,2014-09-14,Sunday,13:00,DAL,26,TEN,10,Home,0,7,7,0,outdoors,grass,NAS00,LP Field
2014_02_DET_CAR,2014,REG,2,2014-09-14,Sunday,13:00,DET,7,CAR,24,Home,0,6,7,0,outdoors,grass,CAR00,Bank of America Stadium
2014_02_HOU_OAK,2014,REG,2,2014-09-14,Sunday,16:25,HOU,30,OAK,14,Home,0,7,7,0,outdoors,grass,OAK00,O.co Coliseum
2014_02_JAX_WAS,2014,REG,2,2014-09-14,Sunday,13:00,JAX,10,WAS,41,Home,0,7,7,0,outdoors,grass,WAS00,FedExField
2014_02_KC_DEN,2014,REG,2,2014-09-14,Sunday,16:25,KC,17,DEN,24,Home,0,7,7,1,outdoors,grass,DEN00,Sports Authority Field at Mile High
2014_02_MIA_BUF,2014,REG,2,2014-09-14,Sunday,13:00,MIA,10,BUF,29,Home,0,7,7,1,outdoors,a_turf,BUF00,Ralph Wilson Stadium
2014_02_NE_MIN,2014,REG,2,2014-09-14,Sunday,13:00,NE,30,MIN,7,Home,0,7,7,0,outdoors,fieldturf,MIN98,TCF Bank Stadium
2014_02_NO_CLE,2014,REG,2,2014-09-14,Sunday,13:00,NO,24,CLE,26,Home,0,7,7,0,outdoors,grass,CLE00,FirstEnergy Stadium
2014_02_NYJ_GB,2014,REG,2,2014-09-14,Sunday,16:25,NYJ,24,GB,31,Home,0,7,10,0,outdoors,grass,GNB00,Lambeau Field
2014_02_SEA_SD,2014,REG,2,2014-09-14,Sunday,16:05,SEA,21,SD,30,Home,0,10,6,0,outdoors,grass,SDG00,Qualcomm Stadium
2014_02_STL_TB,2014,REG,2,2014-09-14,Sunday,16:05,STL,19,TB,17,Home,0,7,7,0,outdoors,grass,TAM00,Raymond James Stadium
2014_02_PHI_IND,2014,REG,2,2014-09-15,Monday,20:30,PHI,30,IND,27,Home,0,8,8,0,closed,fieldturf,IND00,Lucas Oil Stadium
2014_03_TB_ATL,2014,REG,3,2014-09-18,Thursday,20:25,TB,14,ATL,56,Home,0,4,4,1,dome,fieldturf,ATL00,Georgia Dome
2014_03_BAL_CLE,2014,REG,3,2014-09-21,Sunday,13:00,BAL,23,CLE,21,Home,0,10,7,1,outdoors,grass,CLE00,FirstEnergy Stadium
2014_03_DAL_STL,2014,REG,3,2014-09-21,Sunday,13:00,DAL,34,STL,31,Home,0,7,7,0,dome,astroplay,STL00,Edward Jones Dome
2014_03_DEN_SEA,2014,REG,3,2014-09-21,Sunday,16:25,DEN,20,SEA,26,Home,1,7,7,0,outdoors,fieldturf,SEA00,CenturyLink Field
2014_03_GB_DET,2014,REG,3,2014-09-21,Sunday,13:00,GB,7,DET,19,Home,0,7,7,1,dome,fieldturf,DET00,Ford Field
2014_03_HOU_NYG,2014,REG,3,2014-09-21,Sunday,13:00,HOU,17,NYG,30,Home,0,7,7,0,outdoors,fieldturf,NYC01,MetLife Stadium
2014_03_IND_JAX,2014,REG,3,2014-09-21,Sunday,13:00,IND,44,JAX,17,Home,0,6,7,1,outdoors,grass,JAX00,EverBank Field
2014_03_KC_MIA,2014,REG,3,2014-09-21,Sunday,16:25,KC,34,MIA,15,Home,0,7,7,0,outdoors,grass,MIA00,Sun Life Stadium
2014_03_MIN_NO,2014,REG,3,2014-09-21,Sunday,13:00,MIN,9,NO,20,Home,0,7,7,0,dome,sportturf,NOR00,Mercedes-Benz Superdome
2014_03_OAK_NE,2014,REG,3,2014-09-21,Sunday,13:00,OAK,9,NE,16,Home,0,7,7,0,outdoors,fieldturf,BOS00,Gillette Stadium
2014_03_PIT_CAR,2014,REG,3,2014-09-21,Sunday,20:30,PIT,37,CAR,19,Home,0,10,7,0,outdoors,grass,CAR00,Bank of America Stadium
2014_03_SD_BUF,2014,REG,3,2014-09-21,Sunday,13:00,SD,22,BUF,10,Home,0,7,7,0,outdoors,a_turf,BUF00,Ralph Wilson Stadium
2014_03_SF_ARI,2014,REG,3,2014-09-21,Sunday,16:05,SF,14,ARI,23,Home,0,7,7,1,closed,grass,PHO00,University of Phoenix Stadium
2014_03_TEN_CIN,2014,REG,3,2014-09-21,Sunday,13:00,TEN,7,CIN,33,Home,0,7,7,0,outdoors,fieldturf,CIN00,Paul Brown Stadium
2014_03_WAS_PHI,2014,REG,3,2014-09-21,Sunday,13:00,WAS,34,PHI,37,Home,0,7,6,1,outdoors,grass,PHI00,Lincoln Financial Field
2014_03_CHI_NYJ,2014,REG,3,2014-09-22,Monday,20:30,CHI,27,NYJ,19,Home,0,8,8,0,outdoors,fieldturf,NYC01,MetLife Stadium
2014_04_NYG_WAS,2014,REG,4,2014-09-25,Thursday,20:25,NYG,45,WAS,14,Home,0,4,4,1,outdoors,grass,WAS00,FedExField
2014_04_ATL_MIN,2014,REG,4,2014-09-28,Sunday,16:25,ATL,28,MIN,41,Home,0,10,7,0,outdoors,fieldturf,MIN98,TCF Bank Stadium
2014_04_BUF_HOU,2014,REG,4,2014-09-28,Sunday,13:00,BUF,17,HOU,23,Home,0,7,7,0,closed,grass,HOU00,NRG Stadium
2014_04_CAR_BAL,2014,REG,4,2014-09-28,Sunday,13:00,CAR,10,BAL,38,Home,0,7,7,0,outdoors,sportturf,BAL00,M&T Bank Stadium
2014_04_DET_NYJ,2014,REG,4,2014-09-28,Sunday,13:00,DET,24,NYJ,17,Home,0,7,6,0,outdoors,fieldturf,NYC01,MetLife Stadium
2014_04_GB_CHI,2014,REG,4,2014-09-28,Sunday,13:00,GB,38,CHI,17,Home,0,7,6,1,outdoors,grass,CHI98,Soldier Field
2014_04_JAX_SD,2014,REG,4,2014-09-28,Sunday,16:05,JAX,14,SD,33,Home,0,7,7,0,outdoors,grass,SDG00,Qualcomm Stadium
2014_04_MIA_OAK,2014,REG,4,2014-09-28,Sunday,13:00,MIA,38,OAK,14,Neutral,0,7,7,0,outdoors,grass,LON00,Wembley Stadium
2014_04_NO_DAL,2014,REG,4,2014-09-28,Sunday,20:30,NO,17,DAL,38,Home,0,7,7,0,closed,matrixturf,DAL00,AT&T Stadium
2014_04_PHI_SF,2014,REG,4,2014-09-28,Sunday,16:25,PHI,21,SF,26,Home,0,7,7,0,outdoors,grass,SFO01,Levi's Stadium
2014_04_TB_PIT,2014,REG,4,2014-09-28,Sunday,13:00,TB,27,PIT,24,Home,0,10,7,0,outdoors,grass,PIT00,Heinz Field
2014_04_TEN_IND,2014,REG,4,2014-09-28,Sunday,13:00,TEN,17,IND,41,Home,0,7,7,1,open,fieldturf,IND00,Lucas Oil Stadium
2014_04_NE_KC,2014,REG,4,2014-09-29,Monday,20:30,NE,14,KC,41,Home,0,8,8,0,outdoors,grass,KAN00,Arrowhead Stadium
2014_05_MIN_GB,2014,REG,5,2014-10-02,Thursday,20:25,MIN,10,GB,42,Home,0,4,4,1,outdoors,grass,GNB00,Lambeau Field
2014_05_ARI_DEN,2014,REG,5,2014-10-05,Sunday,16:05,ARI,20,DEN,41,Home,0,14,14,0,outdoors,grass,DEN00,Sports Authority Field at Mile High
2014_05_ATL_NYG,2014,REG,5,2014-10-05,Sunday,13:00,ATL,20,NYG,30,Home,0,7,10,0,outdoors,fieldturf,NYC01,MetLife Stadium
2014_05_BAL_IND,2014,REG,5,2014-10-05,Sunday,13:00,BAL,13,IND,20,Home,0,7,7,0,open,fieldturf,IND00,Lucas Oil Stadium
2014_05_BUF_DET,2014,REG,5,2014-10-05,Sunday,13:00,BUF,17,DET,14,Home,0,7,7,0,dome,fieldturf,DET00,Ford Field
2014_05_CHI_CAR,2014,REG,5,2014-10-05,Sunday,13:00,CHI,24,CAR,31,Home,0,7,7,0,outdoors,grass,CAR00,Bank of America Stadium
2014_05_CIN_NE,2014,REG,5,2014-10-05,Sunday,20:30,CIN,17,NE,43,Home,0,14,6,0,outdoors,fieldturf,BOS00,Gillette Stadium
2014_05_CLE_TEN,2014,REG,5,2014-10-05,Sunday,13:00,CLE,29,TEN,28,Home,0,14,7,0,outdoors,grass,NAS00,LP Field
2014_05_HOU_DAL,2014,REG,5,2014-10-05,Sunday,13:00,HOU,17,DAL,20,Home,1,7,7,0,closed,matrixturf,DAL00,AT&T Stadium
2014_05_KC_SF,2014,REG,5,2014-10-05,Sunday,16:25,KC,17,SF,22,Home,0,6,7,0,outdoors,grass,SFO01,Levi's Stadium
2014_05_NYJ_SD,2014,REG,5,2014-10-05,Sunday,16:25,NYJ,0,SD,31,Home,0,7,7,0,outdoors,grass,SDG00,Qualcomm Stadium
2014_05_PIT_JAX,2014,REG,5,2014-10-05,Sunday,13:00,PIT,17,JAX,9,Home,0,7,7,0,outdoors,grass,JAX00,EverBank Field
2014_05_STL_PHI,2014,REG,5,2014-10-05,Sunday,13:00,STL,28,PHI,34,Home,0,14,7,0,outdoors,grass,PHI00,Lincoln Financial Field
2014_05_TB_NO,2014,REG,5,2014-10-05,Sunday,13:00,TB,31,NO,37,Home,1,7,7,1,dome,sportturf,NOR00,Mercedes-Benz Superdome
2014_05_SEA_WAS,2014,REG,5,2014-10-06,Monday,20:30,SEA,27,WAS,17,Home,0,15,11,0,outdoors,grass,WAS00,FedExField
2014_06_IND_HOU,2014,REG,6,2014-10-09,Thursday,20:25,IND,33,HOU,28,Home,0,4,4,1,closed,grass,HOU00,NRG Stadium
2014_06_BAL_TB,2014,REG,6,2014-10-12,Sunday,13:00,BAL,48,TB,17,Home,0,7,7,0,outdoors,grass,TAM00,Raymond James Stadium
2014_06_CAR_CIN,2014,REG,6,2014-10-12,Sunday,13:00,CAR,37,CIN,37,Home,1,7,7,0,outdoors,fieldturf,CIN00,Paul Brown Stadium
2014_06_CHI_ATL,2014,REG,6,2014-10-12,Sunday,16:25,CHI,27,ATL,13,Home,0,7,7,0,dome,fieldturf,ATL00,Georgia Dome
2014_06_DAL_SEA,2014,REG,6,2014-10-12,Sunday,16:25,DAL,30,SEA,23,Home,0,7,6,0,outdoors,fieldturf,SEA00,CenturyLink Field
2014_06_DEN_NYJ,2014,REG,6,2014-10-12,Sunday,13:00,DEN,31,NYJ,17,Home,0,7,7,0,outdoors,fieldturf,NYC01,MetLife Stadium
2014_06_DET_MIN,2014,REG,6,2014-10-12,Sunday,13:00,DET,17,MIN,3,Home,0,7,10,1,outdoors,fieldturf,MIN98,TCF Bank Stadium
2014_06_GB_MIA,2014,REG,6,2014-10-12,Sunday,13:00,GB,27,MIA,24,Home,0,10,14,0,outdoors,grass,MIA00,Sun Life Stadium
2014_06_JAX_TEN,2014,REG,6,2014-10-12,Sunday,13:00,JAX,14,TEN,16,Home,0,7,7,1,outdoors,grass,NAS00,LP Field
2014_06_NE_BUF,2014,REG,6,2014-10-12,Sunday,13:00,NE,37,BUF,22,Home,0,7,7,1,outdoors,a_turf,BUF00,Ralph Wilson Stadium
2014_06_NYG_PHI,2014,REG,6,2014-10-12,Sunday,20:30,NYG,0,PHI,27,Home,0,7,7,1,outdoors,grass,PHI00,Lincoln Financial Field
2014_06_PIT_CLE,2014,REG,6,2014-10-12,Sunday,13:00,PIT,10,CLE,31,Home,0,7,7,1,outdoors,grass,CLE00,FirstEnergy Stadium
2014_06_SD_OAK,2014,REG,6,2014-10-12,Sunday,16:05,SD,31,OAK,28,Home,0,7,14,1,outdoors,grass,OAK00,O.co Coliseum
2014_06_WAS_ARI,2014,REG,6,2014-10-12,Sunday,16:25,WAS,20,ARI,30,Home,0,6,7,0,closed,grass,PHO00,University of Phoenix Stadium
2014_06_SF_STL,2014,REG,6,2014-10-13,Monday,20:30,SF,31,STL,17,Home,0,8,8,1,dome,astroplay,STL00,Edward Jones Dome
2014_07_NYJ_NE,2014,REG,7,2014-10-16,Thursday,20:25,NYJ,25,NE,27,Home,0,4,4,1,outdoors,fieldturf,BOS00,Gillette Stadium
2014_07_ARI_OAK,2014,REG,7,2014-10-19,Sunday,16:25,ARI,24,OAK,13,Home,0,7,7,0,outdoors,grass,OAK00,O.co Coliseum
2014_07_ATL_BAL,2014,REG,7,2014-10-19,Sunday,13:00,ATL,7,BAL,29,Home,0,7,7,0,outdoors,sportturf,BAL00,M&T Bank Stadium
2014_07_CAR_GB,2014,REG,7,2014-10-19,Sunday,13:00,CAR,17,GB,38,Home,0,7,7,0,outdoors,grass,GNB00,Lambeau Field
2014_07_CIN_IND,2014,REG,7,2014-10-19,Sunday,13:00,CIN,0,IND,27,Home,0,7,10,0,open,fieldturf,IND00,Lucas Oil Stadium
2014_07_CLE_JAX,2014,REG,7,2014-10-19,Sunday,13:00,CLE,6,JAX,24,Home,0,7,7,0,outdoors,grass,JAX00,EverBank Field
2014_07_KC_SD,2014,REG,7,2014-10-19,Sunday,16:05,KC,23,SD,20,Home,0,14,7,1,outdoors,grass,SDG00,Qualcomm Stadium
2014_07_MIA_CHI,2014,REG,7,2014-10-19,Sunday,13:00,MIA,27,CHI,14,Home,0,7,7,0,outdoors,grass,CHI98,Soldier Field
2014_07_MIN_BUF,2014,REG,7,2014-10-19,Sunday,13:00,MIN,16,BUF,17,Home,0,7,7,0,outdoors,a_turf,BUF00,Ralph Wilson Stadium
2014_07_NO_DET,2014,REG,7,2014-10-19,Sunday,13:00,NO,23,DET,24,Home,0,14,7,0,dome,fieldturf,DET00,Ford Field
2014_07_NYG_DAL,2014,REG,7,2014-10-19,Sunday,16:25,NYG,21,DAL,31,Home,0,7,7,1,closed,matrixturf,DAL00,AT&T Stadium
2014_07_SEA_STL,2014,REG,7,2014-10-19,Sunday,13:00,SEA,26,STL,28,Home,0,7,6,1,dome,astroplay,STL00,Edward Jones Dome
2014_07_SF_DEN,2014,REG,7,2014-10-19,Sunday,20:30,SF,17,DEN,42,Home,0,6,7,0,outdoors,grass,DEN00,Sports Authority Field at Mile High
2014_07_TEN_WAS,2014,REG,7,2014-10-19,Sunday,13:00,TEN,17,WAS,19,Home,0,7,7,0,outdoors,grass,WAS00,FedExField
2014_07_HOU_PIT,2014,REG,7,2014-10-20,Monday,20:30,HOU,23,PIT,30,Home,0,11,8,0,outdoors,grass,PIT00,Heinz Field
2014_08_SD_DEN,2014,REG,8,2014-10-23,Thursday,20:25,SD,21,DEN,35,Home,0,4,4,1,outdoors,grass,DEN00,Sports Authority Field at Mile High
2014_08_BAL_CIN,2014,REG,8,2014-10-26,Sunday,13:00,BAL,24,CIN,27,Home,0,7,7,1,outdoors,fieldturf,CIN00,Paul Brown Stadium
2014_08_BUF_NYJ,2014,REG,8,2014-10-26,Sunday,13:00,BUF,43,NYJ,23,Home,0,7,10,1,outdoors,fieldturf,NYC01,MetLife Stadium
2014_08_CHI_NE,2014,REG,8,2014-10-26,Sunday,13:00,CHI,23,NE,51,Home,0,7,10,0,outdoors,fieldturf,BOS00,Gillette Stadium
2014_08_DET_ATL,2014,REG,8,2014-10-26,Sunday,09:30,DET,22,ATL,21,Neutral,0,7,7,0,outdoors,fieldturf,LON00,Wembley Stadium
2014_08_GB_NO,2014,REG,8,2014-10-26,Sunday,20:30,GB,23,NO,44,Home,0,7,7,0,dome,sportturf,NOR00,Mercedes-Benz Superdome
2014_08_HOU_TEN,2014,REG,8,2014-10-26,Sunday,13:00,HOU,30,TEN,16,Home,0,6,7,1,outdoors,grass,NAS00,LP Field
2014_08_IND_PIT,2014,REG,8,2014-10-26,Sunday,16:25,IND,34,PIT,51,Home,0,7,6,0,outdoors,grass,PIT00,Heinz Field
2014_08_MIA_JAX,2014,REG,8,2014-10-26,Sunday,13:00,MIA,27,JAX,13,Home,0,7,7,0,outdoors,grass,JAX00,EverBank Field
2014_08_MIN_TB,2014,REG,8,2014-10-26,Sunday,13:00,MIN,19,TB,13,Home,1,7,14,0,outdoors,grass,TAM00,Raymond James Stadium
2014_08_OAK_CLE,2014,REG,8,2014-10-26,Sunday,16:25,OAK,13,CLE,23,Home,0,7,7,0,outdoors,grass,CLE00,FirstEnergy Stadium
2014_08_PHI_ARI,2014,REG,8,2014-10-26,Sunday,16:05,PHI,20,ARI,24,Home,0,14,7,0,closed,grass,PHO00,University of Phoenix Stadium
2014_08_SEA_CAR,2014,REG,8,2014-10-26,Sunday,13:00,SEA,13,CAR,9,Home,0,7,7,0,outdoors,grass,CAR00,Bank of America Stadium
2014_08_STL_KC,2014,REG,8,2014-10-26,Sunday,13:00,STL,7,KC,34,Home,0,7,7,0,outdoors,grass,KAN00,Arrowhead Stadium
2014_08_WAS_DAL,2014,REG,8,2014-10-27,Monday,20:30,WAS,20,DAL,17,Home,1,8,8,1,closed,matrixturf,DAL00,AT&T Stadium
2014_09_NO_CAR,2014,REG,9,2014-10-30,Thursday,20:25,NO,28,CAR,10,Home,0,4,4,1,outdoors,grass,CAR00,Bank of America Stadium
2014_09_ARI_DAL,2014,REG,9,2014-11-02,Sunday,13:00,ARI,28,DAL,17,Home,0,7,6,0,closed,matrixturf,DAL00,AT&T Stadium
2014_09_BAL_PIT,2014,REG,9,2014-11-02,Sunday,20:30,BAL,23,PIT,43,Home,0,7,7,1,outdoors,grass,PIT00,Heinz Field
2014_09_DEN_NE,2014,REG,9,2014-11-02,Sunday,16:25,DEN,21,NE,43,Home,0,10,7,0,outdoors,fieldturf,BOS00,Gillette Stadium
2014_09_JAX_CIN,2014,REG,9,2014-11-02,Sunday,13:00,JAX,23,CIN,33,Home,0,7,7,0,outdoors,fieldturf,CIN00,Paul Brown Stadium
2014_09_NYJ_KC,2014,REG,9,2014-11-02,Sunday,13:00,NYJ,10,KC,24,Home,0,7,7,0,outdoors,grass,KAN00,Arrowhead Stadium
2014_09_OAK_SEA,2014,REG,9,2014-11-02,Sunday,16:25,OAK,24,SEA,30,Home,0,7,7,0,outdoors,fieldturf,SEA00,CenturyLink Field
2014_09_PHI_HOU,2014,REG,9,2014-11-02,Sunday,13:00,PHI,31,HOU,21,Home,0,7,7,0,closed,grass,HOU00,NRG Stadium
2014_09_SD_MIA,2014,REG,9,2014-11-02,Sunday,13:00,SD,0,MIA,37,Home,0,10,7,0,outdoors,grass,MIA00,Sun Life Stadium
2014_09_STL_SF,2014,REG,9,2014-11-02,Sunday,16:05,STL,13,SF,10,Home,0,7,14,1,outdoors,grass,SFO01,Levi's Stadium
2014_09_TB_CLE,2014,REG,9,2014-11-02,Sunday,13:00,TB,17,CLE,22,Home,0,7,7,0,outdoors,grass,CLE00,FirstEnergy Stadium
2014_09_WAS_MIN,2014,REG,9,2014-11-02,Sunday,13:00,WAS,26,MIN,29,Home,0,6,7,0,outdoors,fieldturf,MIN98,TCF Bank Stadium
2014_09_IND_NYG,2014,REG,9,2014-11-03,Monday,20:30,IND,40,NYG,24,Home,0,8,15,0,outdoors,fieldturf,NYC01,MetLife Stadium
2014_10_CLE_CIN,2014,REG,10,2014-11-06,Thursday,20:25,CLE,24,CIN,3,Home,0,4,4,1,outdoors,fieldturf,CIN00,Paul Brown Stadium
2014_10_ATL_TB,2014,REG,10,2014-11-09,Sunday,13:00,ATL,27,TB,17,Home,0,14,7,1,outdoors,grass,TAM00,Raymond James Stadium
2014_10_CHI_GB,2014,REG,10,2014-11-09,Sunday,20:30,CHI,14,GB,55,Home,0,14,14,1,outdoors,grass,GNB00,Lambeau Field
2014_10_DAL_JAX,2014,REG,10,2014-11-09,Sunday,13:00,DAL,31,JAX,17,Neutral,0,7,7,0,outdoors,grass,LON00,Wembley Stadium
2014_10_DEN_OAK,2014,REG,10,2014-11-09,Sunday,16:05,DEN,41,OAK,17,Home,0,7,7,1,outdoors,grass,OAK00,O.co Coliseum
2014_10_KC_BUF,2014,REG,10,2014-11-09,Sunday,13:00,KC,17,BUF,13,Home,0,7,14,0,outdoors,a_turf,BUF00,Ralph Wilson Stadium
2014_10_MIA_DET,2014,REG,10,2014-11-09,Sunday,13:00,MIA,16,DET,20,Home,0,7,14,0,dome,fieldturf,DET00,Ford Field
2014_10_NYG_SEA,2014,REG,10,2014-11-09,Sunday,16:25,NYG,17,SEA,38,Home,0,6,7,0,outdoors,fieldturf,SEA00,CenturyLink Field
2014_10_PIT_NYJ,2014,REG,10,2014-11-09,Sunday,13:00,PIT,13,NYJ,20,Home,0,7,7,0,outdoors,fieldturf,NYC01,MetLife Stadium
2014_10_SF_NO,2014,REG,10,2014-11-09,Sunday,13:00,SF,27,NO,24,Home,1,7,10,0,dome,sportturf,NOR00,Mercedes-Benz Superdome
2014_10_STL_ARI,2014,REG,10,2014-11-09,Sunday,16:25,STL,14,ARI,31,Home,0,7,7,1,closed,grass,PHO00,University of Phoenix Stadium
2014_10_TEN_BAL,2014,REG,10,2014-11-09,Sunday,13:00,TEN,7,BAL,21,Home,0,14,7,0,outdoors,sportturf,BAL00,M&T Bank Stadium
2014_10_CAR_PHI,2014,REG,10,2014-11-10,Monday,20:30,CAR,21,PHI,45,Home,0,11,8,0,outdoors,grass,PHI00,Lincoln Financial Field
2014_11_BUF_MIA,2014,REG,11,2014-11-13,Thursday,20:25,BUF,9,MIA,22,Home,0,4,4,1,outdoors,grass,MIA00,Sun Life Stadium
2014_11_ATL_CAR,2014,REG,11,2014-11-16,Sunday,13:00,ATL,19,CAR,17,Home,0,7,6,1,outdoors,grass,CAR00,Bank of America Stadium
2014_11_CIN_NO,2014,REG,11,2014-11-16,Sunday,13:00,CIN,27,NO,10,Home,0,10,7,0,dome,sportturf,NOR00,Mercedes-Benz Superdome
2014_11_DEN_STL,2014,REG,11,2014-11-16,Sunday,13:00,DEN,7,STL,22,Home,0,7,7,0,dome,astroplay,STL00,Edward Jones Dome
2014_11_DET_ARI,2014,REG,11,2014-11-16,Sunday,16:25,DET,6,ARI,14,Home,0,7,7,0,closed,grass,PHO00,University of Phoenix Stadium
2014_11_HOU_CLE,2014,REG,11,2014-11-16,Sunday,13:00,HOU,23,CLE,7,Home,0,14,10,0,outdoors,grass,CLE00,FirstEnergy Stadium
2014_11_MIN_CHI,2014,REG,11,2014-11-16,Sunday,13:00,MIN,13,CHI,21,Home,0,14,7,1,outdoors,grass,CHI98,Soldier Field
2014_11_NE_IND,2014,REG,11,2014-11-16,Sunday,20:30,NE,42,IND,20,Home,0,14,13,0,closed,fieldturf,IND00,Lucas Oil Stadium
2014_11_OAK_SD,2014,REG,11,2014-11-16,Sunday,16:05,OAK,6,SD,13,Home,0,7,14,1,outdoors,grass,SDG00,Qualcomm Stadium
2014_11_PHI_GB,2014,REG,11,2014-11-16,Sunday,16:25,PHI,20,GB,53,Home,0,6,7,0,outdoors,grass,GNB00,Lambeau Field
2014_11_SEA_KC,2014,REG,11,2014-11-16,Sunday,13:00,SEA,20,KC,24,Home,0,7,7,0,outdoors,grass,KAN00,Arrowhead Stadium
2014_11_SF_NYG,2014,REG,11,2014-11-16,Sunday,13:00,SF,16,NYG,10,Home,0,7,7,0,outdoors,fieldturf,NYC01,MetLife Stadium
2014_11_TB_WAS,2014,REG,11,2014-11-16,Sunday,13:00,TB,27,WAS,7,Home,0,7,14,0,outdoors,grass,WAS00,FedExField
2014_11_PIT_TEN,2014,REG,11,2014-11-17,Monday,20:30,PIT,27,TEN,24,Home,0,8,8,0,outdoors,grass,NAS00,LP Field
2014_12_KC_OAK,2014,REG,12,2014-11-20,Thursday,20:25,KC,20,OAK,24,Home,0,4,4,1,outdoors,grass,OAK00,O.co Coliseum
2014_12_ARI_SEA,2014,REG,12,2014-11-23,Sunday,16:05,ARI,3,SEA,19,Home,0,7,7,1,outdoors,fieldturf,SEA00,CenturyLink Field
2014_12_CIN_HOU,2014,REG,12,2014-11-23,Sunday,13:00,CIN,22,HOU,13,Home,0,7,7,0,closed,grass,HOU00,NRG Stadium
2014_12_CLE_ATL,2014,REG,12,2014-11-23,Sunday,13:00,CLE,26,ATL,24,Home,0,7,7,0,dome,fieldturf,ATL00,Georgia Dome
2014_12_DAL_NYG,2014,REG,12,2014-11-23,Sunday,20:30,DAL,31,NYG,28,Home,0,14,7,1,outdoors,fieldturf,NYC01,MetLife Stadium
2014_12_DET_NE,2014,REG,12,2014-11-23,Sunday,13:00,DET,9,NE,34,Home,0,7,7,0,outdoors,fieldturf,BOS00,Gillette Stadium
2014_12_GB_MIN,2014,REG,12,2014-11-23,Sunday,13:00,GB,24,MIN,21,Home,0,7,7,1,outdoors,fieldturf,MIN98,TCF Bank Stadium
2014_12_JAX_IND,2014,REG,12,2014-11-23,Sunday,13:00,JAX,3,IND,23,Home,0,14,7,1,closed,fieldturf,IND00,Lucas Oil Stadium
2014_12_MIA_DEN,2014,REG,12,2014-11-23,Sunday,16:25,MIA,36,DEN,39,Home,0,10,7,0,outdoors,grass,DEN00,Sports Authority Field at Mile High
2014_12_STL_SD,2014,REG,12,2014-11-23,Sunday,16:05,STL,24,SD,27,Home,0,7,7,0,outdoors,grass,SDG00,Qualcomm Stadium
2014_12_TB_CHI,2014,REG,12,2014-11-23,Sunday,13:00,TB,13,CHI,21,Home,0,7,7,0,outdoors,grass,CHI98,Soldier Field
2014_12_TEN_PHI,2014,REG,12,2014-11-23,Sunday,13:00,TEN,24,PHI,43,Home,0,6,7,0,outdoors,grass,PHI00,Lincoln Financial Field
2014_12_WAS_SF,2014,REG,12,2014-11-23,Sunday,16:25,WAS,13,SF,17,Home,0,7,7,0,outdoors,grass,SFO01,Levi's Stadium
2014_12_BAL_NO,2014,REG,12,2014-11-24,Monday,20:30,BAL,34,NO,27,Home,0,15,8,0,dome,sportturf,NOR00,Mercedes-Benz Superdome
2014_12_NYJ_BUF,2014,REG,12,2014-11-24,Monday,19:00,NYJ,3,BUF,38,Neutral,0,15,11,1,dome,fieldturf,DET00,Ford Field
2014_13_CHI_DET,2014,REG,13,2014-11-27,Thursday,12:30,CHI,17,DET,34,Home,0,4,4,1,dome,fieldturf,DET00,Ford Field
2014_13_PHI_DAL,2014,REG,13,2014-11-27,Thursday,16:30,PHI,33,DAL,10,Home,0,4,4,1,closed,matrixturf,DAL00,AT&T Stadium
2014_13_SEA_SF,2014,REG,13,2014-11-27,Thursday,20:30,SEA,19,SF,3,Home,0,4,4,1,outdoors,grass,SFO01,Levi's Stadium
2014_13_ARI_ATL,2014,REG,13,2014-11-30,Sunday,16:05,ARI,18,ATL,29,Home,0,7,7,0,dome,fieldturf,ATL00,Georgia Dome
2014_13_CAR_MIN,2014,REG,13,2014-11-30,Sunday,13:00,CAR,13,MIN,31,Home,0,14,7,0,outdoors,fieldturf,MIN98,TCF Bank Stadium
2014_13_CIN_TB,2014,REG,13,2014-11-30,Sunday,13:00,CIN,14,TB,13,Home,0,7,7,0,outdoors,grass,TAM00,Raymond James Stadium
2014_13_CLE_BUF,2014,REG,13,2014-11-30,Sunday,13:00,CLE,10,BUF,26,Home,0,7,6,0,outdoors,a_turf,BUF00,Ralph Wilson Stadium
2014_13_DEN_KC,2014,REG,13,2014-11-30,Sunday,20:30,DEN,29,KC,16,Home,0,7,10,1,outdoors,grass,KAN00,Arrowhead Stadium
2014_13_NE_GB,2014,REG,13,2014-11-30,Sunday,16:25,NE,21,GB,26,Home,0,7,7,0,outdoors,grass,GNB00,Lambeau Field
2014_13_NO_PIT,2014,REG,13,2014-11-30,Sunday,13:00,NO,35,PIT,32,Home,0,6,13,0,outdoors,grass,PIT00,Heinz Field
2014_13_NYG_JAX,2014,REG,13,2014-11-30,Sunday,13:00,NYG,24,JAX,25,Home,0,7,7,0,outdoors,grass,JAX00,EverBank Field
2014_13_OAK_STL,2014,REG,13,2014-11-30,Sunday,13:00,OAK,0,STL,52,Home,0,10,7,0,dome,astroplay,STL00,Edward Jones Dome
2014_13_SD_BAL,2014,REG,13,2014-11-30,Sunday,13:00,SD,34,BAL,33,Home,0,7,6,0,outdoors,sportturf,BAL00,M&T Bank Stadium
2014_13_TEN_HOU,2014,REG,13,2014-11-30,Sunday,13:00,TEN,21,HOU,45,Home,0,7,7,1,closed,grass,HOU00,NRG Stadium
2014_13_WAS_IND,2014,REG,13,2014-11-30,Sunday,13:00,WAS,27,IND,49,Home,0,7,7,0,closed,fieldturf,IND00,Lucas Oil Stadium
2014_13_MIA_NYJ,2014,REG,13,2014-12-01,Monday,20:30,MIA,16,NYJ,13,Home,0,8,7,1,outdoors,fieldturf,NYC01,MetLife Stadium
2014_14_DAL_CHI,2014,REG,14,2014-12-04,Thursday,20:25,DAL,41,CHI,28,Home,0,7,7,0,outdoors,grass,CHI98,Soldier Field
2014_14_BAL_MIA,2014,REG,14,2014-12-07,Sunday,13:00,BAL,28,MIA,13,Home,0,7,6,0,outdoors,grass,MIA00,Sun Life Stadium
2014_14_BUF_DEN,2014,REG,14,2014-12-07,Sunday,16:05,BUF,17,DEN,24,Home,0,7,7,0,outdoors,grass,DEN00,Sports Authority Field at Mile High
2014_14_CAR_NO,2014,REG,14,2014-12-07,Sunday,13:00,CAR,41,NO,10,Home,0,7,7,1,dome,sportturf,NOR00,Mercedes-Benz Superdome
2014_14_HOU_JAX,2014,REG,14,2014-12-07,Sunday,13:00,HOU,27,JAX,13,Home,0,7,7,1,outdoors,grass,JAX00,EverBank Field
2014_14_IND_CLE,2014,REG,14,2014-12-07,Sunday,13:00,IND,25,CLE,24,Home,0,7,7,0,outdoors,grass,CLE00,FirstEnergy Stadium
2014_14_KC_ARI,2014,REG,14,2014-12-07,Sunday,16:05,KC,14,ARI,17,Home,0,7,7,0,closed,grass,PHO00,University of Phoenix Stadium
2014_14_NE_SD,2014,REG,14,2014-12-07,Sunday,20:30,NE,23,SD,14,Home,0,7,7,0,outdoors,grass,SDG00,Qualcomm Stadium
2014_14_NYG_TEN,2014,REG,14,2014-12-07,Sunday,13:00,NYG,36,TEN,7,Home,0,7,7,0,outdoors,grass,NAS00,LP Field
2014_14_NYJ_MIN,2014,REG,14,2014-12-07,Sunday,13:00,NYJ,24,MIN,30,Home,1,6,7,0,outdoors,fieldturf,MIN98,TCF Bank Stadium
2014_14_PIT_CIN,2014,REG,14,2014-12-07,Sunday,13:00,PIT,42,CIN,21,Home,0,7,7,1,outdoors,fieldturf,CIN00,Paul Brown Stadium
2014_14_SEA_PHI,2014,REG,14,2014-12-07,Sunday,16:25,SEA,24,PHI,14,Home,0,10,10,0,outdoors,grass,PHI00,Lincoln Financial Field
2014_14_SF_OAK,2014,REG,14,2014-12-07,Sunday,16:25,SF,13,OAK,24,Home,0,10,7,0,outdoors,grass,OAK00,O.co Coliseum
2014_14_STL_WAS,2014,REG,14,2014-12-07,Sunday,13:00,STL,24,WAS,0,Home,0,7,7,0,outdoors,grass,WAS00,FedExField
2014_14_TB_DET,2014,REG,14,2014-12-07,Sunday,13:00,TB,17,DET,34,Home,0,7,10,0,dome,fieldturf,DET00,Ford Field
2014_14_ATL_GB,2014,REG,14,2014-12-08,Monday,20:30,ATL,37,GB,43,Home,0,8,8,0,outdoors,grass,GNB00,Lambeau Field
2014_15_ARI_STL,2014,REG,15,2014-12-11,Thursday,20:25,ARI,12,STL,6,Home,0,4,4,1,dome,astroplay,STL00,Edward Jones Dome
2014_15_CIN_CLE,2014,REG,15,2014-12-14,Sunday,13:00,CIN,30,CLE,0,Home,0,7,7,1,outdoors,grass,CLE00,FirstEnergy Stadium
2014_15_DAL_PHI,2014,REG,15,2014-12-14,Sunday,20:30,DAL,38,PHI,27,Home,0,10,7,1,outdoors,grass,PHI00,Lincoln Financial Field
2014_15_DEN_SD,2014,REG,15,2014-12-14,Sunday,16:05,DEN,22,SD,10,Home,0,7,7,1,outdoors,grass,SDG00,Qualcomm Stadium
2014_15_GB_BUF,2014,REG,15,2014-12-14,Sunday,13:00,GB,13,BUF,21,Home,0,6,7,0,outdoors,a_turf,BUF00,Ralph Wilson Stadium
2014_15_HOU_IND,2014,REG,15,2014-12-14,Sunday,13:00,HOU,10,IND,17,Home,0,7,7,1,closed,fieldturf,IND00,Lucas Oil Stadium
2014_15_JAX_BAL,2014,REG,15,2014-12-14,Sunday,13:00,JAX,12,BAL,20,Home,0,7,7,0,outdoors,sportturf,BAL00,M&T Bank Stadium
2014_15_MIA_NE,2014,REG,15,2014-12-14,Sunday,13:00,MIA,13,NE,41,Home,0,7,7,1,outdoors,fieldturf,BOS00,Gillette Stadium
2014_15_MIN_DET,2014,REG,15,2014-12-14,Sunday,16:25,MIN,14,DET,16,Home,0,7,7,1,dome,fieldturf,DET00,Ford Field
2014_15_NYJ_TEN,2014,REG,15,2014-12-14,Sunday,16:05,NYJ,16,TEN,11,Home,0,7,7,0,outdoors,grass,NAS00,LP Field
2014_15_OAK_KC,2014,REG,15,2014-12-14,Sunday,13:00,OAK,13,KC,31,Home,0,7,7,1,outdoors,grass,KAN00,Arrowhead Stadium
2014_15_PIT_ATL,2014,REG,15,2014-12-14,Sunday,13:00,PIT,27,ATL,20,Home,0,7,6,0,dome,fieldturf,ATL00,Georgia Dome
2014_15_SF_SEA,2014,REG,15,2014-12-14,Sunday,16:25,SF,7,SEA,17,Home,0,7,7,1,outdoors,fieldturf,SEA00,CenturyLink Field
2014_15_TB_CAR,2014,REG,15,2014-12-14,Sunday,13:00,TB,17,CAR,19,Home,0,7,7,1,outdoors,grass,CAR00,Bank of America Stadium
2014_15_WAS_NYG,2014,REG,15,2014-12-14,Sunday,13:00,WAS,13,NYG,24,Home,0,7,7,1,outdoors,fieldturf,NYC01,MetLife Stadium
2014_15_NO_CHI,2014,REG,15,2014-12-15,Monday,20:30,NO,31,CHI,15,Home,0,8,11,0,outdoors,grass,CHI98,Soldier Field
2014_16_TEN_JAX,2014,REG,16,2014-12-18,Thursday,20:25,TEN,13,JAX,21,Home,0,4,4,1,outdoors,grass,JAX00,EverBank Field
2014_16_PHI_WAS,2014,REG,16,2014-12-20,Saturday,16:25,PHI,24,WAS,27,Home,0,6,6,1,outdoors,grass,WAS00,FedExField
2014_16_SD_SF,2014,REG,16,2014-12-20,Saturday,20:25,SD,38,SF,35,Home,1,6,6,0,outdoors,grass,SFO01,Levi's Stadium
2014_16_ATL_NO,2014,REG,16,2014-12-21,Sunday,13:00,ATL,30,NO,14,Home,0,7,6,1,dome,sportturf,NOR00,Mercedes-Benz Superdome
2014_16_BAL_HOU,2014,REG,16,2014-12-21,Sunday,13:00,BAL,13,HOU,25,Home,0,7,7,0,closed,grass,HOU00,NRG Stadium
2014_16_BUF_OAK,2014,REG,16,2014-12-21,Sunday,16:25,BUF,24,OAK,26,Home,0,7,7,0,outdoors,grass,OAK00,O.co Coliseum
2014_16_CLE_CAR,2014,REG,16,2014-12-21,Sunday,13:00,CLE,13,CAR,17,Home,0,7,7,0,outdoors,grass,CAR00,Bank of America Stadium
2014_16_DET_CHI,2014,REG,16,2014-12-21,Sunday,13:00,DET,20,CHI,14,Home,0,7,6,1,outdoors,grass,CHI98,Soldier Field
2014_16_GB_TB,2014,REG,16,2014-12-21,Sunday,13:00,GB,20,TB,3,Home,0,7,7,0,outdoors,grass,TAM00,Raymond James Stadium
2014_16_IND_DAL,2014,REG,16,2014-12-21,Sunday,16:25,IND,7,DAL,42,Home,0,7,7,0,closed,matrixturf,DAL00,AT&T Stadium
2014_16_KC_PIT,2014,REG,16,2014-12-21,Sunday,13:00,KC,12,PIT,20,Home,0,7,7,0,outdoors,grass,PIT00,Heinz Field
2014_16_MIN_MIA,2014,REG,16,2014-12-21,Sunday,13:00,MIN,35,MIA,37,Home,0,7,7,0,outdoors,grass,MIA00,Sun Life Stadium
2014_16_NE_NYJ,2014,REG,16,2014-12-21,Sunday,13:00,NE,17,NYJ,16,Home,0,7,7,1,outdoors,fieldturf,NYC01,MetLife Stadium
2014_16_NYG_STL,2014,REG,16,2014-12-21,Sunday,16:05,NYG,37,STL,27,Home,0,7,10,0,dome,astroplay,STL00,Edward Jones Dome
2014_16_SEA_ARI,2014,REG,16,2014-12-21,Sunday,20:30,SEA,35,ARI,6,Home,0,7,10,1,closed,grass,PHO00,University of Phoenix Stadium
2014_16_DEN_CIN,2014,REG,16,2014-12-22,Monday,20:30,DEN,28,CIN,37,Home,0,8,8,0,outdoors,fieldturf,CIN00,Paul Brown Stadium
2014_17_ARI_SF,2014,REG,17,2014-12-28,Sunday,16:25,ARI,17,SF,20,Home,0,7,8,1,outdoors,grass,SFO01,Levi's Stadium
2014_17_BUF_NE,2014,REG,17,2014-12-28,Sunday,13:00,BUF,17,NE,9,Home,0,7,7,1,outdoors,fieldturf,BOS00,Gillette Stadium
2014_17_CAR_ATL,2014,REG,17,2014-12-28,Sunday,16:25,CAR,34,ATL,3,Home,0,7,7,1,dome,fieldturf,ATL00,Georgia Dome
2014_17_CHI_MIN,2014,REG,17,2014-12-28,Sunday,13:00,CHI,9,MIN,13,Home,0,7,7,1,outdoors,fieldturf,MIN98,TCF Bank Stadium
2014_17_CIN_PIT,2014,REG,17,2014-12-28,Sunday,20:30,CIN,17,PIT,27,Home,0,6,7,1,outdoors,grass,PIT00,Heinz Field
2014_17_CLE_BAL,2014,REG,17,2014-12-28,Sunday,13:00,CLE,10,BAL,20,Home,0,7,7,1,outdoors,sportturf,BAL00,M&T Bank Stadium
2014_17_DAL_WAS,2014,REG,17,2014-12-28,Sunday,13:00,DAL,44,WAS,17,Home,0,7,8,1,outdoors,grass,WAS00,FedExField
2014_17_DET_GB,2014,REG,17,2014-12-28,Sunday,16:25,DET,20,GB,30,Home,0,7,7,1,outdoors,grass,GNB00,Lambeau Field
2014_17_IND_TEN,2014,REG,17,2014-12-28,Sunday,13:00,IND,27,TEN,10,Home,0,7,10,1,outdoors,grass,NAS00,LP Field
2014_17_JAX_HOU,2014,REG,17,2014-12-28,Sunday,13:00,JAX,17,HOU,23,Home,0,10,7,1,closed,grass,HOU00,NRG Stadium
2014_17_NO_TB,2014,REG,17,2014-12-28,Sunday,13:00,NO,23,TB,20,Home,0,7,7,1,outdoors,grass,TAM00,Raymond James Stadium
2014_17_NYJ_MIA,2014,REG,17,2014-12-28,Sunday,13:00,NYJ,37,MIA,24,Home,0,7,7,1,outdoors,grass,MIA00,Sun Life Stadium
2014_17_OAK_DEN,2014,REG,17,2014-12-28,Sunday,16:25,OAK,14,DEN,47,Home,0,7,6,1,outdoors,grass,DEN00,Sports Authority Field at Mile High
2014_17_PHI_NYG,2014,REG,17,2014-12-28,Sunday,13:00,PHI,34,NYG,26,Home,0,8,7,1,outdoors,fieldturf,NYC01,MetLife Stadium
2014_17_SD_KC,2014,REG,17,2014-12-28,Sunday,13:00,SD,7,KC,19,Home,0,8,7,1,outdoors,grass,KAN00,Arrowhead Stadium
2014_17_STL_SEA,2014,REG,17,2014-12-28,Sunday,16:25,STL,6,SEA,20,Home,0,7,7,1,outdoors,fieldturf,SEA00,CenturyLink Field
2014_21_NE_SEA,2014,SB,21,2015-02-01,Sunday,18:30,NE,28,SEA,24,Neutral,0,14,14,0,closed,grass,PHO00,University of Phoenix Stadium
2015_01_PIT_NE,2015,REG,1,2015-09-10,Thursday,20:30,PIT,21,NE,28,Home,0,7,7,0,outdoors,fieldturf,BOS00,Gillette Stadium
2015_01_BAL_DEN,2015,REG,1,2015-09-13,Sunday,16:25,BAL,13,DEN,19,Home,0,7,7,0,outdoors,grass,DEN00,Sports Authority Field at Mile High
2015_01_CAR_JAX,2015,REG,1,2015-09-13,Sunday,13:00,CAR,20,JAX,9,Home,0,7,7,0,outdoors,grass,JAX00,EverBank Field
2015_01_CIN_OAK,2015,REG,1,2015-09-13,Sunday,16:25,CIN,33,OAK,13,Home,0,7,7,0,outdoors,grass,OAK00,O.co Coliseum
2015_01_CLE_NYJ,2015,REG,1,2015-09-13,Sunday,13:00,CLE,10,NYJ,31,Home,0,7,7,0,outdoors,fieldturf,NYC01,MetLife Stadium
2015_01_DET_SD,2015,REG,1,2015-09-13,Sunday,16:05,DET,28,SD,33,Home,0,7,7,0,outdoors,grass,SDG00,Qualcomm Stadium
2015_01_GB_CHI,2015,REG,1,2015-09-13,Sunday,13:00,GB,31,CHI,23,Home,0,7,7,1,outdoors,grass,CHI98,Soldier Field
2015_01_IND_BUF,2015,REG,1,2015-09-13,Sunday,13:00,IND,14,BUF,27,Home,0,7,7,0,outdoors,a_turf,BUF00,Ralph Wilson Stadium
2015_01_KC_HOU,2015,REG,1,2015-09-13,Sunday,13:00,KC,27,HOU,20,Home,0,7,7,0,closed,grass,HOU00,NRG Stadium
2015_01_MIA_WAS,2015,REG,1,2015-09-13,Sunday,13:00,MIA,17,WAS,10,Home,0,7,7,0,outdoors,grass,WAS00,FedExField
2015_01_NO_ARI,2015,REG,1,2015-09-13,Sunday,16:05,NO,19,ARI,31,Home,0,7,7,0,closed,grass,PHO00,University of Phoenix Stadium
2015_01_NYG_DAL,2015,REG,1,2015-09-13,Sunday,20:30,NYG,26,DAL,27,Home,0,7,7,1,closed,matrixturf,DAL00,AT&T Stadium
2015_01_SEA_STL,2015,REG,1,2015-09-13,Sunday,13:00,SEA,31,STL,34,Home,1,7,7,1,dome,astroplay,STL00,Edward Jones Dome
2015_01_TEN_TB,2015,REG,1,2015-09-13,Sunday,16:25,TEN,42,TB,14,Home,0,7,7,0,outdoors,grass,TAM00,Raymond James Stadium
2015_01_MIN_SF,2015,REG,1,2015-09-14,Monday,22:20,MIN,3,SF,20,Home,0,7,7,0,outdoors,grass,SFO01,Levi's Stadium
2015_01_PHI_ATL,2015,REG,1,2015-09-14,Monday,19:10,PHI,24,ATL,26,Home,0,7,7,0,dome,fieldturf,ATL00,Georgia Dome
2015_02_DEN_KC,2015,REG,2,2015-09-17,Thursday,20:25,DEN,31,KC,24,Home,0,4,4,1,outdoors,grass,KAN00,Arrowhead Stadium
2015_02_ARI_CHI,2015,REG,2,2015-09-20,Sunday,13:00,ARI,48,CHI,23,Home,0,7,7,0,outdoors,grass,CHI98,Soldier Field
2015_02_ATL_NYG,2015,REG,2,2015-09-20,Sunday,13:00,ATL,24,NYG,20,Home,0,6,7,0,outdoors,fieldturf,NYC01,MetLife Stadium
2015_02_BAL_OAK,2015,REG,2,2015-09-20,Sunday,16:05,BAL,33,OAK,37,Home,0,7,7,0,outdoors,grass,OAK00,O.co Coliseum
2015_02_DAL_PHI,2015,REG,2,2015-09-20,Sunday,16:25,DAL,20,PHI,10,Home,0,7,6,1,outdoors,grass,PHI00,Lincoln Financial Field
2015_02_DET_MIN,2015,REG,2,2015-09-20,Sunday,13:00,DET,16,MIN,26,Home,0,7,6,1,outdoors,fieldturf,MIN98,TCF Bank Stadium
2015_02_HOU_CAR,2015,REG,2,2015-09-20,Sunday,13:00,HOU,17,CAR,24,Home,0,7,7,0,outdoors,grass,CAR00,Bank of America Stadium
2015_02_MIA_JAX,2015,REG,2,2015-09-20,Sunday,16:05,MIA,20,JAX,23,Home,0,7,7,0,outdoors,grass,JAX00,EverBank Field
2015_02_NE_BUF,2015,REG,2,2015-09-20,Sunday,13:00,NE,40,BUF,32,Home,0,10,7,1,outdoors,a_turf,BUF00,Ralph Wilson Stadium
2015_02_SD_CIN,2015,REG,2,2015-09-20,Sunday,13:00,SD,19,CIN,24,Home,0,7,7,0,outdoors,fieldturf,CIN00,Paul Brown Stadium
2015_02_SEA_GB,2015,REG,2,2015-09-20,Sunday,20:30,SEA,17,GB,27,Home,0,7,7,0,outdoors,grass,GNB00,Lambeau Field
2015_02_SF_PIT,2015,REG,2,2015-09-20,Sunday,13:00,SF,18,PIT,43,Home,0,6,10,0,outdoors,grass,PIT00,Heinz Field
2015_02_STL_WAS,2015,REG,2,2015-09-20,Sunday,13:00,STL,10,WAS,24,Home,0,7,7,0,outdoors,grass,WAS00,FedExField
2015_02_TB_NO,2015,REG,2,2015-09-20,Sunday,13:00,TB,26,NO,19,Home,0,7,7,1,dome,sportturf,NOR00,Mercedes-Benz Superdome
2015_02_TEN_CLE,2015,REG,2,2015-09-20,Sunday,13:00,TEN,14,CLE,28,Home,0,7,7,0,outdoors,grass,CLE00,FirstEnergy Stadium
2015_02_NYJ_IND,2015,REG,2,2015-09-21,Monday,20:30,NYJ,20,IND,7,Home,0,8,8,0,closed,fieldturf,IND00,Lucas Oil Stadium
2015_03_WAS_NYG,2015,REG,3,2015-09-24,Thursday,20:25,WAS,21,NYG,32,Home,0,4,4,1,outdoors,fieldturf,NYC01,MetLife Stadium
2015_03_ATL_DAL,2015,REG,3,2015-09-27,Sunday,13:00,ATL,39,DAL,28,Home,0,7,7,0,closed,matrixturf,DAL00,AT&T Stadium
2015_03_BUF_MIA,2015,REG,3,2015-09-27,Sunday,16:25,BUF,41,MIA,14,Home,0,7,7,1,outdoors,grass,MIA00,Sun Life Stadium
2015_03_CHI_SEA,2015,REG,3,2015-09-27,Sunday,16:25,CHI,0,SEA,26,Home,0,7,7,0,outdoors,fieldturf,SEA00,CenturyLink Field
2015_03_CIN_BAL,2015,REG,3,2015-09-27,Sunday,13:00,CIN,28,BAL,24,Home,0,7,7,1,outdoors,sportturf,BAL00,M&T Bank Stadium
2015_03_DEN_DET,2015,REG,3,2015-09-27,Sunday,20:30,DEN,24,DET,12,Home,0,10,7,0,dome,fieldturf,DET00,Ford Field
2015_03_IND_TEN,2015,REG,3,2015-09-27,Sunday,13:00,IND,35,TEN,33,Home,0,6,7,1,outdoors,grass,NAS00,Nissan Stadium
2015_03_JAX_NE,2015,REG,3,2015-09-27,Sunday,13:00,JAX,17,NE,51,Home,0,7,7,0,outdoors,fieldturf,BOS00,Gillette Stadium
2015_03_NO_CAR,2015,REG,3,2015-09-27,Sunday,13:00,NO,22,CAR,27,Home,0,7,7,1,outdoors,grass,CAR00,Bank of America Stadium
2015_03_OAK_CLE,2015,REG,3,2015-09-27,Sunday,13:00,OAK,27,CLE,20,Home,0,7,7,0,outdoors,grass,CLE00,FirstEnergy Stadium
2015_03_PHI_NYJ,2015,REG,3,2015-09-27,Sunday,13:00,PHI,24,NYJ,17,Home,0,7,6,0,outdoors,fieldturf,NYC01,MetLife Stadium
2015_03_PIT_STL,2015,REG,3,2015-09-27,Sunday,13:00,PIT,12,STL,6,Home,0,7,7,0,dome,astroplay,STL00,Edward Jones Dome
2015_03_SD_MIN,2015,REG,3,2015-09-27,Sunday,13:00,SD,14,MIN,31,Home,0,7,7,0,outdoors,fieldturf,MIN98,TCF Bank Stadium
2015_03_SF_ARI,2015,REG,3,2015-09-27,Sunday,16:05,SF,7,ARI,47,Home,0,7,7,1,closed,grass,PHO00,University of Phoenix Stadium
2015_03_TB_HOU,2015,REG,3,2015-09-27,Sunday,13:00,TB,9,HOU,19,Home,0,7,7,0,closed,fieldturf,HOU00,NRG Stadium
2015_03_KC_GB,2015,REG,3,2015-09-28,Monday,20:30,KC,28,GB,38,Home,0,11,8,0,outdoors,grass,GNB00,Lambeau Field
2015_04_BAL_PIT,2015,REG,4,2015-10-01,Thursday,20:25,BAL,23,PIT,20,Home,1,4,4,1,outdoors,grass,PIT00,Heinz Field
2015_04_CAR_TB,2015,REG,4,2015-10-04,Sunday,13:00,CAR,37,TB,23,Home,0,7,7,1,outdoors,grass,TAM00,Raymond James Stadium
2015_04_CLE_SD,2015,REG,4,2015-10-04,Sunday,16:05,CLE,27,SD,30,Home,0,7,7,0,outdoors,grass,SDG00,Qualcomm Stadium
2015_04_DAL_NO,2015,REG,4,2015-10-04,Sunday,20:30,DAL,20,NO,26,Home,1,7,7,0,dome,sportturf,NOR00,Mercedes-Benz Superdome
2015_04_GB_SF,2015,REG,4,2015-10-04,Sunday,16:25,GB,17,SF,3,Home,0,6,7,0,outdoors,grass,SFO01,Levi's Stadium
2015_04_HOU_ATL,2015,REG,4,2015-10-04,Sunday,13:00,HOU,21,ATL,48,Home,0,7,7,0,dome,fieldturf,ATL00,Georgia Dome
2015_04_JAX_IND,2015,REG,4,2015-10-04,Sunday,13:00,JAX,13,IND,16,Home,1,7,7,1,open,fieldturf,IND00,Lucas Oil Stadium
2015_04_KC_CIN,2015,REG,4,2015-10-04,Sunday,13:00,KC,21,CIN,36,Home,0,6,7,0,outdoors,fieldturf,CIN00,Paul Brown Stadium
2015_04_MIN_DEN,2015,REG,4,2015-10-04,Sunday,16:25,MIN,20,DEN,23,Home,0,7,7,0,outdoors,grass,DEN00,Sports Authority Field at Mile High
2015_04_NYG_BUF,2015,REG,4,2015-10-04,Sunday,13:00,NYG,24,BUF,10,Home,0,10,7,0,outdoors,a_turf,BUF00,Ralph Wilson Stadium
2015_04_NYJ_MIA,2015,REG,4,2015-10-04,Sunday,09:30,NYJ,27,MIA,14,Neutral,0,7,7,1,outdoors,grass,LON00,Wembley Stadium
2015_04_OAK_CHI,2015,REG,4,2015-10-04,Sunday,13:00,OAK,20,CHI,22,Home,0,7,7,0,outdoors,grass,CHI98,Soldier Field
2015_04_PHI_WAS,2015,REG,4,2015-10-04,Sunday,13:00,PHI,20,WAS,23,Home,0,7,10,1,outdoors,grass,WAS00,FedExField
2015_04_STL_ARI,2015,REG,4,2015-10-04,Sunday,16:25,STL,24,ARI,22,Home,0,7,7,1,closed,grass,PHO00,University of Phoenix Stadium
2015_04_DET_SEA,2015,REG,4,2015-10-05,Monday,20:30,DET,10,SEA,13,Home,0,8,8,0,outdoors,fieldturf,SEA00,CenturyLink Field
2015_05_IND_HOU,2015,REG,5,2015-10-08,Thursday,20:25,IND,27,HOU,20,Home,0,4,4,1,closed,fieldturf,HOU00,NRG Stadium
2015_05_ARI_DET,2015,REG,5,2015-10-11,Sunday,16:05,ARI,42,DET,17,Home,0,7,6,0,dome,fieldturf,DET00,Ford Field
2015_05_BUF_TEN,2015,REG,5,2015-10-11,Sunday,13:00,BUF,14,TEN,13,Home,0,7,14,0,outdoors,grass,NAS00,Nissan Stadium
2015_05_CHI_KC,2015,REG,5,2015-10-11,Sunday,13:00,CHI,18,KC,17,Home,0,7,7,0,outdoors,grass,KAN00,Arrowhead Stadium
2015_05_CLE_BAL,2015,REG,5,2015-10-11,Sunday,13:00,CLE,33,BAL,30,Home,1,7,10,1,outdoors,sportturf,BAL00,M&T Bank Stadium
2015_05_DEN_OAK,2015,REG,5,2015-10-11,Sunday,16:25,DEN,16,OAK,10,Home,0,7,7,1,outdoors,grass,OAK00,O.co Coliseum
2015_05_JAX_TB,2015,REG,5,2015-10-11,Sunday,13:00,JAX,31,TB,38,Home,0,7,7,0,outdoors,grass,TAM00,Raymond James Stadium
2015_05_NE_DAL,2015,REG,5,2015-10-11,Sunday,16:25,NE,30,DAL,6,Home,0,14,7,0,closed,matrixturf,DAL00,AT&T Stadium
2015_05_NO_PHI,2015,REG,5,2015-10-11,Sunday,13:00,NO,17,PHI,39,Home,0,7,7,0,outdoors,grass,PHI00,Lincoln Financial Field
2015_05_SEA_CIN,2015,REG,5,2015-10-11,Sunday,13:00,SEA,24,CIN,27,Home,1,6,7,0,outdoors,fieldturf,CIN00,Paul Brown Stadium
2015_05_SF_NYG,2015,REG,5,2015-10-11,Sunday,20:30,SF,27,NYG,30,Home,0,7,7,0,outdoors,fieldturf,NYC01,MetLife Stadium
2015_05_STL_GB,2015,REG,5,2015-10-11,Sunday,13:00,STL,10,GB,24,Home,0,7,7,0,outdoors,grass,GNB00,Lambeau Field
2015_05_WAS_ATL,2015,REG,5,2015-10-11,Sunday,13:00,WAS,19,ATL,25,Home,1,7,7,0,dome,fieldturf,ATL00,Georgia Dome
2015_05_PIT_SD,2015,REG,5,2015-10-12,Monday,20:30,PIT,24,SD,20,Home,0,11,8,0,outdoors,grass,SDG00,Qualcomm Stadium
2015_06_ATL_NO,2015,REG,6,2015-10-15,Thursday,20:25,ATL,21,NO,31,Home,0,4,4,1,dome,sportturf,NOR00,Mercedes-Benz Superdome
2015_06_ARI_PIT,2015,REG,6,2015-10-18,Sunday,13:00,ARI,13,PIT,25,Home,0,7,6,0,outdoors,grass,PIT00,Heinz Field
2015_06_BAL_SF,2015,REG,6,2015-10-18,Sunday,16:25,BAL,20,SF,25,Home,0,7,7,0,outdoors,grass,SFO01,Levi's Stadium
2015_06_CAR_SEA,2015,REG,6,2015-10-18,Sunday,16:05,CAR,27,SEA,23,Home,0,14,7,0,outdoors,fieldturf,SEA00,CenturyLink Field
2015_06_CHI_DET,2015,REG,6,2015-10-18,Sunday,13:00,CHI,34,DET,37,Home,1,7,7,1,dome,fieldturf,DET00,Ford Field
2015_06_CIN_BUF,2015,REG,6,2015-10-18,Sunday,13:00,CIN,34,BUF,21,Home,0,7,7,0,outdoors,a_turf,BUF00,Ralph Wilson Stadium
2015_06_DEN_CLE,2015,REG,6,2015-10-18,Sunday,13:00,DEN,26,CLE,23,Home,1,7,7,0,outdoors,grass,CLE00,FirstEnergy Stadium
2015_06_HOU_JAX,2015,REG,6,2015-10-18,Sunday,13:00,HOU,31,JAX,20,Home,0,10,7,1,outdoors,grass,JAX00,EverBank Field
2015_06_KC_MIN,2015,REG,6,2015-10-18,Sunday,13:00,KC,10,MIN,16,Home,0,7,14,0,outdoors,fieldturf,MIN98,TCF Bank Stadium
2015_06_MIA_TEN,2015,REG,6,2015-10-18,Sunday,13:00,MIA,38,TEN,10,Home,0,14,7,0,outdoors,grass,NAS00,Nissan Stadium
2015_06_NE_IND,2015,REG,6,2015-10-18,Sunday,20:30,NE,34,IND,27,Home,0,7,10,0,closed,fieldturf,IND00,Lucas Oil Stadium
2015_06_SD_GB,2015,REG,6,2015-10-18,Sunday,16:25,SD,20,GB,27,Home,0,6,7,0,outdoors,grass,GNB00,Lambeau Field
2015_06_WAS_NYJ,2015,REG,6,2015-10-18,Sunday,13:00,WAS,20,NYJ,34,Home,0,7,14,0,outdoors,fieldturf,NYC01,MetLife Stadium
2015_06_NYG_PHI,2015,REG,6,2015-10-19,Monday,20:30,NYG,7,PHI,27,Home,0,8,8,1,outdoors,grass,PHI00,Lincoln Financial Field
2015_07_SEA_SF,2015,REG,7,2015-10-22,Thursday,20:25,SEA,20,SF,3,Home,0,4,4,1,outdoors,grass,SFO01,Levi's Stadium
2015_07_ATL_TEN,2015,REG,7,2015-10-25,Sunday,13:00,ATL,10,TEN,7,Home,0,10,7,0,outdoors,grass,NAS00,Nissan Stadium
2015_07_BUF_JAX,2015,REG,7,2015-10-25,Sunday,09:30,BUF,31,JAX,34,Neutral,0,7,7,0,outdoors,grass,LON00,Wembley Stadium
2015_07_CLE_STL,2015,REG,7,2015-10-25,Sunday,13:00,CLE,6,STL,24,Home,0,7,14,0,dome,astroplay,STL00,Edward Jones Dome
2015_07_DAL_NYG,2015,REG,7,2015-10-25,Sunday,16:25,DAL,20,NYG,27,Home,0,14,6,1,outdoors,fieldturf,NYC01,MetLife Stadium
2015_07_HOU_MIA,2015,REG,7,2015-10-25,Sunday,13:00,HOU,26,MIA,44,Home,0,7,7,0,outdoors,grass,MIA00,Sun Life Stadium
2015_07_MIN_DET,2015,REG,7,2015-10-25,Sunday,13:00,MIN,28,DET,19,Home,0,7,7,1,dome,fieldturf,DET00,Ford Field
2015_07_NO_IND,2015,REG,7,2015-10-25,Sunday,13:00,NO,27,IND,21,Home,0,10,7,0,open,fieldturf,IND00,Lucas Oil Stadium
2015_07_NYJ_NE,2015,REG,7,2015-10-25,Sunday,13:00,NYJ,23,NE,30,Home,0,7,7,1,outdoors,fieldturf,BOS00,Gillette Stadium
2015_07_OAK_SD,2015,REG,7,2015-10-25,Sunday,16:05,OAK,37,SD,29,Home,0,14,7,1,outdoors,grass,SDG00,Qualcomm Stadium
2015_07_PHI_CAR,2015,REG,7,2015-10-25,Sunday,20:30,PHI,16,CAR,27,Home,0,6,7,0,outdoors,grass,CAR00,Bank of America Stadium
2015_07_PIT_KC,2015,REG,7,2015-10-25,Sunday,13:00,PIT,13,KC,23,Home,0,7,7,0,outdoors,grass,KAN00,Arrowhead Stadium
2015_07_TB_WAS,2015,REG,7,2015-10-25,Sunday,13:00,TB,30,WAS,31,Home,0,14,7,0,outdoors,grass,WAS00,FedExField
2015_07_BAL_ARI,2015,REG,7,2015-10-26,Monday,20:30,BAL,18,ARI,26,Home,0,8,8,0,closed,grass,PHO00,University of Phoenix Stadium
2015_08_MIA_NE,2015,REG,8,2015-10-29,Thursday,20:25,MIA,7,NE,36,Home,0,4,4,1,outdoors,fieldturf,BOS00,Gillette Stadium
2015_08_ARI_CLE,2015,REG,8,2015-11-01,Sunday,13:00,ARI,34,CLE,20,Home,0,6,7,0,outdoors,grass,CLE00,FirstEnergy Stadium
2015_08_CIN_PIT,2015,REG,8,2015-11-01,Sunday,13:00,CIN,16,PIT,10,Home,0,14,7,1,outdoors,grass,PIT00,Heinz Field
2015_08_DET_KC,2015,REG,8,2015-11-01,Sunday,09:30,DET,10,KC,45,Neutral,0,7,7,0,outdoors,grass,LON00,Wembley Stadium
2015_08_GB_DEN,2015,REG,8,2015-11-01,Sunday,20:30,GB,10,DEN,29,Home,0,14,14,0,outdoors,grass,DEN00,Sports Authority Field at Mile High
2015_08_MIN_CHI,2015,REG,8,2015-11-01,Sunday,13:00,MIN,23,CHI,20,Home,0,7,14,1,outdoors,grass,CHI98,Soldier Field
2015_08_NYG_NO,2015,REG,8,2015-11-01,Sunday,13:00,NYG,49,NO,52,Home,0,7,7,0,dome,sportturf,NOR00,Mercedes-Benz Superdome
2015_08_NYJ_OAK,2015,REG,8,2015-11-01,Sunday,16:05,NYJ,20,OAK,34,Home,0,7,7,0,outdoors,grass,OAK00,O.co Coliseum
2015_08_SD_BAL,2015,REG,8,2015-11-01,Sunday,13:00,SD,26,BAL,29,Home,0,7,6,0,outdoors,sportturf,BAL00,M&T Bank Stadium
2015_08_SEA_DAL,2015,REG,8,2015-11-01,Sunday,16:25,SEA,13,DAL,12,Home,0,10,7,0,closed,matrixturf,DAL00,AT&T Stadium
2015_08_SF_STL,2015,REG,8,2015-11-01,Sunday,13:00,SF,6,STL,27,Home,0,10,7,1,dome,astroplay,STL00,Edward Jones Dome
2015_08_TB_ATL,2015,REG,8,2015-11-01,Sunday,13:00,TB,23,ATL,20,Home,1,7,7,1,dome,fieldturf,ATL00,Georgia Dome
2015_08_TEN_HOU,2015,REG,8,2015-11-01,Sunday,13:00,TEN,6,HOU,20,Home,0,7,7,1,closed,fieldturf,HOU00,NRG Stadium
2015_08_IND_CAR,2015,REG,8,2015-11-02,Monday,20:30,IND,26,CAR,29,Home,1,8,8,0,outdoors,grass,CAR00,Bank of America Stadium
2015_09_CLE_CIN,2015,REG,9,2015-11-05,Thursday,20:25,CLE,10,CIN,31,Home,0,4,4,1,outdoors,fieldturf,CIN00,Paul Brown Stadium
2015_09_ATL_SF,2015,REG,9,2015-11-08,Sunday,16:05,ATL,16,SF,17,Home,0,7,7,0,outdoors,grass,SFO01,Levi's Stadium
2015_09_DEN_IND,2015,REG,9,2015-11-08,Sunday,16:25,DEN,24,IND,27,Home,0,7,6,0,open,fieldturf,IND00,Lucas Oil Stadium
2015_09_GB_CAR,2015,REG,9,2015-11-08,Sunday,13:00,GB,29,CAR,37,Home,0,7,6,0,outdoors,grass,CAR00,Bank of America Stadium
2015_09_JAX_NYJ,2015,REG,9,2015-11-08,Sunday,13:00,JAX,23,NYJ,28,Home,0,14,7,0,outdoors,fieldturf,NYC01,MetLife Stadium
2015_09_MIA_BUF,2015,REG,9,2015-11-08,Sunday,13:00,MIA,17,BUF,33,Home,0,10,14,1,outdoors,a_turf,BUF00,Ralph Wilson Stadium
2015_09_NYG_TB,2015,REG,9,2015-11-08,Sunday,16:05,NYG,32,TB,18,Home,0,7,7,0,outdoors,grass,TAM00,Raymond James Stadium
2015_09_OAK_PIT,2015,REG,9,2015-11-08,Sunday,13:00,OAK,35,PIT,38,Home,0,7,7,0,outdoors,grass,PIT00,Heinz Field
2015_09_PHI_DAL,2015,REG,9,2015-11-08,Sunday,20:30,PHI,33,DAL,27,Home,1,14,7,1,closed,matrixturf,DAL00,AT&T Stadium
2015_09_STL_MIN,2015,REG,9,2015-11-08,Sunday,13:00,STL,18,MIN,21,Home,1,7,7,0,outdoors,fieldturf,MIN98,TCF Bank Stadium
2015_09_TEN_NO,2015,REG,9,2015-11-08,Sunday,13:00,TEN,34,NO,28,Home,1,7,7,0,dome,sportturf,NOR00,Mercedes-Benz Superdome
2015_09_WAS_NE,2015,REG,9,2015-11-08,Sunday,13:00,WAS,10,NE,27,Home,0,14,10,0,outdoors,fieldturf,BOS00,Gillette Stadium
2015_09_CHI_SD,2015,REG,9,2015-11-09,Monday,20:30,CHI,22,SD,19,Home,0,8,8,0,outdoors,grass,SDG00,Qualcomm Stadium
2015_10_BUF_NYJ,2015,REG,10,2015-11-12,Thursday,20:25,BUF,22,NYJ,17,Home,0,4,4,1,outdoors,fieldturf,NYC01,MetLife Stadium
2015_10_ARI_SEA,2015,REG,10,2015-11-15,Sunday,20:30,ARI,39,SEA,32,Home,0,14,14,1,outdoors,fieldturf,SEA00,CenturyLink Field
2015_10_CAR_TEN,2015,REG,10,2015-11-15,Sunday,13:00,CAR,27,TEN,10,Home,0,7,7,0,outdoors,grass,NAS00,Nissan Stadium
2015_10_CHI_STL,2015,REG,10,2015-11-15,Sunday,13:00,CHI,37,STL,13,Home,0,6,7,0,dome,astroplay,STL00,Edward Jones Dome
2015_10_CLE_PIT,2015,REG,10,2015-11-15,Sunday,13:00,CLE,9,PIT,30,Home,0,10,7,1,outdoors,grass,PIT00,Heinz Field
2015_10_DAL_TB,2015,REG,10,2015-11-15,Sunday,13:00,DAL,6,TB,10,Home,0,7,7,0,outdoors,grass,TAM00,Raymond James Stadium
2015_10_DET_GB,2015,REG,10,2015-11-15,Sunday,13:00,DET,18,GB,16,Home,0,14,7,1,outdoors,grass,GNB00,Lambeau Field
2015_10_JAX_BAL,2015,REG,10,2015-11-15,Sunday,13:00,JAX,22,BAL,20,Home,0,7,14,0,outdoors,sportturf,BAL00,M&T Bank Stadium
2015_10_KC_DEN,2015,REG,10,2015-11-15,Sunday,16:25,KC,29,DEN,13,Home,0,14,7,1,outdoors,grass,DEN00,Sports Authority Field at Mile High
2015_10_MIA_PHI,2015,REG,10,2015-11-15,Sunday,13:00,MIA,20,PHI,19,Home,0,7,7,0,outdoors,grass,PHI00,Lincoln Financial Field
2015_10_MIN_OAK,2015,REG,10,2015-11-15,Sunday,16:05,MIN,30,OAK,14,Home,0,7,7,0,outdoors,grass,OAK00,O.co Coliseum
2015_10_NE_NYG,2015,REG,10,2015-11-15,Sunday,16:25,NE,27,NYG,26,Home,0,7,7,0,outdoors,fieldturf,NYC01,MetLife Stadium
2015_10_NO_WAS,2015,REG,10,2015-11-15,Sunday,13:00,NO,14,WAS,47,Home,0,7,7,0,outdoors,grass,WAS00,FedExField
2015_10_HOU_CIN,2015,REG,10,2015-11-16,Monday,20:30,HOU,10,CIN,6,Home,0,15,11,0,outdoors,fieldturf,CIN00,Paul Brown Stadium
2015_11_TEN_JAX,2015,REG,11,2015-11-19,Thursday,20:25,TEN,13,JAX,19,Home,0,4,4,1,outdoors,grass,JAX00,EverBank Field
2015_11_CIN_ARI,2015,REG,11,2015-11-22,Sunday,20:30,CIN,31,ARI,34,Home,0,6,7,0,closed,grass,PHO00,University of Phoenix Stadium
2015_11_DAL_MIA,2015,REG,11,2015-11-22,Sunday,13:00,DAL,24,MIA,14,Home,0,7,7,0,outdoors,grass,MIA00,Sun Life Stadium
2015_11_DEN_CHI,2015,REG,11,2015-11-22,Sunday,13:00,DEN,17,CHI,15,Home,0,7,7,0,outdoors,grass,CHI98,Soldier Field
2015_11_GB_MIN,2015,REG,11,2015-11-22,Sunday,16:25,GB,30,MIN,13,Home,0,7,7,1,outdoors,fieldturf,MIN98,TCF Bank Stadium
2015_11_IND_ATL,2015,REG,11,2015-11-22,Sunday,13:00,IND,24,ATL,21,Home,0,14,14,0,dome,fieldturf,ATL00,Georgia Dome
2015_11_KC_SD,2015,REG,11,2015-11-22,Sunday,16:05,KC,33,SD,3,Home,0,7,13,1,outdoors,grass,SDG00,Qualcomm Stadium
2015_11_NYJ_HOU,2015,REG,11,2015-11-22,Sunday,13:00,NYJ,17,HOU,24,Home,0,10,6,0,closed,fieldturf,HOU00,NRG Stadium
2015_11_OAK_DET,2015,REG,11,2015-11-22,Sunday,13:00,OAK,13,DET,18,Home,0,7,7,0,dome,fieldturf,DET00,Ford Field
2015_11_SF_SEA,2015,REG,11,2015-11-22,Sunday,16:25,SF,13,SEA,29,Home,0,14,7,1,outdoors,fieldturf,SEA00,CenturyLink Field
2015_11_STL_BAL,2015,REG,11,2015-11-22,Sunday,13:00,STL,13,BAL,16,Home,0,7,7,0,outdoors,sportturf,BAL00,M&T Bank Stadium
2015_11_TB_PHI,2015,REG,11,2015-11-22,Sunday,13:00,TB,45,PHI,17,Home,0,7,7,0,outdoors,grass,PHI00,Lincoln Financial Field
2015_11_WAS_CAR,2015,REG,11,2015-11-22,Sunday,13:00,WAS,16,CAR,44,Home,0,7,7,0,outdoors,grass,CAR00,Bank of America Stadium
2015_11_BUF_NE,2015,REG,11,2015-11-23,Monday,20:30,BUF,13,NE,20,Home,0,11,8,1,outdoors,fieldturf,BOS00,Gillette Stadium
2015_12_CAR_DAL,2015,REG,12,2015-11-26,Thursday,16:30,CAR,33,DAL,14,Home,0,4,4,0,closed,matrixturf,DAL00,AT&T Stadium
2015_12_CHI_GB,2015,REG,12,2015-11-26,Thursday,20:30,CHI,17,GB,13,Home,0,4,4,1,outdoors,grass,GNB00,Lambeau Field
2015_12_PHI_DET,2015,REG,12,2015-11-26,Thursday,12:30,PHI,14,DET,45,Home,0,4,4,0,dome,fieldturf,DET00,Ford Field
2015_12_ARI_SF,2015,REG,12,2015-11-29,Sunday,16:05,ARI,19,SF,13,Home,0,7,7,1,outdoors,grass,SFO01,Levi's Stadium
2015_12_BUF_KC,2015,REG,12,2015-11-29,Sunday,13:00,BUF,22,KC,30,Home,0,6,7,0,outdoors,grass,KAN00,Arrowhead Stadium
2015_12_MIA_NYJ,2015,REG,12,2015-11-29,Sunday,13:00,MIA,20,NYJ,38,Home,0,7,7,1,outdoors,fieldturf,NYC01,MetLife Stadium
2015_12_MIN_ATL,2015,REG,12,2015-11-29,Sunday,13:00,MIN,20,ATL,10,Home,0,7,7,0,dome,fieldturf,ATL00,Georgia Dome
2015_12_NE_DEN,2015,REG,12,2015-11-29,Sunday,20:30,NE,24,DEN,30,Home,1,6,7,0,outdoors,grass,DEN00,Sports Authority Field at Mile High
2015_12_NO_HOU,2015,REG,12,2015-11-29,Sunday,13:00,NO,6,HOU,24,Home,0,14,7,0,closed,fieldturf,HOU00,NRG Stadium
2015_12_NYG_WAS,2015,REG,12,2015-11-29,Sunday,13:00,NYG,14,WAS,20,Home,0,14,7,1,outdoors,grass,WAS00,FedExField
2015_12_OAK_TEN,2015,REG,12,2015-11-29,Sunday,13:00,OAK,24,TEN,21,Home,0,7,10,0,outdoors,grass,NAS00,Nissan Stadium
2015_12_PIT_SEA,2015,REG,12,2015-11-29,Sunday,16:25,PIT,30,SEA,39,Home,0,14,7,0,outdoors,fieldturf,SEA00,CenturyLink Field
2015_12_SD_JAX,2015,REG,12,2015-11-29,Sunday,13:00,SD,31,JAX,25,Home,0,7,10,0,outdoors,grass,JAX00,EverBank Field
2015_12_STL_CIN,2015,REG,12,2015-11-29,Sunday,13:00,STL,7,CIN,31,Home,0,7,7,0,outdoors,fieldturf,CIN00,Paul Brown Stadium
2015_12_TB_IND,2015,REG,12,2015-11-29,Sunday,13:00,TB,12,IND,25,Home,0,7,7,0,closed,fieldturf,IND00,Lucas Oil Stadium
2015_12_BAL_CLE,2015,REG,12,2015-11-30,Monday,20:30,BAL,33,CLE,27,Home,0,8,15,1,outdoors,grass,CLE00,FirstEnergy Stadium
2015_13_GB_DET,2015,REG,13,2015-12-03,Thursday,20:25,GB,27,DET,23,Home,0,7,7,1,dome,fieldturf,DET00,Ford Field
2015_13_ARI_STL,2015,REG,13,2015-12-06,Sunday,13:00,ARI,27,STL,3,Home,0,7,7,1,dome,astroplay,STL00,Edward Jones Dome
2015_13_ATL_TB,2015,REG,13,2015-12-06,Sunday,13:00,ATL,19,TB,23,Home,0,7,7,1,outdoors,grass,TAM00,Raymond James Stadium
2015_13_BAL_MIA,2015,REG,13,2015-12-06,Sunday,13:00,BAL,13,MIA,15,Home,0,6,7,0,outdoors,grass,MIA00,Sun Life Stadium
2015_13_CAR_NO,2015,REG,13,2015-12-06,Sunday,16:25,CAR,41,NO,38,Home,0,10,7,1,dome,sportturf,NOR00,Mercedes-Benz Superdome
2015_13_CIN_CLE,2015,REG,13,2015-12-06,Sunday,13:00,CIN,37,CLE,3,Home,0,7,6,1,outdoors,grass,CLE00,FirstEnergy Stadium
2015_13_DEN_SD,2015,REG,13,2015-12-06,Sunday,16:05,DEN,17,SD,3,Home,0,7,7,1,outdoors,grass,SDG00,Qualcomm Stadium
2015_13_HOU_BUF,2015,REG,13,2015-12-06,Sunday,13:00,HOU,21,BUF,30,Home,0,7,7,0,outdoors,a_turf,BUF00,Ralph Wilson Stadium
2015_13_IND_PIT,2015,REG,13,2015-12-06,Sunday,20:30,IND,10,PIT,45,Home,0,7,7,0,outdoors,grass,PIT00,Heinz Field
2015_13_JAX_TEN,2015,REG,13,2015-12-06,Sunday,13:00,JAX,39,TEN,42,Home,0,7,7,1,outdoors,grass,NAS00,Nissan Stadium
2015_13_KC_OAK,2015,REG,13,2015-12-06,Sunday,16:05,KC,34,OAK,20,Home,0,7,7,1,outdoors,grass,OAK00,O.co Coliseum
2015_13_NYJ_NYG,2015,REG,13,2015-12-06,Sunday,13:00,NYJ,23,NYG,20,Home,1,7,7,0,outdoors,fieldturf,NYC01,MetLife Stadium
2015_13_PHI_NE,2015,REG,13,2015-12-06,Sunday,16:25,PHI,35,NE,28,Home,0,10,7,0,outdoors,fieldturf,BOS00,Gillette Stadium
2015_13_SEA_MIN,2015,REG,13,2015-12-06,Sunday,13:00,SEA,38,MIN,7,Home,0,7,7,0,outdoors,fieldturf,MIN98,TCF Bank Stadium
2015_13_SF_CHI,2015,REG,13,2015-12-06,Sunday,13:00,SF,26,CHI,20,Home,1,7,10,0,outdoors,grass,CHI98,Soldier Field
2015_13_DAL_WAS,2015,REG,13,2015-12-07,Monday,20:30,DAL,19,WAS,16,Home,0,11,8,1,outdoors,grass,WAS00,FedExField
2015_14_MIN_ARI,2015,REG,14,2015-12-10,Thursday,20:25,MIN,20,ARI,23,Home,0,4,4,0,open,grass,PHO00,University of Phoenix Stadium
2015_14_ATL_CAR,2015,REG,14,2015-12-13,Sunday,13:00,ATL,0,CAR,38,Home,0,7,7,1,outdoors,grass,CAR00,Bank of America Stadium
2015_14_BUF_PHI,2015,REG,14,2015-12-13,Sunday,13:00,BUF,20,PHI,23,Home,0,7,7,0,outdoors,grass,PHI00,Lincoln Financial Field
2015_14_DAL_GB,2015,REG,14,2015-12-13,Sunday,16:25,DAL,7,GB,28,Home,0,6,10,0,outdoors,grass,GNB00,Lambeau Field
2015_14_DET_STL,2015,REG,14,2015-12-13,Sunday,13:00,DET,14,STL,21,Home,0,10,7,0,dome,astroplay,STL00,Edward Jones Dome
2015_14_IND_JAX,2015,REG,14,2015-12-13,Sunday,13:00,IND,16,JAX,51,Home,0,7,7,1,outdoors,grass,JAX00,EverBank Field
2015_14_NE_HOU,2015,REG,14,2015-12-13,Sunday,20:30,NE,27,HOU,6,Home,0,7,7,0,closed,fieldturf,HOU00,NRG Stadium
2015_14_NO_TB,2015,REG,14,2015-12-13,Sunday,13:00,NO,24,TB,17,Home,0,7,7,1,outdoors,grass,TAM00,Raymond James Stadium
2015_14_OAK_DEN,2015,REG,14,2015-12-13,Sunday,16:05,OAK,15,DEN,12,Home,0,7,7,1,outdoors,grass,DEN00,Sports Authority Field at Mile High
2015_14_PIT_CIN,2015,REG,14,2015-12-13,Sunday,13:00,PIT,33,CIN,20,Home,0,7,7,1,outdoors,fieldturf,CIN00,Paul Brown Stadium
2015_14_SD_KC,2015,REG,14,2015-12-13,Sunday,13:00,SD,3,KC,10,Home,0,7,7,1,outdoors,grass,KAN00,Arrowhead Stadium
2015_14_SEA_BAL,2015,REG,14,2015-12-13,Sunday,13:00,SEA,35,BAL,6,Home,0,7,7,0,outdoors,sportturf,BAL00,M&T Bank Stadium
2015_14_SF_CLE,2015,REG,14,2015-12-13,Sunday,13:00,SF,10,CLE,24,Home,0,7,7,0,outdoors,grass,CLE00,FirstEnergy Stadium
2015_14_TEN_NYJ,2015,REG,14,2015-12-13,Sunday,13:00,TEN,8,NYJ,30,Home,0,7,7,0,outdoors,fieldturf,NYC01,MetLife Stadium
2015_14_WAS_CHI,2015,REG,14,2015-12-13,Sunday,13:00,WAS,24,CHI,21,Home,0,6,7,0,outdoors,grass,CHI98,Soldier Field
2015_14_NYG_MIA,2015,REG,14,2015-12-14,Monday,20:30,NYG,31,MIA,24,Home,0,8,8,0,outdoors,grass,MIA00,Sun Life Stadium
2015_15_TB_STL,2015,REG,15,2015-12-17,Thursday,20:25,TB,23,STL,31,Home,0,4,4,0,dome,astroplay,STL00,Edward Jones Dome
2015_15_NYJ_DAL,2015,REG,15,2015-12-19,Saturday,20:25,NYJ,19,DAL,16,Home,0,6,6,0,closed,matrixturf,DAL00,AT&T Stadium
2015_15_ARI_PHI,2015,REG,15,2015-12-20,Sunday,20:30,ARI,40,PHI,17,Home,0,10,7,0,outdoors,grass,PHI00,Lincoln Financial Field
2015_15_ATL_JAX,2015,REG,15,2015-12-20,Sunday,13:00,ATL,23,JAX,17,Home,0,7,7,0,outdoors,grass,JAX00,EverBank Field
2015_15_BUF_WAS,2015,REG,15,2015-12-20,Sunday,13:00,BUF,25,WAS,35,Home,0,7,7,0,outdoors,grass,WAS00,FedExField
2015_15_CAR_NYG,2015,REG,15,2015-12-20,Sunday,13:00,CAR,38,NYG,35,Home,0,7,6,0,outdoors,fieldturf,NYC01,MetLife Stadium
2015_15_CHI_MIN,2015,REG,15,2015-12-20,Sunday,13:00,CHI,17,MIN,38,Home,0,7,10,1,outdoors,fieldturf,MIN98,TCF Bank Stadium
2015_15_CIN_SF,2015,REG,15,2015-12-20,Sunday,16:25,CIN,24,SF,14,Home,0,7,7,0,outdoors,grass,SFO01,Levi's Stadium
2015_15_CLE_SEA,2015,REG,15,2015-12-20,Sunday,16:05,CLE,13,SEA,30,Home,0,7,7,0,outdoors,fieldturf,SEA00,CenturyLink Field
2015_15_DEN_PIT,2015,REG,15,2015-12-20,Sunday,16:25,DEN,27,PIT,34,Home,0,7,7,0,outdoors,grass,PIT00,Heinz Field
2015_15_GB_OAK,2015,REG,15,2015-12-20,Sunday,16:05,GB,30,OAK,20,Home,0,7,7,0,outdoors,grass,OAK00,O.co Coliseum
2015_15_HOU_IND,2015,REG,15,2015-12-20,Sunday,13:00,HOU,16,IND,10,Home,0,7,7,1,closed,fieldturf,IND00,Lucas Oil Stadium
2015_15_KC_BAL,2015,REG,15,2015-12-20,Sunday,13:00,KC,34,BAL,14,Home,0,7,7,0,outdoors,sportturf,BAL00,M&T Bank Stadium
2015_15_MIA_SD,2015,REG,15,2015-12-20,Sunday,16:25,MIA,14,SD,30,Home,0,6,7,0,outdoors,grass,SDG00,Qualcomm Stadium
2015_15_TEN_NE,2015,REG,15,2015-12-20,Sunday,13:00,TEN,16,NE,33,Home,0,7,7,0,outdoors,fieldturf,BOS00,Gillette Stadium
2015_15_DET_NO,2015,REG,15,2015-12-21,Monday,20:30,DET,35,NO,27,Home,0,8,8,0,dome,sportturf,NOR00,Mercedes-Benz Superdome
2015_16_SD_OAK,2015,REG,16,2015-12-24,Thursday,20:25,SD,20,OAK,23,Home,1,4,4,1,outdoors,grass,OAK00,O.co Coliseum
2015_16_WAS_PHI,2015,REG,16,2015-12-26,Saturday,20:25,WAS,38,PHI,24,Home,0,6,6,1,outdoors,grass,PHI00,Lincoln Financial Field
2015_16_CAR_ATL,2015,REG,16,2015-12-27,Sunday,13:00,CAR,13,ATL,20,Home,0,7,7,1,dome,fieldturf,ATL00,Georgia Dome
2015_16_CHI_TB,2015,REG,16,2015-12-27,Sunday,13:00,CHI,26,TB,21,Home,0,7,10,0,outdoors,grass,TAM00,Raymond James Stadium
2015_16_CLE_KC,2015,REG,16,2015-12-27,Sunday,13:00,CLE,13,KC,17,Home,0,7,7,0,outdoors,grass,KAN00,Arrowhead Stadium
2015_16_DAL_BUF,2015,REG,16,2015-12-27,Sunday,13:00,DAL,6,BUF,16,Home,0,8,7,0,outdoors,a_turf,BUF00,Ralph Wilson Stadium
2015_16_GB_ARI,2015,REG,16,2015-12-27,Sunday,16:25,GB,8,ARI,38,Home,0,7,7,0,closed,grass,PHO00,University of Phoenix Stadium
2015_16_HOU_TEN,2015,REG,16,2015-12-27,Sunday,13:00,HOU,34,TEN,6,Home,0,7,7,1,outdoors,grass,NAS00,Nissan Stadium
2015_16_IND_MIA,2015,REG,16,2015-12-27,Sunday,13:00,IND,18,MIA,12,Home,0,7,7,0,outdoors,grass,MIA00,Sun Life Stadium
2015_16_JAX_NO,2015,REG,16,2015-12-27,Sunday,16:05,JAX,27,NO,38,Home,0,7,6,0,dome,sportturf,NOR00,Mercedes-Benz Superdome
2015_16_NE_NYJ,2015,REG,16,2015-12-27,Sunday,13:00,NE,20,NYJ,26,Home,1,7,8,1,outdoors,fieldturf,NYC01,MetLife Stadium
2015_16_NYG_MIN,2015,REG,16,2015-12-27,Sunday,20:30,NYG,17,MIN,49,Home,0,7,7,0,outdoors,fieldturf,MIN98,TCF Bank Stadium
2015_16_PIT_BAL,2015,REG,16,2015-12-27,Sunday,13:00,PIT,17,BAL,20,Home,0,7,7,1,outdoors,sportturf,BAL00,M&T Bank Stadium
2015_16_SF_DET,2015,REG,16,2015-12-27,Sunday,13:00,SF,17,DET,32,Home,0,7,6,0,dome,fieldturf,DET00,Ford Field
2015_16_STL_SEA,2015,REG,16,2015-12-27,Sunday,16:25,STL,23,SEA,17,Home,0,10,7,1,outdoors,fieldturf,SEA00,CenturyLink Field
2015_16_CIN_DEN,2015,REG,16,2015-12-28,Monday,20:30,CIN,17,DEN,20,Home,1,8,8,0,outdoors,grass,DEN00,Sports Authority Field at Mile High
2015_17_BAL_CIN,2015,REG,17,2016-01-03,Sunday,13:00,BAL,16,CIN,24,Home,0,7,6,1,outdoors,fieldturf,CIN00,Paul Brown Stadium
2015_17_DET_CHI,2015,REG,17,2016-01-03,Sunday,13:00,DET,24,CHI,20,Home,0,7,7,1,outdoors,grass,CHI98,Soldier Field
2015_17_JAX_HOU,2015,REG,17,2016-01-03,Sunday,13:00,JAX,6,HOU,30,Home,0,7,7,1,closed,fieldturf,HOU00,NRG Stadium
2015_17_MIN_GB,2015,REG,17,2016-01-03,Sunday,20:30,MIN,20,GB,13,Home,0,7,7,1,outdoors,grass,GNB00,Lambeau Field
2015_17_NE_MIA,2015,REG,17,2016-01-03,Sunday,13:00,NE,10,MIA,20,Home,0,7,7,1,outdoors,grass,MIA00,Sun Life Stadium
2015_17_NO_ATL,2015,REG,17,2016-01-03,Sunday,13:00,NO,20,ATL,17,Home,0,7,7,1,dome,fieldturf,ATL00,Georgia Dome
2015_17_NYJ_BUF,2015,REG,17,2016-01-03,Sunday,13:00,NYJ,17,BUF,22,Home,0,7,7,1,outdoors,a_turf,BUF00,Ralph Wilson Stadium
2015_17_OAK_KC,2015,REG,17,2016-01-03,Sunday,16:25,OAK,17,KC,23,Home,0,10,7,1,outdoors,grass,KAN00,Arrowhead Stadium
2015_17_PHI_NYG,2015,REG,17,2016-01-03,Sunday,13:00,PHI,35,NYG,30,Home,0,8,7,1,outdoors,fieldturf,NYC01,MetLife Stadium
2015_17_PIT_CLE,2015,REG,17,2016-01-03,Sunday,13:00,PIT,28,CLE,12,Home,0,7,7,1,outdoors,grass,CLE00,FirstEnergy Stadium
2015_17_SD_DEN,2015,REG,17,2016-01-03,Sunday,16:25,SD,20,DEN,27,Home,0,10,6,1,outdoors,grass,DEN00,Sports Authority Field at Mile High
2015_17_SEA_ARI,2015,REG,17,2016-01-03,Sunday,16:25,SEA,36,ARI,6,Home,0,7,7,1,closed,grass,PHO00,University of Phoenix Stadium
2015_17_STL_SF,2015,REG,17,2016-01-03,Sunday,16:25,STL,16,SF,19,Home,1,7,7,1,outdoors,grass,SFO01,Levi's Stadium
2015_17_TB_CAR,2015,REG,17,2016-01-03,Sunday,16:25,TB,10,CAR,38,Home,0,7,7,1,outdoors,grass,CAR00,Bank of America Stadium
2015_17_TEN_IND,2015,REG,17,2016-01-03,Sunday,13:00,TEN,24,IND,30,Home,0,7,7,1,closed,fieldturf,IND00,Lucas Oil Stadium
2015_17_WAS_DAL,2015,REG,17,2016-01-03,Sunday,13:00,WAS,34,DAL,23,Home,0,8,7,1,closed,matrixturf,DAL00,AT&T Stadium
2015_21_CAR_DEN,2015,SB,21,2016-02-07,Sunday,18:30,CAR,10,DEN,24,Neutral,0,14,14,0,outdoors,grass,SFO01,Levi's Stadium
2016_01_CAR_DEN,2016,REG,1,2016-09-08,Thursday,20:30,CAR,20,DEN,21,Home,0,7,7,0,outdoors,grass,DEN00,Sports Authority Field at Mile High
2016_01_BUF_BAL,2016,REG,1,2016-09-11,Sunday,13:00,BUF,7,BAL,13,Home,0,7,7,0,outdoors,grass,BAL00,M&T Bank Stadium
2016_01_CHI_HOU,2016,REG,1,2016-09-11,Sunday,13:00,CHI,14,HOU,23,Home,0,7,7,0,closed,fieldturf,HOU00,NRG Stadium
2016_01_CIN_NYJ,2016,REG,1,2016-09-11,Sunday,13:00,CIN,23,NYJ,22,Home,0,7,7,0,outdoors,fieldturf,NYC01,MetLife Stadium
2016_01_CLE_PHI,2016,REG,1,2016-09-11,Sunday,13:00,CLE,10,PHI,29,Home,0,7,7,0,outdoors,grass,PHI00,Lincoln Financial Field
2016_01_DET_IND,2016,REG,1,2016-09-11,Sunday,16:25,DET,39,IND,35,Home,0,7,7,0,open,fieldturf,IND00,Lucas Oil Stadium
2016_01_GB_JAX,2016,REG,1,2016-09-11,Sunday,13:00,GB,27,JAX,23,Home,0,7,7,0,outdoors,grass,JAX00,EverBank Field
2016_01_MIA_SEA,2016,REG,1,2016-09-11,Sunday,16:05,MIA,10,SEA,12,Home,0,7,7,0,outdoors,fieldturf,SEA00,CenturyLink Field
2016_01_MIN_TEN,2016,REG,1,2016-09-11,Sunday,13:00,MIN,25,TEN,16,Home,0,7,7,0,outdoors,grass,NAS00,Nissan Stadium
2016_01_NE_ARI,2016,REG,1,2016-09-11,Sunday,20:30,NE,23,ARI,21,Home,0,7,7,0,closed,grass,PHO00,University of Phoenix Stadium
2016_01_NYG_DAL,2016,REG,1,2016-09-11,Sunday,16:25,NYG,20,DAL,19,Home,0,7,7,1,closed,matrixturf,DAL00,AT&T Stadium
2016_01_OAK_NO,2016,REG,1,2016-09-11,Sunday,13:00,OAK,35,NO,34,Home,0,7,7,0,dome,sportturf,NOR00,Mercedes-Benz Superdome
2016_01_SD_KC,2016,REG,1,2016-09-11,Sunday,13:00,SD,27,KC,33,Home,1,7,7,1,outdoors,grass,KAN00,Arrowhead Stadium
2016_01_TB_ATL,2016,REG,1,2016-09-11,Sunday,13:00,TB,31,ATL,24,Home,0,7,7,1,dome,fieldturf,ATL00,Georgia Dome
2016_01_LA_SF,2016,REG,1,2016-09-12,Monday,22:20,LA,0,SF,28,Home,0,7,7,1,outdoors,grass,SFO01,Levi's Stadium
2016_01_PIT_WAS,2016,REG,1,2016-09-12,Monday,19:10,PIT,38,WAS,16,Home,0,7,7,0,outdoors,grass,WAS00,FedExField
2016_02_NYJ_BUF,2016,REG,2,2016-09-15,Thursday,20:25,NYJ,37,BUF,31,Home,0,4,4,1,outdoors,a_turf,BUF00,New Era Field
2016_02_ATL_OAK,2016,REG,2,2016-09-18,Sunday,16:25,ATL,35,OAK,28,Home,0,7,7,0,outdoors,grass,OAK00,Oakland-Alameda County Coliseum
2016_02_BAL_CLE,2016,REG,2,2016-09-18,Sunday,13:00,BAL,25,CLE,20,Home,0,7,7,1,outdoors,grass,CLE00,FirstEnergy Stadium
2016_02_CIN_PIT,2016,REG,2,2016-09-18,Sunday,13:00,CIN,16,PIT,24,Home,0,7,6,1,outdoors,grass,PIT00,Heinz Field
2016_02_DAL_WAS,2016,REG,2,2016-09-18,Sunday,13:00,DAL,27,WAS,23,Home,0,7,6,1,outdoors,grass,WAS00,FedExField
2016_02_GB_MIN,2016,REG,2,2016-09-18,Sunday,20:30,GB,14,MIN,17,Home,0,7,7,1,dome,sportturf,MIN01,U.S. Bank Stadium
2016_02_IND_DEN,2016,REG,2,2016-09-18,Sunday,16:25,IND,20,DEN,34,Home,0,7,10,0,outdoors,grass,DEN00,Sports Authority Field at Mile High
2016_02_JAX_SD,2016,REG,2,2016-09-18,Sunday,16:25,JAX,14,SD,38,Home,0,7,7,0,outdoors,grass,SDG00,Qualcomm Stadium
2016_02_KC_HOU,2016,REG,2,2016-09-18,Sunday,13:00,KC,12,HOU,19,Home,0,7,7,0,closed,fieldturf,HOU00,NRG Stadium
2016_02_MIA_NE,2016,REG,2,2016-09-18,Sunday,13:00,MIA,24,NE,31,Home,0,7,7,1,outdoors,fieldturf,BOS00,Gillette Stadium
2016_02_NO_NYG,2016,REG,2,2016-09-18,Sunday,13:00,NO,13,NYG,16,Home,0,7,7,0,outdoors,fieldturf,NYC01,MetLife Stadium
2016_02_SEA_LA,2016,REG,2,2016-09-18,Sunday,16:05,SEA,3,LA,9,Home,0,7,6,1,outdoors,grass,LAX99,Los Angeles Memorial Coliseum
2016_02_SF_CAR,2016,REG,2,2016-09-18,Sunday,13:00,SF,27,CAR,46,Home,0,6,10,0,outdoors,grass,CAR00,Bank of America Stadium
2016_02_TB_ARI,2016,REG,2,2016-09-18,Sunday,13:00,TB,7,ARI,40,Home,0,7,7,0,closed,grass,PHO00,University of Phoenix Stadium
2016_02_TEN_DET,2016,REG,2,2016-09-18,Sunday,13:00,TEN,16,DET,15,Home,0,7,7,0,dome,fieldturf,DET00,Ford Field
2016_02_PHI_CHI,2016,REG,2,2016-09-19,Monday,20:30,PHI,29,CHI,14,Home,0,8,8,0,outdoors,grass,CHI98,Soldier Field
2016_03_HOU_NE,2016,REG,3,2016-09-22,Thursday,20:25,HOU,0,NE,27,Home,0,4,4,0,outdoors,fieldturf,BOS00,Gillette Stadium
2016_03_ARI_BUF,2016,REG,3,2016-09-25,Sunday,13:00,ARI,18,BUF,33,Home,0,7,10,0,outdoors,a_turf,BUF00,New Era Field
2016_03_BAL_JAX,2016,REG,3,2016-09-25,Sunday,13:00,BAL,19,JAX,17,Home,0,7,7,0,outdoors,grass,JAX00,EverBank Field
2016_03_CHI_DAL,2016,REG,3,2016-09-25,Sunday,20:30,CHI,17,DAL,31,Home,0,6,7,0,closed,matrixturf,DAL00,AT&T Stadium
2016_03_CLE_MIA,2016,REG,3,2016-09-25,Sunday,13:00,CLE,24,MIA,30,Home,1,7,7,0,outdoors,grass,MIA00,Hard Rock Stadium
2016_03_DEN_CIN,2016,REG,3,2016-09-25,Sunday,13:00,DEN,29,CIN,17,Home,0,7,7,0,outdoors,fieldturf,CIN00,Paul Brown Stadium
2016_03_DET_GB,2016,REG,3,2016-09-25,Sunday,13:00,DET,27,GB,34,Home,0,7,7,1,outdoors,grass,GNB00,Lambeau Field
2016_03_LA_TB,2016,REG,3,2016-09-25,Sunday,16:05,LA,37,TB,32,Home,0,7,7,0,outdoors,grass,TAM00,Raymond James Stadium
2016_03_MIN_CAR,2016,REG,3,2016-09-25,Sunday,13:00,MIN,22,CAR,10,Home,0,7,7,0,outdoors,grass,CAR00,Bank of America Stadium
2016_03_NYJ_KC,2016,REG,3,2016-09-25,Sunday,16:25,NYJ,3,KC,24,Home,0,10,7,0,outdoors,grass,KAN00,Arrowhead Stadium
2016_03_OAK_TEN,2016,REG,3,2016-09-25,Sunday,13:00,OAK,17,TEN,10,Home,0,7,7,0,outdoors,grass,NAS00,Nissan Stadium
2016_03_PIT_PHI,2016,REG,3,2016-09-25,Sunday,16:25,PIT,3,PHI,34,Home,0,7,6,0,outdoors,grass,PHI00,Lincoln Financial Field
2016_03_SD_IND,2016,REG,3,2016-09-25,Sunday,16:25,SD,22,IND,26,Home,0,7,7,0,closed,fieldturf,IND00,Lucas Oil Stadium
2016_03_SF_SEA,2016,REG,3,2016-09-25,Sunday,16:05,SF,18,SEA,37,Home,0,7,7,1,outdoors,fieldturf,SEA00,CenturyLink Field
2016_03_WAS_NYG,2016,REG,3,2016-09-25,Sunday,13:00,WAS,29,NYG,27,Home,0,7,7,1,outdoors,fieldturf,NYC01,MetLife Stadium
2016_03_ATL_NO,2016,REG,3,2016-09-26,Monday,20:30,ATL,45,NO,32,Home,0,8,8,1,dome,sportturf,NOR00,Mercedes-Benz Superdome
2016_04_MIA_CIN,2016,REG,4,2016-09-29,Thursday,20:25,MIA,7,CIN,22,Home,0,4,4,0,outdoors,fieldturf,CIN00,Paul Brown Stadium
2016_04_BUF_NE,2016,REG,4,2016-10-02,Sunday,13:00,BUF,16,NE,0,Home,0,7,10,1,outdoors,fieldturf,BOS00,Gillette Stadium
2016_04_CAR_ATL,2016,REG,4,2016-10-02,Sunday,13:00,CAR,33,ATL,48,Home,0,7,6,1,dome,fieldturf,ATL00,Georgia Dome
2016_04_CLE_WAS,2016,REG,4,2016-10-02,Sunday,13:00,CLE,20,WAS,31,Home,0,7,7,0,outdoors,grass,WAS00,FedExField
2016_04_DAL_SF,2016,REG,4,2016-10-02,Sunday,16:25,DAL,24,SF,17,Home,0,7,7,0,outdoors,grass,SFO01,Levi's Stadium
2016_04_DEN_TB,2016,REG,4,2016-10-02,Sunday,16:05,DEN,27,TB,7,Home,0,7,7,0,outdoors,grass,TAM00,Raymond James Stadium
2016_04_DET_CHI,2016,REG,4,2016-10-02,Sunday,13:00,DET,14,CHI,17,Home,0,7,7,1,outdoors,grass,CHI98,Soldier Field
2016_04_IND_JAX,2016,REG,4,2016-10-02,Sunday,09:30,IND,27,JAX,30,Neutral,0,7,7,1,outdoors,grass,LON00,Wembley Stadium
2016_04_KC_PIT,2016,REG,4,2016-10-02,Sunday,20:30,KC,14,PIT,43,Home,0,7,7,0,outdoors,grass,PIT00,Heinz Field
2016_04_LA_ARI,2016,REG,4,2016-10-02,Sunday,16:25,LA,17,ARI,13,Home,0,7,7,1,closed,grass,PHO00,University of Phoenix Stadium
2016_04_NO_SD,2016,REG,4,2016-10-02,Sunday,16:25,NO,35,SD,34,Home,0,6,7,0,outdoors,grass,SDG00,Qualcomm Stadium
2016_04_OAK_BAL,2016,REG,4,2016-10-02,Sunday,13:00,OAK,28,BAL,27,Home,0,7,7,0,outdoors,grass,BAL00,M&T Bank Stadium
2016_04_SEA_NYJ,2016,REG,4,2016-10-02,Sunday,13:00,SEA,27,NYJ,17,Home,0,7,7,0,outdoors,fieldturf,NYC01,MetLife Stadium
2016_04_TEN_HOU,2016,REG,4,2016-10-02,Sunday,13:00,TEN,20,HOU,27,Home,0,7,10,1,closed,fieldturf,HOU00,NRG Stadium
2016_04_NYG_MIN,2016,REG,4,2016-10-03,Monday,20:30,NYG,10,MIN,24,Home,0,8,8,0,dome,sportturf,MIN01,U.S. Bank Stadium
2016_05_ARI_SF,2016,REG,5,2016-10-06,Thursday,20:25,ARI,33,SF,21,Home,0,4,4,1,outdoors,grass,SFO01,Levi's Stadium
2016_05_ATL_DEN,2016,REG,5,2016-10-09,Sunday,16:05,ATL,23,DEN,16,Home,0,7,7,0,outdoors,grass,DEN00,Sports Authority Field at Mile High
2016_05_BUF_LA,2016,REG,5,2016-10-09,Sunday,16:25,BUF,30,LA,19,Home,0,7,7,0,outdoors,grass,LAX99,Los Angeles Memorial Coliseum
2016_05_CHI_IND,2016,REG,5,2016-10-09,Sunday,13:00,CHI,23,IND,29,Home,0,7,7,0,open,fieldturf,IND00,Lucas Oil Stadium
2016_05_CIN_DAL,2016,REG,5,2016-10-09,Sunday,16:25,CIN,14,DAL,28,Home,0,10,7,0,closed,matrixturf,DAL00,AT&T Stadium
2016_05_HOU_MIN,2016,REG,5,2016-10-09,Sunday,13:00,HOU,13,MIN,31,Home,0,7,6,0,dome,sportturf,MIN01,U.S. Bank Stadium
2016_05_NE_CLE,2016,REG,5,2016-10-09,Sunday,13:00,NE,33,CLE,13,Home,0,7,7,0,outdoors,grass,CLE00,FirstEnergy Stadium
2016_05_NYG_GB,2016,REG,5,2016-10-09,Sunday,20:30,NYG,16,GB,23,Home,0,6,14,0,outdoors,grass,GNB00,Lambeau Field
2016_05_NYJ_PIT,2016,REG,5,2016-10-09,Sunday,13:00,NYJ,13,PIT,31,Home,0,7,7,0,outdoors,grass,PIT00,Heinz Field
2016_05_PHI_DET,2016,REG,5,2016-10-09,Sunday,13:00,PHI,23,DET,24,Home,0,14,7,0,dome,fieldturf,DET00,Ford Field
2016_05_SD_OAK,2016,REG,5,2016-10-09,Sunday,16:25,SD,31,OAK,34,Home,0,7,7,1,outdoors,grass,OAK00,Oakland-Alameda County Coliseum
2016_05_TEN_MIA,2016,REG,5,2016-10-09,Sunday,13:00,TEN,30,MIA,17,Home,0,7,10,0,outdoors,grass,MIA00,Hard Rock Stadium
2016_05_WAS_BAL,2016,REG,5,2016-10-09,Sunday,13:00,WAS,16,BAL,10,Home,0,7,7,0,outdoors,grass,BAL00,M&T Bank Stadium
2016_05_TB_CAR,2016,REG,5,2016-10-10,Monday,20:30,TB,17,CAR,14,Home,0,8,8,1,outdoors,grass,CAR00,Bank of America Stadium
2016_06_DEN_SD,2016,REG,6,2016-10-13,Thursday,20:25,DEN,13,SD,21,Home,0,4,4,1,outdoors,grass,SDG00,Qualcomm Stadium
2016_06_ATL_SEA,2016,REG,6,2016-10-16,Sunday,16:25,ATL,24,SEA,26,Home,0,7,14,0,outdoors,fieldturf,SEA00,CenturyLink Field
2016_06_BAL_NYG,2016,REG,6,2016-10-16,Sunday,13:00,BAL,23,NYG,27,Home,0,7,7,0,outdoors,fieldturf,NYC01,MetLife Stadium
2016_06_CAR_NO,2016,REG,6,2016-10-16,Sunday,13:00,CAR,38,NO,41,Home,0,6,14,1,dome,sportturf,NOR00,Mercedes-Benz Superdome
2016_06_CIN_NE,2016,REG,6,2016-10-16,Sunday,13:00,CIN,17,NE,35,Home,0,7,7,0,outdoors,fieldturf,BOS00,Gillette Stadium
2016_06_CLE_TEN,2016,REG,6,2016-10-16,Sunday,13:00,CLE,26,TEN,28,Home,0,7,7,0,outdoors,grass,NAS00,Nissan Stadium
2016_06_DAL_GB,2016,REG,6,2016-10-16,Sunday,16:25,DAL,30,GB,16,Home,0,7,7,0,outdoors,grass,GNB00,Lambeau Field
2016_06_IND_HOU,2016,REG,6,2016-10-16,Sunday,20:30,IND,23,HOU,26,Home,1,7,7,1,closed,fieldturf,HOU00,NRG Stadium
2016_06_JAX_CHI,2016,REG,6,2016-10-16,Sunday,13:00,JAX,17,CHI,16,Home,0,14,7,0,outdoors,grass,CHI98,Soldier Field
2016_06_KC_OAK,2016,REG,6,2016-10-16,Sunday,16:05,KC,26,OAK,10,Home,0,14,7,1,outdoors,grass,OAK00,Oakland-Alameda County Coliseum
2016_06_LA_DET,2016,REG,6,2016-10-16,Sunday,13:00,LA,28,DET,31,Home,0,7,7,0,dome,fieldturf,DET00,Ford Field
2016_06_PHI_WAS,2016,REG,6,2016-10-16,Sunday,13:00,PHI,20,WAS,27,Home,0,7,7,1,outdoors,grass,WAS00,FedExField
2016_06_PIT_MIA,2016,REG,6,2016-10-16,Sunday,13:00,PIT,15,MIA,30,Home,0,7,7,0,outdoors,grass,MIA00,Hard Rock Stadium
2016_06_SF_BUF,2016,REG,6,2016-10-16,Sunday,13:00,SF,16,BUF,45,Home,0,10,7,0,outdoors,a_turf,BUF00,New Era Field
2016_06_NYJ_ARI,2016,REG,6,2016-10-17,Monday,20:30,NYJ,3,ARI,28,Home,0,8,11,0,closed,grass,PHO00,University of Phoenix Stadium
2016_07_CHI_GB,2016,REG,7,2016-10-20,Thursday,20:25,CHI,10,GB,26,Home,0,4,4,1,outdoors,grass,GNB00,Lambeau Field
2016_07_BAL_NYJ,2016,REG,7,2016-10-23,Sunday,13:00,BAL,16,NYJ,24,Home,0,7,6,0,outdoors,fieldturf,NYC01,MetLife Stadium
2016_07_BUF_MIA,2016,REG,7,2016-10-23,Sunday,13:00,BUF,25,MIA,28,Home,0,7,7,1,outdoors,grass,MIA00,Hard Rock Stadium
2016_07_CLE_CIN,2016,REG,7,2016-10-23,Sunday,13:00,CLE,17,CIN,31,Home,0,7,7,1,outdoors,fieldturf,CIN00,Paul Brown Stadium
2016_07_IND_TEN,2016,REG,7,2016-10-23,Sunday,13:00,IND,34,TEN,26,Home,0,7,7,1,outdoors,grass,NAS00,Nissan Stadium
2016_07_MIN_PHI,2016,REG,7,2016-10-23,Sunday,13:00,MIN,10,PHI,21,Home,0,14,7,0,outdoors,grass,PHI00,Lincoln Financial Field
2016_07_NE_PIT,2016,REG,7,2016-10-23,Sunday,16:25,NE,27,PIT,16,Home,0,7,7,0,outdoors,grass,PIT00,Heinz Field
2016_07_NO_KC,2016,REG,7,2016-10-23,Sunday,13:00,NO,21,KC,27,Home,0,7,7,0,outdoors,grass,KAN00,Arrowhead Stadium
2016_07_NYG_LA,2016,REG,7,2016-10-23,Sunday,09:30,NYG,17,LA,10,Neutral,0,7,7,0,outdoors,grass,LON01,Twickenham Stadium
2016_07_OAK_JAX,2016,REG,7,2016-10-23,Sunday,13:00,OAK,33,JAX,16,Home,0,7,7,0,outdoors,grass,JAX00,EverBank Field
2016_07_SD_ATL,2016,REG,7,2016-10-23,Sunday,16:05,SD,33,ATL,30,Home,1,10,7,0,dome,fieldturf,ATL00,Georgia Dome
2016_07_SEA_ARI,2016,REG,7,2016-10-23,Sunday,20:30,SEA,6,ARI,6,Home,1,7,6,1,closed,grass,PHO00,University of Phoenix Stadium
2016_07_TB_SF,2016,REG,7,2016-10-23,Sunday,16:05,TB,34,SF,17,Home,0,13,7,0,outdoors,grass,SFO01,Levi's Stadium
2016_07_WAS_DET,2016,REG,7,2016-10-23,Sunday,13:00,WAS,17,DET,20,Home,0,7,7,0,dome,fieldturf,DET00,Ford Field
2016_07_HOU_DEN,2016,REG,7,2016-10-24,Monday,20:30,HOU,9,DEN,27,Home,0,8,11,0,outdoors,grass,DEN00,Sports Authority Field at Mile High
2016_08_JAX_TEN,2016,REG,8,2016-10-27,Thursday,20:25,JAX,22,TEN,36,Home,0,4,4,1,outdoors,grass,NAS00,Nissan Stadium
2016_08_ARI_CAR,2016,REG,8,2016-10-30,Sunday,13:00,ARI,20,CAR,30,Home,0,7,14,0,outdoors,grass,CAR00,Bank of America Stadium
2016_08_DET_HOU,2016,REG,8,2016-10-30,Sunday,13:00,DET,13,HOU,20,Home,0,7,6,0,closed,fieldturf,HOU00,NRG Stadium
2016_08_GB_ATL,2016,REG,8,2016-10-30,Sunday,16:25,GB,32,ATL,33,Home,0,10,7,0,dome,fieldturf,ATL00,Georgia Dome
2016_08_KC_IND,2016,REG,8,2016-10-30,Sunday,13:00,KC,30,IND,14,Home,0,7,7,0,closed,fieldturf,IND00,Lucas Oil Stadium
2016_08_NE_BUF,2016,REG,8,2016-10-30,Sunday,13:00,NE,41,BUF,25,Home,0,7,7,1,outdoors,a_turf,BUF00,New Era Field
2016_08_NYJ_CLE,2016,REG,8,2016-10-30,Sunday,13:00,NYJ,31,CLE,28,Home,0,7,7,0,outdoors,grass,CLE00,FirstEnergy Stadium
2016_08_OAK_TB,2016,REG,8,2016-10-30,Sunday,13:00,OAK,30,TB,24,Home,1,7,7,0,outdoors,grass,TAM00,Raymond James Stadium
2016_08_PHI_DAL,2016,REG,8,2016-10-30,Sunday,20:30,PHI,23,DAL,29,Home,1,7,14,1,closed,matrixturf,DAL00,AT&T Stadium
2016_08_SD_DEN,2016,REG,8,2016-10-30,Sunday,16:05,SD,19,DEN,27,Home,0,7,6,1,outdoors,grass,DEN00,Sports Authority Field at Mile High
2016_08_SEA_NO,2016,REG,8,2016-10-30,Sunday,13:00,SEA,20,NO,25,Home,0,7,7,0,dome,sportturf,NOR00,Mercedes-Benz Superdome
2016_08_WAS_CIN,2016,REG,8,2016-10-30,Sunday,09:30,WAS,27,CIN,27,Neutral,1,7,7,0,outdoors,grass,LON00,Wembley Stadium
2016_08_MIN_CHI,2016,REG,8,2016-10-31,Monday,20:30,MIN,10,CHI,20,Home,0,8,11,1,outdoors,grass,CHI98,Soldier Field
2016_09_ATL_TB,2016,REG,9,2016-11-03,Thursday,20:25,ATL,43,TB,28,Home,0,4,4,1,outdoors,grass,TAM00,Raymond James Stadium
2016_09_CAR_LA,2016,REG,9,2016-11-06,Sunday,16:05,CAR,13,LA,10,Home,0,7,14,0,outdoors,grass,LAX99,Los Angeles Memorial Coliseum
2016_09_DAL_CLE,2016,REG,9,2016-11-06,Sunday,13:00,DAL,35,CLE,10,Home,0,7,7,0,outdoors,grass,CLE00,FirstEnergy Stadium
2016_09_DEN_OAK,2016,REG,9,2016-11-06,Sunday,20:30,DEN,20,OAK,30,Home,0,7,7,1,outdoors,grass,OAK00,Oakland-Alameda County Coliseum
2016_09_DET_MIN,2016,REG,9,2016-11-06,Sunday,13:00,DET,22,MIN,16,Home,1,7,6,1,dome,sportturf,MIN01,U.S. Bank Stadium
2016_09_IND_GB,2016,REG,9,2016-11-06,Sunday,16:25,IND,31,GB,26,Home,0,7,7,0,outdoors,grass,GNB00,Lambeau Field
2016_09_JAX_KC,2016,REG,9,2016-11-06,Sunday,13:00,JAX,14,KC,19,Home,0,10,7,0,outdoors,grass,KAN00,Arrowhead Stadium
2016_09_NO_SF,2016,REG,9,2016-11-06,Sunday,16:05,NO,41,SF,23,Home,0,7,14,0,outdoors,grass,SFO01,Levi's Stadium
2016_09_NYJ_MIA,2016,REG,9,2016-11-06,Sunday,13:00,NYJ,23,MIA,27,Home,0,7,14,1,outdoors,grass,MIA00,Hard Rock Stadium
2016_09_PHI_NYG,2016,REG,9,2016-11-06,Sunday,13:00,PHI,23,NYG,28,Home,0,7,14,1,outdoors,fieldturf,NYC01,MetLife Stadium
2016_09_PIT_BAL,2016,REG,9,2016-11-06,Sunday,13:00,PIT,14,BAL,21,Home,0,14,14,1,outdoors,grass,BAL00,M&T Bank Stadium
2016_09_TEN_SD,2016,REG,9,2016-11-06,Sunday,16:25,TEN,35,SD,43,Home,0,10,7,0,outdoors,grass,SDG00,Qualcomm Stadium
2016_09_BUF_SEA,2016,REG,9,2016-11-07,Monday,20:30,BUF,25,SEA,31,Home,0,8,8,0,outdoors,fieldturf,SEA00,CenturyLink Field
2016_10_CLE_BAL,2016,REG,10,2016-11-10,Thursday,20:25,CLE,7,BAL,28,Home,0,4,4,1,outdoors,grass,BAL00,M&T Bank Stadium
2016_10_ATL_PHI,2016,REG,10,2016-11-13,Sunday,13:00,ATL,15,PHI,24,Home,0,10,7,0,outdoors,grass,PHI00,Lincoln Financial Field
2016_10_CHI_TB,2016,REG,10,2016-11-13,Sunday,13:00,CHI,10,TB,36,Home,0,13,10,0,outdoors,grass,TAM00,Raymond James Stadium
2016_10_DAL_PIT,2016,REG,10,2016-11-13,Sunday,16:25,DAL,35,PIT,30,Home,0,7,7,0,outdoors,grass,PIT00,Heinz Field
2016_10_DEN_NO,2016,REG,10,2016-11-13,Sunday,13:00,DEN,25,NO,23,Home,0,7,7,0,dome,sportturf,NOR00,Mercedes-Benz Superdome
2016_10_GB_TEN,2016,REG,10,2016-11-13,Sunday,13:00,GB,25,TEN,47,Home,0,7,7,0,outdoors,grass,NAS00,Nissan Stadium
2016_10_HOU_JAX,2016,REG,10,2016-11-13,Sunday,13:00,HOU,24,JAX,21,Home,0,14,7,1,outdoors,grass,JAX00,EverBank Field
2016_10_KC_CAR,2016,REG,10,2016-11-13,Sunday,13:00,KC,20,CAR,17,Home,0,7,7,0,outdoors,grass,CAR00,Bank of America Stadium
2016_10_LA_NYJ,2016,REG,10,2016-11-13,Sunday,13:00,LA,9,NYJ,6,Home,0,7,7,0,outdoors,fieldturf,NYC01,MetLife Stadium
2016_10_MIA_SD,2016,REG,10,2016-11-13,Sunday,16:05,MIA,31,SD,24,Home,0,7,7,0,outdoors,grass,SDG00,Qualcomm Stadium
2016_10_MIN_WAS,2016,REG,10,2016-11-13,Sunday,13:00,MIN,20,WAS,26,Home,0,7,14,0,outdoors,grass,WAS00,FedExField
2016_10_SEA_NE,2016,REG,10,2016-11-13,Sunday,20:30,SEA,31,NE,24,Home,0,6,14,0,outdoors,fieldturf,BOS00,Gillette Stadium
2016_10_SF_ARI,2016,REG,10,2016-11-13,Sunday,16:25,SF,20,ARI,23,Home,0,7,14,1,closed,grass,PHO00,University of Phoenix Stadium
2016_10_CIN_NYG,2016,REG,10,2016-11-14,Monday,20:30,CIN,20,NYG,21,Home,0,15,8,0,outdoors,fieldturf,NYC01,MetLife Stadium
2016_11_NO_CAR,2016,REG,11,2016-11-17,Thursday,20:25,NO,20,CAR,23,Home,0,4,4,1,outdoors,grass,CAR00,Bank of America Stadium
2016_11_ARI_MIN,2016,REG,11,2016-11-20,Sunday,13:00,ARI,24,MIN,30,Home,0,7,7,0,dome,sportturf,MIN01,U.S. Bank Stadium
2016_11_BAL_DAL,2016,REG,11,2016-11-20,Sunday,13:00,BAL,17,DAL,27,Home,0,10,7,0,closed,matrixturf,DAL00,AT&T Stadium
2016_11_BUF_CIN,2016,REG,11,2016-11-20,Sunday,13:00,BUF,16,CIN,12,Home,0,13,6,0,outdoors,fieldturf,CIN00,Paul Brown Stadium
2016_11_CHI_NYG,2016,REG,11,2016-11-20,Sunday,13:00,CHI,16,NYG,22,Home,0,7,6,0,outdoors,fieldturf,NYC01,MetLife Stadium
2016_11_GB_WAS,2016,REG,11,2016-11-20,Sunday,20:30,GB,24,WAS,42,Home,0,7,7,0,outdoors,grass,WAS00,FedExField
2016_11_JAX_DET,2016,REG,11,2016-11-20,Sunday,13:00,JAX,19,DET,26,Home,0,7,14,0,dome,fieldturf,DET00,Ford Field
2016_11_MIA_LA,2016,REG,11,2016-11-20,Sunday,16:05,MIA,14,LA,10,Home,0,7,7,0,outdoors,grass,LAX99,Los Angeles Memorial Coliseum
2016_11_NE_SF,2016,REG,11,2016-11-20,Sunday,16:25,NE,30,SF,17,Home,0,7,7,0,outdoors,grass,SFO01,Levi's Stadium
2016_11_PHI_SEA,2016,REG,11,2016-11-20,Sunday,16:25,PHI,15,SEA,26,Home,0,7,7,0,outdoors,fieldturf,SEA00,CenturyLink Field
2016_11_PIT_CLE,2016,REG,11,2016-11-20,Sunday,13:00,PIT,24,CLE,9,Home,0,7,10,1,outdoors,grass,CLE00,FirstEnergy Stadium
2016_11_TB_KC,2016,REG,11,2016-11-20,Sunday,13:00,TB,19,KC,17,Home,0,7,7,0,outdoors,grass,KAN00,Arrowhead Stadium
2016_11_TEN_IND,2016,REG,11,2016-11-20,Sunday,13:00,TEN,17,IND,24,Home,0,7,14,1,closed,fieldturf,IND00,Lucas Oil Stadium
2016_11_HOU_OAK,2016,REG,11,2016-11-21,Monday,20:30,HOU,20,OAK,27,Neutral,0,8,15,0,outdoors,grass,MEX00,Azteca Stadium
2016_12_MIN_DET,2016,REG,12,2016-11-24,Thursday,12:30,MIN,13,DET,16,Home,0,4,4,1,dome,fieldturf,DET00,Ford Field
2016_12_PIT_IND,2016,REG,12,2016-11-24,Thursday,20:30,PIT,28,IND,7,Home,0,4,4,0,closed,fieldturf,IND00,Lucas Oil Stadium
2016_12_WAS_DAL,2016,REG,12,2016-11-24,Thursday,16:30,WAS,26,DAL,31,Home,0,4,4,1,closed,matrixturf,DAL00,AT&T Stadium
2016_12_ARI_ATL,2016,REG,12,2016-11-27,Sunday,13:00,ARI,19,ATL,38,Home,0,7,14,0,dome,fieldturf,ATL00,Georgia Dome
2016_12_CAR_OAK,2016,REG,12,2016-11-27,Sunday,16:25,CAR,32,OAK,35,Home,0,10,6,0,outdoors,grass,OAK00,Oakland-Alameda County Coliseum
2016_12_CIN_BAL,2016,REG,12,2016-11-27,Sunday,13:00,CIN,14,BAL,19,Home,0,7,7,1,outdoors,grass,BAL00,M&T Bank Stadium
2016_12_JAX_BUF,2016,REG,12,2016-11-27,Sunday,13:00,JAX,21,BUF,28,Home,0,7,7,0,outdoors,a_turf,BUF00,New Era Field
2016_12_KC_DEN,2016,REG,12,2016-11-27,Sunday,20:30,KC,30,DEN,27,Home,1,7,14,1,outdoors,grass,DEN00,Sports Authority Field at Mile High
2016_12_LA_NO,2016,REG,12,2016-11-27,Sunday,13:00,LA,21,NO,49,Home,0,7,10,0,dome,sportturf,NOR00,Mercedes-Benz Superdome
2016_12_NE_NYJ,2016,REG,12,2016-11-27,Sunday,16:25,NE,22,NYJ,17,Home,0,7,14,1,outdoors,fieldturf,NYC01,MetLife Stadium
2016_12_NYG_CLE,2016,REG,12,2016-11-27,Sunday,13:00,NYG,27,CLE,13,Home,0,7,7,0,outdoors,grass,CLE00,FirstEnergy Stadium
2016_12_SD_HOU,2016,REG,12,2016-11-27,Sunday,13:00,SD,21,HOU,13,Home,0,14,6,0,closed,fieldturf,HOU00,NRG Stadium
2016_12_SEA_TB,2016,REG,12,2016-11-27,Sunday,16:05,SEA,5,TB,14,Home,0,7,7,0,outdoors,grass,TAM00,Raymond James Stadium
2016_12_SF_MIA,2016,REG,12,2016-11-27,Sunday,13:00,SF,24,MIA,31,Home,0,7,7,0,outdoors,grass,MIA00,Hard Rock Stadium
2016_12_TEN_CHI,2016,REG,12,2016-11-27,Sunday,13:00,TEN,27,CHI,21,Home,0,7,7,0,outdoors,grass,CHI98,Soldier Field
2016_12_GB_PHI,2016,REG,12,2016-11-28,Monday,20:30,GB,27,PHI,13,Home,0,8,8,0,outdoors,grass,PHI00,Lincoln Financial Field
2016_13_DAL_MIN,2016,REG,13,2016-12-01,Thursday,20:25,DAL,17,MIN,15,Home,0,7,7,0,dome,sportturf,MIN01,U.S. Bank Stadium
2016_13_BUF_OAK,2016,REG,13,2016-12-04,Sunday,16:05,BUF,24,OAK,38,Home,0,7,7,0,outdoors,grass,OAK00,Oakland-Alameda County Coliseum
2016_13_CAR_SEA,2016,REG,13,2016-12-04,Sunday,20:30,CAR,7,SEA,40,Home,0,7,7,0,outdoors,fieldturf,SEA00,CenturyLink Field
2016_13_DEN_JAX,2016,REG,13,2016-12-04,Sunday,13:00,DEN,20,JAX,10,Home,0,7,7,0,outdoors,grass,JAX00,EverBank Field
2016_13_DET_NO,2016,REG,13,2016-12-04,Sunday,13:00,DET,28,NO,13,Home,0,10,7,0,dome,sportturf,NOR00,Mercedes-Benz Superdome
2016_13_HOU_GB,2016,REG,13,2016-12-04,Sunday,13:00,HOU,13,GB,21,Home,0,7,6,0,outdoors,grass,GNB00,Lambeau Field
2016_13_KC_ATL,2016,REG,13,2016-12-04,Sunday,13:00,KC,29,ATL,28,Home,0,7,7,0,dome,fieldturf,ATL00,Georgia Dome
2016_13_LA_NE,2016,REG,13,2016-12-04,Sunday,13:00,LA,10,NE,26,Home,0,7,7,0,outdoors,fieldturf,BOS00,Gillette Stadium
2016_13_MIA_BAL,2016,REG,13,2016-12-04,Sunday,13:00,MIA,6,BAL,38,Home,0,7,7,0,outdoors,grass,BAL00,M&T Bank Stadium
2016_13_NYG_PIT,2016,REG,13,2016-12-04,Sunday,16:25,NYG,14,PIT,24,Home,0,7,10,0,outdoors,grass,PIT00,Heinz Field
2016_13_PHI_CIN,2016,REG,13,2016-12-04,Sunday,13:00,PHI,14,CIN,32,Home,0,6,7,0,outdoors,fieldturf,CIN00,Paul Brown Stadium
2016_13_SF_CHI,2016,REG,13,2016-12-04,Sunday,13:00,SF,6,CHI,26,Home,0,7,7,0,outdoors,grass,CHI98,Soldier Field
2016_13_TB_SD,2016,REG,13,2016-12-04,Sunday,16:25,TB,28,SD,21,Home,0,7,7,0,outdoors,grass,SDG00,Qualcomm Stadium
2016_13_WAS_ARI,2016,REG,13,2016-12-04,Sunday,16:25,WAS,23,ARI,31,Home,0,10,7,0,closed,grass,PHO00,University of Phoenix Stadium
2016_13_IND_NYJ,2016,REG,13,2016-12-05,Monday,20:30,IND,41,NYJ,10,Home,0,11,8,0,outdoors,fieldturf,NYC01,MetLife Stadium
2016_14_OAK_KC,2016,REG,14,2016-12-08,Thursday,20:25,OAK,13,KC,21,Home,0,4,4,1,outdoors,grass,KAN00,Arrowhead Stadium
2016_14_ARI_MIA,2016,REG,14,2016-12-11,Sunday,13:00,ARI,23,MIA,26,Home,0,7,7,0,outdoors,grass,MIA00,Hard Rock Stadium
2016_14_ATL_LA,2016,REG,14,2016-12-11,Sunday,16:25,ATL,42,LA,14,Home,0,7,7,0,outdoors,grass,LAX99,Los Angeles Memorial Coliseum
2016_14_CHI_DET,2016,REG,14,2016-12-11,Sunday,13:00,CHI,17,DET,20,Home,0,7,7,1,dome,fieldturf,DET00,Ford Field
2016_14_CIN_CLE,2016,REG,14,2016-12-11,Sunday,13:00,CIN,23,CLE,10,Home,0,7,14,1,outdoors,grass,CLE00,FirstEnergy Stadium
2016_14_DAL_NYG,2016,REG,14,2016-12-11,Sunday,20:30,DAL,7,NYG,10,Home,0,10,7,1,outdoors,fieldturf,NYC01,MetLife Stadium
2016_14_DEN_TEN,2016,REG,14,2016-12-11,Sunday,13:00,DEN,10,TEN,13,Home,0,7,14,0,outdoors,grass,NAS00,Nissan Stadium
2016_14_HOU_IND,2016,REG,14,2016-12-11,Sunday,13:00,HOU,22,IND,17,Home,0,7,6,1,closed,fieldturf,IND00,Lucas Oil Stadium
2016_14_MIN_JAX,2016,REG,14,2016-12-11,Sunday,13:00,MIN,25,JAX,16,Home,0,10,7,0,outdoors,grass,JAX00,EverBank Field
2016_14_NO_TB,2016,REG,14,2016-12-11,Sunday,16:25,NO,11,TB,16,Home,0,7,7,1,outdoors,grass,TAM00,Raymond James Stadium
2016_14_NYJ_SF,2016,REG,14,2016-12-11,Sunday,16:05,NYJ,23,SF,17,Home,1,6,7,0,outdoors,grass,SFO01,Levi's Stadium
2016_14_PIT_BUF,2016,REG,14,2016-12-11,Sunday,13:00,PIT,27,BUF,20,Home,0,7,7,0,outdoors,a_turf,BUF00,New Era Field
2016_14_SD_CAR,2016,REG,14,2016-12-11,Sunday,13:00,SD,16,CAR,28,Home,0,7,7,0,outdoors,grass,CAR00,Bank of America Stadium
2016_14_SEA_GB,2016,REG,14,2016-12-11,Sunday,16:25,SEA,10,GB,38,Home,0,7,7,0,outdoors,grass,GNB00,Lambeau Field
2016_14_WAS_PHI,2016,REG,14,2016-12-11,Sunday,13:00,WAS,27,PHI,22,Home,0,7,7,1,outdoors,grass,PHI00,Lincoln Financial Field
2016_14_BAL_NE,2016,REG,14,2016-12-12,Monday,20:30,BAL,23,NE,30,Home,0,8,8,0,outdoors,fieldturf,BOS00,Gillette Stadium
2016_15_LA_SEA,2016,REG,15,2016-12-15,Thursday,20:25,LA,3,SEA,24,Home,0,4,4,1,outdoors,fieldturf,SEA00,CenturyLink Field
2016_15_MIA_NYJ,2016,REG,15,2016-12-17,Saturday,20:25,MIA,34,NYJ,13,Home,0,6,6,1,outdoors,fieldturf,NYC01,MetLife Stadium
2016_15_CLE_BUF,2016,REG,15,2016-12-18,Sunday,13:00,CLE,13,BUF,33,Home,0,7,7,0,outdoors,a_turf,BUF00,New Era Field
2016_15_DET_NYG,2016,REG,15,2016-12-18,Sunday,13:00,DET,6,NYG,17,Home,0,7,7,0,outdoors,fieldturf,NYC01,MetLife Stadium
2016_15_GB_CHI,2016,REG,15,2016-12-18,Sunday,13:00,GB,30,CHI,27,Home,0,7,7,1,outdoors,grass,CHI98,Soldier Field
2016_15_IND_MIN,2016,REG,15,2016-12-18,Sunday,13:00,IND,34,MIN,6,Home,0,7,7,0,dome,sportturf,MIN01,U.S. Bank Stadium
2016_15_JAX_HOU,2016,REG,15,2016-12-18,Sunday,13:00,JAX,20,HOU,21,Home,0,7,7,1,closed,fieldturf,HOU00,NRG Stadium
2016_15_NE_DEN,2016,REG,15,2016-12-18,Sunday,16:25,NE,16,DEN,3,Home,0,6,7,0,outdoors,grass,DEN00,Sports Authority Field at Mile High
2016_15_NO_ARI,2016,REG,15,2016-12-18,Sunday,16:05,NO,48,ARI,41,Home,0,7,7,0,closed,grass,PHO00,University of Phoenix Stadium
2016_15_OAK_SD,2016,REG,15,2016-12-18,Sunday,16:25,OAK,19,SD,16,Home,0,10,7,1,outdoors,grass,SDG00,Qualcomm Stadium
2016_15_PHI_BAL,2016,REG,15,2016-12-18,Sunday,13:00,PHI,26,BAL,27,Home,0,7,6,0,outdoors,grass,BAL00,M&T Bank Stadium
2016_15_PIT_CIN,2016,REG,15,2016-12-18,Sunday,13:00,PIT,24,CIN,20,Home,0,7,7,1,outdoors,fieldturf,CIN00,Paul Brown Stadium
2016_15_SF_ATL,2016,REG,15,2016-12-18,Sunday,16:05,SF,13,ATL,41,Home,0,7,7,0,dome,fieldturf,ATL00,Georgia Dome
2016_15_TB_DAL,2016,REG,15,2016-12-18,Sunday,20:30,TB,20,DAL,26,Home,0,7,7,0,closed,matrixturf,DAL00,AT&T Stadium
2016_15_TEN_KC,2016,REG,15,2016-12-18,Sunday,13:00,TEN,19,KC,17,Home,0,7,10,0,outdoors,grass,KAN00,Arrowhead Stadium
2016_15_CAR_WAS,2016,REG,15,2016-12-19,Monday,20:30,CAR,26,WAS,15,Home,0,8,8,0,outdoors,grass,WAS00,FedExField
2016_16_NYG_PHI,2016,REG,16,2016-12-22,Thursday,20:25,NYG,19,PHI,24,Home,0,4,4,1,outdoors,grass,PHI00,Lincoln Financial Field
2016_16_ARI_SEA,2016,REG,16,2016-12-24,Saturday,16:25,ARI,34,SEA,31,Home,0,6,9,1,outdoors,fieldturf,SEA00,CenturyLink Field
2016_16_ATL_CAR,2016,REG,16,2016-12-24,Saturday,13:00,ATL,33,CAR,16,Home,0,6,5,1,outdoors,grass,CAR00,Bank of America Stadium
2016_16_CIN_HOU,2016,REG,16,2016-12-24,Saturday,20:25,CIN,10,HOU,12,Home,0,6,6,0,closed,fieldturf,HOU00,NRG Stadium
2016_16_IND_OAK,2016,REG,16,2016-12-24,Saturday,16:05,IND,25,OAK,33,Home,0,6,6,0,outdoors,grass,OAK00,Oakland-Alameda County Coliseum
2016_16_MIA_BUF,2016,REG,16,2016-12-24,Saturday,13:00,MIA,34,BUF,31,Home,1,7,6,1,outdoors,a_turf,BUF00,New Era Field
2016_16_MIN_GB,2016,REG,16,2016-12-24,Saturday,13:00,MIN,25,GB,38,Home,0,6,6,1,outdoors,grass,GNB00,Lambeau Field
2016_16_NYJ_NE,2016,REG,16,2016-12-24,Saturday,13:00,NYJ,3,NE,41,Home,0,7,6,1,outdoors,fieldturf,BOS00,Gillette Stadium
2016_16_SD_CLE,2016,REG,16,2016-12-24,Saturday,13:00,SD,17,CLE,20,Home,0,6,6,0,outdoors,grass,CLE00,FirstEnergy Stadium
2016_16_SF_LA,2016,REG,16,2016-12-24,Saturday,16:25,SF,22,LA,21,Home,0,6,9,1,outdoors,grass,LAX99,Los Angeles Memorial Coliseum
2016_16_TB_NO,2016,REG,16,2016-12-24,Saturday,16:25,TB,24,NO,31,Home,0,6,6,1,dome,sportturf,NOR00,Mercedes-Benz Superdome
2016_16_TEN_JAX,2016,REG,16,2016-12-24,Saturday,13:00,TEN,17,JAX,38,Home,0,6,6,1,outdoors,grass,JAX00,EverBank Field
2016_16_WAS_CHI,2016,REG,16,2016-12-24,Saturday,13:00,WAS,41,CHI,21,Home,0,5,6,0,outdoors,grass,CHI98,Soldier Field
2016_16_BAL_PIT,2016,REG,16,2016-12-25,Sunday,16:30,BAL,27,PIT,31,Home,0,7,7,1,outdoors,grass,PIT00,Heinz Field
2016_16_DEN_KC,2016,REG,16,2016-12-25,Sunday,20:30,DEN,10,KC,33,Home,0,7,7,1,outdoors,grass,KAN00,Arrowhead Stadium
2016_16_DET_DAL,2016,REG,16,2016-12-26,Monday,20:30,DET,21,DAL,42,Home,0,8,8,0,closed,matrixturf,DAL00,AT&T Stadium
2016_17_ARI_LA,2016,REG,17,2017-01-01,Sunday,16:25,ARI,44,LA,6,Home,0,8,8,1,outdoors,grass,LAX99,Los Angeles Memorial Coliseum
2016_17_BAL_CIN,2016,REG,17,2017-01-01,Sunday,13:00,BAL,10,CIN,27,Home,0,7,8,1,outdoors,fieldturf,CIN00,Paul Brown Stadium
2016_17_BUF_NYJ,2016,REG,17,2017-01-01,Sunday,13:00,BUF,10,NYJ,30,Home,0,8,8,1,outdoors,fieldturf,NYC01,MetLife Stadium
2016_17_CAR_TB,2016,REG,17,2017-01-01,Sunday,13:00,CAR,16,TB,17,Home,0,8,8,1,outdoors,grass,TAM00,Raymond James Stadium
2016_17_CHI_MIN,2016,REG,17,2017-01-01,Sunday,13:00,CHI,10,MIN,38,Home,0,8,8,1,dome,sportturf,MIN01,U.S. Bank Stadium
2016_17_CLE_PIT,2016,REG,17,2017-01-01,Sunday,13:00,CLE,24,PIT,27,Home,1,8,7,1,outdoors,grass,PIT00,Heinz Field
2016_17_DAL_PHI,2016,REG,17,2017-01-01,Sunday,13:00,DAL,13,PHI,27,Home,0,6,10,1,outdoors,grass,PHI00,Lincoln Financial Field
2016_17_GB_DET,2016,REG,17,2017-01-01,Sunday,20:30,GB,31,DET,24,Home,0,8,6,1,dome,fieldturf,DET00,Ford Field
2016_17_HOU_TEN,2016,REG,17,2017-01-01,Sunday,13:00,HOU,17,TEN,24,Home,0,8,8,1,outdoors,grass,NAS00,Nissan Stadium
2016_17_JAX_IND,2016,REG,17,2017-01-01,Sunday,13:00,JAX,20,IND,24,Home,0,8,8,1,closed,fieldturf,IND00,Lucas Oil Stadium
2016_17_KC_SD,2016,REG,17,2017-01-01,Sunday,16:25,KC,37,SD,27,Home,0,7,8,1,outdoors,grass,SDG00,Qualcomm Stadium
2016_17_NE_MIA,2016,REG,17,2017-01-01,Sunday,13:00,NE,35,MIA,14,Home,0,8,8,1,outdoors,grass,MIA00,Hard Rock Stadium
2016_17_NO_ATL,2016,REG,17,2017-01-01,Sunday,16:25,NO,32,ATL,38,Home,0,8,8,1,dome,fieldturf,ATL00,Georgia Dome
2016_17_NYG_WAS,2016,REG,17,2017-01-01,Sunday,16:25,NYG,19,WAS,10,Home,0,10,8,1,outdoors,grass,WAS00,FedExField
2016_17_OAK_DEN,2016,REG,17,2017-01-01,Sunday,16:25,OAK,6,DEN,24,Home,0,8,7,1,outdoors,grass,DEN00,Sports Authority Field at Mile High
2016_17_SEA_SF,2016,REG,17,2017-01-01,Sunday,16:25,SEA,25,SF,23,Home,0,8,8,1,outdoors,grass,SFO01,Levi's Stadium
2016_21_NE_ATL,2016,SB,21,2017-02-05,Sunday,18:30,NE,34,ATL,28,Neutral,1,14,14,0,closed,fieldturf,HOU00,NRG Stadium
2017_01_KC_NE,2017,REG,1,2017-09-07,Thursday,20:30,KC,42,NE,27,Home,0,7,7,0,outdoors,fieldturf,BOS00,Gillette Stadium
2017_01_ARI_DET,2017,REG,1,2017-09-10,Sunday,13:00,ARI,23,DET,35,Home,0,7,7,0,dome,fieldturf,DET00,Ford Field
2017_01_ATL_CHI,2017,REG,1,2017-09-10,Sunday,13:00,ATL,23,CHI,17,Home,0,7,7,0,outdoors,grass,CHI98,Soldier Field
2017_01_BAL_CIN,2017,REG,1,2017-09-10,Sunday,13:00,BAL,20,CIN,0,Home,0,7,7,1,outdoors,fieldturf,CIN00,Paul Brown Stadium
2017_01_CAR_SF,2017,REG,1,2017-09-10,Sunday,16:25,CAR,23,SF,3,Home,0,7,7,0,outdoors,grass,SFO01,Levi's Stadium
2017_01_IND_LA,2017,REG,1,2017-09-10,Sunday,16:05,IND,9,LA,46,Home,0,7,7,0,outdoors,grass,LAX99,Los Angeles Memorial Coliseum
2017_01_JAX_HOU,2017,REG,1,2017-09-10,Sunday,13:00,JAX,29,HOU,7,Home,0,7,7,1,open,astroturf,HOU00,NRG Stadium
2017_01_NYG_DAL,2017,REG,1,2017-09-10,Sunday,20:30,NYG,3,DAL,19,Home,0,7,7,1,closed,matrixturf,DAL00,AT&T Stadium
2017_01_NYJ_BUF,2017,REG,1,2017-09-10,Sunday,13:00,NYJ,12,BUF,21,Home,0,7,7,1,outdoors,a_turf,BUF00,New Era Field
2017_01_OAK_TEN,2017,REG,1,2017-09-10,Sunday,13:00,OAK,26,TEN,16,Home,0,7,7,0,outdoors,grass,NAS00,Nissan Stadium
2017_01_PHI_WAS,2017,REG,1,2017-09-10,Sunday,13:00,PHI,30,WAS,17,Home,0,7,7,1,outdoors,grass,WAS00,FedExField
2017_01_PIT_CLE,2017,REG,1,2017-09-10,Sunday,13:00,PIT,21,CLE,18,Home,0,7,7,1,outdoors,grass,CLE00,FirstEnergy Stadium
2017_01_SEA_GB,2017,REG,1,2017-09-10,Sunday,16:25,SEA,9,GB,17,Home,0,7,7,0,outdoors,grass,GNB00,Lambeau Field
2017_01_LAC_DEN,2017,REG,1,2017-09-11,Monday,22:20,LAC,21,DEN,24,Home,0,7,7,1,outdoors,grass,DEN00,Sports Authority Field at Mile High
2017_01_NO_MIN,2017,REG,1,2017-09-11,Monday,19:10,NO,19,MIN,29,Home,0,7,7,0,dome,sportturf,MIN01,U.S. Bank Stadium
2017_02_HOU_CIN,2017,REG,2,2017-09-14,Thursday,20:25,HOU,13,CIN,9,Home,0,4,4,0,outdoors,fieldturf,CIN00,Paul Brown Stadium
2017_02_ARI_IND,2017,REG,2,2017-09-17,Sunday,13:00,ARI,16,IND,13,Home,1,7,7,0,closed,fieldturf,IND00,Lucas Oil Stadium
2017_02_BUF_CAR,2017,REG,2,2017-09-17,Sunday,13:00,BUF,3,CAR,9,Home,0,7,7,0,outdoors,grass,CAR00,Bank of America Stadium
2017_02_CHI_TB,2017,REG,2,2017-09-17,Sunday,13:00,CHI,7,TB,29,Home,0,7,14,0,outdoors,grass,TAM00,Raymond James Stadium
2017_02_CLE_BAL,2017,REG,2,2017-09-17,Sunday,13:00,CLE,10,BAL,24,Home,0,7,7,1,outdoors,grass,BAL00,M&T Bank Stadium
2017_02_DAL_DEN,2017,REG,2,2017-09-17,Sunday,16:25,DAL,17,DEN,42,Home,0,7,6,0,outdoors,grass,DEN00,Sports Authority Field at Mile High
2017_02_GB_ATL,2017,REG,2,2017-09-17,Sunday,20:30,GB,23,ATL,34,Home,0,7,7,0,open,fieldturf,ATL97,Mercedes-Benz Stadium
2017_02_MIA_LAC,2017,REG,2,2017-09-17,Sunday,16:05,MIA,19,LAC,17,Home,0,14,6,0,outdoors,grass,LAX97,StubHub Center
2017_02_MIN_PIT,2017,REG,2,2017-09-17,Sunday,13:00,MIN,9,PIT,26,Home,0,6,7,0,outdoors,grass,PIT00,Heinz Field
2017_02_NE_NO,2017,REG,2,2017-09-17,Sunday,13:00,NE,36,NO,20,Home,0,10,6,0,dome,sportturf,NOR00,Mercedes-Benz Superdome
2017_02_NYJ_OAK,2017,REG,2,2017-09-17,Sunday,16:05,NYJ,20,OAK,45,Home,0,7,7,0,outdoors,grass,OAK00,Oakland-Alameda County Coliseum
2017_02_PHI_KC,2017,REG,2,2017-09-17,Sunday,13:00,PHI,20,KC,27,Home,0,7,10,0,outdoors,grass,KAN00,Arrowhead Stadium
2017_02_SF_SEA,2017,REG,2,2017-09-17,Sunday,16:25,SF,9,SEA,12,Home,0,7,7,1,outdoors,fieldturf,SEA00,CenturyLink Field
2017_02_TEN_JAX,2017,REG,2,2017-09-17,Sunday,13:00,TEN,37,JAX,16,Home,0,7,7,1,outdoors,grass,JAX00,EverBank Field
2017_02_WAS_LA,2017,REG,2,2017-09-17,Sunday,16:25,WAS,27,LA,20,Home,0,7,7,0,outdoors,grass,LAX99,Los Angeles Memorial Coliseum
2017_02_DET_NYG,2017,REG,2,2017-09-18,Monday,20:30,DET,24,NYG,10,Home,0,8,8,0,outdoors,fieldturf,NYC01,MetLife Stadium
2017_03_LA_SF,2017,REG,3,2017-09-21,Thursday,20:25,LA,41,SF,39,Home,0,4,4,1,outdoors,grass,SFO01,Levi's Stadium
2017_03_ATL_DET,2017,REG,3,2017-09-24,Sunday,13:00,ATL,30,DET,26,Home,0,7,6,0,dome,fieldturf,DET00,Ford Field
2017_03_BAL_JAX,2017,REG,3,2017-09-24,Sunday,21:30,BAL,7,JAX,44,Neutral,0,7,7,0,outdoors,grass,LON00,Wembley Stadium
2017_03_CIN_GB,2017,REG,3,2017-09-24,Sunday,16:25,CIN,24,GB,27,Home,1,10,7,0,outdoors,grass,GNB00,Lambeau Field
2017_03_CLE_IND,2017,REG,3,2017-09-24,Sunday,13:00,CLE,28,IND,31,Home,0,7,7,0,closed,fieldturf,IND00,Lucas Oil Stadium
2017_03_DEN_BUF,2017,REG,3,2017-09-24,Sunday,13:00,DEN,16,BUF,26,Home,0,7,7,0,outdoors,a_turf,BUF00,New Era Field
2017_03_HOU_NE,2017,REG,3,2017-09-24,Sunday,13:00,HOU,33,NE,36,Home,0,10,7,0,outdoors,fieldturf,BOS00,Gillette Stadium
2017_03_KC_LAC,2017,REG,3,2017-09-24,Sunday,16:25,KC,24,LAC,10,Home,0,7,7,1,outdoors,grass,LAX97,StubHub Center
2017_03_MIA_NYJ,2017,REG,3,2017-09-24,Sunday,13:00,MIA,6,NYJ,20,Home,0,7,7,1,outdoors,fieldturf,NYC01,MetLife Stadium
2017_03_NO_CAR,2017,REG,3,2017-09-24,Sunday,13:00,NO,34,CAR,13,Home,0,7,7,1,outdoors,grass,CAR00,Bank of America Stadium
2017_03_NYG_PHI,2017,REG,3,2017-09-24,Sunday,13:00,NYG,24,PHI,27,Home,0,6,7,1,outdoors,grass,PHI00,Lincoln Financial Field
2017_03_OAK_WAS,2017,REG,3,2017-09-24,Sunday,20:30,OAK,10,WAS,27,Home,0,7,7,0,outdoors,grass,WAS00,FedExField
2017_03_PIT_CHI,2017,REG,3,2017-09-24,Sunday,13:00,PIT,17,CHI,23,Home,1,7,7,0,outdoors,grass,CHI98,Soldier Field
2017_03_SEA_TEN,2017,REG,3,2017-09-24,Sunday,16:05,SEA,27,TEN,33,Home,0,7,7,0,outdoors,grass,NAS00,Nissan Stadium
2017_03_TB_MIN,2017,REG,3,2017-09-24,Sunday,13:00,TB,17,MIN,34,Home,0,7,7,0,dome,sportturf,MIN01,U.S. Bank Stadium
2017_03_DAL_ARI,2017,REG,3,2017-09-25,Monday,20:30,DAL,28,ARI,17,Home,0,8,8,0,closed,grass,PHO00,University of Phoenix Stadium
2017_04_CHI_GB,2017,REG,4,2017-09-28,Thursday,20:25,CHI,14,GB,35,Home,0,4,4,1,outdoors,grass,GNB00,Lambeau Field
2017_04_BUF_ATL,2017,REG,4,2017-10-01,Sunday,13:00,BUF,23,ATL,17,Home,0,7,7,0,closed,fieldturf,ATL97,Mercedes-Benz Stadium
2017_04_CAR_NE,2017,REG,4,2017-10-01,Sunday,13:00,CAR,33,NE,30,Home,0,7,7,0,outdoors,fieldturf,BOS00,Gillette Stadium
2017_04_CIN_CLE,2017,REG,4,2017-10-01,Sunday,13:00,CIN,31,CLE,7,Home,0,7,7,1,outdoors,grass,CLE00,FirstEnergy Stadium
2017_04_DET_MIN,2017,REG,4,2017-10-01,Sunday,13:00,DET,14,MIN,7,Home,0,7,7,1,dome,sportturf,MIN01,U.S. Bank Stadium
2017_04_IND_SEA,2017,REG,4,2017-10-01,Sunday,20:30,IND,18,SEA,46,Home,0,7,7,0,outdoors,fieldturf,SEA00,CenturyLink Field
2017_04_JAX_NYJ,2017,REG,4,2017-10-01,Sunday,13:00,JAX,20,NYJ,23,Home,1,7,7,0,outdoors,fieldturf,NYC01,MetLife Stadium
2017_04_LA_DAL,2017,REG,4,2017-10-01,Sunday,13:00,LA,35,DAL,30,Home,0,10,6,0,closed,matrixturf,DAL00,AT&T Stadium
2017_04_NO_MIA,2017,REG,4,2017-10-01,Sunday,21:30,NO,20,MIA,0,Neutral,0,7,7,0,outdoors,grass,LON00,Wembley Stadium
2017_04_NYG_TB,2017,REG,4,2017-10-01,Sunday,16:05,NYG,23,TB,25,Home,0,7,7,0,outdoors,grass,TAM00,Raymond James Stadium
2017_04_OAK_DEN,2017,REG,4,2017-10-01,Sunday,16:25,OAK,10,DEN,16,Home,0,7,7,1,outdoors,grass,DEN00,Sports Authority Field at Mile High
2017_04_PHI_LAC,2017,REG,4,2017-10-01,Sunday,16:05,PHI,26,LAC,24,Home,0,7,7,0,outdoors,grass,LAX97,StubHub Center
2017_04_PIT_BAL,2017,REG,4,2017-10-01,Sunday,13:00,PIT,26,BAL,9,Home,0,7,7,1,outdoors,grass,BAL00,M&T Bank Stadium
2017_04_SF_ARI,2017,REG,4,2017-10-01,Sunday,16:05,SF,15,ARI,18,Home,1,10,6,1,closed,grass,PHO00,University of Phoenix Stadium
2017_04_TEN_HOU,2017,REG,4,2017-10-01,Sunday,13:00,TEN,14,HOU,57,Home,0,7,7,1,open,astroturf,HOU00,NRG Stadium
2017_04_WAS_KC,2017,REG,4,2017-10-02,Monday,20:30,WAS,20,KC,29,Home,0,8,8,0,outdoors,grass,KAN00,Arrowhead Stadium
2017_05_NE_TB,2017,REG,5,2017-10-05,Thursday,20:25,NE,19,TB,14,Home,0,4,4,0,outdoors,grass,TAM00,Raymond James Stadium
2017_05_ARI_PHI,2017,REG,5,2017-10-08,Sunday,13:00,ARI,7,PHI,34,Home,0,7,7,0,outdoors,grass,PHI00,Lincoln Financial Field
2017_05_BAL_OAK,2017,REG,5,2017-10-08,Sunday,16:05,BAL,30,OAK,17,Home,0,7,7,0,outdoors,grass,OAK00,Oakland-Alameda County Coliseum
2017_05_BUF_CIN,2017,REG,5,2017-10-08,Sunday,13:00,BUF,16,CIN,20,Home,0,7,7,0,outdoors,fieldturf,CIN00,Paul Brown Stadium
2017_05_CAR_DET,2017,REG,5,2017-10-08,Sunday,13:00,CAR,27,DET,24,Home,0,7,7,0,dome,fieldturf,DET00,Ford Field
2017_05_GB_DAL,2017,REG,5,2017-10-08,Sunday,16:25,GB,35,DAL,31,Home,0,10,7,0,closed,matrixturf,DAL00,AT&T Stadium
2017_05_JAX_PIT,2017,REG,5,2017-10-08,Sunday,13:00,JAX,30,PIT,9,Home,0,7,7,0,outdoors,grass,PIT00,Heinz Field
2017_05_KC_HOU,2017,REG,5,2017-10-08,Sunday,20:30,KC,42,HOU,34,Home,0,6,7,0,closed,astroturf,HOU00,NRG Stadium
2017_05_LAC_NYG,2017,REG,5,2017-10-08,Sunday,13:00,LAC,27,NYG,22,Home,0,7,7,0,outdoors,fieldturf,NYC01,MetLife Stadium
2017_05_NYJ_CLE,2017,REG,5,2017-10-08,Sunday,13:00,NYJ,17,CLE,14,Home,0,7,7,0,outdoors,grass,CLE00,FirstEnergy Stadium
2017_05_SEA_LA,2017,REG,5,2017-10-08,Sunday,16:05,SEA,16,LA,10,Home,0,7,7,1,outdoors,grass,LAX99,Los Angeles Memorial Coliseum
2017_05_SF_IND,2017,REG,5,2017-10-08,Sunday,13:00,SF,23,IND,26,Home,1,7,7,0,closed,fieldturf,IND00,Lucas Oil Stadium
2017_05_TEN_MIA,2017,REG,5,2017-10-08,Sunday,13:00,TEN,10,MIA,16,Home,0,7,7,0,outdoors,grass,MIA00,Hard Rock Stadium
2017_05_MIN_CHI,2017,REG,5,2017-10-09,Monday,20:30,MIN,20,CHI,17,Home,0,8,11,1,outdoors,grass,CHI98,Soldier Field
2017_06_PHI_CAR,2017,REG,6,2017-10-12,Thursday,20:25,PHI,28,CAR,23,Home,0,4,4,0,outdoors,grass,CAR00,Bank of America Stadium
2017_06_CHI_BAL,2017,REG,6,2017-10-15,Sunday,13:00,CHI,27,BAL,24,Home,1,6,7,0,outdoors,grass,BAL00,M&T Bank Stadium
2017_06_CLE_HOU,2017,REG,6,2017-10-15,Sunday,13:00,CLE,17,HOU,33,Home,0,7,7,0,closed,astroturf,HOU00,NRG Stadium
2017_06_DET_NO,2017,REG,6,2017-10-15,Sunday,13:00,DET,38,NO,52,Home,0,7,14,0,dome,sportturf,NOR00,Mercedes-Benz Superdome
2017_06_GB_MIN,2017,REG,6,2017-10-15,Sunday,13:00,GB,10,MIN,23,Home,0,7,6,1,dome,sportturf,MIN01,U.S. Bank Stadium
2017_06_LAC_OAK,2017,REG,6,2017-10-15,Sunday,16:25,LAC,17,OAK,16,Home,0,7,7,1,outdoors,grass,OAK00,Oakland-Alameda County Coliseum
2017_06_LA_JAX,2017,REG,6,2017-10-15,Sunday,16:05,LA,27,JAX,17,Home,0,7,7,0,outdoors,grass,JAX00,EverBank Field
2017_06_MIA_ATL,2017,REG,6,2017-10-15,Sunday,13:00,MIA,20,ATL,17,Home,0,7,14,0,closed,fieldturf,ATL97,Mercedes-Benz Stadium
2017_06_NE_NYJ,2017,REG,6,2017-10-15,Sunday,13:00,NE,24,NYJ,17,Home,0,10,7,1,outdoors,fieldturf,NYC01,MetLife Stadium
2017_06_NYG_DEN,2017,REG,6,2017-10-15,Sunday,20:30,NYG,23,DEN,10,Home,0,7,14,0,outdoors,grass,DEN00,Sports Authority Field at Mile High
2017_06_PIT_KC,2017,REG,6,2017-10-15,Sunday,16:25,PIT,19,KC,13,Home,0,7,7,0,outdoors,grass,KAN00,Arrowhead Stadium
2017_06_SF_WAS,2017,REG,6,2017-10-15,Sunday,13:00,SF,24,WAS,26,Home,0,7,13,0,outdoors,grass,WAS00,FedExField
2017_06_TB_ARI,2017,REG,6,2017-10-15,Sunday,16:05,TB,33,ARI,38,Home,0,10,7,0,closed,grass,PHO00,University of Phoenix Stadium
2017_06_IND_TEN,2017,REG,6,2017-10-16,Monday,20:30,IND,22,TEN,36,Home,0,8,8,1,outdoors,grass,NAS00,Nissan Stadium
2017_07_KC_OAK,2017,REG,7,2017-10-19,Thursday,20:25,KC,30,OAK,31,Home,0,4,4,1,outdoors,grass,OAK00,Oakland-Alameda County Coliseum
2017_07_ARI_LA,2017,REG,7,2017-10-22,Sunday,13:00,ARI,0,LA,33,Neutral,0,7,7,1,outdoors,grass,LON01,Twickenham Stadium
2017_07_ATL_NE,2017,REG,7,2017-10-22,Sunday,20:30,ATL,7,NE,23,Home,0,7,7,0,outdoors,fieldturf,BOS00,Gillette Stadium
2017_07_BAL_MIN,2017,REG,7,2017-10-22,Sunday,13:00,BAL,16,MIN,24,Home,0,7,7,0,dome,sportturf,MIN01,U.S. Bank Stadium
2017_07_CAR_CHI,2017,REG,7,2017-10-22,Sunday,13:00,CAR,3,CHI,17,Home,0,10,7,0,outdoors,grass,CHI98,Soldier Field
2017_07_CIN_PIT,2017,REG,7,2017-10-22,Sunday,16:25,CIN,14,PIT,29,Home,0,14,7,1,outdoors,grass,PIT00,Heinz Field
2017_07_DAL_SF,2017,REG,7,2017-10-22,Sunday,16:05,DAL,40,SF,10,Home,0,14,7,0,outdoors,grass,SFO01,Levi's Stadium
2017_07_DEN_LAC,2017,REG,7,2017-10-22,Sunday,16:25,DEN,0,LAC,21,Home,0,7,7,1,outdoors,grass,LAX97,StubHub Center
2017_07_JAX_IND,2017,REG,7,2017-10-22,Sunday,13:00,JAX,27,IND,0,Home,0,7,6,1,closed,fieldturf,IND00,Lucas Oil Stadium
2017_07_NO_GB,2017,REG,7,2017-10-22,Sunday,13:00,NO,26,GB,17,Home,0,7,7,0,outdoors,grass,GNB00,Lambeau Field
2017_07_NYJ_MIA,2017,REG,7,2017-10-22,Sunday,13:00,NYJ,28,MIA,31,Home,0,7,7,1,outdoors,grass,MIA00,Hard Rock Stadium
2017_07_SEA_NYG,2017,REG,7,2017-10-22,Sunday,16:25,SEA,24,NYG,7,Home,0,14,7,0,outdoors,fieldturf,NYC01,MetLife Stadium
2017_07_TB_BUF,2017,REG,7,2017-10-22,Sunday,13:00,TB,27,BUF,30,Home,0,7,14,0,outdoors,a_turf,BUF00,New Era Field
2017_07_TEN_CLE,2017,REG,7,2017-10-22,Sunday,13:00,TEN,12,CLE,9,Home,1,6,7,0,outdoors,grass,CLE00,FirstEnergy Stadium
2017_07_WAS_PHI,2017,REG,7,2017-10-23,Monday,20:30,WAS,24,PHI,34,Home,0,8,11,1,outdoors,grass,PHI00,Lincoln Financial Field
2017_08_MIA_BAL,2017,REG,8,2017-10-26,Thursday,20:25,MIA,0,BAL,40,Home,0,4,4,0,outdoors,grass,BAL00,M&T Bank Stadium
2017_08_ATL_NYJ,2017,REG,8,2017-10-29,Sunday,13:00,ATL,25,NYJ,20,Home,0,7,7,0,outdoors,fieldturf,NYC01,MetLife Stadium
2017_08_CAR_TB,2017,REG,8,2017-10-29,Sunday,13:00,CAR,17,TB,3,Home,0,7,7,1,outdoors,grass,TAM00,Raymond James Stadium
2017_08_CHI_NO,2017,REG,8,2017-10-29,Sunday,13:00,CHI,12,NO,20,Home,0,7,7,0,dome,sportturf,NOR00,Mercedes-Benz Superdome
2017_08_DAL_WAS,2017,REG,8,2017-10-29,Sunday,16:25,DAL,33,WAS,19,Home,0,7,6,1,outdoors,grass,WAS00,FedExField
2017_08_HOU_SEA,2017,REG,8,2017-10-29,Sunday,16:05,HOU,38,SEA,41,Home,0,14,7,0,outdoors,fieldturf,SEA00,CenturyLink Field
2017_08_IND_CIN,2017,REG,8,2017-10-29,Sunday,13:00,IND,23,CIN,24,Home,0,7,7,0,outdoors,fieldturf,CIN00,Paul Brown Stadium
2017_08_LAC_NE,2017,REG,8,2017-10-29,Sunday,13:00,LAC,13,NE,21,Home,0,7,7,0,outdoors,fieldturf,BOS00,Gillette Stadium
2017_08_MIN_CLE,2017,REG,8,2017-10-29,Sunday,21:30,MIN,33,CLE,16,Neutral,0,7,7,0,outdoors,grass,LON01,Twickenham Stadium
2017_08_OAK_BUF,2017,REG,8,2017-10-29,Sunday,13:00,OAK,14,BUF,34,Home,0,10,7,0,outdoors,a_turf,BUF00,New Era Field
2017_08_PIT_DET,2017,REG,8,2017-10-29,Sunday,20:30,PIT,20,DET,15,Home,0,7,14,0,dome,fieldturf,DET00,Ford Field
2017_08_SF_PHI,2017,REG,8,2017-10-29,Sunday,13:00,SF,10,PHI,33,Home,0,7,6,0,outdoors,grass,PHI00,Lincoln Financial Field
2017_08_DEN_KC,2017,REG,8,2017-10-30,Monday,20:30,DEN,19,KC,29,Home,0,8,11,1,outdoors,grass,KAN00,Arrowhead Stadium
2017_09_BUF_NYJ,2017,REG,9,2017-11-02,Thursday,20:25,BUF,21,NYJ,34,Home,0,4,4,1,outdoors,fieldturf,NYC01,MetLife Stadium
2017_09_ARI_SF,2017,REG,9,2017-11-05,Sunday,16:05,ARI,20,SF,10,Home,0,14,7,1,outdoors,grass,SFO01,Levi's Stadium
2017_09_ATL_CAR,2017,REG,9,2017-11-05,Sunday,13:00,ATL,17,CAR,20,Home,0,7,7,1,outdoors,grass,CAR00,Bank of America Stadium
2017_09_BAL_TEN,2017,REG,9,2017-11-05,Sunday,13:00,BAL,20,TEN,23,Home,0,10,14,0,outdoors,grass,NAS00,Nissan Stadium
2017_09_CIN_JAX,2017,REG,9,2017-11-05,Sunday,13:00,CIN,7,JAX,23,Home,0,7,14,0,outdoors,grass,JAX00,EverBank Field
2017_09_DEN_PHI,2017,REG,9,2017-11-05,Sunday,13:00,DEN,23,PHI,51,Home,0,6,7,0,outdoors,grass,PHI00,Lincoln Financial Field
2017_09_IND_HOU,2017,REG,9,2017-11-05,Sunday,13:00,IND,20,HOU,14,Home,0,7,7,1,closed,astroturf,HOU00,NRG Stadium
2017_09_KC_DAL,2017,REG,9,2017-11-05,Sunday,16:25,KC,17,DAL,28,Home,0,6,7,0,closed,matrixturf,DAL00,AT&T Stadium
2017_09_LA_NYG,2017,REG,9,2017-11-05,Sunday,13:00,LA,51,NYG,17,Home,0,14,14,0,outdoors,fieldturf,NYC01,MetLife Stadium
2017_09_OAK_MIA,2017,REG,9,2017-11-05,Sunday,20:30,OAK,27,MIA,24,Home,0,7,10,0,outdoors,grass,MIA00,Hard Rock Stadium
2017_09_TB_NO,2017,REG,9,2017-11-05,Sunday,13:00,TB,10,NO,30,Home,0,7,7,1,dome,sportturf,NOR00,Mercedes-Benz Superdome
2017_09_WAS_SEA,2017,REG,9,2017-11-05,Sunday,16:05,WAS,17,SEA,14,Home,0,7,7,0,outdoors,fieldturf,SEA00,CenturyLink Field
2017_09_DET_GB,2017,REG,9,2017-11-06,Monday,20:30,DET,30,GB,17,Home,0,8,15,1,outdoors,grass,GNB00,Lambeau Field
2017_10_SEA_ARI,2017,REG,10,2017-11-09,Thursday,20:25,SEA,22,ARI,16,Home,0,4,4,1,open,grass,PHO00,University of Phoenix Stadium
2017_10_CIN_TEN,2017,REG,10,2017-11-12,Sunday,13:00,CIN,20,TEN,24,Home,0,7,7,0,outdoors,grass,NAS00,Nissan Stadium
2017_10_CLE_DET,2017,REG,10,2017-11-12,Sunday,13:00,CLE,24,DET,38,Home,0,14,6,0,dome,fieldturf,DET00,Ford Field
2017_10_DAL_ATL,2017,REG,10,2017-11-12,Sunday,16:25,DAL,7,ATL,27,Home,0,7,7,0,closed,fieldturf,ATL97,Mercedes-Benz Stadium
2017_10_GB_CHI,2017,REG,10,2017-11-12,Sunday,13:00,GB,23,CHI,16,Home,0,6,14,1,outdoors,grass,CHI98,Soldier Field
2017_10_HOU_LA,2017,REG,10,2017-11-12,Sunday,16:05,HOU,7,LA,33,Home,0,7,7,0,outdoors,grass,LAX99,Los Angeles Memorial Coliseum
2017_10_LAC_JAX,2017,REG,10,2017-11-12,Sunday,13:00,LAC,17,JAX,20,Home,1,14,7,0,outdoors,grass,JAX00,EverBank Field
2017_10_MIN_WAS,2017,REG,10,2017-11-12,Sunday,13:00,MIN,38,WAS,30,Home,0,14,7,0,outdoors,grass,WAS00,FedExField
2017_10_NE_DEN,2017,REG,10,2017-11-12,Sunday,20:30,NE,41,DEN,16,Home,0,14,7,0,outdoors,grass,DEN00,Sports Authority Field at Mile High
2017_10_NO_BUF,2017,REG,10,2017-11-12,Sunday,13:00,NO,47,BUF,10,Home,0,7,10,0,outdoors,a_turf,BUF00,New Era Field
2017_10_NYG_SF,2017,REG,10,2017-11-12,Sunday,16:25,NYG,21,SF,31,Home,0,7,7,0,outdoors,grass,SFO01,Levi's Stadium
2017_10_NYJ_TB,2017,REG,10,2017-11-12,Sunday,13:00,NYJ,10,TB,15,Home,0,10,7,0,outdoors,grass,TAM00,Raymond James Stadium
2017_10_PIT_IND,2017,REG,10,2017-11-12,Sunday,13:00,PIT,20,IND,17,Home,0,14,7,0,closed,fieldturf,IND00,Lucas Oil Stadium
2017_10_MIA_CAR,2017,REG,10,2017-11-13,Monday,20:30,MIA,21,CAR,45,Home,0,8,8,0,outdoors,grass,CAR00,Bank of America Stadium
2017_11_TEN_PIT,2017,REG,11,2017-11-16,Thursday,20:25,TEN,17,PIT,40,Home,0,4,4,0,outdoors,grass,PIT00,Heinz Field
2017_11_ARI_HOU,2017,REG,11,2017-11-19,Sunday,13:00,ARI,21,HOU,31,Home,0,10,7,0,closed,astroturf,HOU00,NRG Stadium
2017_11_BAL_GB,2017,REG,11,2017-11-19,Sunday,13:00,BAL,23,GB,0,Home,0,14,7,0,outdoors,grass,GNB00,Lambeau Field
2017_11_BUF_LAC,2017,REG,11,2017-11-19,Sunday,16:05,BUF,24,LAC,54,Home,0,7,7,0,outdoors,grass,LAX97,StubHub Center
2017_11_CIN_DEN,2017,REG,11,2017-11-19,Sunday,16:25,CIN,20,DEN,17,Home,0,7,7,0,outdoors,grass,DEN00,Sports Authority Field at Mile High
2017_11_DET_CHI,2017,REG,11,2017-11-19,Sunday,13:00,DET,27,CHI,24,Home,0,7,7,1,outdoors,grass,CHI98,Soldier Field
2017_11_JAX_CLE,2017,REG,11,2017-11-19,Sunday,13:00,JAX,19,CLE,7,Home,0,7,7,0,outdoors,grass,CLE00,FirstEnergy Stadium
2017_11_KC_NYG,2017,REG,11,2017-11-19,Sunday,13:00,KC,9,NYG,12,Home,1,14,7,0,outdoors,fieldturf,NYC01,MetLife Stadium
2017_11_LA_MIN,2017,REG,11,2017-11-19,Sunday,13:00,LA,7,MIN,24,Home,0,7,7,0,dome,sportturf,MIN01,U.S. Bank Stadium
2017_11_NE_OAK,2017,REG,11,2017-11-19,Sunday,16:25,NE,33,OAK,8,Neutral,0,7,14,0,outdoors,grass,MEX00,Azteca Stadium
2017_11_PHI_DAL,2017,REG,11,2017-11-19,Sunday,20:30,PHI,37,DAL,9,Home,0,14,7,1,closed,matrixturf,DAL00,AT&T Stadium
2017_11_TB_MIA,2017,REG,11,2017-11-19,Sunday,13:00,TB,30,MIA,20,Home,0,7,6,0,outdoors,grass,MIA00,Hard Rock Stadium
2017_11_WAS_NO,2017,REG,11,2017-11-19,Sunday,13:00,WAS,31,NO,34,Home,1,7,7,0,dome,sportturf,NOR00,Mercedes-Benz Superdome
2017_11_ATL_SEA,2017,REG,11,2017-11-20,Monday,20:30,ATL,34,SEA,31,Home,0,8,11,0,outdoors,fieldturf,SEA00,CenturyLink Field
2017_12_LAC_DAL,2017,REG,12,2017-11-23,Thursday,16:30,LAC,28,DAL,6,Home,0,4,4,0,closed,matrixturf,DAL00,AT&T Stadium
2017_12_MIN_DET,2017,REG,12,2017-11-23,Thursday,12:30,MIN,30,DET,23,Home,0,4,4,1,dome,fieldturf,DET00,Ford Field
2017_12_NYG_WAS,2017,REG,12,2017-11-23,Thursday,20:30,NYG,10,WAS,20,Home,0,4,4,1,outdoors,grass,WAS00,FedExField
2017_12_BUF_KC,2017,REG,12,2017-11-26,Sunday,13:00,BUF,16,KC,10,Home,0,7,7,0,outdoors,grass,KAN00,Arrowhead Stadium
2017_12_CAR_NYJ,2017,REG,12,2017-11-26,Sunday,13:00,CAR,35,NYJ,27,Home,0,13,14,0,outdoors,fieldturf,NYC01,MetLife Stadium
2017_12_CHI_PHI,2017,REG,12,2017-11-26,Sunday,13:00,CHI,3,PHI,31,Home,0,7,7,0,outdoors,grass,PHI00,Lincoln Financial Field
2017_12_CLE_CIN,2017,REG,12,2017-11-26,Sunday,13:00,CLE,16,CIN,30,Home,0,7,7,1,outdoors,fieldturf,CIN00,Paul Brown Stadium
2017_12_DEN_OAK,2017,REG,12,2017-11-26,Sunday,16:25,DEN,14,OAK,21,Home,0,7,7,1,outdoors,grass,OAK00,Oakland-Alameda County Coliseum
2017_12_GB_PIT,2017,REG,12,2017-11-26,Sunday,20:30,GB,28,PIT,31,Home,0,7,10,0,outdoors,grass,PIT00,Heinz Field
2017_12_JAX_ARI,2017,REG,12,2017-11-26,Sunday,16:25,JAX,24,ARI,27,Home,0,7,7,0,closed,grass,PHO00,University of Phoenix Stadium
2017_12_MIA_NE,2017,REG,12,2017-11-26,Sunday,13:00,MIA,17,NE,35,Home,0,7,7,1,outdoors,fieldturf,BOS00,Gillette Stadium
2017_12_NO_LA,2017,REG,12,2017-11-26,Sunday,16:25,NO,20,LA,26,Home,0,7,7,0,outdoors,grass,LAX99,Los Angeles Memorial Coliseum
2017_12_SEA_SF,2017,REG,12,2017-11-26,Sunday,16:05,SEA,24,SF,13,Home,0,6,14,1,outdoors,grass,SFO01,Levi's Stadium
2017_12_TB_ATL,2017,REG,12,2017-11-26,Sunday,13:00,TB,20,ATL,34,Home,0,7,6,1,closed,fieldturf,ATL97,Mercedes-Benz Stadium
2017_12_TEN_IND,2017,REG,12,2017-11-26,Sunday,13:00,TEN,20,IND,16,Home,0,10,14,1,open,fieldturf,IND00,Lucas Oil Stadium
2017_12_HOU_BAL,2017,REG,12,2017-11-27,Monday,20:30,HOU,16,BAL,23,Home,0,8,8,0,outdoors,grass,BAL00,M&T Bank Stadium
2017_13_WAS_DAL,2017,REG,13,2017-11-30,Thursday,20:25,WAS,14,DAL,38,Home,0,7,7,1,closed,matrixturf,DAL00,AT&T Stadium
2017_13_CAR_NO,2017,REG,13,2017-12-03,Sunday,16:25,CAR,21,NO,31,Home,0,7,7,1,dome,sportturf,NOR00,Mercedes-Benz Superdome
2017_13_CLE_LAC,2017,REG,13,2017-12-03,Sunday,16:05,CLE,10,LAC,19,Home,0,7,10,0,outdoors,grass,LAX97,StubHub Center
2017_13_DEN_MIA,2017,REG,13,2017-12-03,Sunday,13:00,DEN,9,MIA,35,Home,0,7,7,0,outdoors,grass,MIA00,Hard Rock Stadium
2017_13_DET_BAL,2017,REG,13,2017-12-03,Sunday,13:00,DET,20,BAL,44,Home,0,10,6,0,outdoors,grass,BAL00,M&T Bank Stadium
2017_13_HOU_TEN,2017,REG,13,2017-12-03,Sunday,13:00,HOU,13,TEN,24,Home,0,6,7,1,outdoors,grass,NAS00,Nissan Stadium
2017_13_IND_JAX,2017,REG,13,2017-12-03,Sunday,13:00,IND,10,JAX,30,Home,0,7,7,1,outdoors,grass,JAX00,EverBank Field
2017_13_KC_NYJ,2017,REG,13,2017-12-03,Sunday,13:00,KC,31,NYJ,38,Home,0,7,7,0,outdoors,fieldturf,NYC01,MetLife Stadium
2017_13_LA_ARI,2017,REG,13,2017-12-03,Sunday,16:25,LA,32,ARI,16,Home,0,7,7,1,closed,grass,PHO00,University of Phoenix Stadium
2017_13_MIN_ATL,2017,REG,13,2017-12-03,Sunday,13:00,MIN,14,ATL,9,Home,0,10,7,0,closed,fieldturf,ATL97,Mercedes-Benz Stadium
2017_13_NE_BUF,2017,REG,13,2017-12-03,Sunday,13:00,NE,23,BUF,3,Home,0,7,7,1,outdoors,a_turf,BUF00,New Era Field
2017_13_NYG_OAK,2017,REG,13,2017-12-03,Sunday,16:25,NYG,17,OAK,24,Home,0,10,7,0,outdoors,grass,OAK00,Oakland-Alameda County Coliseum
2017_13_PHI_SEA,2017,REG,13,2017-12-03,Sunday,20:30,PHI,10,SEA,24,Home,0,7,7,0,outdoors,fieldturf,SEA00,CenturyLink Field
2017_13_SF_CHI,2017,REG,13,2017-12-03,Sunday,13:00,SF,15,CHI,14,Home,0,7,7,0,outdoors,grass,CHI98,Soldier Field
2017_13_TB_GB,2017,REG,13,2017-12-03,Sunday,13:00,TB,20,GB,26,Home,1,7,7,0,outdoors,grass,GNB00,Lambeau Field
2017_13_PIT_CIN,2017,REG,13,2017-12-04,Monday,20:30,PIT,23,CIN,20,Home,0,8,8,1,outdoors,fieldturf,CIN00,Paul Brown Stadium
2017_14_NO_ATL,2017,REG,14,2017-12-07,Thursday,20:25,NO,17,ATL,20,Home,0,4,4,1,closed,fieldturf,ATL97,Mercedes-Benz Stadium
2017_14_BAL_PIT,2017,REG,14,2017-12-10,Sunday,20:30,BAL,38,PIT,39,Home,0,7,6,1,outdoors,grass,PIT00,Heinz Field
2017_14_CHI_CIN,2017,REG,14,2017-12-10,Sunday,13:00,CHI,33,CIN,7,Home,0,7,6,0,outdoors,fieldturf,CIN00,Paul Brown Stadium
2017_14_DAL_NYG,2017,REG,14,2017-12-10,Sunday,13:00,DAL,30,NYG,10,Home,0,10,7,1,outdoors,fieldturf,NYC01,MetLife Stadium
2017_14_DET_TB,2017,REG,14,2017-12-10,Sunday,13:00,DET,24,TB,21,Home,0,7,7,0,outdoors,grass,TAM00,Raymond James Stadium
2017_14_GB_CLE,2017,REG,14,2017-12-10,Sunday,13:00,GB,27,CLE,21,Home,1,7,7,0,outdoors,grass,CLE00,FirstEnergy Stadium
2017_14_IND_BUF,2017,REG,14,2017-12-10,Sunday,13:00,IND,7,BUF,13,Home,1,7,7,0,outdoors,a_turf,BUF00,New Era Field
2017_14_MIN_CAR,2017,REG,14,2017-12-10,Sunday,13:00,MIN,24,CAR,31,Home,0,7,7,0,outdoors,grass,CAR00,Bank of America Stadium
2017_14_NYJ_DEN,2017,REG,14,2017-12-10,Sunday,16:05,NYJ,0,DEN,23,Home,0,7,7,0,outdoors,grass,DEN00,Sports Authority Field at Mile High
2017_14_OAK_KC,2017,REG,14,2017-12-10,Sunday,13:00,OAK,15,KC,26,Home,0,7,7,1,outdoors,grass,KAN00,Arrowhead Stadium
2017_14_PHI_LA,2017,REG,14,2017-12-10,Sunday,16:25,PHI,43,LA,35,Home,0,7,7,0,outdoors,grass,LAX99,Los Angeles Memorial Coliseum
2017_14_SEA_JAX,2017,REG,14,2017-12-10,Sunday,16:25,SEA,24,JAX,30,Home,0,7,7,0,outdoors,grass,JAX00,EverBank Field
2017_14_SF_HOU,2017,REG,14,2017-12-10,Sunday,13:00,SF,26,HOU,16,Home,0,7,7,0,closed,astroturf,HOU00,NRG Stadium
2017_14_TEN_ARI,2017,REG,14,2017-12-10,Sunday,16:05,TEN,7,ARI,12,Home,0,7,7,0,closed,grass,PHO00,University of Phoenix Stadium
2017_14_WAS_LAC,2017,REG,14,2017-12-10,Sunday,16:05,WAS,13,LAC,30,Home,0,10,7,0,outdoors,grass,LAX97,StubHub Center
2017_14_NE_MIA,2017,REG,14,2017-12-11,Monday,20:30,NE,20,MIA,27,Home,0,8,8,1,outdoors,grass,MIA00,Hard Rock Stadium
2017_15_DEN_IND,2017,REG,15,2017-12-14,Thursday,20:25,DEN,25,IND,13,Home,0,4,4,0,closed,fieldturf,IND00,Lucas Oil Stadium
2017_15_CHI_DET,2017,REG,15,2017-12-16,Saturday,16:30,CHI,10,DET,20,Home,0,6,6,1,dome,fieldturf,DET00,Ford Field
2017_15_LAC_KC,2017,REG,15,2017-12-16,Saturday,20:25,LAC,13,KC,30,Home,0,6,6,1,outdoors,grass,KAN00,Arrowhead Stadium
2017_15_ARI_WAS,2017,REG,15,2017-12-17,Sunday,13:00,ARI,15,WAS,20,Home,0,7,7,0,outdoors,grass,WAS00,FedExField
2017_15_BAL_CLE,2017,REG,15,2017-12-17,Sunday,13:00,BAL,27,CLE,10,Home,0,7,7,1,outdoors,grass,CLE00,FirstEnergy Stadium
2017_15_CIN_MIN,2017,REG,15,2017-12-17,Sunday,13:00,CIN,7,MIN,34,Home,0,7,7,0,dome,sportturf,MIN01,U.S. Bank Stadium
2017_15_DAL_OAK,2017,REG,15,2017-12-17,Sunday,20:30,DAL,20,OAK,17,Home,0,7,7,0,outdoors,grass,OAK00,Oakland-Alameda County Coliseum
2017_15_GB_CAR,2017,REG,15,2017-12-17,Sunday,13:00,GB,24,CAR,31,Home,0,7,7,0,outdoors,grass,CAR00,Bank of America Stadium
2017_15_HOU_JAX,2017,REG,15,2017-12-17,Sunday,13:00,HOU,7,JAX,45,Home,0,7,7,1,outdoors,grass,JAX00,EverBank Field
2017_15_LA_SEA,2017,REG,15,2017-12-17,Sunday,16:05,LA,42,SEA,7,Home,0,7,7,1,outdoors,fieldturf,SEA00,CenturyLink Field
2017_15_MIA_BUF,2017,REG,15,2017-12-17,Sunday,13:00,MIA,16,BUF,24,Home,0,6,7,1,outdoors,a_turf,BUF00,New Era Field
2017_15_NE_PIT,2017,REG,15,2017-12-17,Sunday,16:25,NE,27,PIT,24,Home,0,6,7,0,outdoors,grass,PIT00,Heinz Field
2017_15_NYJ_NO,2017,REG,15,2017-12-17,Sunday,13:00,NYJ,19,NO,31,Home,0,7,10,0,dome,sportturf,NOR00,Mercedes-Benz Superdome
2017_15_PHI_NYG,2017,REG,15,2017-12-17,Sunday,13:00,PHI,34,NYG,29,Home,0,7,7,1,outdoors,fieldturf,NYC01,MetLife Stadium
2017_15_TEN_SF,2017,REG,15,2017-12-17,Sunday,16:25,TEN,23,SF,25,Home,0,7,7,0,outdoors,grass,SFO01,Levi's Stadium
2017_15_ATL_TB,2017,REG,15,2017-12-18,Monday,20:30,ATL,24,TB,21,Home,0,11,8,1,outdoors,grass,TAM00,Raymond James Stadium
2017_16_IND_BAL,2017,REG,16,2017-12-23,Saturday,16:30,IND,16,BAL,23,Home,0,9,6,0,outdoors,grass,BAL00,M&T Bank Stadium
2017_16_MIN_GB,2017,REG,16,2017-12-23,Saturday,20:30,MIN,16,GB,0,Home,0,6,6,1,outdoors,grass,GNB00,Lambeau Field
2017_16_ATL_NO,2017,REG,16,2017-12-24,Sunday,13:00,ATL,13,NO,23,Home,0,6,7,1,dome,sportturf,NOR00,Mercedes-Benz Superdome
2017_16_BUF_NE,2017,REG,16,2017-12-24,Sunday,13:00,BUF,16,NE,37,Home,0,7,7,1,outdoors,fieldturf,BOS00,Gillette Stadium
2017_16_CLE_CHI,2017,REG,16,2017-12-24,Sunday,13:00,CLE,3,CHI,20,Home,0,7,8,0,outdoors,grass,CHI98,Soldier Field
2017_16_DEN_WAS,2017,REG,16,2017-12-24,Sunday,13:00,DEN,11,WAS,27,Home,0,10,7,0,outdoors,grass,WAS00,FedExField
2017_16_DET_CIN,2017,REG,16,2017-12-24,Sunday,13:00,DET,17,CIN,26,Home,0,8,7,0,outdoors,fieldturf,CIN00,Paul Brown Stadium
2017_16_JAX_SF,2017,REG,16,2017-12-24,Sunday,16:05,JAX,33,SF,44,Home,0,7,7,0,outdoors,grass,SFO01,Levi's Stadium
2017_16_LAC_NYJ,2017,REG,16,2017-12-24,Sunday,13:00,LAC,14,NYJ,7,Home,0,8,7,0,outdoors,fieldturf,NYC01,MetLife Stadium
2017_16_LA_TEN,2017,REG,16,2017-12-24,Sunday,13:00,LA,27,TEN,23,Home,0,7,7,0,outdoors,grass,NAS00,Nissan Stadium
2017_16_MIA_KC,2017,REG,16,2017-12-24,Sunday,13:00,MIA,13,KC,29,Home,0,7,8,0,outdoors,grass,KAN00,Arrowhead Stadium
2017_16_NYG_ARI,2017,REG,16,2017-12-24,Sunday,16:25,NYG,0,ARI,23,Home,0,7,7,0,closed,grass,PHO00,University of Phoenix Stadium
2017_16_SEA_DAL,2017,REG,16,2017-12-24,Sunday,16:25,SEA,21,DAL,12,Home,0,7,7,0,closed,matrixturf,DAL00,AT&T Stadium
2017_16_TB_CAR,2017,REG,16,2017-12-24,Sunday,13:00,TB,19,CAR,22,Home,0,6,7,1,outdoors,grass,CAR00,Bank of America Stadium
2017_16_OAK_PHI,2017,REG,16,2017-12-25,Monday,20:30,OAK,10,PHI,19,Home,0,8,8,0,outdoors,grass,PHI00,Lincoln Financial Field
2017_16_PIT_HOU,2017,REG,16,2017-12-25,Monday,16:30,PIT,34,HOU,6,Home,0,8,8,0,closed,astroturf,HOU00,NRG Stadium
2017_17_ARI_SEA,2017,REG,17,2017-12-31,Sunday,16:25,ARI,26,SEA,24,Home,0,7,7,1,outdoors,fieldturf,SEA00,CenturyLink Field
2017_17_BUF_MIA,2017,REG,17,2017-12-31,Sunday,16:25,BUF,22,MIA,16,Home,0,7,7,1,outdoors,grass,MIA00,Hard Rock Stadium
2017_17_CAR_ATL,2017,REG,17,2017-12-31,Sunday,16:25,CAR,10,ATL,22,Home,0,7,7,1,closed,fieldturf,ATL97,Mercedes-Benz Stadium
2017_17_CHI_MIN,2017,REG,17,2017-12-31,Sunday,13:00,CHI,10,MIN,23,Home,0,7,8,1,dome,sportturf,MIN01,U.S. Bank Stadium
2017_17_CIN_BAL,2017,REG,17,2017-12-31,Sunday,16:25,CIN,31,BAL,27,Home,0,7,8,1,outdoors,grass,BAL00,M&T Bank Stadium
2017_17_CLE_PIT,2017,REG,17,2017-12-31,Sunday,13:00,CLE,24,PIT,28,Home,0,7,6,1,outdoors,grass,PIT00,Heinz Field
2017_17_DAL_PHI,2017,REG,17,2017-12-31,Sunday,13:00,DAL,6,PHI,0,Home,0,7,6,1,outdoors,grass,PHI00,Lincoln Financial Field
2017_17_GB_DET,2017,REG,17,2017-12-31,Sunday,13:00,GB,11,DET,35,Home,0,8,7,1,dome,fieldturf,DET00,Ford Field
2017_17_HOU_IND,2017,REG,17,2017-12-31,Sunday,13:00,HOU,13,IND,22,Home,0,6,8,1,closed,fieldturf,IND00,Lucas Oil Stadium
2017_17_JAX_TEN,2017,REG,17,2017-12-31,Sunday,16:25,JAX,10,TEN,15,Home,0,7,7,1,outdoors,grass,NAS00,Nissan Stadium
2017_17_KC_DEN,2017,REG,17,2017-12-31,Sunday,16:25,KC,27,DEN,24,Home,0,7,7,1,outdoors,grass,DEN00,Sports Authority Field at Mile High
2017_17_NO_TB,2017,REG,17,2017-12-31,Sunday,16:25,NO,24,TB,31,Home,0,7,7,1,outdoors,grass,TAM00,Raymond James Stadium
2017_17_NYJ_NE,2017,REG,17,2017-12-31,Sunday,13:00,NYJ,6,NE,26,Home,0,7,7,1,outdoors,fieldturf,BOS00,Gillette Stadium
2017_17_OAK_LAC,2017,REG,17,2017-12-31,Sunday,16:25,OAK,10,LAC,30,Home,0,6,7,1,outdoors,grass,LAX97,StubHub Center
2017_17_SF_LA,2017,REG,17,2017-12-31,Sunday,16:25,SF,34,LA,13,Home,0,7,7,1,outdoors,grass,LAX99,Los Angeles Memorial Coliseum
2017_17_WAS_NYG,2017,REG,17,2017-12-31,Sunday,13:00,WAS,10,NYG,18,Home,0,7,7,1,outdoors,fieldturf,NYC01,MetLife Stadium
2017_21_PHI_NE,2017,SB,21,2018-02-04,Sunday,18:31,PHI,41,NE,33,Neutral,0,14,14,0,dome,sportturf,MIN01,U.S. Bank Stadium
2018_01_ATL_PHI,2018,REG,1,2018-09-06,Thursday,20:20,ATL,12,PHI,18,Home,0,7,7,0,outdoors,grass,PHI00,Lincoln Financial Field
2018_01_BUF_BAL,2018,REG,1,2018-09-09,Sunday,13:00,BUF,3,BAL,47,Home,0,7,7,0,outdoors,grass,BAL00,M&T Bank Stadium
2018_01_CHI_GB,2018,REG,1,2018-09-09,Sunday,20:20,CHI,23,GB,24,Home,0,7,7,1,outdoors,grass,GNB00,Lambeau Field
2018_01_CIN_IND,2018,REG,1,2018-09-09,Sunday,13:00,CIN,34,IND,23,Home,0,7,7,0,closed,fieldturf,IND00,Lucas Oil Stadium
2018_01_DAL_CAR,2018,REG,1,2018-09-09,Sunday,16:25,DAL,8,CAR,16,Home,0,7,7,0,outdoors,grass,CAR00,Bank of America Stadium
2018_01_HOU_NE,2018,REG,1,2018-09-09,Sunday,13:00,HOU,20,NE,27,Home,0,7,7,0,outdoors,fieldturf,BOS00,Gillette Stadium
2018_01_JAX_NYG,2018,REG,1,2018-09-09,Sunday,13:00,JAX,20,NYG,15,Home,0,7,7,0,outdoors,fieldturf,NYC01,MetLife Stadium
2018_01_KC_LAC,2018,REG,1,2018-09-09,Sunday,16:05,KC,38,LAC,28,Home,0,7,7,1,outdoors,grass,LAX97,StubHub Center
2018_01_PIT_CLE,2018,REG,1,2018-09-09,Sunday,13:00,PIT,21,CLE,21,Home,1,7,7,1,outdoors,grass,CLE00,FirstEnergy Stadium
2018_01_SEA_DEN,2018,REG,1,2018-09-09,Sunday,16:25,SEA,24,DEN,27,Home,0,7,7,0,outdoors,grass,DEN00,Sports Authority Field at Mile High
2018_01_SF_MIN,2018,REG,1,2018-09-09,Sunday,13:00,SF,16,MIN,24,Home,0,7,7,0,dome,sportturf,MIN01,U.S. Bank Stadium
2018_01_TB_NO,2018,REG,1,2018-09-09,Sunday,13:00,TB,48,NO,40,Home,0,7,7,1,dome,sportturf,NOR00,Mercedes-Benz Superdome
2018_01_TEN_MIA,2018,REG,1,2018-09-09,Sunday,13:00,TEN,20,MIA,27,Home,0,7,7,0,outdoors,grass,MIA00,Hard Rock Stadium
2018_01_WAS_ARI,2018,REG,1,2018-09-09,Sunday,16:25,WAS,24,ARI,6,Home,0,7,7,0,closed,grass,PHO00,State Farm Stadium
2018_01_LA_OAK,2018,REG,1,2018-09-10,Monday,22:20,LA,33,OAK,13,Home,0,7,7,0,outdoors,grass,OAK00,Oakland-Alameda County Coliseum
2018_01_NYJ_DET,2018,REG,1,2018-09-10,Monday,19:10,NYJ,48,DET,17,Home,0,7,7,0,dome,fieldturf,DET00,Ford Field
2018_02_BAL_CIN,2018,REG,2,2018-09-13,Thursday,20:20,BAL,23,CIN,34,Home,0,4,4,1,outdoors,fieldturf,CIN00,Paul Brown Stadium
2018_02_ARI_LA,2018,REG,2,2018-09-16,Sunday,16:05,ARI,0,LA,34,Home,0,7,6,1,outdoors,grass,LAX99,Los Angeles Memorial Coliseum
2018_02_CAR_ATL,2018,REG,2,2018-09-16,Sunday,13:00,CAR,24,ATL,31,Home,0,7,10,1,closed,fieldturf,ATL97,Mercedes-Benz Stadium
2018_02_CLE_NO,2018,REG,2,2018-09-16,Sunday,13:00,CLE,18,NO,21,Home,0,7,7,0,dome,sportturf,NOR00,Mercedes-Benz Superdome
2018_02_DET_SF,2018,REG,2,2018-09-16,Sunday,16:05,DET,27,SF,30,Home,0,6,7,0,outdoors,grass,SFO01,Levi's Stadium
2018_02_HOU_TEN,2018,REG,2,2018-09-16,Sunday,13:00,HOU,17,TEN,20,Home,0,7,7,1,outdoors,grass,NAS00,Nissan Stadium
2018_02_IND_WAS,2018,REG,2,2018-09-16,Sunday,13:00,IND,21,WAS,9,Home,0,7,7,0,outdoors,grass,WAS00,FedExField
2018_02_KC_PIT,2018,REG,2,2018-09-16,Sunday,13:00,KC,42,PIT,37,Home,0,7,7,0,outdoors,grass,PIT00,Heinz Field
2018_02_LAC_BUF,2018,REG,2,2018-09-16,Sunday,13:00,LAC,31,BUF,20,Home,0,7,7,0,outdoors,a_turf,BUF00,New Era Field
2018_02_MIA_NYJ,2018,REG,2,2018-09-16,Sunday,13:00,MIA,20,NYJ,12,Home,0,7,6,1,outdoors,fieldturf,NYC01,MetLife Stadium
2018_02_MIN_GB,2018,REG,2,2018-09-16,Sunday,13:00,MIN,29,GB,29,Home,1,7,7,1,outdoors,grass,GNB00,Lambeau Field
2018_02_NE_JAX,2018,REG,2,2018-09-16,Sunday,16:25,NE,20,JAX,31,Home,0,7,7,0,outdoors,grass,JAX00,TIAA Bank Stadium
2018_02_NYG_DAL,2018,REG,2,2018-09-16,Sunday,20:20,NYG,13,DAL,20,Home,0,7,7,1,closed,matrixturf,DAL00,AT&T Stadium
2018_02_OAK_DEN,2018,REG,2,2018-09-16,Sunday,16:25,OAK,19,DEN,20,Home,0,6,7,1,outdoors,grass,DEN00,Sports Authority Field at Mile High
2018_02_PHI_TB,2018,REG,2,2018-09-16,Sunday,13:00,PHI,21,TB,27,Home,0,10,7,0,outdoors,grass,TAM00,Raymond James Stadium
2018_02_SEA_CHI,2018,REG,2,2018-09-17,Monday,20:15,SEA,17,CHI,24,Home,0,8,8,0,outdoors,grass,CHI98,Soldier Field
2018_03_NYJ_CLE,2018,REG,3,2018-09-20,Thursday,20:20,NYJ,17,CLE,21,Home,0,4,4,0,outdoors,grass,CLE00,FirstEnergy Stadium
2018_03_BUF_MIN,2018,REG,3,2018-09-23,Sunday,13:00,BUF,27,MIN,6,Home,0,7,7,0,dome,sportturf,MIN01,U.S. Bank Stadium
2018_03_CHI_ARI,2018,REG,3,2018-09-23,Sunday,16:25,CHI,16,ARI,14,Home,0,6,7,0,closed,grass,PHO00,State Farm Stadium
2018_03_CIN_CAR,2018,REG,3,2018-09-23,Sunday,13:00,CIN,21,CAR,31,Home,0,10,7,0,outdoors,grass,CAR00,Bank of America Stadium
2018_03_DAL_SEA,2018,REG,3,2018-09-23,Sunday,16:25,DAL,13,SEA,24,Home,0,7,6,0,outdoors,fieldturf,SEA00,CenturyLink Field
2018_03_DEN_BAL,2018,REG,3,2018-09-23,Sunday,13:00,DEN,14,BAL,27,Home,0,7,10,0,outdoors,grass,BAL00,M&T Bank Stadium
2018_03_GB_WAS,2018,REG,3,2018-09-23,Sunday,13:00,GB,17,WAS,31,Home,0,7,7,0,outdoors,grass,WAS00,FedExField
2018_03_IND_PHI,2018,REG,3,2018-09-23,Sunday,13:00,IND,16,PHI,20,Home,0,7,7,0,outdoors,grass,PHI00,Lincoln Financial Field
2018_03_LAC_LA,2018,REG,3,2018-09-23,Sunday,16:05,LAC,23,LA,35,Home,0,7,7,0,outdoors,grass,LAX99,Los Angeles Memorial Coliseum
2018_03_NE_DET,2018,REG,3,2018-09-23,Sunday,20:20,NE,10,DET,26,Home,0,7,7,0,dome,fieldturf,DET00,Ford Field
2018_03_NO_ATL,2018,REG,3,2018-09-23,Sunday,13:00,NO,43,ATL,37,Home,1,7,7,1,closed,fieldturf,ATL97,Mercedes-Benz Stadium
2018_03_NYG_HOU,2018,REG,3,2018-09-23,Sunday,13:00,NYG,27,HOU,22,Home,0,7,7,0,closed,astroturf,HOU00,NRG Stadium
2018_03_OAK_MIA,2018,REG,3,2018-09-23,Sunday,13:00,OAK,20,MIA,28,Home,0,7,7,0,outdoors,grass,MIA00,Hard Rock Stadium
2018_03_SF_KC,2018,REG,3,2018-09-23,Sunday,13:00,SF,27,KC,38,Home,0,7,7,0,outdoors,grass,KAN00,Arrowhead Stadium
2018_03_TEN_JAX,2018,REG,3,2018-09-23,Sunday,13:00,TEN,9,JAX,6,Home,0,7,7,1,outdoors,grass,JAX00,TIAA Bank Stadium
2018_03_PIT_TB,2018,REG,3,2018-09-24,Monday,20:15,PIT,30,TB,27,Home,0,8,8,0,outdoors,grass,TAM00,Raymond James Stadium
2018_04_MIN_LA,2018,REG,4,2018-09-27,Thursday,20:20,MIN,31,LA,38,Home,0,4,4,0,outdoors,grass,LAX99,Los Angeles Memorial Coliseum
2018_04_BAL_PIT,2018,REG,4,2018-09-30,Sunday,20:20,BAL,26,PIT,14,Home,0,7,6,1,outdoors,grass,PIT00,Heinz Field
2018_04_BUF_GB,2018,REG,4,2018-09-30,Sunday,13:00,BUF,0,GB,22,Home,0,7,7,0,outdoors,grass,GNB00,Lambeau Field
2018_04_CIN_ATL,2018,REG,4,2018-09-30,Sunday,13:00,CIN,37,ATL,36,Home,0,7,7,0,closed,fieldturf,ATL97,Mercedes-Benz Stadium
2018_04_CLE_OAK,2018,REG,4,2018-09-30,Sunday,16:05,CLE,42,OAK,45,Home,1,10,7,0,outdoors,grass,OAK00,Oakland-Alameda County Coliseum
2018_04_DET_DAL,2018,REG,4,2018-09-30,Sunday,13:00,DET,24,DAL,26,Home,0,7,7,0,closed,matrixturf,DAL00,AT&T Stadium
2018_04_HOU_IND,2018,REG,4,2018-09-30,Sunday,13:00,HOU,37,IND,34,Home,1,7,7,1,closed,fieldturf,IND00,Lucas Oil Stadium
2018_04_MIA_NE,2018,REG,4,2018-09-30,Sunday,13:00,MIA,7,NE,38,Home,0,7,7,1,outdoors,fieldturf,BOS00,Gillette Stadium
2018_04_NO_NYG,2018,REG,4,2018-09-30,Sunday,16:25,NO,33,NYG,18,Home,0,7,7,0,outdoors,fieldturf,NYC01,MetLife Stadium
2018_04_NYJ_JAX,2018,REG,4,2018-09-30,Sunday,13:00,NYJ,12,JAX,31,Home,0,10,7,0,outdoors,grass,JAX00,TIAA Bank Stadium
2018_04_PHI_TEN,2018,REG,4,2018-09-30,Sunday,13:00,PHI,23,TEN,26,Home,1,7,7,0,outdoors,grass,NAS00,Nissan Stadium
2018_04_SEA_ARI,2018,REG,4,2018-09-30,Sunday,16:05,SEA,20,ARI,17,Home,0,7,7,1,closed,grass,PHO00,State Farm Stadium
2018_04_SF_LAC,2018,REG,4,2018-09-30,Sunday,16:25,SF,27,LAC,29,Home,0,7,7,0,outdoors,grass,LAX97,StubHub Center
2018_04_TB_CHI,2018,REG,4,2018-09-30,Sunday,13:00,TB,10,CHI,48,Home,0,6,7,0,outdoors,grass,CHI98,Soldier Field
2018_04_KC_DEN,2018,REG,4,2018-10-01,Monday,20:15,KC,27,DEN,23,Home,0,8,8,1,outdoors,grass,DEN00,Sports Authority Field at Mile High
2018_05_IND_NE,2018,REG,5,2018-10-04,Thursday,20:20,IND,24,NE,38,Home,0,4,4,0,outdoors,fieldturf,BOS00,Gillette Stadium
2018_05_ARI_SF,2018,REG,5,2018-10-07,Sunday,16:25,ARI,28,SF,18,Home,0,7,7,1,outdoors,grass,SFO01,Levi's Stadium
2018_05_ATL_PIT,2018,REG,5,2018-10-07,Sunday,13:00,ATL,17,PIT,41,Home,0,7,7,0,outdoors,grass,PIT00,Heinz Field
2018_05_BAL_CLE,2018,REG,5,2018-10-07,Sunday,13:00,BAL,9,CLE,12,Home,1,7,7,1,outdoors,grass,CLE00,FirstEnergy Stadium
2018_05_DAL_HOU,2018,REG,5,2018-10-07,Sunday,20:20,DAL,16,HOU,19,Home,1,7,7,0,closed,astroturf,HOU00,NRG Stadium
2018_05_DEN_NYJ,2018,REG,5,2018-10-07,Sunday,13:00,DEN,16,NYJ,34,Home,0,6,7,0,outdoors,fieldturf,NYC01,MetLife Stadium
2018_05_GB_DET,2018,REG,5,2018-10-07,Sunday,13:00,GB,23,DET,31,Home,0,7,7,1,dome,fieldturf,DET00,Ford Field
2018_05_JAX_KC,2018,REG,5,2018-10-07,Sunday,13:00,JAX,14,KC,30,Home,0,7,6,0,outdoors,grass,KAN00,Arrowhead Stadium
2018_05_LA_SEA,2018,REG,5,2018-10-07,Sunday,16:25,LA,33,SEA,31,Home,0,10,7,1,outdoors,fieldturf,SEA00,CenturyLink Field
2018_05_MIA_CIN,2018,REG,5,2018-10-07,Sunday,13:00,MIA,17,CIN,27,Home,0,7,7,0,outdoors,fieldturf,CIN00,Paul Brown Stadium
2018_05_MIN_PHI,2018,REG,5,2018-10-07,Sunday,16:25,MIN,23,PHI,21,Home,0,10,7,0,outdoors,grass,PHI00,Lincoln Financial Field
2018_05_NYG_CAR,2018,REG,5,2018-10-07,Sunday,13:00,NYG,31,CAR,33,Home,0,7,14,0,outdoors,grass,CAR00,Bank of America Stadium
2018_05_OAK_LAC,2018,REG,5,2018-10-07,Sunday,16:05,OAK,10,LAC,26,Home,0,7,7,1,outdoors,grass,LAX97,StubHub Center
2018_05_TEN_BUF,2018,REG,5,2018-10-07,Sunday,13:00,TEN,12,BUF,13,Home,0,7,7,0,outdoors,a_turf,BUF00,New Era Field
2018_05_WAS_NO,2018,REG,5,2018-10-08,Monday,20:15,WAS,19,NO,43,Home,0,15,8,0,dome,sportturf,NOR00,Mercedes-Benz Superdome
2018_06_PHI_NYG,2018,REG,6,2018-10-11,Thursday,20:20,PHI,34,NYG,13,Home,0,4,4,1,outdoors,fieldturf,NYC01,MetLife Stadium
2018_06_ARI_MIN,2018,REG,6,2018-10-14,Sunday,13:00,ARI,17,MIN,27,Home,0,7,7,0,dome,sportturf,MIN01,U.S. Bank Stadium
2018_06_BAL_TEN,2018,REG,6,2018-10-14,Sunday,16:25,BAL,21,TEN,0,Home,0,7,7,0,outdoors,grass,NAS00,Nissan Stadium
2018_06_BUF_HOU,2018,REG,6,2018-10-14,Sunday,13:00,BUF,13,HOU,20,Home,0,7,7,0,closed,astroturf,HOU00,NRG Stadium
2018_06_CAR_WAS,2018,REG,6,2018-10-14,Sunday,13:00,CAR,17,WAS,23,Home,0,7,6,0,outdoors,grass,WAS00,FedExField
2018_06_CHI_MIA,2018,REG,6,2018-10-14,Sunday,13:00,CHI,28,MIA,31,Home,1,14,7,0,outdoors,grass,MIA00,Hard Rock Stadium
2018_06_IND_NYJ,2018,REG,6,2018-10-14,Sunday,13:00,IND,34,NYJ,42,Home,0,10,7,0,outdoors,fieldturf,NYC01,MetLife Stadium
2018_06_JAX_DAL,2018,REG,6,2018-10-14,Sunday,16:25,JAX,7,DAL,40,Home,0,7,7,0,closed,matrixturf,DAL00,AT&T Stadium
2018_06_KC_NE,2018,REG,6,2018-10-14,Sunday,20:20,KC,40,NE,43,Home,0,7,10,0,outdoors,fieldturf,BOS00,Gillette Stadium
2018_06_LAC_CLE,2018,REG,6,2018-10-14,Sunday,13:00,LAC,38,CLE,14,Home,0,7,7,0,outdoors,grass,CLE00,FirstEnergy Stadium
2018_06_LA_DEN,2018,REG,6,2018-10-14,Sunday,16:05,LA,23,DEN,20,Home,0,7,7,0,outdoors,grass,DEN00,Sports Authority Field at Mile High
2018_06_PIT_CIN,2018,REG,6,2018-10-14,Sunday,13:00,PIT,28,CIN,21,Home,0,7,7,1,outdoors,fieldturf,CIN00,Paul Brown Stadium
2018_06_SEA_OAK,2018,REG,6,2018-10-14,Sunday,13:00,SEA,27,OAK,3,Neutral,0,7,7,0,outdoors,grass,LON00,Wembley Stadium
2018_06_TB_ATL,2018,REG,6,2018-10-14,Sunday,13:00,TB,29,ATL,34,Home,0,14,7,1,open,fieldturf,ATL97,Mercedes-Benz Stadium
2018_06_SF_GB,2018,REG,6,2018-10-15,Monday,20:15,SF,30,GB,33,Home,0,8,8,0,outdoors,grass,GNB00,Lambeau Field
2018_07_DEN_ARI,2018,REG,7,2018-10-18,Thursday,20:20,DEN,45,ARI,10,Home,0,4,4,0,closed,grass,PHO00,State Farm Stadium
2018_07_BUF_IND,2018,REG,7,2018-10-21,Sunday,13:00,BUF,5,IND,37,Home,0,7,7,0,closed,fieldturf,IND00,Lucas Oil Stadium
2018_07_CAR_PHI,2018,REG,7,2018-10-21,Sunday,13:00,CAR,21,PHI,17,Home,0,7,10,0,outdoors,grass,PHI00,Lincoln Financial Field
2018_07_CIN_KC,2018,REG,7,2018-10-21,Sunday,20:20,CIN,10,KC,45,Home,0,7,7,0,outdoors,grass,KAN00,Arrowhead Stadium
2018_07_CLE_TB,2018,REG,7,2018-10-21,Sunday,13:00,CLE,23,TB,26,Home,1,7,7,0,outdoors,grass,TAM00,Raymond James Stadium
2018_07_DAL_WAS,2018,REG,7,2018-10-21,Sunday,16:25,DAL,17,WAS,20,Home,0,7,7,1,outdoors,grass,WAS00,FedExField
2018_07_DET_MIA,2018,REG,7,2018-10-21,Sunday,13:00,DET,32,MIA,21,Home,0,14,7,0,outdoors,grass,MIA00,Hard Rock Stadium
2018_07_HOU_JAX,2018,REG,7,2018-10-21,Sunday,13:00,HOU,20,JAX,7,Home,0,7,7,1,outdoors,grass,JAX00,TIAA Bank Stadium
2018_07_LA_SF,2018,REG,7,2018-10-21,Sunday,16:25,LA,39,SF,10,Home,0,7,6,1,outdoors,grass,SFO01,Levi's Stadium
2018_07_MIN_NYJ,2018,REG,7,2018-10-21,Sunday,13:00,MIN,37,NYJ,17,Home,0,7,7,0,outdoors,fieldturf,NYC01,MetLife Stadium
2018_07_NE_CHI,2018,REG,7,2018-10-21,Sunday,13:00,NE,38,CHI,31,Home,0,7,7,0,outdoors,grass,CHI98,Soldier Field
2018_07_NO_BAL,2018,REG,7,2018-10-21,Sunday,16:05,NO,24,BAL,23,Home,0,13,7,0,outdoors,grass,BAL00,M&T Bank Stadium
2018_07_TEN_LAC,2018,REG,7,2018-10-21,Sunday,21:30,TEN,19,LAC,20,Neutral,0,7,7,0,outdoors,grass,LON00,Wembley Stadium
2018_07_NYG_ATL,2018,REG,7,2018-10-22,Monday,20:15,NYG,20,ATL,23,Home,0,11,8,0,open,fieldturf,ATL97,Mercedes-Benz Stadium
2018_08_MIA_HOU,2018,REG,8,2018-10-25,Thursday,20:20,MIA,23,HOU,42,Home,0,4,4,0,closed,astroturf,HOU00,NRG Stadium
2018_08_BAL_CAR,2018,REG,8,2018-10-28,Sunday,13:00,BAL,21,CAR,36,Home,0,7,7,0,outdoors,grass,CAR00,Bank of America Stadium
2018_08_CLE_PIT,2018,REG,8,2018-10-28,Sunday,13:00,CLE,18,PIT,33,Home,0,7,14,1,outdoors,grass,PIT00,Heinz Field
2018_08_DEN_KC,2018,REG,8,2018-10-28,Sunday,13:00,DEN,23,KC,30,Home,0,10,7,1,outdoors,grass,KAN00,Arrowhead Stadium
2018_08_GB_LA,2018,REG,8,2018-10-28,Sunday,16:25,GB,27,LA,29,Home,0,13,7,0,outdoors,grass,LAX99,Los Angeles Memorial Coliseum
2018_08_IND_OAK,2018,REG,8,2018-10-28,Sunday,16:05,IND,42,OAK,28,Home,0,7,14,0,outdoors,grass,OAK00,Oakland-Alameda County Coliseum
2018_08_NO_MIN,2018,REG,8,2018-10-28,Sunday,20:20,NO,30,MIN,20,Home,0,7,7,0,dome,sportturf,MIN01,U.S. Bank Stadium
2018_08_NYJ_CHI,2018,REG,8,2018-10-28,Sunday,13:00,NYJ,10,CHI,24,Home,0,7,7,0,outdoors,grass,CHI98,Soldier Field
2018_08_PHI_JAX,2018,REG,8,2018-10-28,Sunday,21:30,PHI,24,JAX,18,Neutral,0,7,7,0,outdoors,grass,LON00,Wembley Stadium
2018_08_SEA_DET,2018,REG,8,2018-10-28,Sunday,13:00,SEA,28,DET,14,Home,0,14,7,0,dome,fieldturf,DET00,Ford Field
2018_08_SF_ARI,2018,REG,8,2018-10-28,Sunday,16:25,SF,15,ARI,18,Home,0,7,10,1,closed,grass,PHO00,State Farm Stadium
2018_08_TB_CIN,2018,REG,8,2018-10-28,Sunday,13:00,TB,34,CIN,37,Home,0,7,7,0,outdoors,fieldturf,CIN00,Paul Brown Stadium
2018_08_WAS_NYG,2018,REG,8,2018-10-28,Sunday,13:00,WAS,20,NYG,13,Home,0,7,6,1,outdoors,fieldturf,NYC01,MetLife Stadium
2018_08_NE_BUF,2018,REG,8,2018-10-29,Monday,20:15,NE,25,BUF,6,Home,0,8,8,1,outdoors,a_turf,BUF00,New Era Field
2018_09_OAK_SF,2018,REG,9,2018-11-01,Thursday,20:20,OAK,3,SF,34,Home,0,4,4,0,outdoors,grass,SFO01,Levi's Stadium
2018_09_ATL_WAS,2018,REG,9,2018-11-04,Sunday,13:00,ATL,38,WAS,14,Home,0,13,7,0,outdoors,grass,WAS00,FedExField
2018_09_CHI_BUF,2018,REG,9,2018-11-04,Sunday,13:00,CHI,41,BUF,9,Home,0,7,6,0,outdoors,a_turf,BUF00,New Era Field
2018_09_DET_MIN,2018,REG,9,2018-11-04,Sunday,13:00,DET,9,MIN,24,Home,0,7,7,1,dome,sportturf,MIN01,U.S. Bank Stadium
2018_09_GB_NE,2018,REG,9,2018-11-04,Sunday,20:20,GB,17,NE,31,Home,0,7,6,0,outdoors,fieldturf,BOS00,Gillette Stadium
2018_09_HOU_DEN,2018,REG,9,2018-11-04,Sunday,16:05,HOU,19,DEN,17,Home,0,10,7,0,outdoors,grass,DEN00,Sports Authority Field at Mile High
2018_09_KC_CLE,2018,REG,9,2018-11-04,Sunday,13:00,KC,37,CLE,21,Home,0,7,7,0,outdoors,grass,CLE00,FirstEnergy Stadium
2018_09_LAC_SEA,2018,REG,9,2018-11-04,Sunday,16:05,LAC,25,SEA,17,Home,0,14,7,0,outdoors,fieldturf,SEA00,CenturyLink Field
2018_09_LA_NO,2018,REG,9,2018-11-04,Sunday,16:25,LA,35,NO,45,Home,0,7,7,0,dome,sportturf,NOR00,Mercedes-Benz Superdome
2018_09_NYJ_MIA,2018,REG,9,2018-11-04,Sunday,13:00,NYJ,6,MIA,13,Home,0,7,10,1,outdoors,grass,MIA00,Hard Rock Stadium
2018_09_PIT_BAL,2018,REG,9,2018-11-04,Sunday,13:00,PIT,23,BAL,16,Home,0,7,7,1,outdoors,grass,BAL00,M&T Bank Stadium
2018_09_TB_CAR,2018,REG,9,2018-11-04,Sunday,13:00,TB,28,CAR,42,Home,0,7,7,1,outdoors,grass,CAR00,Bank of America Stadium
2018_09_TEN_DAL,2018,REG,9,2018-11-05,Monday,20:15,TEN,28,DAL,14,Home,0,15,15,0,closed,matrixturf,DAL00,AT&T Stadium
2018_10_CAR_PIT,2018,REG,10,2018-11-08,Thursday,20:20,CAR,21,PIT,52,Home,0,4,4,0,outdoors,grass,PIT00,Heinz Field
2018_10_ARI_KC,2018,REG,10,2018-11-11,Sunday,13:00,ARI,14,KC,26,Home,0,14,7,0,outdoors,grass,KAN00,Arrowhead Stadium
2018_10_ATL_CLE,2018,REG,10,2018-11-11,Sunday,13:00,ATL,16,CLE,28,Home,0,7,7,0,outdoors,grass,CLE00,FirstEnergy Stadium
2018_10_BUF_NYJ,2018,REG,10,2018-11-11,Sunday,13:00,BUF,41,NYJ,10,Home,0,7,7,1,outdoors,fieldturf,NYC01,MetLife Stadium
2018_10_DAL_PHI,2018,REG,10,2018-11-11,Sunday,20:20,DAL,27,PHI,20,Home,0,6,14,1,outdoors,grass,PHI00,Lincoln Financial Field
2018_10_DET_CHI,2018,REG,10,2018-11-11,Sunday,13:00,DET,22,CHI,34,Home,0,7,7,1,outdoors,grass,CHI98,Soldier Field
2018_10_JAX_IND,2018,REG,10,2018-11-11,Sunday,13:00,JAX,26,IND,29,Home,0,14,14,1,closed,fieldturf,IND00,Lucas Oil Stadium
2018_10_LAC_OAK,2018,REG,10,2018-11-11,Sunday,16:05,LAC,20,OAK,6,Home,0,7,10,1,outdoors,grass,OAK00,Oakland-Alameda County Coliseum
2018_10_MIA_GB,2018,REG,10,2018-11-11,Sunday,16:25,MIA,12,GB,31,Home,0,7,7,0,outdoors,grass,GNB00,Lambeau Field
2018_10_NE_TEN,2018,REG,10,2018-11-11,Sunday,13:00,NE,10,TEN,34,Home,0,7,6,0,outdoors,grass,NAS00,Nissan Stadium
2018_10_NO_CIN,2018,REG,10,2018-11-11,Sunday,13:00,NO,51,CIN,14,Home,0,7,14,0,outdoors,fieldturf,CIN00,Paul Brown Stadium
2018_10_SEA_LA,2018,REG,10,2018-11-11,Sunday,16:25,SEA,31,LA,36,Home,0,7,7,1,outdoors,grass,LAX99,Los Angeles Memorial Coliseum
2018_10_WAS_TB,2018,REG,10,2018-11-11,Sunday,13:00,WAS,16,TB,3,Home,0,7,7,0,outdoors,grass,TAM00,Raymond James Stadium
2018_10_NYG_SF,2018,REG,10,2018-11-12,Monday,20:15,NYG,27,SF,23,Home,0,15,11,0,outdoors,grass,SFO01,Levi's Stadium
2018_11_GB_SEA,2018,REG,11,2018-11-15,Thursday,20:20,GB,24,SEA,27,Home,0,4,4,0,outdoors,fieldturf,SEA00,CenturyLink Field
2018_11_CAR_DET,2018,REG,11,2018-11-18,Sunday,13:00,CAR,19,DET,20,Home,0,10,7,0,dome,fieldturf,DET00,Ford Field
2018_11_CIN_BAL,2018,REG,11,2018-11-18,Sunday,13:00,CIN,21,BAL,24,Home,0,7,14,1,outdoors,grass,BAL00,M&T Bank Stadium
2018_11_DAL_ATL,2018,REG,11,2018-11-18,Sunday,13:00,DAL,22,ATL,19,Home,0,7,7,0,open,fieldturf,ATL97,Mercedes-Benz Stadium
2018_11_DEN_LAC,2018,REG,11,2018-11-18,Sunday,16:05,DEN,23,LAC,22,Home,0,14,7,1,outdoors,grass,LAX97,StubHub Center
2018_11_HOU_WAS,2018,REG,11,2018-11-18,Sunday,13:00,HOU,23,WAS,21,Home,0,14,7,0,outdoors,grass,WAS00,FedExField
2018_11_MIN_CHI,2018,REG,11,2018-11-18,Sunday,20:20,MIN,20,CHI,25,Home,0,14,7,1,outdoors,grass,CHI98,Soldier Field
2018_11_OAK_ARI,2018,REG,11,2018-11-18,Sunday,16:05,OAK,23,ARI,21,Home,0,7,7,0,closed,grass,PHO00,State Farm Stadium
2018_11_PHI_NO,2018,REG,11,2018-11-18,Sunday,16:25,PHI,7,NO,48,Home,0,7,7,0,dome,sportturf,NOR00,Mercedes-Benz Superdome
2018_11_PIT_JAX,2018,REG,11,2018-11-18,Sunday,13:00,PIT,20,JAX,16,Home,0,10,7,0,outdoors,grass,JAX00,TIAA Bank Stadium
2018_11_TB_NYG,2018,REG,11,2018-11-18,Sunday,13:00,TB,35,NYG,38,Home,0,7,6,0,outdoors,fieldturf,NYC01,MetLife Stadium
2018_11_TEN_IND,2018,REG,11,2018-11-18,Sunday,13:00,TEN,10,IND,38,Home,0,7,7,1,closed,fieldturf,IND00,Lucas Oil Stadium
2018_11_KC_LA,2018,REG,11,2018-11-19,Monday,20:15,KC,51,LA,54,Home,0,8,8,0,outdoors,grass,LAX99,Los Angeles Memorial Coliseum
2018_12_ATL_NO,2018,REG,12,2018-11-22,Thursday,20:20,ATL,17,NO,31,Home,0,4,4,1,dome,sportturf,NOR00,Mercedes-Benz Superdome
2018_12_CHI_DET,2018,REG,12,2018-11-22,Thursday,12:30,CHI,23,DET,16,Home,0,4,4,1,dome,fieldturf,DET00,Ford Field
2018_12_WAS_DAL,2018,REG,12,2018-11-22,Thursday,16:30,WAS,23,DAL,31,Home,0,4,4,1,closed,matrixturf,DAL00,AT&T Stadium
2018_12_ARI_LAC,2018,REG,12,2018-11-25,Sunday,16:05,ARI,10,LAC,45,Home,0,7,7,0,outdoors,grass,LAX97,StubHub Center
2018_12_CLE_CIN,2018,REG,12,2018-11-25,Sunday,13:00,CLE,35,CIN,20,Home,0,14,7,1,outdoors,fieldturf,CIN00,Paul Brown Stadium
2018_12_GB_MIN,2018,REG,12,2018-11-25,Sunday,20:20,GB,17,MIN,24,Home,0,10,7,1,dome,sportturf,MIN01,U.S. Bank Stadium
2018_12_JAX_BUF,2018,REG,12,2018-11-25,Sunday,13:00,JAX,21,BUF,24,Home,0,7,14,0,outdoors,a_turf,BUF00,New Era Field
2018_12_MIA_IND,2018,REG,12,2018-11-25,Sunday,16:25,MIA,24,IND,27,Home,0,14,7,0,closed,fieldturf,IND00,Lucas Oil Stadium
2018_12_NE_NYJ,2018,REG,12,2018-11-25,Sunday,13:00,NE,27,NYJ,13,Home,0,14,14,1,outdoors,fieldturf,NYC01,MetLife Stadium
2018_12_NYG_PHI,2018,REG,12,2018-11-25,Sunday,13:00,NYG,22,PHI,25,Home,0,7,7,1,outdoors,grass,PHI00,Lincoln Financial Field
2018_12_OAK_BAL,2018,REG,12,2018-11-25,Sunday,13:00,OAK,17,BAL,34,Home,0,7,7,0,outdoors,grass,BAL00,M&T Bank Stadium
2018_12_PIT_DEN,2018,REG,12,2018-11-25,Sunday,16:25,PIT,17,DEN,24,Home,0,7,7,0,outdoors,grass,DEN00,Sports Authority Field at Mile High
2018_12_SEA_CAR,2018,REG,12,2018-11-25,Sunday,13:00,SEA,30,CAR,27,Home,0,10,7,0,outdoors,grass,CAR00,Bank of America Stadium
2018_12_SF_TB,2018,REG,12,2018-11-25,Sunday,13:00,SF,9,TB,27,Home,0,13,7,0,outdoors,grass,TAM00,Raymond James Stadium
2018_12_TEN_HOU,2018,REG,12,2018-11-26,Monday,20:15,TEN,17,HOU,34,Home,0,8,8,1,closed,astroturf,HOU00,NRG Stadium
2018_13_NO_DAL,2018,REG,13,2018-11-29,Thursday,20:20,NO,10,DAL,13,Home,0,7,7,0,closed,matrixturf,DAL00,AT&T Stadium
2018_13_ARI_GB,2018,REG,13,2018-12-02,Sunday,13:00,ARI,20,GB,17,Home,0,7,7,0,outdoors,grass,GNB00,Lambeau Field
2018_13_BAL_ATL,2018,REG,13,2018-12-02,Sunday,13:00,BAL,26,ATL,16,Home,0,7,10,0,open,fieldturf,ATL97,Mercedes-Benz Stadium
2018_13_BUF_MIA,2018,REG,13,2018-12-02,Sunday,13:00,BUF,17,MIA,21,Home,0,7,7,1,outdoors,grass,MIA00,Hard Rock Stadium
2018_13_CAR_TB,2018,REG,13,2018-12-02,Sunday,13:00,CAR,17,TB,24,Home,0,7,7,1,outdoors,grass,TAM00,Raymond James Stadium
2018_13_CHI_NYG,2018,REG,13,2018-12-02,Sunday,13:00,CHI,27,NYG,30,Home,1,10,7,0,outdoors,fieldturf,NYC01,MetLife Stadium
2018_13_CLE_HOU,2018,REG,13,2018-12-02,Sunday,13:00,CLE,13,HOU,29,Home,0,7,6,0,closed,astroturf,HOU00,NRG Stadium
2018_13_DEN_CIN,2018,REG,13,2018-12-02,Sunday,13:00,DEN,24,CIN,10,Home,0,7,7,0,outdoors,fieldturf,CIN00,Paul Brown Stadium
2018_13_IND_JAX,2018,REG,13,2018-12-02,Sunday,13:00,IND,0,JAX,6,Home,0,7,7,1,outdoors,grass,JAX00,TIAA Bank Stadium
2018_13_KC_OAK,2018,REG,13,2018-12-02,Sunday,16:05,KC,40,OAK,33,Home,0,13,7,1,outdoors,grass,OAK00,Oakland-Alameda County Coliseum
2018_13_LAC_PIT,2018,REG,13,2018-12-02,Sunday,20:20,LAC,33,PIT,30,Home,0,7,7,0,outdoors,grass,PIT00,Heinz Field
2018_13_LA_DET,2018,REG,13,2018-12-02,Sunday,13:00,LA,30,DET,16,Home,0,13,10,0,dome,fieldturf,DET00,Ford Field
2018_13_MIN_NE,2018,REG,13,2018-12-02,Sunday,16:25,MIN,10,NE,24,Home,0,7,7,0,outdoors,fieldturf,BOS00,Gillette Stadium
2018_13_NYJ_TEN,2018,REG,13,2018-12-02,Sunday,16:05,NYJ,22,TEN,26,Home,0,7,6,0,outdoors,grass,NAS00,Nissan Stadium
2018_13_SF_SEA,2018,REG,13,2018-12-02,Sunday,16:25,SF,16,SEA,43,Home,0,7,7,1,outdoors,fieldturf,SEA00,CenturyLink Field
2018_13_WAS_PHI,2018,REG,13,2018-12-03,Monday,20:15,WAS,13,PHI,28,Home,0,11,8,1,outdoors,grass,PHI00,Lincoln Financial Field
2018_14_JAX_TEN,2018,REG,14,2018-12-06,Thursday,20:20,JAX,9,TEN,30,Home,0,4,4,1,outdoors,grass,NAS00,Nissan Stadium
2018_14_ATL_GB,2018,REG,14,2018-12-09,Sunday,13:00,ATL,20,GB,34,Home,0,7,7,0,outdoors,grass,GNB00,Lambeau Field
2018_14_BAL_KC,2018,REG,14,2018-12-09,Sunday,13:00,BAL,24,KC,27,Home,1,7,7,0,outdoors,grass,KAN00,Arrowhead Stadium
2018_14_CAR_CLE,2018,REG,14,2018-12-09,Sunday,13:00,CAR,20,CLE,26,Home,0,7,7,0,outdoors,grass,CLE00,FirstEnergy Stadium
2018_14_CIN_LAC,2018,REG,14,2018-12-09,Sunday,16:05,CIN,21,LAC,26,Home,0,7,7,0,outdoors,grass,LAX97,StubHub Center
2018_14_DEN_SF,2018,REG,14,2018-12-09,Sunday,16:05,DEN,14,SF,20,Home,0,7,7,0,outdoors,grass,SFO01,Levi's Stadium
2018_14_DET_ARI,2018,REG,14,2018-12-09,Sunday,16:25,DET,17,ARI,3,Home,0,7,7,0,closed,grass,PHO00,State Farm Stadium
2018_14_IND_HOU,2018,REG,14,2018-12-09,Sunday,13:00,IND,24,HOU,21,Home,0,7,7,1,closed,astroturf,HOU00,NRG Stadium
2018_14_LA_CHI,2018,REG,14,2018-12-09,Sunday,20:20,LA,6,CHI,15,Home,0,7,7,0,outdoors,grass,CHI98,Soldier Field
2018_14_NE_MIA,2018,REG,14,2018-12-09,Sunday,13:00,NE,33,MIA,34,Home,0,7,7,1,outdoors,grass,MIA00,Hard Rock Stadium
2018_14_NO_TB,2018,REG,14,2018-12-09,Sunday,13:00,NO,28,TB,14,Home,0,10,7,1,outdoors,grass,TAM00,Raymond James Stadium
2018_14_NYG_WAS,2018,REG,14,2018-12-09,Sunday,13:00,NYG,40,WAS,16,Home,0,7,6,1,outdoors,grass,WAS00,FedExField
2018_14_NYJ_BUF,2018,REG,14,2018-12-09,Sunday,13:00,NYJ,27,BUF,23,Home,0,7,7,1,outdoors,a_turf,BUF00,New Era Field
2018_14_PHI_DAL,2018,REG,14,2018-12-09,Sunday,16:25,PHI,23,DAL,29,Home,1,6,10,1,closed,matrixturf,DAL00,AT&T Stadium
2018_14_PIT_OAK,2018,REG,14,2018-12-09,Sunday,16:25,PIT,21,OAK,24,Home,0,7,7,0,outdoors,grass,OAK00,Oakland-Alameda County Coliseum
2018_14_MIN_SEA,2018,REG,14,2018-12-10,Monday,20:15,MIN,7,SEA,21,Home,0,8,8,0,outdoors,fieldturf,SEA00,CenturyLink Field
2018_15_LAC_KC,2018,REG,15,2018-12-13,Thursday,20:20,LAC,29,KC,28,Home,0,4,4,1,outdoors,grass,KAN00,Arrowhead Stadium
2018_15_CLE_DEN,2018,REG,15,2018-12-15,Saturday,20:20,CLE,17,DEN,16,Home,0,6,6,0,outdoors,grass,DEN00,Sports Authority Field at Mile High
2018_15_HOU_NYJ,2018,REG,15,2018-12-15,Saturday,16:30,HOU,29,NYJ,22,Home,0,6,6,0,outdoors,fieldturf,NYC01,MetLife Stadium
2018_15_ARI_ATL,2018,REG,15,2018-12-16,Sunday,13:00,ARI,14,ATL,40,Home,0,7,7,0,closed,fieldturf,ATL97,Mercedes-Benz Stadium
2018_15_DAL_IND,2018,REG,15,2018-12-16,Sunday,13:00,DAL,0,IND,23,Home,0,7,7,0,closed,fieldturf,IND00,Lucas Oil Stadium
2018_15_DET_BUF,2018,REG,15,2018-12-16,Sunday,13:00,DET,13,BUF,14,Home,0,7,7,0,outdoors,a_turf,BUF00,New Era Field
2018_15_GB_CHI,2018,REG,15,2018-12-16,Sunday,13:00,GB,17,CHI,24,Home,0,7,7,1,outdoors,grass,CHI98,Soldier Field
2018_15_MIA_MIN,2018,REG,15,2018-12-16,Sunday,13:00,MIA,17,MIN,41,Home,0,7,6,0,dome,sportturf,MIN01,U.S. Bank Stadium
2018_15_NE_PIT,2018,REG,15,2018-12-16,Sunday,16:25,NE,10,PIT,17,Home,0,7,7,0,outdoors,grass,PIT00,Heinz Field
2018_15_OAK_CIN,2018,REG,15,2018-12-16,Sunday,13:00,OAK,16,CIN,30,Home,0,7,7,0,outdoors,fieldturf,CIN00,Paul Brown Stadium
2018_15_PHI_LA,2018,REG,15,2018-12-16,Sunday,20:20,PHI,30,LA,23,Home,0,7,7,0,outdoors,grass,LAX99,Los Angeles Memorial Coliseum
2018_15_SEA_SF,2018,REG,15,2018-12-16,Sunday,16:05,SEA,23,SF,26,Home,1,6,7,1,outdoors,grass,SFO01,Levi's Stadium
2018_15_TB_BAL,2018,REG,15,2018-12-16,Sunday,13:00,TB,12,BAL,20,Home,0,7,7,0,outdoors,grass,BAL00,M&T Bank Stadium
2018_15_TEN_NYG,2018,REG,15,2018-12-16,Sunday,13:00,TEN,17,NYG,0,Home,0,10,7,0,outdoors,fieldturf,NYC01,MetLife Stadium
2018_15_WAS_JAX,2018,REG,15,2018-12-16,Sunday,13:00,WAS,16,JAX,13,Home,0,7,10,0,outdoors,grass,JAX00,TIAA Bank Stadium
2018_15_NO_CAR,2018,REG,15,2018-12-17,Monday,20:15,NO,12,CAR,9,Home,0,8,8,1,outdoors,grass,CAR00,Bank of America Stadium
2018_16_BAL_LAC,2018,REG,16,2018-12-22,Saturday,20:20,BAL,22,LAC,10,Home,0,6,9,0,outdoors,grass,LAX97,StubHub Center
2018_16_WAS_TEN,2018,REG,16,2018-12-22,Saturday,16:30,WAS,16,TEN,25,Home,0,6,6,0,outdoors,grass,NAS00,Nissan Stadium
2018_16_ATL_CAR,2018,REG,16,2018-12-23,Sunday,13:00,ATL,24,CAR,10,Home,0,7,6,1,outdoors,grass,CAR00,Bank of America Stadium
2018_16_BUF_NE,2018,REG,16,2018-12-23,Sunday,13:00,BUF,12,NE,24,Home,0,7,7,1,outdoors,fieldturf,BOS00,Gillette Stadium
2018_16_CHI_SF,2018,REG,16,2018-12-23,Sunday,16:05,CHI,14,SF,9,Home,0,7,7,0,outdoors,grass,SFO01,Levi's Stadium
2018_16_CIN_CLE,2018,REG,16,2018-12-23,Sunday,13:00,CIN,18,CLE,26,Home,0,7,8,1,outdoors,grass,CLE00,FirstEnergy Stadium
2018_16_GB_NYJ,2018,REG,16,2018-12-23,Sunday,13:00,GB,44,NYJ,38,Home,1,7,8,0,outdoors,fieldturf,NYC01,MetLife Stadium
2018_16_HOU_PHI,2018,REG,16,2018-12-23,Sunday,13:00,HOU,30,PHI,32,Home,0,8,7,0,outdoors,grass,PHI00,Lincoln Financial Field
2018_16_JAX_MIA,2018,REG,16,2018-12-23,Sunday,13:00,JAX,17,MIA,7,Home,0,7,7,0,outdoors,grass,MIA00,Hard Rock Stadium
2018_16_KC_SEA,2018,REG,16,2018-12-23,Sunday,20:20,KC,31,SEA,38,Home,0,10,7,0,outdoors,fieldturf,SEA00,CenturyLink Field
2018_16_LA_ARI,2018,REG,16,2018-12-23,Sunday,16:05,LA,31,ARI,9,Home,0,7,7,1,closed,grass,PHO00,State Farm Stadium
2018_16_MIN_DET,2018,REG,16,2018-12-23,Sunday,13:00,MIN,27,DET,9,Home,0,7,7,1,dome,fieldturf,DET00,Ford Field
2018_16_NYG_IND,2018,REG,16,2018-12-23,Sunday,13:00,NYG,27,IND,28,Home,0,7,7,0,closed,fieldturf,IND00,Lucas Oil Stadium
2018_16_PIT_NO,2018,REG,16,2018-12-23,Sunday,16:25,PIT,28,NO,31,Home,0,7,6,0,dome,sportturf,NOR00,Mercedes-Benz Superdome
2018_16_TB_DAL,2018,REG,16,2018-12-23,Sunday,13:00,TB,20,DAL,27,Home,0,7,7,0,closed,matrixturf,DAL00,AT&T Stadium
2018_16_DEN_OAK,2018,REG,16,2018-12-24,Monday,20:15,DEN,14,OAK,27,Home,0,9,8,1,outdoors,grass,OAK00,Oakland-Alameda County Coliseum
2018_17_ARI_SEA,2018,REG,17,2018-12-30,Sunday,16:25,ARI,24,SEA,27,Home,0,7,7,1,outdoors,fieldturf,SEA00,CenturyLink Field
2018_17_ATL_TB,2018,REG,17,2018-12-30,Sunday,13:00,ATL,34,TB,32,Home,0,7,7,1,outdoors,grass,TAM00,Raymond James Stadium
2018_17_CAR_NO,2018,REG,17,2018-12-30,Sunday,13:00,CAR,33,NO,14,Home,0,7,7,1,dome,sportturf,NOR00,Mercedes-Benz Superdome
2018_17_CHI_MIN,2018,REG,17,2018-12-30,Sunday,16:25,CHI,24,MIN,10,Home,0,7,7,1,dome,sportturf,MIN01,U.S. Bank Stadium
2018_17_CIN_PIT,2018,REG,17,2018-12-30,Sunday,16:25,CIN,13,PIT,16,Home,0,7,7,1,outdoors,grass,PIT00,Heinz Field
2018_17_CLE_BAL,2018,REG,17,2018-12-30,Sunday,16:25,CLE,24,BAL,26,Home,0,7,8,1,outdoors,grass,BAL00,M&T Bank Stadium
2018_17_DAL_NYG,2018,REG,17,2018-12-30,Sunday,13:00,DAL,36,NYG,35,Home,0,7,7,1,outdoors,fieldturf,NYC01,MetLife Stadium
2018_17_DET_GB,2018,REG,17,2018-12-30,Sunday,13:00,DET,31,GB,0,Home,0,7,7,1,outdoors,grass,GNB00,Lambeau Field
2018_17_IND_TEN,2018,REG,17,2018-12-30,Sunday,20:20,IND,33,TEN,17,Home,0,7,8,1,outdoors,grass,NAS00,Nissan Stadium
2018_17_JAX_HOU,2018,REG,17,2018-12-30,Sunday,13:00,JAX,3,HOU,20,Home,0,7,7,1,closed,astroturf,HOU00,NRG Stadium
2018_17_LAC_DEN,2018,REG,17,2018-12-30,Sunday,16:25,LAC,23,DEN,9,Home,0,8,6,1,outdoors,grass,DEN00,Sports Authority Field at Mile High
2018_17_MIA_BUF,2018,REG,17,2018-12-30,Sunday,13:00,MIA,17,BUF,42,Home,0,7,7,1,outdoors,a_turf,BUF00,New Era Field
2018_17_NYJ_NE,2018,REG,17,2018-12-30,Sunday,13:00,NYJ,3,NE,38,Home,0,7,7,1,outdoors,fieldturf,BOS00,Gillette Stadium
2018_17_OAK_KC,2018,REG,17,2018-12-30,Sunday,16:25,OAK,3,KC,35,Home,0,6,7,1,outdoors,grass,KAN00,Arrowhead Stadium
2018_17_PHI_WAS,2018,REG,17,2018-12-30,Sunday,16:25,PHI,24,WAS,0,Home,0,7,8,1,outdoors,grass,WAS00,FedExField
2018_17_SF_LA,2018,REG,17,2018-12-30,Sunday,16:25,SF,32,LA,48,Home,0,7,7,1,outdoors,grass,LAX99,Los Angeles Memorial Coliseum
2018_21_NE_LA,2018,SB,21,2019-02-03,Sunday,18:30,NE,13,LA,3,Neutral,0,14,14,0,closed,fieldturf,ATL97,Mercedes-Benz Stadium
2019_01_GB_CHI,2019,REG,1,2019-09-05,Thursday,20:20,GB,10,CHI,3,Home,0,7,7,1,outdoors,grass,CHI98,Soldier Field
2019_01_ATL_MIN,2019,REG,1,2019-09-08,Sunday,13:00,ATL,12,MIN,28,Home,0,7,7,0,dome,sportturf,MIN01,U.S. Bank Stadium
2019_01_BAL_MIA,2019,REG,1,2019-09-08,Sunday,13:00,BAL,59,MIA,10,Home,0,7,7,0,outdoors,grass,MIA00,Hard Rock Stadium
2019_01_BUF_NYJ,2019,REG,1,2019-09-08,Sunday,13:00,BUF,17,NYJ,16,Home,0,7,7,1,outdoors,fieldturf,NYC01,MetLife Stadium
2019_01_CIN_SEA,2019,REG,1,2019-09-08,Sunday,16:05,CIN,20,SEA,21,Home,0,7,7,0,outdoors,fieldturf,SEA00,CenturyLink Field
2019_01_DET_ARI,2019,REG,1,2019-09-08,Sunday,16:25,DET,27,ARI,27,Home,1,7,7,0,closed,grass,PHO00,State Farm Stadium
2019_01_IND_LAC,2019,REG,1,2019-09-08,Sunday,16:05,IND,24,LAC,30,Home,1,7,7,0,outdoors,grass,LAX97,StubHub Center
2019_01_KC_JAX,2019,REG,1,2019-09-08,Sunday,13:00,KC,40,JAX,26,Home,0,7,7,0,outdoors,grass,JAX00,TIAA Bank Stadium
2019_01_LA_CAR,2019,REG,1,2019-09-08,Sunday,13:00,LA,30,CAR,27,Home,0,7,7,0,outdoors,grass,CAR00,Bank of America Stadium
2019_01_NYG_DAL,2019,REG,1,2019-09-08,Sunday,16:25,NYG,17,DAL,35,Home,0,7,7,1,closed,fieldturf,DAL00,AT&T Stadium
2019_01_PIT_NE,2019,REG,1,2019-09-08,Sunday,20:20,PIT,3,NE,33,Home,0,7,7,0,outdoors,grass,BOS00,Gillette Stadium
2019_01_SF_TB,2019,REG,1,2019-09-08,Sunday,16:25,SF,31,TB,17,Home,0,7,7,0,outdoors,grass,TAM00,Raymond James Stadium
2019_01_TEN_CLE,2019,REG,1,2019-09-08,Sunday,13:00,TEN,43,CLE,13,Home,0,7,7,0,outdoors,grass,CLE00,FirstEnergy Stadium
2019_01_WAS_PHI,2019,REG,1,2019-09-08,Sunday,13:00,WAS,27,PHI,32,Home,0,7,7,1,outdoors,grass,PHI00,Lincoln Financial Field
2019_01_DEN_OAK,2019,REG,1,2019-09-09,Monday,22:20,DEN,16,OAK,24,Home,0,7,7,1,outdoors,grass,OAK00,Ring Central Coliseum
2019_01_HOU_NO,2019,REG,1,2019-09-09,Monday,19:10,HOU,28,NO,30,Home,0,7,7,0,dome,astroturf,NOR00,Mercedes-Benz Superdome
2019_02_TB_CAR,2019,REG,2,2019-09-12,Thursday,20:20,TB,20,CAR,14,Home,0,4,4,1,outdoors,grass,CAR00,Bank of America Stadium
2019_02_ARI_BAL,2019,REG,2,2019-09-15,Sunday,13:00,ARI,17,BAL,23,Home,0,7,7,0,outdoors,grass,BAL00,M&T Bank Stadium
2019_02_BUF_NYG,2019,REG,2,2019-09-15,Sunday,13:00,BUF,28,NYG,14,Home,0,7,7,0,outdoors,fieldturf,NYC01,MetLife Stadium
2019_02_CHI_DEN,2019,REG,2,2019-09-15,Sunday,16:25,CHI,16,DEN,14,Home,0,10,6,0,outdoors,grass,DEN00,Empower Field at Mile High
2019_02_DAL_WAS,2019,REG,2,2019-09-15,Sunday,13:00,DAL,31,WAS,21,Home,0,7,7,1,outdoors,grass,WAS00,FedExField
2019_02_IND_TEN,2019,REG,2,2019-09-15,Sunday,13:00,IND,19,TEN,17,Home,0,7,7,1,outdoors,grass,NAS00,Nissan Stadium
2019_02_JAX_HOU,2019,REG,2,2019-09-15,Sunday,13:00,JAX,12,HOU,13,Home,0,7,6,1,closed,grass,HOU00,NRG Stadium
2019_02_KC_OAK,2019,REG,2,2019-09-15,Sunday,16:05,KC,28,OAK,10,Home,0,7,6,1,outdoors,grass,OAK00,Ring Central Coliseum
2019_02_LAC_DET,2019,REG,2,2019-09-15,Sunday,13:00,LAC,10,DET,13,Home,0,7,7,0,dome,fieldturf,DET00,Ford Field
2019_02_MIN_GB,2019,REG,2,2019-09-15,Sunday,13:00,MIN,16,GB,21,Home,0,7,10,1,outdoors,grass,GNB00,Lambeau Field
2019_02_NE_MIA,2019,REG,2,2019-09-15,Sunday,13:00,NE,43,MIA,0,Home,0,7,7,1,outdoors,grass,MIA00,Hard Rock Stadium
2019_02_NO_LA,2019,REG,2,2019-09-15,Sunday,16:25,NO,9,LA,27,Home,0,6,7,0,outdoors,grass,LAX99,Los Angeles Memorial Coliseum
2019_02_PHI_ATL,2019,REG,2,2019-09-15,Sunday,20:20,PHI,20,ATL,24,Home,0,7,7,0,open,fieldturf,ATL97,Mercedes-Benz Stadium
2019_02_SEA_PIT,2019,REG,2,2019-09-15,Sunday,13:00,SEA,28,PIT,26,Home,0,7,7,0,outdoors,grass,PIT00,Heinz Field
2019_02_SF_CIN,2019,REG,2,2019-09-15,Sunday,13:00,SF,41,CIN,17,Home,0,7,7,0,outdoors,grass,CIN00,Paul Brown Stadium
2019_02_CLE_NYJ,2019,REG,2,2019-09-16,Monday,20:15,CLE,23,NYJ,3,Home,0,8,8,0,outdoors,fieldturf,NYC01,MetLife Stadium
2019_03_TEN_JAX,2019,REG,3,2019-09-19,Thursday,20:20,TEN,7,JAX,20,Home,0,4,4,1,outdoors,grass,JAX00,TIAA Bank Stadium
2019_03_ATL_IND,2019,REG,3,2019-09-22,Sunday,13:00,ATL,24,IND,27,Home,0,7,7,0,closed,fieldturf,IND00,Lucas Oil Stadium
2019_03_BAL_KC,2019,REG,3,2019-09-22,Sunday,13:00,BAL,28,KC,33,Home,0,7,7,0,outdoors,astroturf,KAN00,Arrowhead Stadium
2019_03_CAR_ARI,2019,REG,3,2019-09-22,Sunday,16:05,CAR,38,ARI,20,Home,0,10,7,0,closed,grass,PHO00,State Farm Stadium
2019_03_CIN_BUF,2019,REG,3,2019-09-22,Sunday,13:00,CIN,17,BUF,21,Home,0,7,7,0,outdoors,astroturf,BUF00,New Era Field
2019_03_DEN_GB,2019,REG,3,2019-09-22,Sunday,13:00,DEN,16,GB,27,Home,0,7,7,0,outdoors,grass,GNB00,Lambeau Field
2019_03_DET_PHI,2019,REG,3,2019-09-22,Sunday,13:00,DET,27,PHI,24,Home,0,7,7,0,outdoors,grass,PHI00,Lincoln Financial Field
2019_03_HOU_LAC,2019,REG,3,2019-09-22,Sunday,16:25,HOU,27,LAC,20,Home,0,7,7,0,outdoors,grass,LAX97,StubHub Center
2019_03_LA_CLE,2019,REG,3,2019-09-22,Sunday,20:20,LA,20,CLE,13,Home,0,7,6,0,outdoors,grass,CLE00,FirstEnergy Stadium
2019_03_MIA_DAL,2019,REG,3,2019-09-22,Sunday,13:00,MIA,6,DAL,31,Home,0,7,7,0,closed,fieldturf,DAL00,AT&T Stadium
2019_03_NO_SEA,2019,REG,3,2019-09-22,Sunday,16:25,NO,33,SEA,27,Home,0,7,7,0,outdoors,fieldturf,SEA00,CenturyLink Field
2019_03_NYG_TB,2019,REG,3,2019-09-22,Sunday,16:05,NYG,32,TB,31,Home,0,7,10,0,outdoors,grass,TAM00,Raymond James Stadium
2019_03_NYJ_NE,2019,REG,3,2019-09-22,Sunday,13:00,NYJ,14,NE,30,Home,0,6,7,1,outdoors,grass,BOS00,Gillette Stadium
2019_03_OAK_MIN,2019,REG,3,2019-09-22,Sunday,13:00,OAK,14,MIN,34,Home,0,7,7,0,dome,sportturf,MIN01,U.S. Bank Stadium
2019_03_PIT_SF,2019,REG,3,2019-09-22,Sunday,16:25,PIT,20,SF,24,Home,0,7,7,0,outdoors,grass,SFO01,Levi's Stadium
2019_03_CHI_WAS,2019,REG,3,2019-09-23,Monday,20:15,CHI,31,WAS,15,Home,0,8,8,0,outdoors,grass,WAS00,FedExField
2019_04_PHI_GB,2019,REG,4,2019-09-26,Thursday,20:20,PHI,34,GB,27,Home,0,4,4,0,outdoors,grass,GNB00,Lambeau Field
2019_04_CAR_HOU,2019,REG,4,2019-09-29,Sunday,13:00,CAR,16,HOU,10,Home,0,7,7,0,closed,grass,HOU00,NRG Stadium
2019_04_CLE_BAL,2019,REG,4,2019-09-29,Sunday,13:00,CLE,40,BAL,25,Home,0,7,7,1,outdoors,grass,BAL00,M&T Bank Stadium
2019_04_DAL_NO,2019,REG,4,2019-09-29,Sunday,20:20,DAL,10,NO,12,Home,0,7,7,0,dome,astroturf,NOR00,Mercedes-Benz Superdome
2019_04_JAX_DEN,2019,REG,4,2019-09-29,Sunday,16:25,JAX,26,DEN,24,Home,0,10,7,0,outdoors,grass,DEN00,Empower Field at Mile High
2019_04_KC_DET,2019,REG,4,2019-09-29,Sunday,13:00,KC,34,DET,30,Home,0,7,7,0,dome,fieldturf,DET00,Ford Field
2019_04_LAC_MIA,2019,REG,4,2019-09-29,Sunday,13:00,LAC,30,MIA,10,Home,0,7,7,0,outdoors,grass,MIA00,Hard Rock Stadium
2019_04_MIN_CHI,2019,REG,4,2019-09-29,Sunday,16:25,MIN,6,CHI,16,Home,0,7,6,1,outdoors,grass,CHI98,Soldier Field
2019_04_NE_BUF,2019,REG,4,2019-09-29,Sunday,13:00,NE,16,BUF,10,Home,0,7,7,1,outdoors,astroturf,BUF00,New Era Field
2019_04_OAK_IND,2019,REG,4,2019-09-29,Sunday,13:00,OAK,31,IND,24,Home,0,7,7,0,closed,fieldturf,IND00,Lucas Oil Stadium
2019_04_SEA_ARI,2019,REG,4,2019-09-29,Sunday,16:05,SEA,27,ARI,10,Home,0,7,7,1,closed,grass,PHO00,State Farm Stadium
2019_04_TB_LA,2019,REG,4,2019-09-29,Sunday,16:05,TB,55,LA,40,Home,0,7,7,0,outdoors,grass,LAX99,Los Angeles Memorial Coliseum
2019_04_TEN_ATL,2019,REG,4,2019-09-29,Sunday,13:00,TEN,24,ATL,10,Home,0,10,7,0,closed,fieldturf,ATL97,Mercedes-Benz Stadium
2019_04_WAS_NYG,2019,REG,4,2019-09-29,Sunday,13:00,WAS,3,NYG,24,Home,0,6,7,1,outdoors,fieldturf,NYC01,MetLife Stadium
2019_04_CIN_PIT,2019,REG,4,2019-09-30,Monday,20:15,CIN,3,PIT,27,Home,0,8,8,1,outdoors,grass,PIT00,Heinz Field
2019_05_LA_SEA,2019,REG,5,2019-10-03,Thursday,20:20,LA,29,SEA,30,Home,0,4,4,1,outdoors,fieldturf,SEA00,CenturyLink Field
2019_05_ARI_CIN,2019,REG,5,2019-10-06,Sunday,13:00,ARI,26,CIN,23,Home,0,7,6,0,outdoors,grass,CIN00,Paul Brown Stadium
2019_05_ATL_HOU,2019,REG,5,2019-10-06,Sunday,13:00,ATL,32,HOU,53,Home,0,7,7,0,closed,grass,HOU00,NRG Stadium
2019_05_BAL_PIT,2019,REG,5,2019-10-06,Sunday,13:00,BAL,26,PIT,23,Home,1,7,6,1,outdoors,grass,PIT00,Heinz Field
2019_05_BUF_TEN,2019,REG,5,2019-10-06,Sunday,13:00,BUF,14,TEN,7,Home,0,7,7,0,outdoors,grass,NAS00,Nissan Stadium
2019_05_CHI_OAK,2019,REG,5,2019-10-06,Sunday,13:00,CHI,21,OAK,24,Neutral,0,7,7,0,outdoors,grass,LON02,Tottenham Stadium
2019_05_DEN_LAC,2019,REG,5,2019-10-06,Sunday,16:05,DEN,20,LAC,13,Home,0,7,7,1,outdoors,grass,LAX97,StubHub Center
2019_05_GB_DAL,2019,REG,5,2019-10-06,Sunday,16:25,GB,34,DAL,24,Home,0,10,7,0,closed,fieldturf,DAL00,AT&T Stadium
2019_05_IND_KC,2019,REG,5,2019-10-06,Sunday,20:20,IND,19,KC,13,Home,0,7,7,0,outdoors,astroturf,KAN00,Arrowhead Stadium
2019_05_JAX_CAR,2019,REG,5,2019-10-06,Sunday,13:00,JAX,27,CAR,34,Home,0,7,7,0,outdoors,grass,CAR00,Bank of America Stadium
2019_05_MIN_NYG,2019,REG,5,2019-10-06,Sunday,13:00,MIN,28,NYG,10,Home,0,7,7,0,outdoors,fieldturf,NYC01,MetLife Stadium
2019_05_NE_WAS,2019,REG,5,2019-10-06,Sunday,13:00,NE,33,WAS,7,Home,0,7,7,0,outdoors,grass,WAS00,FedExField
2019_05_NYJ_PHI,2019,REG,5,2019-10-06,Sunday,13:00,NYJ,6,PHI,31,Home,0,14,10,0,outdoors,grass,PHI00,Lincoln Financial Field
2019_05_TB_NO,2019,REG,5,2019-10-06,Sunday,13:00,TB,24,NO,31,Home,0,7,7,1,dome,astroturf,NOR00,Mercedes-Benz Superdome
2019_05_CLE_SF,2019,REG,5,2019-10-07,Monday,20:15,CLE,3,SF,31,Home,0,8,15,0,outdoors,grass,SFO01,Levi's Stadium
2019_06_NYG_NE,2019,REG,6,2019-10-10,Thursday,20:20,NYG,14,NE,35,Home,0,4,4,0,outdoors,grass,BOS00,Gillette Stadium
2019_06_ATL_ARI,2019,REG,6,2019-10-13,Sunday,16:05,ATL,33,ARI,34,Home,0,7,7,0,closed,grass,PHO00,State Farm Stadium
2019_06_CAR_TB,2019,REG,6,2019-10-13,Sunday,09:30,CAR,37,TB,26,Neutral,0,7,7,1,outdoors,grass,LON02,Tottenham Stadium
2019_06_CIN_BAL,2019,REG,6,2019-10-13,Sunday,13:00,CIN,17,BAL,23,Home,0,7,7,1,outdoors,grass,BAL00,M&T Bank Stadium
2019_06_DAL_NYJ,2019,REG,6,2019-10-13,Sunday,16:25,DAL,22,NYJ,24,Home,0,7,7,0,outdoors,fieldturf,NYC01,MetLife Stadium
2019_06_HOU_KC,2019,REG,6,2019-10-13,Sunday,13:00,HOU,31,KC,24,Home,0,7,7,0,outdoors,astroturf,KAN00,Arrowhead Stadium
2019_06_NO_JAX,2019,REG,6,2019-10-13,Sunday,13:00,NO,13,JAX,6,Home,0,7,7,0,outdoors,grass,JAX00,TIAA Bank Stadium
2019_06_PHI_MIN,2019,REG,6,2019-10-13,Sunday,13:00,PHI,20,MIN,38,Home,0,7,7,0,dome,sportturf,MIN01,U.S. Bank Stadium
2019_06_PIT_LAC,2019,REG,6,2019-10-13,Sunday,20:20,PIT,24,LAC,17,Home,0,7,7,0,outdoors,grass,LAX97,StubHub Center
2019_06_SEA_CLE,2019,REG,6,2019-10-13,Sunday,13:00,SEA,32,CLE,28,Home,0,10,6,0,outdoors,grass,CLE00,FirstEnergy Stadium
2019_06_SF_LA,2019,REG,6,2019-10-13,Sunday,16:05,SF,20,LA,7,Home,0,6,10,1,outdoors,grass,LAX99,Los Angeles Memorial Coliseum
2019_06_TEN_DEN,2019,REG,6,2019-10-13,Sunday,16:25,TEN,0,DEN,16,Home,0,7,7,0,outdoors,grass,DEN00,Empower Field at Mile High
2019_06_WAS_MIA,2019,REG,6,2019-10-13,Sunday,13:00,WAS,17,MIA,16,Home,0,7,14,0,outdoors,grass,MIA00,Hard Rock Stadium
2019_06_DET_GB,2019,REG,6,2019-10-14,Monday,20:15,DET,22,GB,23,Home,0,15,8,1,outdoors,grass,GNB00,Lambeau Field
2019_07_KC_DEN,2019,REG,7,2019-10-17,Thursday,20:20,KC,30,DEN,6,Home,0,4,4,1,outdoors,grass,DEN00,Empower Field at Mile High
2019_07_ARI_NYG,2019,REG,7,2019-10-20,Sunday,13:00,ARI,27,NYG,21,Home,0,7,10,0,outdoors,fieldturf,NYC01,MetLife Stadium
2019_07_BAL_SEA,2019,REG,7,2019-10-20,Sunday,16:25,BAL,30,SEA,16,Home,0,7,7,0,outdoors,fieldturf,SEA00,CenturyLink Field
2019_07_HOU_IND,2019,REG,7,2019-10-20,Sunday,13:00,HOU,23,IND,30,Home,0,7,14,1,open,fieldturf,IND00,Lucas Oil Stadium
2019_07_JAX_CIN,2019,REG,7,2019-10-20,Sunday,13:00,JAX,27,CIN,17,Home,0,7,7,0,outdoors,grass,CIN00,Paul Brown Stadium
2019_07_LAC_TEN,2019,REG,7,2019-10-20,Sunday,16:05,LAC,20,TEN,23,Home,0,7,7,0,outdoors,grass,NAS00,Nissan Stadium
2019_07_LA_ATL,2019,REG,7,2019-10-20,Sunday,13:00,LA,37,ATL,10,Home,0,7,7,0,open,fieldturf,ATL97,Mercedes-Benz Stadium
2019_07_MIA_BUF,2019,REG,7,2019-10-20,Sunday,13:00,MIA,21,BUF,31,Home,0,7,14,1,outdoors,astroturf,BUF00,New Era Field
2019_07_MIN_DET,2019,REG,7,2019-10-20,Sunday,13:00,MIN,42,DET,30,Home,0,7,6,1,dome,fieldturf,DET00,Ford Field
2019_07_NO_CHI,2019,REG,7,2019-10-20,Sunday,16:25,NO,36,CHI,25,Home,0,7,14,0,outdoors,grass,CHI98,Soldier Field
2019_07_OAK_GB,2019,REG,7,2019-10-20,Sunday,13:00,OAK,24,GB,42,Home,0,14,6,0,outdoors,grass,GNB00,Lambeau Field
2019_07_PHI_DAL,2019,REG,7,2019-10-20,Sunday,20:20,PHI,10,DAL,37,Home,0,7,7,1,closed,fieldturf,DAL00,AT&T Stadium
2019_07_SF_WAS,2019,REG,7,2019-10-20,Sunday,13:00,SF,9,WAS,0,Home,0,7,7,0,outdoors,grass,WAS00,FedExField
2019_07_NE_NYJ,2019,REG,7,2019-10-21,Monday,20:15,NE,33,NYJ,0,Home,0,11,8,1,outdoors,fieldturf,NYC01,MetLife Stadium
2019_08_WAS_MIN,2019,REG,8,2019-10-24,Thursday,20:20,WAS,9,MIN,19,Home,0,4,4,0,dome,sportturf,MIN01,U.S. Bank Stadium
2019_08_ARI_NO,2019,REG,8,2019-10-27,Sunday,13:00,ARI,9,NO,31,Home,0,7,7,0,dome,astroturf,NOR00,Mercedes-Benz Superdome
2019_08_CAR_SF,2019,REG,8,2019-10-27,Sunday,16:05,CAR,13,SF,51,Home,0,14,7,0,outdoors,grass,SFO01,Levi's Stadium
2019_08_CIN_LA,2019,REG,8,2019-10-27,Sunday,13:00,CIN,10,LA,24,Neutral,0,7,7,0,outdoors,grass,LON00,Wembley Stadium
2019_08_CLE_NE,2019,REG,8,2019-10-27,Sunday,16:25,CLE,13,NE,27,Home,0,14,6,0,outdoors,grass,BOS00,Gillette Stadium
2019_08_DEN_IND,2019,REG,8,2019-10-27,Sunday,13:00,DEN,13,IND,15,Home,0,10,7,0,open,fieldturf,IND00,Lucas Oil Stadium
2019_08_GB_KC,2019,REG,8,2019-10-27,Sunday,20:20,GB,31,KC,24,Home,0,7,10,0,outdoors,astroturf,KAN00,Arrowhead Stadium
2019_08_LAC_CHI,2019,REG,8,2019-10-27,Sunday,13:00,LAC,17,CHI,16,Home,0,7,7,0,outdoors,grass,CHI98,Soldier Field
2019_08_NYG_DET,2019,REG,8,2019-10-27,Sunday,13:00,NYG,26,DET,31,Home,0,7,7,0,dome,fieldturf,DET00,Ford Field
2019_08_NYJ_JAX,2019,REG,8,2019-10-27,Sunday,13:00,NYJ,15,JAX,29,Home,0,6,7,0,outdoors,grass,JAX00,TIAA Bank Stadium
2019_08_OAK_HOU,2019,REG,8,2019-10-27,Sunday,16:25,OAK,24,HOU,27,Home,0,7,7,0,closed,grass,HOU00,NRG Stadium
2019_08_PHI_BUF,2019,REG,8,2019-10-27,Sunday,13:00,PHI,31,BUF,13,Home,0,7,7,0,outdoors,astroturf,BUF00,New Era Field
2019_08_SEA_ATL,2019,REG,8,2019-10-27,Sunday,13:00,SEA,27,ATL,20,Home,0,7,7,0,open,fieldturf,ATL97,Mercedes-Benz Stadium
2019_08_TB_TEN,2019,REG,8,2019-10-27,Sunday,13:00,TB,23,TEN,27,Home,0,14,7,0,outdoors,grass,NAS00,Nissan Stadium
2019_08_MIA_PIT,2019,REG,8,2019-10-28,Monday,20:15,MIA,14,PIT,27,Home,0,8,15,0,outdoors,grass,PIT00,Heinz Field
2019_09_SF_ARI,2019,REG,9,2019-10-31,Thursday,20:20,SF,28,ARI,25,Home,0,4,4,1,closed,grass,PHO00,State Farm Stadium
2019_09_CHI_PHI,2019,REG,9,2019-11-03,Sunday,13:00,CHI,14,PHI,22,Home,0,7,7,0,outdoors,grass,PHI00,Lincoln Financial Field
2019_09_CLE_DEN,2019,REG,9,2019-11-03,Sunday,16:25,CLE,19,DEN,24,Home,0,7,7,0,outdoors,grass,DEN00,Empower Field at Mile High
2019_09_DET_OAK,2019,REG,9,2019-11-03,Sunday,16:05,DET,24,OAK,31,Home,0,7,7,0,outdoors,grass,OAK00,Ring Central Coliseum
2019_09_GB_LAC,2019,REG,9,2019-11-03,Sunday,16:25,GB,11,LAC,26,Home,0,7,7,0,outdoors,grass,LAX97,StubHub Center
2019_09_HOU_JAX,2019,REG,9,2019-11-03,Sunday,09:30,HOU,26,JAX,3,Neutral,0,7,7,1,outdoors,grass,LON00,Wembley Stadium
2019_09_IND_PIT,2019,REG,9,2019-11-03,Sunday,13:00,IND,24,PIT,26,Home,0,7,6,0,outdoors,grass,PIT00,Heinz Field
2019_09_MIN_KC,2019,REG,9,2019-11-03,Sunday,13:00,MIN,23,KC,26,Home,0,10,7,0,outdoors,astroturf,KAN00,Arrowhead Stadium
2019_09_NE_BAL,2019,REG,9,2019-11-03,Sunday,20:20,NE,20,BAL,37,Home,0,7,14,0,outdoors,grass,BAL00,M&T Bank Stadium
2019_09_NYJ_MIA,2019,REG,9,2019-11-03,Sunday,13:00,NYJ,18,MIA,26,Home,0,7,6,1,outdoors,grass,MIA00,Hard Rock Stadium
2019_09_TB_SEA,2019,REG,9,2019-11-03,Sunday,16:05,TB,34,SEA,40,Home,1,7,7,0,outdoors,fieldturf,SEA00,CenturyLink Field
2019_09_TEN_CAR,2019,REG,9,2019-11-03,Sunday,13:00,TEN,20,CAR,30,Home,0,7,7,0,outdoors,grass,CAR00,Bank of America Stadium
2019_09_WAS_BUF,2019,REG,9,2019-11-03,Sunday,13:00,WAS,9,BUF,24,Home,0,10,7,0,outdoors,astroturf,BUF00,New Era Field
2019_09_DAL_NYG,2019,REG,9,2019-11-04,Monday,20:15,DAL,37,NYG,18,Home,0,15,8,1,outdoors,fieldturf,NYC01,MetLife Stadium
2019_10_LAC_OAK,2019,REG,10,2019-11-07,Thursday,20:20,LAC,24,OAK,26,Home,0,4,4,1,outdoors,grass,OAK00,Ring Central Coliseum
2019_10_ARI_TB,2019,REG,10,2019-11-10,Sunday,13:00,ARI,27,TB,30,Home,0,10,7,0,outdoors,grass,TAM00,Raymond James Stadium
2019_10_ATL_NO,2019,REG,10,2019-11-10,Sunday,13:00,ATL,26,NO,9,Home,0,14,14,1,dome,astroturf,NOR00,Mercedes-Benz Superdome
2019_10_BAL_CIN,2019,REG,10,2019-11-10,Sunday,13:00,BAL,49,CIN,13,Home,0,7,14,1,outdoors,grass,CIN00,Paul Brown Stadium
2019_10_BUF_CLE,2019,REG,10,2019-11-10,Sunday,13:00,BUF,16,CLE,19,Home,0,7,7,0,outdoors,grass,CLE00,FirstEnergy Stadium
2019_10_CAR_GB,2019,REG,10,2019-11-10,Sunday,16:25,CAR,16,GB,24,Home,0,7,7,0,outdoors,grass,GNB00,Lambeau Field
2019_10_DET_CHI,2019,REG,10,2019-11-10,Sunday,13:00,DET,13,CHI,20,Home,0,7,7,1,outdoors,grass,CHI98,Soldier Field
2019_10_KC_TEN,2019,REG,10,2019-11-10,Sunday,13:00,KC,32,TEN,35,Home,0,7,7,0,outdoors,grass,NAS00,Nissan Stadium
2019_10_LA_PIT,2019,REG,10,2019-11-10,Sunday,16:25,LA,12,PIT,17,Home,0,14,7,0,outdoors,grass,PIT00,Heinz Field
2019_10_MIA_IND,2019,REG,10,2019-11-10,Sunday,16:05,MIA,16,IND,12,Home,0,7,7,0,closed,fieldturf,IND00,Lucas Oil Stadium
2019_10_MIN_DAL,2019,REG,10,2019-11-10,Sunday,20:20,MIN,28,DAL,24,Home,0,7,6,0,closed,fieldturf,DAL00,AT&T Stadium
2019_10_NYG_NYJ,2019,REG,10,2019-11-10,Sunday,13:00,NYG,27,NYJ,34,Home,0,6,7,0,outdoors,fieldturf,NYC01,MetLife Stadium
2019_10_SEA_SF,2019,REG,10,2019-11-11,Monday,20:15,SEA,27,SF,24,Home,1,8,11,1,outdoors,grass,SFO01,Levi's Stadium
2019_11_PIT_CLE,2019,REG,11,2019-11-14,Thursday,20:20,PIT,7,CLE,21,Home,0,4,4,1,outdoors,grass,CLE00,FirstEnergy Stadium
2019_11_ARI_SF,2019,REG,11,2019-11-17,Sunday,16:05,ARI,26,SF,36,Home,0,7,6,1,outdoors,grass,SFO01,Levi's Stadium
2019_11_ATL_CAR,2019,REG,11,2019-11-17,Sunday,13:00,ATL,29,CAR,3,Home,0,7,7,1,outdoors,grass,CAR00,Bank of America Stadium
2019_11_BUF_MIA,2019,REG,11,2019-11-17,Sunday,13:00,BUF,37,MIA,20,Home,0,7,7,1,outdoors,grass,MIA00,Hard Rock Stadium
2019_11_CHI_LA,2019,REG,11,2019-11-17,Sunday,20:20,CHI,7,LA,17,Home,0,7,7,0,outdoors,grass,LAX99,Los Angeles Memorial Coliseum
2019_11_CIN_OAK,2019,REG,11,2019-11-17,Sunday,16:25,CIN,10,OAK,17,Home,0,7,10,0,outdoors,grass,OAK00,Ring Central Coliseum
2019_11_DAL_DET,2019,REG,11,2019-11-17,Sunday,13:00,DAL,35,DET,27,Home,0,7,7,0,dome,fieldturf,DET00,Ford Field
2019_11_DEN_MIN,2019,REG,11,2019-11-17,Sunday,13:00,DEN,23,MIN,27,Home,0,14,7,0,dome,sportturf,MIN01,U.S. Bank Stadium
2019_11_HOU_BAL,2019,REG,11,2019-11-17,Sunday,13:00,HOU,7,BAL,41,Home,0,14,7,0,outdoors,grass,BAL00,M&T Bank Stadium
2019_11_JAX_IND,2019,REG,11,2019-11-17,Sunday,13:00,JAX,13,IND,33,Home,0,14,7,1,closed,fieldturf,IND00,Lucas Oil Stadium
2019_11_NE_PHI,2019,REG,11,2019-11-17,Sunday,16:25,NE,17,PHI,10,Home,0,14,14,0,outdoors,grass,PHI00,Lincoln Financial Field
2019_11_NO_TB,2019,REG,11,2019-11-17,Sunday,13:00,NO,34,TB,17,Home,0,7,7,1,outdoors,grass,TAM00,Raymond James Stadium
2019_11_NYJ_WAS,2019,REG,11,2019-11-17,Sunday,13:00,NYJ,34,WAS,17,Home,0,7,14,0,outdoors,grass,WAS00,FedExField
2019_11_KC_LAC,2019,REG,11,2019-11-18,Monday,20:15,KC,24,LAC,17,Neutral,0,8,11,1,outdoors,grass,MEX00,Azteca Stadium
2019_12_IND_HOU,2019,REG,12,2019-11-21,Thursday,20:20,IND,17,HOU,20,Home,0,4,4,1,closed,grass,HOU00,NRG Stadium
2019_12_CAR_NO,2019,REG,12,2019-11-24,Sunday,13:00,CAR,31,NO,34,Home,0,7,7,1,dome,astroturf,NOR00,Mercedes-Benz Superdome
2019_12_DAL_NE,2019,REG,12,2019-11-24,Sunday,16:25,DAL,9,NE,13,Home,0,7,7,0,outdoors,grass,BOS00,Gillette Stadium
2019_12_DEN_BUF,2019,REG,12,2019-11-24,Sunday,13:00,DEN,3,BUF,20,Home,0,7,7,0,outdoors,astroturf,BUF00,New Era Field
2019_12_DET_WAS,2019,REG,12,2019-11-24,Sunday,13:00,DET,16,WAS,19,Home,0,7,7,0,outdoors,grass,WAS00,FedExField
2019_12_GB_SF,2019,REG,12,2019-11-24,Sunday,20:20,GB,8,SF,37,Home,0,14,7,0,outdoors,grass,SFO01,Levi's Stadium
2019_12_JAX_TEN,2019,REG,12,2019-11-24,Sunday,16:05,JAX,20,TEN,42,Home,0,7,14,1,outdoors,grass,NAS00,Nissan Stadium
2019_12_MIA_CLE,2019,REG,12,2019-11-24,Sunday,13:00,MIA,24,CLE,41,Home,0,7,10,0,outdoors,grass,CLE00,FirstEnergy Stadium
2019_12_NYG_CHI,2019,REG,12,2019-11-24,Sunday,13:00,NYG,14,CHI,19,Home,0,14,7,0,outdoors,grass,CHI98,Soldier Field
2019_12_OAK_NYJ,2019,REG,12,2019-11-24,Sunday,13:00,OAK,3,NYJ,34,Home,0,7,7,0,outdoors,fieldturf,NYC01,MetLife Stadium
2019_12_PIT_CIN,2019,REG,12,2019-11-24,Sunday,13:00,PIT,16,CIN,10,Home,0,10,7,1,outdoors,grass,CIN00,Paul Brown Stadium
2019_12_SEA_PHI,2019,REG,12,2019-11-24,Sunday,13:00,SEA,17,PHI,9,Home,0,13,7,0,outdoors,grass,PHI00,Lincoln Financial Field
2019_12_TB_ATL,2019,REG,12,2019-11-24,Sunday,13:00,TB,35,ATL,22,Home,0,7,7,1,closed,fieldturf,ATL97,Mercedes-Benz Stadium
2019_12_BAL_LA,2019,REG,12,2019-11-25,Monday,20:15,BAL,45,LA,6,Home,0,8,8,0,outdoors,grass,LAX99,Los Angeles Memorial Coliseum
2019_13_BUF_DAL,2019,REG,13,2019-11-28,Thursday,16:30,BUF,26,DAL,15,Home,0,4,4,0,closed,fieldturf,DAL00,AT&T Stadium
2019_13_CHI_DET,2019,REG,13,2019-11-28,Thursday,12:30,CHI,24,DET,20,Home,0,4,4,1,dome,fieldturf,DET00,Ford Field
2019_13_NO_ATL,2019,REG,13,2019-11-28,Thursday,20:20,NO,26,ATL,18,Home,0,4,4,1,closed,fieldturf,ATL97,Mercedes-Benz Stadium
2019_13_CLE_PIT,2019,REG,13,2019-12-01,Sunday,13:00,CLE,13,PIT,20,Home,0,7,7,1,outdoors,grass,PIT00,Heinz Field
2019_13_GB_NYG,2019,REG,13,2019-12-01,Sunday,13:00,GB,31,NYG,13,Home,0,7,7,0,outdoors,fieldturf,NYC01,MetLife Stadium
2019_13_LAC_DEN,2019,REG,13,2019-12-01,Sunday,16:25,LAC,20,DEN,23,Home,0,13,7,1,outdoors,grass,DEN00,Empower Field at Mile High
2019_13_LA_ARI,2019,REG,13,2019-12-01,Sunday,16:05,LA,34,ARI,7,Home,0,6,14,1,closed,grass,PHO00,State Farm Stadium
2019_13_NE_HOU,2019,REG,13,2019-12-01,Sunday,20:20,NE,22,HOU,28,Home,0,7,10,0,closed,grass,HOU00,NRG Stadium
2019_13_NYJ_CIN,2019,REG,13,2019-12-01,Sunday,13:00,NYJ,6,CIN,22,Home,0,7,7,0,outdoors,grass,CIN00,Paul Brown Stadium
2019_13_OAK_KC,2019,REG,13,2019-12-01,Sunday,16:25,OAK,9,KC,40,Home,0,7,13,1,outdoors,astroturf,KAN00,Arrowhead Stadium
2019_13_PHI_MIA,2019,REG,13,2019-12-01,Sunday,13:00,PHI,31,MIA,37,Home,0,7,7,0,outdoors,grass,MIA00,Hard Rock Stadium
2019_13_SF_BAL,2019,REG,13,2019-12-01,Sunday,13:00,SF,17,BAL,20,Home,0,7,6,0,outdoors,grass,BAL00,M&T Bank Stadium
2019_13_TB_JAX,2019,REG,13,2019-12-01,Sunday,13:00,TB,28,JAX,11,Home,0,7,7,0,outdoors,grass,JAX00,TIAA Bank Stadium
2019_13_TEN_IND,2019,REG,13,2019-12-01,Sunday,13:00,TEN,31,IND,17,Home,0,7,10,1,closed,fieldturf,IND00,Lucas Oil Stadium
2019_13_WAS_CAR,2019,REG,13,2019-12-01,Sunday,13:00,WAS,29,CAR,21,Home,0,7,7,0,outdoors,grass,CAR00,Bank of America Stadium
2019_13_MIN_SEA,2019,REG,13,2019-12-02,Monday,20:15,MIN,30,SEA,37,Home,0,15,8,0,outdoors,fieldturf,SEA00,CenturyLink Field
2019_14_DAL_CHI,2019,REG,14,2019-12-05,Thursday,20:20,DAL,24,CHI,31,Home,0,7,7,0,outdoors,grass,CHI98,Soldier Field
2019_14_BAL_BUF,2019,REG,14,2019-12-08,Sunday,13:00,BAL,24,BUF,17,Home,0,7,10,0,outdoors,astroturf,BUF00,New Era Field
2019_14_CAR_ATL,2019,REG,14,2019-12-08,Sunday,13:00,CAR,20,ATL,40,Home,0,7,10,1,closed,fieldturf,ATL97,Mercedes-Benz Stadium
2019_14_CIN_CLE,2019,REG,14,2019-12-08,Sunday,13:00,CIN,19,CLE,27,Home,0,7,7,1,outdoors,grass,CLE00,FirstEnergy Stadium
2019_14_DEN_HOU,2019,REG,14,2019-12-08,Sunday,13:00,DEN,38,HOU,24,Home,0,7,7,0,closed,grass,HOU00,NRG Stadium
2019_14_DET_MIN,2019,REG,14,2019-12-08,Sunday,13:00,DET,7,MIN,20,Home,0,10,6,1,dome,sportturf,MIN01,U.S. Bank Stadium
2019_14_IND_TB,2019,REG,14,2019-12-08,Sunday,13:00,IND,35,TB,38,Home,0,7,7,0,outdoors,grass,TAM00,Raymond James Stadium
2019_14_KC_NE,2019,REG,14,2019-12-08,Sunday,16:25,KC,23,NE,16,Home,0,7,7,0,outdoors,grass,BOS00,Gillette Stadium
2019_14_LAC_JAX,2019,REG,14,2019-12-08,Sunday,16:05,LAC,45,JAX,10,Home,0,7,7,0,outdoors,grass,JAX00,TIAA Bank Stadium
2019_14_MIA_NYJ,2019,REG,14,2019-12-08,Sunday,13:00,MIA,21,NYJ,22,Home,0,7,7,1,outdoors,fieldturf,NYC01,MetLife Stadium
2019_14_PIT_ARI,2019,REG,14,2019-12-08,Sunday,16:25,PIT,23,ARI,17,Home,0,7,7,0,closed,grass,PHO00,State Farm Stadium
2019_14_SEA_LA,2019,REG,14,2019-12-08,Sunday,20:20,SEA,12,LA,28,Home,0,6,7,1,outdoors,grass,LAX99,Los Angeles Memorial Coliseum
2019_14_SF_NO,2019,REG,14,2019-12-08,Sunday,13:00,SF,48,NO,46,Home,0,7,10,0,dome,astroturf,NOR00,Mercedes-Benz Superdome
2019_14_TEN_OAK,2019,REG,14,2019-12-08,Sunday,16:25,TEN,42,OAK,21,Home,0,7,7,0,outdoors,grass,OAK00,Ring Central Coliseum
2019_14_WAS_GB,2019,REG,14,2019-12-08,Sunday,13:00,WAS,15,GB,20,Home,0,7,7,0,outdoors,grass,GNB00,Lambeau Field
2019_14_NYG_PHI,2019,REG,14,2019-12-09,Monday,20:15,NYG,17,PHI,23,Home,1,8,8,1,outdoors,grass,PHI00,Lincoln Financial Field
2019_15_NYJ_BAL,2019,REG,15,2019-12-12,Thursday,20:20,NYJ,21,BAL,42,Home,0,4,4,0,outdoors,grass,BAL00,M&T Bank Stadium
2019_15_ATL_SF,2019,REG,15,2019-12-15,Sunday,16:25,ATL,29,SF,22,Home,0,7,7,0,outdoors,grass,SFO01,Levi's Stadium
2019_15_BUF_PIT,2019,REG,15,2019-12-15,Sunday,20:20,BUF,17,PIT,10,Home,0,7,7,0,outdoors,grass,PIT00,Heinz Field
2019_15_CHI_GB,2019,REG,15,2019-12-15,Sunday,13:00,CHI,13,GB,21,Home,0,10,7,1,outdoors,grass,GNB00,Lambeau Field
2019_15_CLE_ARI,2019,REG,15,2019-12-15,Sunday,16:05,CLE,24,ARI,38,Home,0,7,7,0,closed,grass,PHO00,State Farm Stadium
2019_15_DEN_KC,2019,REG,15,2019-12-15,Sunday,13:00,DEN,3,KC,23,Home,0,7,7,1,outdoors,astroturf,KAN00,Arrowhead Stadium
2019_15_HOU_TEN,2019,REG,15,2019-12-15,Sunday,13:00,HOU,24,TEN,21,Home,0,7,7,1,outdoors,grass,NAS00,Nissan Stadium
2019_15_JAX_OAK,2019,REG,15,2019-12-15,Sunday,16:05,JAX,20,OAK,16,Home,0,7,7,0,outdoors,grass,OAK00,Ring Central Coliseum
2019_15_LA_DAL,2019,REG,15,2019-12-15,Sunday,16:25,LA,21,DAL,44,Home,0,7,10,0,closed,fieldturf,DAL00,AT&T Stadium
2019_15_MIA_NYG,2019,REG,15,2019-12-15,Sunday,13:00,MIA,20,NYG,36,Home,0,7,6,0,outdoors,fieldturf,NYC01,MetLife Stadium
2019_15_MIN_LAC,2019,REG,15,2019-12-15,Sunday,16:05,MIN,39,LAC,10,Home,0,7,7,0,outdoors,grass,LAX97,StubHub Center
2019_15_NE_CIN,2019,REG,15,2019-12-15,Sunday,13:00,NE,34,CIN,13,Home,0,7,7,0,outdoors,grass,CIN00,Paul Brown Stadium
2019_15_PHI_WAS,2019,REG,15,2019-12-15,Sunday,13:00,PHI,37,WAS,27,Home,0,6,7,1,outdoors,grass,WAS00,FedExField
2019_15_SEA_CAR,2019,REG,15,2019-12-15,Sunday,13:00,SEA,30,CAR,24,Home,0,7,7,0,outdoors,grass,CAR00,Bank of America Stadium
2019_15_TB_DET,2019,REG,15,2019-12-15,Sunday,13:00,TB,38,DET,17,Home,0,7,7,0,dome,fieldturf,DET00,Ford Field
2019_15_IND_NO,2019,REG,15,2019-12-16,Monday,20:15,IND,7,NO,34,Home,0,8,8,0,dome,astroturf,NOR00,Mercedes-Benz Superdome
2019_16_BUF_NE,2019,REG,16,2019-12-21,Saturday,16:30,BUF,17,NE,24,Home,0,7,7,1,outdoors,grass,BOS00,Gillette Stadium
2019_16_HOU_TB,2019,REG,16,2019-12-21,Saturday,13:00,HOU,23,TB,20,Home,0,7,7,0,outdoors,grass,TAM00,Raymond James Stadium
2019_16_LA_SF,2019,REG,16,2019-12-21,Saturday,20:15,LA,31,SF,34,Home,0,7,7,1,outdoors,grass,SFO01,Levi's Stadium
2019_16_ARI_SEA,2019,REG,16,2019-12-22,Sunday,16:25,ARI,27,SEA,13,Home,0,7,7,1,outdoors,fieldturf,SEA00,CenturyLink Field
2019_16_BAL_CLE,2019,REG,16,2019-12-22,Sunday,13:00,BAL,31,CLE,15,Home,0,10,7,1,outdoors,grass,CLE00,FirstEnergy Stadium
2019_16_CAR_IND,2019,REG,16,2019-12-22,Sunday,13:00,CAR,6,IND,38,Home,0,7,6,0,closed,fieldturf,IND00,Lucas Oil Stadium
2019_16_CIN_MIA,2019,REG,16,2019-12-22,Sunday,13:00,CIN,35,MIA,38,Home,1,7,7,0,outdoors,grass,MIA00,Hard Rock Stadium
2019_16_DAL_PHI,2019,REG,16,2019-12-22,Sunday,16:25,DAL,9,PHI,17,Home,0,7,7,1,outdoors,grass,PHI00,Lincoln Financial Field
2019_16_DET_DEN,2019,REG,16,2019-12-22,Sunday,16:05,DET,17,DEN,27,Home,0,7,7,0,outdoors,grass,DEN00,Empower Field at Mile High
2019_16_JAX_ATL,2019,REG,16,2019-12-22,Sunday,13:00,JAX,12,ATL,24,Home,0,7,7,0,closed,fieldturf,ATL97,Mercedes-Benz Stadium
2019_16_KC_CHI,2019,REG,16,2019-12-22,Sunday,20:20,KC,26,CHI,3,Home,0,7,7,0,outdoors,grass,CHI98,Soldier Field
2019_16_NO_TEN,2019,REG,16,2019-12-22,Sunday,13:00,NO,38,TEN,28,Home,0,6,7,0,outdoors,grass,NAS00,Nissan Stadium
2019_16_NYG_WAS,2019,REG,16,2019-12-22,Sunday,13:00,NYG,41,WAS,35,Home,1,7,7,1,outdoors,grass,WAS00,FedExField
2019_16_OAK_LAC,2019,REG,16,2019-12-22,Sunday,16:05,OAK,24,LAC,17,Home,0,7,7,1,outdoors,grass,LAX97,StubHub Center
2019_16_PIT_NYJ,2019,REG,16,2019-12-22,Sunday,13:00,PIT,10,NYJ,16,Home,0,7,10,0,outdoors,fieldturf,NYC01,MetLife Stadium
2019_16_GB_MIN,2019,REG,16,2019-12-23,Monday,20:15,GB,23,MIN,10,Home,0,8,8,1,dome,sportturf,MIN01,U.S. Bank Stadium
2019_17_ARI_LA,2019,REG,17,2019-12-29,Sunday,16:25,ARI,24,LA,31,Home,0,7,7,1,outdoors,grass,LAX99,Los Angeles Memorial Coliseum
2019_17_ATL_TB,2019,REG,17,2019-12-29,Sunday,13:00,ATL,28,TB,22,Home,1,7,7,1,outdoors,grass,TAM00,Raymond James Stadium
2019_17_CHI_MIN,2019,REG,17,2019-12-29,Sunday,13:00,CHI,21,MIN,19,Home,0,7,6,1,dome,sportturf,MIN01,U.S. Bank Stadium
2019_17_CLE_CIN,2019,REG,17,2019-12-29,Sunday,13:00,CLE,23,CIN,33,Home,0,7,7,1,outdoors,grass,CIN00,Paul Brown Stadium
2019_17_GB_DET,2019,REG,17,2019-12-29,Sunday,13:00,GB,23,DET,20,Home,0,6,7,1,dome,fieldturf,DET00,Ford Field
2019_17_IND_JAX,2019,REG,17,2019-12-29,Sunday,16:25,IND,20,JAX,38,Home,0,7,7,1,outdoors,grass,JAX00,TIAA Bank Stadium
2019_17_LAC_KC,2019,REG,17,2019-12-29,Sunday,13:00,LAC,21,KC,31,Home,0,7,7,1,outdoors,astroturf,KAN00,Arrowhead Stadium
2019_17_MIA_NE,2019,REG,17,2019-12-29,Sunday,13:00,MIA,27,NE,24,Home,0,7,7,1,outdoors,grass,BOS00,Gillette Stadium
2019_17_NO_CAR,2019,REG,17,2019-12-29,Sunday,13:00,NO,42,CAR,10,Home,0,7,7,1,outdoors,grass,CAR00,Bank of America Stadium
2019_17_NYJ_BUF,2019,REG,17,2019-12-29,Sunday,13:00,NYJ,13,BUF,6,Home,0,7,7,1,outdoors,astroturf,BUF00,New Era Field
2019_17_OAK_DEN,2019,REG,17,2019-12-29,Sunday,16:25,OAK,15,DEN,16,Home,0,7,7,1,outdoors,grass,DEN00,Empower Field at Mile High
2019_17_PHI_NYG,2019,REG,17,2019-12-29,Sunday,16:25,PHI,34,NYG,17,Home,0,7,7,1,outdoors,fieldturf,NYC01,MetLife Stadium
2019_17_PIT_BAL,2019,REG,17,2019-12-29,Sunday,16:25,PIT,10,BAL,28,Home,0,7,7,1,outdoors,grass,BAL00,M&T Bank Stadium
2019_17_SF_SEA,2019,REG,17,2019-12-29,Sunday,20:20,SF,26,SEA,21,Home,0,7,7,1,outdoors,fieldturf,SEA00,CenturyLink Field
2019_17_TEN_HOU,2019,REG,17,2019-12-29,Sunday,16:25,TEN,35,HOU,14,Home,0,7,7,1,closed,grass,HOU00,NRG Stadium
2019_17_WAS_DAL,2019,REG,17,2019-12-29,Sunday,16:25,WAS,16,DAL,47,Home,0,7,7,1,closed,fieldturf,DAL00,AT&T Stadium
2019_21_SF_KC,2019,SB,21,2020-02-02,Sunday,18:30,SF,20,KC,31,Neutral,0,14,14,0,outdoors,grass,MIA00,Hard Rock Stadium
2020_01_HOU_KC,2020,REG,1,2020-09-10,Thursday,20:20,HOU,20,KC,34,Home,0,7,7,0,outdoors,grass,KAN00,Arrowhead Stadium
2020_01_ARI_SF,2020,REG,1,2020-09-13,Sunday,16:25,ARI,24,SF,20,Home,0,7,7,1,outdoors,grass,SFO01,Levi's Stadium
2020_01_CHI_DET,2020,REG,1,2020-09-13,Sunday,13:00,CHI,27,DET,23,Home,0,7,7,1,dome,fieldturf,DET00,Ford Field
2020_01_CLE_BAL,2020,REG,1,2020-09-13,Sunday,13:00,CLE,6,BAL,38,Home,0,7,7,1,outdoors,grass,BAL00,M&T Bank Stadium
2020_01_DAL_LA,2020,REG,1,2020-09-13,Sunday,20:20,DAL,17,LA,20,Home,0,7,7,0,dome,matrixturf,LAX01,SoFi Stadium
2020_01_GB_MIN,2020,REG,1,2020-09-13,Sunday,13:00,GB,43,MIN,34,Home,0,7,7,1,dome,sportturf,MIN01,U.S. Bank Stadium
2020_01_IND_JAX,2020,REG,1,2020-09-13,Sunday,13:00,IND,20,JAX,27,Home,0,7,7,1,outdoors,grass,JAX00,TIAA Bank Stadium
2020_01_LAC_CIN,2020,REG,1,2020-09-13,Sunday,16:05,LAC,16,CIN,13,Home,0,7,7,0,outdoors,grass,CIN00,Paul Brown Stadium
2020_01_LV_CAR,2020,REG,1,2020-09-13,Sunday,13:00,LV,34,CAR,30,Home,0,7,7,0,outdoors,grass,CAR00,Bank of America Stadium
2020_01_MIA_NE,2020,REG,1,2020-09-13,Sunday,13:00,MIA,11,NE,21,Home,0,7,7,1,outdoors,grass,BOS00,Gillette Stadium
2020_01_NYJ_BUF,2020,REG,1,2020-09-13,Sunday,13:00,NYJ,17,BUF,27,Home,0,7,7,1,outdoors,astroturf,BUF00,New Era Field
2020_01_PHI_WAS,2020,REG,1,2020-09-13,Sunday,13:00,PHI,17,WAS,27,Home,0,7,7,1,outdoors,grass,WAS00,FedExField
2020_01_SEA_ATL,2020,REG,1,2020-09-13,Sunday,13:00,SEA,38,ATL,25,Home,0,7,7,0,closed,fieldturf,ATL97,Mercedes-Benz Stadium
2020_01_TB_NO,2020,REG,1,2020-09-13,Sunday,16:25,TB,23,NO,34,Home,0,7,7,1,dome,astroturf,NOR00,Mercedes-Benz Superdome
2020_01_PIT_NYG,2020,REG,1,2020-09-14,Monday,19:15,PIT,26,NYG,16,Home,0,7,7,0,outdoors,fieldturf,NYC01,MetLife Stadium
2020_01_TEN_DEN,2020,REG,1,2020-09-14,Monday,22:10,TEN,16,DEN,14,Home,0,7,7,0,outdoors,grass,DEN00,Empower Field at Mile High
2020_02_CIN_CLE,2020,REG,2,2020-09-17,Thursday,20:20,CIN,30,CLE,35,Home,0,4,4,1,outdoors,grass,CLE00,FirstEnergy Stadium
2020_02_ATL_DAL,2020,REG,2,2020-09-20,Sunday,13:00,ATL,39,DAL,40,Home,0,7,7,0,closed,fieldturf,DAL00,AT&T Stadium
2020_02_BAL_HOU,2020,REG,2,2020-09-20,Sunday,16:25,BAL,33,HOU,16,Home,0,7,10,0,closed,grass,HOU00,NRG Stadium
2020_02_BUF_MIA,2020,REG,2,2020-09-20,Sunday,13:00,BUF,31,MIA,28,Home,0,7,7,1,outdoors,grass,MIA00,Hard Rock Stadium
2020_02_CAR_TB,2020,REG,2,2020-09-20,Sunday,13:00,CAR,17,TB,31,Home,0,7,7,1,outdoors,grass,TAM00,Raymond James Stadium
2020_02_DEN_PIT,2020,REG,2,2020-09-20,Sunday,13:00,DEN,21,PIT,26,Home,0,6,6,0,outdoors,grass,PIT00,Heinz Field
2020_02_DET_GB,2020,REG,2,2020-09-20,Sunday,13:00,DET,21,GB,42,Home,0,7,7,1,outdoors,grass,GNB00,Lambeau Field
2020_02_JAX_TEN,2020,REG,2,2020-09-20,Sunday,13:00,JAX,30,TEN,33,Home,0,7,6,1,outdoors,grass,NAS00,Nissan Stadium
2020_02_KC_LAC,2020,REG,2,2020-09-20,Sunday,16:25,KC,23,LAC,20,Home,1,10,7,1,dome,matrixturf,LAX01,SoFi Stadium
2020_02_LA_PHI,2020,REG,2,2020-09-20,Sunday,13:00,LA,37,PHI,19,Home,0,7,7,0,outdoors,grass,PHI00,Lincoln Financial Field
2020_02_MIN_IND,2020,REG,2,2020-09-20,Sunday,13:00,MIN,11,IND,28,Home,0,7,7,0,closed,fieldturf,IND00,Lucas Oil Stadium
2020_02_NE_SEA,2020,REG,2,2020-09-20,Sunday,20:20,NE,30,SEA,35,Home,0,7,7,0,outdoors,fieldturf,SEA00,CenturyLink Field
2020_02_NYG_CHI,2020,REG,2,2020-09-20,Sunday,13:00,NYG,13,CHI,17,Home,0,6,7,0,outdoors,grass,CHI98,Soldier Field
2020_02_SF_NYJ,2020,REG,2,2020-09-20,Sunday,13:00,SF,31,NYJ,13,Home,0,7,7,0,outdoors,fieldturf,NYC01,MetLife Stadium
2020_02_WAS_ARI,2020,REG,2,2020-09-20,Sunday,16:05,WAS,15,ARI,30,Home,0,7,7,0,closed,grass,PHO00,State Farm Stadium
2020_02_NO_LV,2020,REG,2,2020-09-21,Monday,20:15,NO,24,LV,34,Home,0,8,8,0,dome,grass,VEG00,Allegiant Stadium
2020_03_MIA_JAX,2020,REG,3,2020-09-24,Thursday,20:20,MIA,31,JAX,13,Home,0,4,4,0,outdoors,grass,JAX00,TIAA Bank Stadium
2020_03_CAR_LAC,2020,REG,3,2020-09-27,Sunday,16:05,CAR,21,LAC,16,Home,0,7,7,0,dome,matrixturf,LAX01,SoFi Stadium
2020_03_CHI_ATL,2020,REG,3,2020-09-27,Sunday,13:00,CHI,30,ATL,26,Home,0,7,7,0,closed,fieldturf,ATL97,Mercedes-Benz Stadium
2020_03_CIN_PHI,2020,REG,3,2020-09-27,Sunday,13:00,CIN,23,PHI,23,Home,1,10,7,0,outdoors,grass,PHI00,Lincoln Financial Field
2020_03_DAL_SEA,2020,REG,3,2020-09-27,Sunday,16:25,DAL,31,SEA,38,Home,0,7,7,0,outdoors,fieldturf,SEA00,CenturyLink Field
2020_03_DET_ARI,2020,REG,3,2020-09-27,Sunday,16:25,DET,26,ARI,23,Home,0,7,7,0,closed,grass,PHO00,State Farm Stadium
2020_03_GB_NO,2020,REG,3,2020-09-27,Sunday,20:20,GB,37,NO,30,Home,0,7,6,0,dome,astroturf,NOR00,Mercedes-Benz Superdome
2020_03_HOU_PIT,2020,REG,3,2020-09-27,Sunday,13:00,HOU,21,PIT,28,Home,0,7,7,0,outdoors,grass,PIT00,Heinz Field
2020_03_LA_BUF,2020,REG,3,2020-09-27,Sunday,13:00,LA,32,BUF,35,Home,0,7,7,0,outdoors,astroturf,BUF00,New Era Field
2020_03_LV_NE,2020,REG,3,2020-09-27,Sunday,13:00,LV,20,NE,36,Home,0,6,7,0,outdoors,grass,BOS00,Gillette Stadium
2020_03_NYJ_IND,2020,REG,3,2020-09-27,Sunday,16:05,NYJ,7,IND,36,Home,0,7,7,0,closed,fieldturf,IND00,Lucas Oil Stadium
2020_03_SF_NYG,2020,REG,3,2020-09-27,Sunday,13:00,SF,36,NYG,9,Home,0,7,7,0,outdoors,fieldturf,NYC01,MetLife Stadium
2020_03_TB_DEN,2020,REG,3,2020-09-27,Sunday,16:25,TB,28,DEN,10,Home,0,7,7,0,outdoors,grass,DEN00,Empower Field at Mile High
2020_03_TEN_MIN,2020,REG,3,2020-09-27,Sunday,13:00,TEN,31,MIN,30,Home,0,7,7,0,dome,sportturf,MIN01,U.S. Bank Stadium
2020_03_WAS_CLE,2020,REG,3,2020-09-27,Sunday,13:00,WAS,20,CLE,34,Home,0,7,10,0,outdoors,grass,CLE00,FirstEnergy Stadium
2020_03_KC_BAL,2020,REG,3,2020-09-28,Monday,20:15,KC,34,BAL,20,Home,0,8,8,0,outdoors,grass,BAL00,M&T Bank Stadium
2020_04_DEN_NYJ,2020,REG,4,2020-10-01,Thursday,20:20,DEN,37,NYJ,28,Home,0,4,4,0,outdoors,fieldturf,NYC01,MetLife Stadium
2020_04_ARI_CAR,2020,REG,4,2020-10-04,Sunday,13:00,ARI,21,CAR,31,Home,0,7,7,0,outdoors,grass,CAR00,Bank of America Stadium
2020_04_BAL_WAS,2020,REG,4,2020-10-04,Sunday,13:00,BAL,31,WAS,17,Home,0,6,7,0,outdoors,grass,WAS00,FedExField
2020_04_BUF_LV,2020,REG,4,2020-10-04,Sunday,16:25,BUF,30,LV,23,Home,0,7,7,0,dome,grass,VEG00,Allegiant Stadium
2020_04_CLE_DAL,2020,REG,4,2020-10-04,Sunday,13:00,CLE,49,DAL,38,Home,0,7,7,0,closed,fieldturf,DAL00,AT&T Stadium
2020_04_IND_CHI,2020,REG,4,2020-10-04,Sunday,16:25,IND,19,CHI,11,Home,0,7,7,0,outdoors,grass,CHI98,Soldier Field
2020_04_JAX_CIN,2020,REG,4,2020-10-04,Sunday,13:00,JAX,25,CIN,33,Home,0,10,7,0,outdoors,grass,CIN00,Paul Brown Stadium
2020_04_LAC_TB,2020,REG,4,2020-10-04,Sunday,13:00,LAC,31,TB,38,Home,0,7,7,0,outdoors,grass,TAM00,Raymond James Stadium
2020_04_MIN_HOU,2020,REG,4,2020-10-04,Sunday,13:00,MIN,31,HOU,23,Home,0,7,7,0,closed,grass,HOU00,NRG Stadium
2020_04_NO_DET,2020,REG,4,2020-10-04,Sunday,13:00,NO,35,DET,29,Home,0,7,7,0,dome,fieldturf,DET00,Ford Field
2020_04_NYG_LA,2020,REG,4,2020-10-04,Sunday,16:05,NYG,9,LA,17,Home,0,7,7,0,dome,matrixturf,LAX01,SoFi Stadium
2020_04_PHI_SF,2020,REG,4,2020-10-04,Sunday,20:20,PHI,25,SF,20,Home,0,7,7,0,outdoors,grass,SFO01,Levi's Stadium
2020_04_SEA_MIA,2020,REG,4,2020-10-04,Sunday,13:00,SEA,31,MIA,23,Home,0,7,10,0,outdoors,grass,MIA00,Hard Rock Stadium
2020_04_ATL_GB,2020,REG,4,2020-10-05,Monday,21:00,ATL,16,GB,30,Home,0,8,8,0,outdoors,grass,GNB00,Lambeau Field
2020_04_NE_KC,2020,REG,4,2020-10-05,Monday,19:05,NE,10,KC,26,Home,0,8,7,0,outdoors,astroturf,KAN00,Arrowhead Stadium
2020_05_TB_CHI,2020,REG,5,2020-10-08,Thursday,20:20,TB,19,CHI,20,Home,0,4,4,0,outdoors,grass,CHI98,Soldier Field
2020_05_ARI_NYJ,2020,REG,5,2020-10-11,Sunday,13:00,ARI,30,NYJ,10,Home,0,7,10,0,outdoors,fieldturf,NYC01,MetLife Stadium
2020_05_CAR_ATL,2020,REG,5,2020-10-11,Sunday,13:00,CAR,23,ATL,16,Home,0,7,6,1,closed,fieldturf,ATL97,Mercedes-Benz Stadium
2020_05_CIN_BAL,2020,REG,5,2020-10-11,Sunday,13:00,CIN,3,BAL,27,Home,0,7,7,1,outdoors,grass,BAL00,M&T Bank Stadium
2020_05_IND_CLE,2020,REG,5,2020-10-11,Sunday,16:25,IND,23,CLE,32,Home,0,7,7,0,outdoors,grass,CLE00,FirstEnergy Stadium
2020_05_JAX_HOU,2020,REG,5,2020-10-11,Sunday,13:00,JAX,14,HOU,30,Home,0,7,7,1,closed,grass,HOU00,NRG Stadium
2020_05_LA_WAS,2020,REG,5,2020-10-11,Sunday,13:00,LA,30,WAS,10,Home,0,7,7,0,outdoors,grass,WAS00,FedExField
2020_05_LV_KC,2020,REG,5,2020-10-11,Sunday,13:00,LV,40,KC,32,Home,0,7,6,1,outdoors,astroturf,KAN00,Arrowhead Stadium
2020_05_MIA_SF,2020,REG,5,2020-10-11,Sunday,16:05,MIA,43,SF,17,Home,0,7,7,0,outdoors,grass,SFO01,Levi's Stadium
2020_05_MIN_SEA,2020,REG,5,2020-10-11,Sunday,20:20,MIN,26,SEA,27,Home,0,7,7,0,outdoors,fieldturf,SEA00,CenturyLink Field
2020_05_NYG_DAL,2020,REG,5,2020-10-11,Sunday,16:25,NYG,34,DAL,37,Home,0,7,7,1,closed,fieldturf,DAL00,AT&T Stadium
2020_05_PHI_PIT,2020,REG,5,2020-10-11,Sunday,13:00,PHI,29,PIT,38,Home,0,7,14,0,outdoors,grass,PIT00,Heinz Field
2020_05_LAC_NO,2020,REG,5,2020-10-12,Monday,20:15,LAC,27,NO,30,Home,1,8,8,0,dome,astroturf,NOR00,Mercedes-Benz Superdome
2020_05_BUF_TEN,2020,REG,5,2020-10-13,Tuesday,19:00,BUF,16,TEN,42,Home,0,9,16,0,outdoors,grass,NAS00,Nissan Stadium
2020_06_ATL_MIN,2020,REG,6,2020-10-18,Sunday,13:00,ATL,40,MIN,23,Home,0,7,7,0,dome,sportturf,MIN01,U.S. Bank Stadium
2020_06_BAL_PHI,2020,REG,6,2020-10-18,Sunday,13:00,BAL,30,PHI,28,Home,0,7,7,0,outdoors,grass,PHI00,Lincoln Financial Field
2020_06_CHI_CAR,2020,REG,6,2020-10-18,Sunday,13:00,CHI,23,CAR,16,Home,0,10,7,0,outdoors,grass,CAR00,Bank of America Stadium
2020_06_CIN_IND,2020,REG,6,2020-10-18,Sunday,13:00,CIN,27,IND,31,Home,0,7,7,0,closed,fieldturf,IND00,Lucas Oil Stadium
2020_06_CLE_PIT,2020,REG,6,2020-10-18,Sunday,13:00,CLE,7,PIT,38,Home,0,7,7,1,outdoors,grass,PIT00,Heinz Field
2020_06_DEN_NE,2020,REG,6,2020-10-18,Sunday,13:00,DEN,18,NE,12,Home,0,17,13,0,outdoors,grass,BOS00,Gillette Stadium
2020_06_DET_JAX,2020,REG,6,2020-10-18,Sunday,13:00,DET,34,JAX,16,Home,0,14,7,0,outdoors,grass,JAX00,TIAA Bank Stadium
2020_06_GB_TB,2020,REG,6,2020-10-18,Sunday,16:25,GB,10,TB,38,Home,0,13,10,0,outdoors,grass,TAM00,Raymond James Stadium
2020_06_HOU_TEN,2020,REG,6,2020-10-18,Sunday,13:00,HOU,36,TEN,42,Home,1,7,5,1,outdoors,grass,NAS00,Nissan Stadium
2020_06_LA_SF,2020,REG,6,2020-10-18,Sunday,20:20,LA,16,SF,24,Home,0,7,7,1,outdoors,grass,SFO01,Levi's Stadium
2020_06_NYJ_MIA,2020,REG,6,2020-10-18,Sunday,16:05,NYJ,0,MIA,24,Home,0,7,7,1,outdoors,grass,MIA00,Hard Rock Stadium
2020_06_WAS_NYG,2020,REG,6,2020-10-18,Sunday,13:00,WAS,19,NYG,20,Home,0,7,7,1,outdoors,fieldturf,NYC01,MetLife Stadium
2020_06_ARI_DAL,2020,REG,6,2020-10-19,Monday,20:15,ARI,38,DAL,10,Home,0,8,8,0,closed,fieldturf,DAL00,AT&T Stadium
2020_06_KC_BUF,2020,REG,6,2020-10-19,Monday,17:00,KC,26,BUF,17,Home,0,8,6,0,outdoors,astroturf,BUF00,New Era Field
2020_07_NYG_PHI,2020,REG,7,2020-10-22,Thursday,20:20,NYG,21,PHI,22,Home,0,4,4,1,outdoors,grass,PHI00,Lincoln Financial Field
2020_07_BUF_NYJ,2020,REG,7,2020-10-25,Sunday,13:00,BUF,18,NYJ,10,Home,0,6,7,1,outdoors,fieldturf,NYC01,MetLife Stadium
2020_07_CAR_NO,2020,REG,7,2020-10-25,Sunday,13:00,CAR,24,NO,27,Home,0,7,13,1,dome,astroturf,NOR00,Mercedes-Benz Superdome
2020_07_CLE_CIN,2020,REG,7,2020-10-25,Sunday,13:00,CLE,37,CIN,34,Home,0,7,7,1,outdoors,grass,CIN00,Paul Brown Stadium
2020_07_DAL_WAS,2020,REG,7,2020-10-25,Sunday,13:00,DAL,3,WAS,25,Home,0,6,7,1,outdoors,grass,WAS00,FedExField
2020_07_DET_ATL,2020,REG,7,2020-10-25,Sunday,13:00,DET,23,ATL,22,Home,0,7,7,0,closed,fieldturf,ATL97,Mercedes-Benz Stadium
2020_07_GB_HOU,2020,REG,7,2020-10-25,Sunday,13:00,GB,35,HOU,20,Home,0,7,7,0,closed,grass,HOU00,NRG Stadium
2020_07_JAX_LAC,2020,REG,7,2020-10-25,Sunday,16:25,JAX,29,LAC,39,Home,0,7,13,0,dome,matrixturf,LAX01,SoFi Stadium
2020_07_KC_DEN,2020,REG,7,2020-10-25,Sunday,16:25,KC,43,DEN,16,Home,0,6,7,1,outdoors,grass,DEN00,Empower Field at Mile High
2020_07_PIT_TEN,2020,REG,7,2020-10-25,Sunday,13:00,PIT,27,TEN,24,Home,0,7,7,0,outdoors,grass,NAS00,Nissan Stadium
2020_07_SEA_ARI,2020,REG,7,2020-10-25,Sunday,20:20,SEA,34,ARI,37,Home,1,14,6,1,closed,grass,PHO00,State Farm Stadium
2020_07_SF_NE,2020,REG,7,2020-10-25,Sunday,16:25,SF,33,NE,6,Home,0,7,7,0,outdoors,grass,BOS00,Gillette Stadium
2020_07_TB_LV,2020,REG,7,2020-10-25,Sunday,16:05,TB,45,LV,20,Home,0,7,14,0,dome,grass,VEG00,Allegiant Stadium
2020_07_CHI_LA,2020,REG,7,2020-10-26,Monday,20:15,CHI,10,LA,24,Home,0,8,8,0,dome,matrixturf,LAX01,SoFi Stadium
2020_08_ATL_CAR,2020,REG,8,2020-10-29,Thursday,20:20,ATL,25,CAR,17,Home,0,4,4,1,outdoors,grass,CAR00,Bank of America Stadium
2020_08_DAL_PHI,2020,REG,8,2020-11-01,Sunday,20:20,DAL,9,PHI,23,Home,0,7,10,1,outdoors,grass,PHI00,Lincoln Financial Field
2020_08_IND_DET,2020,REG,8,2020-11-01,Sunday,13:00,IND,41,DET,21,Home,0,14,7,0,dome,fieldturf,DET00,Ford Field
2020_08_LAC_DEN,2020,REG,8,2020-11-01,Sunday,16:05,LAC,30,DEN,31,Home,0,7,7,1,outdoors,grass,DEN00,Empower Field at Mile High
2020_08_LA_MIA,2020,REG,8,2020-11-01,Sunday,13:00,LA,17,MIA,28,Home,0,6,14,0,outdoors,grass,MIA00,Hard Rock Stadium
2020_08_LV_CLE,2020,REG,8,2020-11-01,Sunday,13:00,LV,16,CLE,6,Home,0,7,7,0,outdoors,grass,CLE00,FirstEnergy Stadium
2020_08_MIN_GB,2020,REG,8,2020-11-01,Sunday,13:00,MIN,28,GB,22,Home,0,14,7,1,outdoors,grass,GNB00,Lambeau Field
2020_08_NE_BUF,2020,REG,8,2020-11-01,Sunday,13:00,NE,21,BUF,24,Home,0,7,7,1,outdoors,astroturf,BUF00,New Era Field
2020_08_NO_CHI,2020,REG,8,2020-11-01,Sunday,16:25,NO,26,CHI,23,Home,1,7,6,0,outdoors,grass,CHI98,Soldier Field
2020_08_NYJ_KC,2020,REG,8,2020-11-01,Sunday,13:00,NYJ,9,KC,35,Home,0,7,7,0,outdoors,astroturf,KAN00,Arrowhead Stadium
2020_08_PIT_BAL,2020,REG,8,2020-11-01,Sunday,13:00,PIT,28,BAL,24,Home,0,7,14,1,outdoors,grass,BAL00,M&T Bank Stadium
2020_08_SF_SEA,2020,REG,8,2020-11-01,Sunday,16:25,SF,27,SEA,37,Home,0,7,7,1,outdoors,fieldturf,SEA00,CenturyLink Field
2020_08_TEN_CIN,2020,REG,8,2020-11-01,Sunday,13:00,TEN,20,CIN,31,Home,0,7,7,0,outdoors,grass,CIN00,Paul Brown Stadium
2020_08_TB_NYG,2020,REG,8,2020-11-02,Monday,20:15,TB,25,NYG,23,Home,0,8,11,0,outdoors,fieldturf,NYC01,MetLife Stadium
2020_09_GB_SF,2020,REG,9,2020-11-05,Thursday,20:20,GB,34,SF,17,Home,0,4,4,0,outdoors,grass,SFO01,Levi's Stadium
2020_09_BAL_IND,2020,REG,9,2020-11-08,Sunday,13:00,BAL,24,IND,10,Home,0,7,7,0,closed,fieldturf,IND00,Lucas Oil Stadium
2020_09_CAR_KC,2020,REG,9,2020-11-08,Sunday,13:00,CAR,31,KC,33,Home,0,10,7,0,outdoors,astroturf,KAN00,Arrowhead Stadium
2020_09_CHI_TEN,2020,REG,9,2020-11-08,Sunday,13:00,CHI,17,TEN,24,Home,0,7,7,0,outdoors,grass,NAS00,Nissan Stadium
2020_09_DEN_ATL,2020,REG,9,2020-11-08,Sunday,13:00,DEN,27,ATL,34,Home,0,7,10,0,closed,fieldturf,ATL97,Mercedes-Benz Stadium
2020_09_DET_MIN,2020,REG,9,2020-11-08,Sunday,13:00,DET,20,MIN,34,Home,0,7,7,1,dome,sportturf,MIN01,U.S. Bank Stadium
2020_09_HOU_JAX,2020,REG,9,2020-11-08,Sunday,13:00,HOU,27,JAX,25,Home,0,14,14,1,outdoors,grass,JAX00,TIAA Bank Stadium
2020_09_LV_LAC,2020,REG,9,2020-11-08,Sunday,16:05,LV,31,LAC,26,Home,0,7,7,1,dome,matrixturf,LAX01,SoFi Stadium
2020_09_MIA_ARI,2020,REG,9,2020-11-08,Sunday,16:25,MIA,34,ARI,31,Home,0,7,14,0,closed,grass,PHO00,State Farm Stadium
2020_09_NO_TB,2020,REG,9,2020-11-08,Sunday,20:20,NO,38,TB,3,Home,0,7,6,1,outdoors,grass,TAM00,Raymond James Stadium
2020_09_NYG_WAS,2020,REG,9,2020-11-08,Sunday,13:00,NYG,23,WAS,20,Home,0,6,14,1,outdoors,grass,WAS00,FedExField
2020_09_PIT_DAL,2020,REG,9,2020-11-08,Sunday,16:25,PIT,24,DAL,19,Home,0,7,7,0,closed,fieldturf,DAL00,AT&T Stadium
2020_09_SEA_BUF,2020,REG,9,2020-11-08,Sunday,13:00,SEA,34,BUF,44,Home,0,7,7,0,outdoors,astroturf,BUF00,New Era Field
2020_09_NE_NYJ,2020,REG,9,2020-11-09,Monday,20:15,NE,30,NYJ,27,Home,0,8,8,1,outdoors,fieldturf,NYC01,MetLife Stadium
2020_10_IND_TEN,2020,REG,10,2020-11-12,Thursday,20:20,IND,34,TEN,17,Home,0,4,4,1,outdoors,grass,NAS00,Nissan Stadium
2020_10_BAL_NE,2020,REG,10,2020-11-15,Sunday,20:20,BAL,17,NE,23,Home,0,7,6,0,outdoors,grass,BOS00,Gillette Stadium
2020_10_BUF_ARI,2020,REG,10,2020-11-15,Sunday,16:05,BUF,30,ARI,32,Home,0,7,7,0,closed,grass,PHO00,State Farm Stadium
2020_10_CIN_PIT,2020,REG,10,2020-11-15,Sunday,16:25,CIN,10,PIT,36,Home,0,14,7,1,outdoors,grass,PIT00,Heinz Field
2020_10_DEN_LV,2020,REG,10,2020-11-15,Sunday,16:05,DEN,12,LV,37,Home,0,7,7,1,dome,grass,VEG00,Allegiant Stadium
2020_10_HOU_CLE,2020,REG,10,2020-11-15,Sunday,13:00,HOU,7,CLE,10,Home,0,7,14,0,outdoors,grass,CLE00,FirstEnergy Stadium
2020_10_JAX_GB,2020,REG,10,2020-11-15,Sunday,13:00,JAX,20,GB,24,Home,0,7,10,0,outdoors,grass,GNB00,Lambeau Field
2020_10_LAC_MIA,2020,REG,10,2020-11-15,Sunday,16:05,LAC,21,MIA,29,Home,0,7,7,0,outdoors,grass,MIA00,Hard Rock Stadium
2020_10_PHI_NYG,2020,REG,10,2020-11-15,Sunday,13:00,PHI,17,NYG,27,Home,0,14,7,1,outdoors,fieldturf,NYC01,MetLife Stadium
2020_10_SEA_LA,2020,REG,10,2020-11-15,Sunday,16:25,SEA,16,LA,23,Home,0,7,14,1,dome,matrixturf,LAX01,SoFi Stadium
2020_10_SF_NO,2020,REG,10,2020-11-15,Sunday,16:25,SF,13,NO,27,Home,0,10,7,0,dome,astroturf,NOR00,Mercedes-Benz Superdome
2020_10_TB_CAR,2020,REG,10,2020-11-15,Sunday,13:00,TB,46,CAR,23,Home,0,7,7,1,outdoors,grass,CAR00,Bank of America Stadium
2020_10_WAS_DET,2020,REG,10,2020-11-15,Sunday,13:00,WAS,27,DET,30,Home,0,7,7,0,dome,fieldturf,DET00,Ford Field
2020_10_MIN_CHI,2020,REG,10,2020-11-16,Monday,20:15,MIN,19,CHI,13,Home,0,8,8,1,outdoors,grass,CHI98,Soldier Field
2020_11_ARI_SEA,2020,REG,11,2020-11-19,Thursday,20:20,ARI,21,SEA,28,Home,0,4,4,1,outdoors,fieldturf,SEA00,Lumen Field
2020_11_ATL_NO,2020,REG,11,2020-11-22,Sunday,13:00,ATL,9,NO,24,Home,0,14,7,1,dome,astroturf,NOR00,Mercedes-Benz Superdome
2020_11_CIN_WAS,2020,REG,11,2020-11-22,Sunday,13:00,CIN,9,WAS,20,Home,0,7,7,0,outdoors,grass,WAS00,FedExField
2020_11_DAL_MIN,2020,REG,11,2020-11-22,Sunday,16:25,DAL,31,MIN,28,Home,0,14,6,0,dome,sportturf,MIN01,U.S. Bank Stadium
2020_11_DET_CAR,2020,REG,11,2020-11-22,Sunday,13:00,DET,0,CAR,20,Home,0,7,7,0,outdoors,grass,CAR00,Bank of America Stadium
2020_11_GB_IND,2020,REG,11,2020-11-22,Sunday,16:25,GB,31,IND,34,Home,1,7,10,0,closed,fieldturf,IND00,Lucas Oil Stadium
2020_11_KC_LV,2020,REG,11,2020-11-22,Sunday,20:20,KC,35,LV,31,Home,0,14,7,1,dome,grass,VEG00,Allegiant Stadium
2020_11_MIA_DEN,2020,REG,11,2020-11-22,Sunday,16:05,MIA,13,DEN,20,Home,0,7,7,0,outdoors,grass,DEN00,Empower Field at Mile High
2020_11_NE_HOU,2020,REG,11,2020-11-22,Sunday,13:00,NE,20,HOU,27,Home,0,7,7,0,closed,grass,HOU00,NRG Stadium
2020_11_NYJ_LAC,2020,REG,11,2020-11-22,Sunday,16:05,NYJ,28,LAC,34,Home,0,13,7,0,dome,matrixturf,LAX01,SoFi Stadium
2020_11_PHI_CLE,2020,REG,11,2020-11-22,Sunday,13:00,PHI,17,CLE,22,Home,0,7,7,0,outdoors,grass,CLE00,FirstEnergy Stadium
2020_11_PIT_JAX,2020,REG,11,2020-11-22,Sunday,13:00,PIT,27,JAX,3,Home,0,7,7,0,outdoors,grass,JAX00,TIAA Bank Stadium
2020_11_TEN_BAL,2020,REG,11,2020-11-22,Sunday,13:00,TEN,30,BAL,24,Home,1,10,7,0,outdoors,grass,BAL00,M&T Bank Stadium
2020_11_LA_TB,2020,REG,11,2020-11-23,Monday,20:15,LA,27,TB,24,Home,0,8,8,0,outdoors,grass,TAM00,Raymond James Stadium
2020_12_HOU_DET,2020,REG,12,2020-11-26,Thursday,12:30,HOU,41,DET,25,Home,0,4,4,0,dome,fieldturf,DET00,Ford Field
2020_12_WAS_DAL,2020,REG,12,2020-11-26,Thursday,16:30,WAS,41,DAL,16,Home,0,4,4,1,closed,fieldturf,DAL00,AT&T Stadium
2020_12_ARI_NE,2020,REG,12,2020-11-29,Sunday,13:00,ARI,17,NE,20,Home,0,10,7,0,outdoors,grass,BOS00,Gillette Stadium
2020_12_CAR_MIN,2020,REG,12,2020-11-29,Sunday,13:00,CAR,27,MIN,28,Home,0,7,7,0,dome,sportturf,MIN01,U.S. Bank Stadium
2020_12_CHI_GB,2020,REG,12,2020-11-29,Sunday,20:20,CHI,25,GB,41,Home,0,13,7,1,outdoors,grass,GNB00,Lambeau Field
2020_12_CLE_JAX,2020,REG,12,2020-11-29,Sunday,13:00,CLE,27,JAX,25,Home,0,7,7,0,outdoors,grass,JAX00,TIAA Bank Stadium
2020_12_KC_TB,2020,REG,12,2020-11-29,Sunday,16:25,KC,27,TB,24,Home,0,7,6,0,outdoors,grass,TAM00,Raymond James Stadium
2020_12_LAC_BUF,2020,REG,12,2020-11-29,Sunday,13:00,LAC,17,BUF,27,Home,0,7,14,0,outdoors,astroturf,BUF00,New Era Field
2020_12_LV_ATL,2020,REG,12,2020-11-29,Sunday,13:00,LV,6,ATL,43,Home,0,7,7,0,closed,fieldturf,ATL97,Mercedes-Benz Stadium
2020_12_MIA_NYJ,2020,REG,12,2020-11-29,Sunday,13:00,MIA,20,NYJ,3,Home,0,7,7,1,outdoors,fieldturf,NYC01,MetLife Stadium
2020_12_NO_DEN,2020,REG,12,2020-11-29,Sunday,16:05,NO,31,DEN,3,Home,0,7,7,0,outdoors,grass,DEN00,Empower Field at Mile High
2020_12_NYG_CIN,2020,REG,12,2020-11-29,Sunday,13:00,NYG,19,CIN,17,Home,0,14,7,0,outdoors,grass,CIN00,Paul Brown Stadium
2020_12_SF_LA,2020,REG,12,2020-11-29,Sunday,16:05,SF,23,LA,20,Home,0,14,6,1,dome,matrixturf,LAX01,SoFi Stadium
2020_12_TEN_IND,2020,REG,12,2020-11-29,Sunday,13:00,TEN,45,IND,26,Home,0,7,7,1,closed,fieldturf,IND00,Lucas Oil Stadium
2020_12_SEA_PHI,2020,REG,12,2020-11-30,Monday,20:15,SEA,23,PHI,17,Home,0,11,8,0,outdoors,grass,PHI00,Lincoln Financial Field
2020_12_BAL_PIT,2020,REG,12,2020-12-02,Wednesday,15:40,BAL,14,PIT,19,Home,0,10,10,1,outdoors,grass,PIT00,Heinz Field
2020_13_CIN_MIA,2020,REG,13,2020-12-06,Sunday,13:00,CIN,7,MIA,19,Home,0,7,7,0,outdoors,grass,MIA00,Hard Rock Stadium
2020_13_CLE_TEN,2020,REG,13,2020-12-06,Sunday,13:00,CLE,41,TEN,35,Home,0,7,7,0,outdoors,grass,NAS00,Nissan Stadium
2020_13_DEN_KC,2020,REG,13,2020-12-06,Sunday,20:20,DEN,16,KC,22,Home,0,7,7,1,outdoors,astroturf,KAN00,Arrowhead Stadium
2020_13_DET_CHI,2020,REG,13,2020-12-06,Sunday,13:00,DET,34,CHI,30,Home,0,10,7,1,outdoors,grass,CHI98,Soldier Field
2020_13_IND_HOU,2020,REG,13,2020-12-06,Sunday,13:00,IND,26,HOU,20,Home,0,7,10,1,closed,grass,HOU00,NRG Stadium
2020_13_JAX_MIN,2020,REG,13,2020-12-06,Sunday,13:00,JAX,24,MIN,27,Home,1,7,7,0,dome,sportturf,MIN01,U.S. Bank Stadium
2020_13_LA_ARI,2020,REG,13,2020-12-06,Sunday,16:05,LA,38,ARI,28,Home,0,7,7,1,closed,grass,PHO00,State Farm Stadium
2020_13_LV_NYJ,2020,REG,13,2020-12-06,Sunday,13:00,LV,31,NYJ,28,Home,0,7,7,0,outdoors,fieldturf,NYC01,MetLife Stadium
2020_13_NE_LAC,2020,REG,13,2020-12-06,Sunday,16:25,NE,45,LAC,0,Home,0,7,7,0,dome,matrixturf,LAX01,SoFi Stadium
2020_13_NO_ATL,2020,REG,13,2020-12-06,Sunday,13:00,NO,21,ATL,16,Home,0,7,7,1,closed,fieldturf,ATL97,Mercedes-Benz Stadium
2020_13_NYG_SEA,2020,REG,13,2020-12-06,Sunday,16:05,NYG,17,SEA,12,Home,0,7,6,0,outdoors,fieldturf,SEA00,Lumen Field
2020_13_PHI_GB,2020,REG,13,2020-12-06,Sunday,16:25,PHI,16,GB,30,Home,0,6,7,0,outdoors,grass,GNB00,Lambeau Field
2020_13_BUF_SF,2020,REG,13,2020-12-07,Monday,20:15,BUF,34,SF,24,Neutral,0,8,8,0,closed,grass,PHO00,State Farm Stadium
2020_13_WAS_PIT,2020,REG,13,2020-12-07,Monday,17:00,WAS,23,PIT,17,Home,0,11,5,0,outdoors,grass,PIT00,Heinz Field
2020_13_DAL_BAL,2020,REG,13,2020-12-08,Tuesday,20:05,DAL,17,BAL,34,Home,0,12,6,0,outdoors,grass,BAL00,M&T Bank Stadium
2020_14_NE_LA,2020,REG,14,2020-12-10,Thursday,20:20,NE,3,LA,24,Home,0,4,4,0,dome,matrixturf,LAX01,SoFi Stadium
2020_14_ARI_NYG,2020,REG,14,2020-12-13,Sunday,13:00,ARI,26,NYG,7,Home,0,7,7,0,outdoors,fieldturf,NYC01,MetLife Stadium
2020_14_ATL_LAC,2020,REG,14,2020-12-13,Sunday,16:25,ATL,17,LAC,20,Home,0,7,7,0,dome,matrixturf,LAX01,SoFi Stadium
2020_14_DAL_CIN,2020,REG,14,2020-12-13,Sunday,13:00,DAL,30,CIN,7,Home,0,5,7,0,outdoors,grass,CIN00,Paul Brown Stadium
2020_14_DEN_CAR,2020,REG,14,2020-12-13,Sunday,13:00,DEN,32,CAR,27,Home,0,7,14,0,outdoors,grass,CAR00,Bank of America Stadium
2020_14_GB_DET,2020,REG,14,2020-12-13,Sunday,16:25,GB,31,DET,24,Home,0,7,7,1,dome,fieldturf,DET00,Ford Field
2020_14_HOU_CHI,2020,REG,14,2020-12-13,Sunday,13:00,HOU,7,CHI,36,Home,0,7,7,0,outdoors,grass,CHI98,Soldier Field
2020_14_IND_LV,2020,REG,14,2020-12-13,Sunday,16:05,IND,44,LV,27,Home,0,7,7,0,dome,grass,VEG00,Allegiant Stadium
2020_14_KC_MIA,2020,REG,14,2020-12-13,Sunday,13:00,KC,33,MIA,27,Home,0,7,7,0,outdoors,grass,MIA00,Hard Rock Stadium
2020_14_MIN_TB,2020,REG,14,2020-12-13,Sunday,13:00,MIN,14,TB,26,Home,0,7,14,0,outdoors,grass,TAM00,Raymond James Stadium
2020_14_NO_PHI,2020,REG,14,2020-12-13,Sunday,16:25,NO,21,PHI,24,Home,0,7,7,0,outdoors,grass,PHI00,Lincoln Financial Field
2020_14_NYJ_SEA,2020,REG,14,2020-12-13,Sunday,16:05,NYJ,3,SEA,40,Home,0,7,7,0,outdoors,fieldturf,SEA00,Lumen Field
2020_14_PIT_BUF,2020,REG,14,2020-12-13,Sunday,20:20,PIT,15,BUF,26,Home,0,6,6,0,outdoors,astroturf,BUF00,New Era Field
2020_14_TEN_JAX,2020,REG,14,2020-12-13,Sunday,13:00,TEN,31,JAX,10,Home,0,7,7,1,outdoors,grass,JAX00,TIAA Bank Stadium
2020_14_WAS_SF,2020,REG,14,2020-12-13,Sunday,16:25,WAS,23,SF,15,Neutral,0,6,6,0,closed,grass,PHO00,State Farm Stadium
2020_14_BAL_CLE,2020,REG,14,2020-12-14,Monday,20:15,BAL,47,CLE,42,Home,0,6,8,1,outdoors,grass,CLE00,FirstEnergy Stadium
2020_15_LAC_LV,2020,REG,15,2020-12-17,Thursday,20:20,LAC,30,LV,27,Home,1,4,4,1,dome,grass,VEG00,Allegiant Stadium
2020_15_BUF_DEN,2020,REG,15,2020-12-19,Saturday,16:30,BUF,48,DEN,19,Home,0,6,6,0,outdoors,grass,DEN00,Empower Field at Mile High
2020_15_CAR_GB,2020,REG,15,2020-12-19,Saturday,20:15,CAR,16,GB,24,Home,0,6,6,0,outdoors,grass,GNB00,Lambeau Field
2020_15_CHI_MIN,2020,REG,15,2020-12-20,Sunday,13:00,CHI,33,MIN,27,Home,0,7,7,1,dome,sportturf,MIN01,U.S. Bank Stadium
2020_15_CLE_NYG,2020,REG,15,2020-12-20,Sunday,20:20,CLE,20,NYG,6,Home,0,6,7,0,outdoors,fieldturf,NYC01,MetLife Stadium
2020_15_DET_TEN,2020,REG,15,2020-12-20,Sunday,13:00,DET,25,TEN,46,Home,0,7,7,0,outdoors,grass,NAS00,Nissan Stadium
2020_15_HOU_IND,2020,REG,15,2020-12-20,Sunday,13:00,HOU,20,IND,27,Home,0,7,7,1,closed,fieldturf,IND00,Lucas Oil Stadium
2020_15_JAX_BAL,2020,REG,15,2020-12-20,Sunday,13:00,JAX,14,BAL,40,Home,0,7,6,0,outdoors,grass,BAL00,M&T Bank Stadium
2020_15_KC_NO,2020,REG,15,2020-12-20,Sunday,16:25,KC,32,NO,29,Home,0,7,7,0,dome,astroturf,NOR00,Mercedes-Benz Superdome
2020_15_NE_MIA,2020,REG,15,2020-12-20,Sunday,13:00,NE,12,MIA,22,Home,0,10,7,1,outdoors,grass,MIA00,Hard Rock Stadium
2020_15_NYJ_LA,2020,REG,15,2020-12-20,Sunday,16:05,NYJ,23,LA,20,Home,0,7,10,0,dome,matrixturf,LAX01,SoFi Stadium
2020_15_PHI_ARI,2020,REG,15,2020-12-20,Sunday,16:05,PHI,26,ARI,33,Home,0,7,7,0,closed,grass,PHO00,State Farm Stadium
2020_15_SEA_WAS,2020,REG,15,2020-12-20,Sunday,13:00,SEA,20,WAS,15,Home,0,7,7,0,outdoors,grass,WAS00,FedExField
2020_15_SF_DAL,2020,REG,15,2020-12-20,Sunday,13:00,SF,33,DAL,41,Home,0,7,7,0,closed,fieldturf,DAL00,AT&T Stadium
2020_15_TB_ATL,2020,REG,15,2020-12-20,Sunday,13:00,TB,31,ATL,27,Home,0,7,7,1,closed,fieldturf,ATL97,Mercedes-Benz Stadium
2020_15_PIT_CIN,2020,REG,15,2020-12-21,Monday,20:15,PIT,17,CIN,27,Home,0,8,8,1,outdoors,grass,CIN00,Paul Brown Stadium
2020_16_MIN_NO,2020,REG,16,2020-12-25,Friday,16:30,MIN,33,NO,52,Home,0,5,5,0,dome,astroturf,NOR00,Mercedes-Benz Superdome
2020_16_MIA_LV,2020,REG,16,2020-12-26,Saturday,20:15,MIA,26,LV,25,Home,0,6,9,0,dome,grass,VEG00,Allegiant Stadium
2020_16_SF_ARI,2020,REG,16,2020-12-26,Saturday,16:30,SF,20,ARI,12,Home,0,6,6,1,closed,grass,PHO00,State Farm Stadium
2020_16_TB_DET,2020,REG,16,2020-12-26,Saturday,13:00,TB,47,DET,7,Home,0,6,6,0,dome,fieldturf,DET00,Ford Field
2020_16_ATL_KC,2020,REG,16,2020-12-27,Sunday,13:00,ATL,14,KC,17,Home,0,7,7,0,outdoors,astroturf,KAN00,Arrowhead Stadium
2020_16_CAR_WAS,2020,REG,16,2020-12-27,Sunday,16:05,CAR,20,WAS,13,Home,0,8,7,0,outdoors,grass,WAS00,FedExField
2020_16_CHI_JAX,2020,REG,16,2020-12-27,Sunday,13:00,CHI,41,JAX,17,Home,0,7,7,0,outdoors,grass,JAX00,TIAA Bank Stadium
2020_16_CIN_HOU,2020,REG,16,2020-12-27,Sunday,13:00,CIN,37,HOU,31,Home,0,6,7,0,closed,grass,HOU00,NRG Stadium
2020_16_CLE_NYJ,2020,REG,16,2020-12-27,Sunday,13:00,CLE,16,NYJ,23,Home,0,7,7,0,outdoors,fieldturf,NYC01,MetLife Stadium
2020_16_DEN_LAC,2020,REG,16,2020-12-27,Sunday,16:05,DEN,16,LAC,19,Home,0,8,10,1,dome,matrixturf,LAX01,SoFi Stadium
2020_16_IND_PIT,2020,REG,16,2020-12-27,Sunday,13:00,IND,24,PIT,28,Home,0,7,6,0,outdoors,grass,PIT00,Heinz Field
2020_16_LA_SEA,2020,REG,16,2020-12-27,Sunday,16:25,LA,9,SEA,20,Home,0,7,7,1,outdoors,fieldturf,SEA00,Lumen Field
2020_16_NYG_BAL,2020,REG,16,2020-12-27,Sunday,13:00,NYG,13,BAL,27,Home,0,7,7,0,outdoors,grass,BAL00,M&T Bank Stadium
2020_16_PHI_DAL,2020,REG,16,2020-12-27,Sunday,16:25,PHI,17,DAL,37,Home,0,7,7,1,closed,fieldturf,DAL00,AT&T Stadium
2020_16_TEN_GB,2020,REG,16,2020-12-27,Sunday,20:20,TEN,14,GB,40,Home,0,7,8,0,outdoors,grass,GNB00,Lambeau Field
2020_16_BUF_NE,2020,REG,16,2020-12-28,Monday,20:15,BUF,38,NE,9,Home,0,9,8,1,outdoors,grass,BOS00,Gillette Stadium
2020_17_ARI_LA,2020,REG,17,2021-01-03,Sunday,16:25,ARI,7,LA,18,Home,0,8,7,1,dome,matrixturf,LAX01,SoFi Stadium
2020_17_ATL_TB,2020,REG,17,2021-01-03,Sunday,13:00,ATL,27,TB,44,Home,0,7,8,1,outdoors,grass,TAM00,Raymond James Stadium
2020_17_BAL_CIN,2020,REG,17,2021-01-03,Sunday,13:00,BAL,38,CIN,3,Home,0,7,7,1,outdoors,grass,CIN00,Paul Brown Stadium
2020_17_DAL_NYG,2020,REG,17,2021-01-03,Sunday,13:00,DAL,19,NYG,23,Home,0,7,7,1,outdoors,fieldturf,NYC01,MetLife Stadium
2020_17_GB_CHI,2020,REG,17,2021-01-03,Sunday,16:25,GB,35,CHI,16,Home,0,7,7,1,outdoors,grass,CHI98,Soldier Field
2020_17_JAX_IND,2020,REG,17,2021-01-03,Sunday,16:25,JAX,14,IND,28,Home,0,7,7,1,closed,fieldturf,IND00,Lucas Oil Stadium
2020_17_LAC_KC,2020,REG,17,2021-01-03,Sunday,16:25,LAC,38,KC,21,Home,0,7,7,1,outdoors,astroturf,KAN00,Arrowhead Stadium
2020_17_LV_DEN,2020,REG,17,2021-01-03,Sunday,16:25,LV,32,DEN,31,Home,0,8,7,1,outdoors,grass,DEN00,Empower Field at Mile High
2020_17_MIA_BUF,2020,REG,17,2021-01-03,Sunday,13:00,MIA,26,BUF,56,Home,0,8,6,1,outdoors,astroturf,BUF00,New Era Field
2020_17_MIN_DET,2020,REG,17,2021-01-03,Sunday,13:00,MIN,37,DET,35,Home,0,9,8,1,dome,fieldturf,DET00,Ford Field
2020_17_NO_CAR,2020,REG,17,2021-01-03,Sunday,16:25,NO,33,CAR,7,Home,0,9,7,1,outdoors,grass,CAR00,Bank of America Stadium
2020_17_NYJ_NE,2020,REG,17,2021-01-03,Sunday,13:00,NYJ,14,NE,28,Home,0,7,6,1,outdoors,grass,BOS00,Gillette Stadium
2020_17_PIT_CLE,2020,REG,17,2021-01-03,Sunday,13:00,PIT,22,CLE,24,Home,0,7,7,1,outdoors,grass,CLE00,FirstEnergy Stadium
2020_17_SEA_SF,2020,REG,17,2021-01-03,Sunday,16:25,SEA,26,SF,23,Neutral,0,7,8,1,closed,grass,PHO00,State Farm Stadium
2020_17_TEN_HOU,2020,REG,17,2021-01-03,Sunday,16:25,TEN,41,HOU,38,Home,0,7,7,1,closed,grass,HOU00,NRG Stadium
2020_17_WAS_PHI,2020,REG,17,2021-01-03,Sunday,20:20,WAS,20,PHI,14,Home,0,7,7,1,outdoors,grass,PHI00,Lincoln Financial Field
2020_21_KC_TB,2020,SB,21,2021-02-07,Sunday,18:30,KC,9,TB,31,Neutral,0,14,14,0,outdoors,grass,TAM00,Raymond James Stadium
2021_01_DAL_TB,2021,REG,1,2021-09-09,Thursday,20:20,DAL,29,TB,31,Home,0,7,7,0,outdoors,grass ,TAM00,Raymond James Stadium
2021_01_ARI_TEN,2021,REG,1,2021-09-12,Sunday,13:00,ARI,38,TEN,13,Home,0,7,7,0,outdoors,grass ,NAS00,Nissan Stadium
2021_01_CHI_LA,2021,REG,1,2021-09-12,Sunday,20:20,CHI,14,LA,34,Home,0,7,7,0,dome,matrixturf,LAX01,SoFi Stadium
2021_01_CLE_KC,2021,REG,1,2021-09-12,Sunday,16:25,CLE,29,KC,33,Home,0,7,7,0,outdoors,grass ,KAN00,GEHA Field at Arrowhead Stadium
2021_01_DEN_NYG,2021,REG,1,2021-09-12,Sunday,16:25,DEN,27,NYG,13,Home,0,7,7,0,outdoors,fieldturf,NYC01,MetLife Stadium
2021_01_GB_NO,2021,REG,1,2021-09-12,Sunday,16:25,GB,3,NO,38,Neutral,0,7,7,0,outdoors,grass ,JAX00,TIAA Bank Stadium
2021_01_JAX_HOU,2021,REG,1,2021-09-12,Sunday,13:00,JAX,21,HOU,37,Home,0,7,7,1,closed,astroturf,HOU00,NRG Stadium
2021_01_LAC_WAS,2021,REG,1,2021-09-12,Sunday,13:00,LAC,20,WAS,16,Home,0,7,7,0,outdoors,grass ,WAS00,FedExField
2021_01_MIA_NE,2021,REG,1,2021-09-12,Sunday,16:25,MIA,17,NE,16,Home,0,7,7,1,outdoors,fieldturf,BOS00,Gillette Stadium
2021_01_MIN_CIN,2021,REG,1,2021-09-12,Sunday,13:00,MIN,24,CIN,27,Home,1,7,7,0,outdoors,fieldturf,CIN00,Paul Brown Stadium
2021_01_NYJ_CAR,2021,REG,1,2021-09-12,Sunday,13:00,NYJ,14,CAR,19,Home,0,7,7,0,outdoors,grass ,CAR00,Bank of America Stadium
2021_01_PHI_ATL,2021,REG,1,2021-09-12,Sunday,13:00,PHI,32,ATL,6,Home,0,7,7,0,open,fieldturf,ATL97,Mercedes-Benz Stadium
2021_01_PIT_BUF,2021,REG,1,2021-09-12,Sunday,13:00,PIT,23,BUF,16,Home,0,7,7,0,outdoors,a_turf,BUF00,New Era Field
2021_01_SEA_IND,2021,REG,1,2021-09-12,Sunday,13:00,SEA,28,IND,16,Home,0,7,7,0,closed,fieldturf,IND00,Lucas Oil Stadium
2021_01_SF_DET,2021,REG,1,2021-09-12,Sunday,13:00,SF,41,DET,33,Home,0,7,7,0,dome,fieldturf,DET00,Ford Field
2021_01_BAL_LV,2021,REG,1,2021-09-13,Monday,20:15,BAL,27,LV,33,Home,1,7,7,0,dome,grass,VEG00,Allegiant Stadium
2021_02_NYG_WAS,2021,REG,2,2021-09-16,Thursday,20:20,NYG,29,WAS,30,Home,0,4,4,1,outdoors,grass ,WAS00,FedExField
2021_02_ATL_TB,2021,REG,2,2021-09-19,Sunday,16:05,ATL,25,TB,48,Home,0,7,10,1,outdoors,grass ,TAM00,Raymond James Stadium
2021_02_BUF_MIA,2021,REG,2,2021-09-19,Sunday,13:00,BUF,35,MIA,0,Home,0,7,7,1,outdoors,grass ,MIA00,Hard Rock Stadium
2021_02_CIN_CHI,2021,REG,2,2021-09-19,Sunday,13:00,CIN,17,CHI,20,Home,0,7,7,0,outdoors,grass ,CHI98,Soldier Field
2021_02_DAL_LAC,2021,REG,2,2021-09-19,Sunday,16:25,DAL,20,LAC,17,Home,0,10,7,0,dome,matrixturf,LAX01,SoFi Stadium
2021_02_DEN_JAX,2021,REG,2,2021-09-19,Sunday,13:00,DEN,23,JAX,13,Home,0,7,7,0,outdoors,grass ,JAX00,TIAA Bank Stadium
2021_02_HOU_CLE,2021,REG,2,2021-09-19,Sunday,13:00,HOU,21,CLE,31,Home,0,7,7,0,outdoors,grass ,CLE00,FirstEnergy Stadium
2021_02_KC_BAL,2021,REG,2,2021-09-19,Sunday,20:20,KC,35,BAL,36,Home,0,7,6,0,outdoors,grass,BAL00,M&T Bank Stadium
2021_02_LA_IND,2021,REG,2,2021-09-19,Sunday,13:00,LA,27,IND,24,Home,0,7,7,0,closed,fieldturf,IND00,Lucas Oil Stadium
2021_02_LV_PIT,2021,REG,2,2021-09-19,Sunday,13:00,LV,26,PIT,17,Home,0,6,7,0,outdoors,grass ,PIT00,Heinz Field
2021_02_MIN_ARI,2021,REG,2,2021-09-19,Sunday,16:05,MIN,33,ARI,34,Home,0,7,7,0,closed,grass ,PHO00,State Farm Stadium
2021_02_NE_NYJ,2021,REG,2,2021-09-19,Sunday,13:00,NE,25,NYJ,6,Home,0,7,7,1,outdoors,fieldturf,NYC01,MetLife Stadium
2021_02_NO_CAR,2021,REG,2,2021-09-19,Sunday,13:00,NO,7,CAR,26,Home,0,7,7,1,outdoors,grass ,CAR00,Bank of America Stadium
2021_02_SF_PHI,2021,REG,2,2021-09-19,Sunday,13:00,SF,17,PHI,11,Home,0,7,7,0,outdoors,grass ,PHI00,Lincoln Financial Field
2021_02_TEN_SEA,2021,REG,2,2021-09-19,Sunday,16:25,TEN,33,SEA,30,Home,1,7,7,0,outdoors,fieldturf,SEA00,Lumen Field
2021_02_DET_GB,2021,REG,2,2021-09-20,Monday,20:15,DET,17,GB,35,Home,0,8,8,1,outdoors,grass ,GNB00,Lambeau Field
2021_03_CAR_HOU,2021,REG,3,2021-09-23,Thursday,20:20,CAR,24,HOU,9,Home,0,4,4,0,closed,astroturf,HOU00,NRG Stadium
2021_03_ARI_JAX,2021,REG,3,2021-09-26,Sunday,13:00,ARI,31,JAX,19,Home,0,7,7,0,outdoors,grass ,JAX00,TIAA Bank Stadium
2021_03_ATL_NYG,2021,REG,3,2021-09-26,Sunday,13:00,ATL,17,NYG,14,Home,0,7,10,0,outdoors,fieldturf,NYC01,MetLife Stadium
2021_03_BAL_DET,2021,REG,3,2021-09-26,Sunday,13:00,BAL,19,DET,17,Home,0,7,6,0,dome,fieldturf,DET00,Ford Field
2021_03_CHI_CLE,2021,REG,3,2021-09-26,Sunday,13:00,CHI,6,CLE,26,Home,0,7,7,0,outdoors,grass ,CLE00,FirstEnergy Stadium
2021_03_CIN_PIT,2021,REG,3,2021-09-26,Sunday,13:00,CIN,24,PIT,10,Home,0,7,7,1,outdoors,grass ,PIT00,Heinz Field
2021_03_GB_SF,2021,REG,3,2021-09-26,Sunday,20:20,GB,30,SF,28,Home,0,6,7,0,outdoors,grass,SFO01,Levi's Stadium
2021_03_IND_TEN,2021,REG,3,2021-09-26,Sunday,13:00,IND,16,TEN,25,Home,0,7,7,1,outdoors,grass ,NAS00,Nissan Stadium
2021_03_LAC_KC,2021,REG,3,2021-09-26,Sunday,13:00,LAC,30,KC,24,Home,0,7,7,1,outdoors,grass ,KAN00,GEHA Field at Arrowhead Stadium
2021_03_MIA_LV,2021,REG,3,2021-09-26,Sunday,16:05,MIA,28,LV,31,Home,1,7,7,0,dome,grass,VEG00,Allegiant Stadium
2021_03_NO_NE,2021,REG,3,2021-09-26,Sunday,13:00,NO,28,NE,13,Home,0,7,7,0,outdoors,fieldturf,BOS00,Gillette Stadium
2021_03_NYJ_DEN,2021,REG,3,2021-09-26,Sunday,16:05,NYJ,0,DEN,26,Home,0,7,7,0,outdoors,grass ,DEN00,Empower Field at Mile High
2021_03_SEA_MIN,2021,REG,3,2021-09-26,Sunday,16:25,SEA,17,MIN,30,Home,0,7,7,0,dome,sportturf,MIN01,U.S. Bank Stadium
2021_03_TB_LA,2021,REG,3,2021-09-26,Sunday,16:25,TB,24,LA,34,Home,0,7,7,0,dome,matrixturf,LAX01,SoFi Stadium
2021_03_WAS_BUF,2021,REG,3,2021-09-26,Sunday,13:00,WAS,21,BUF,43,Home,0,10,7,0,outdoors,a_turf,BUF00,New Era Field
2021_03_PHI_DAL,2021,REG,3,2021-09-27,Monday,20:15,PHI,21,DAL,41,Home,0,8,8,1,open,matrixturf,DAL00,AT&T Stadium
2021_04_JAX_CIN,2021,REG,4,2021-09-30,Thursday,20:20,JAX,21,CIN,24,Home,0,4,4,0,outdoors,fieldturf,CIN00,Paul Brown Stadium
2021_04_ARI_LA,2021,REG,4,2021-10-03,Sunday,16:05,ARI,37,LA,20,Home,0,7,7,1,dome,matrixturf,LAX01,SoFi Stadium
2021_04_BAL_DEN,2021,REG,4,2021-10-03,Sunday,16:25,BAL,23,DEN,7,Home,0,7,7,0,outdoors,grass ,DEN00,Empower Field at Mile High
2021_04_CAR_DAL,2021,REG,4,2021-10-03,Sunday,13:00,CAR,28,DAL,36,Home,0,10,6,0,closed,matrixturf,DAL00,AT&T Stadium
2021_04_CLE_MIN,2021,REG,4,2021-10-03,Sunday,13:00,CLE,14,MIN,7,Home,0,7,7,0,dome,sportturf,MIN01,U.S. Bank Stadium
2021_04_DET_CHI,2021,REG,4,2021-10-03,Sunday,13:00,DET,14,CHI,24,Home,0,7,7,1,outdoors,grass ,CHI98,Soldier Field
2021_04_HOU_BUF,2021,REG,4,2021-10-03,Sunday,13:00,HOU,0,BUF,40,Home,0,10,7,0,outdoors,a_turf,BUF00,New Era Field
2021_04_IND_MIA,2021,REG,4,2021-10-03,Sunday,13:00,IND,27,MIA,17,Home,0,7,7,0,outdoors,grass ,MIA00,Hard Rock Stadium
2021_04_KC_PHI,2021,REG,4,2021-10-03,Sunday,13:00,KC,42,PHI,30,Home,0,7,6,0,outdoors,grass ,PHI00,Lincoln Financial Field
2021_04_NYG_NO,2021,REG,4,2021-10-03,Sunday,13:00,NYG,27,NO,21,Home,1,7,7,0,dome,sportturf,NOR00,Mercedes-Benz Superdome
2021_04_PIT_GB,2021,REG,4,2021-10-03,Sunday,16:25,PIT,17,GB,27,Home,0,7,7,0,outdoors,grass ,GNB00,Lambeau Field
2021_04_SEA_SF,2021,REG,4,2021-10-03,Sunday,16:05,SEA,28,SF,21,Home,0,7,7,1,outdoors,grass,SFO01,Levi's Stadium
2021_04_TB_NE,2021,REG,4,2021-10-03,Sunday,20:20,TB,19,NE,17,Home,0,7,7,0,outdoors,fieldturf,BOS00,Gillette Stadium
2021_04_TEN_NYJ,2021,REG,4,2021-10-03,Sunday,13:00,TEN,24,NYJ,27,Home,1,7,7,0,outdoors,fieldturf,NYC01,MetLife Stadium
2021_04_WAS_ATL,2021,REG,4,2021-10-03,Sunday,13:00,WAS,34,ATL,30,Home,0,7,7,0,open,fieldturf,ATL97,Mercedes-Benz Stadium
2021_04_LV_LAC,2021,REG,4,2021-10-04,Monday,20:15,LV,14,LAC,28,Home,0,8,8,1,dome,matrixturf,LAX01,SoFi Stadium
2021_05_LA_SEA,2021,REG,5,2021-10-07,Thursday,20:20,LA,26,SEA,17,Home,0,4,4,1,outdoors,fieldturf,SEA00,Lumen Field
2021_05_BUF_KC,2021,REG,5,2021-10-10,Sunday,20:20,BUF,38,KC,20,Home,0,7,7,0,outdoors,grass ,KAN00,GEHA Field at Arrowhead Stadium
2021_05_CHI_LV,2021,REG,5,2021-10-10,Sunday,16:05,CHI,20,LV,9,Home,0,7,6,0,dome,grass,VEG00,Allegiant Stadium
2021_05_CLE_LAC,2021,REG,5,2021-10-10,Sunday,16:05,CLE,42,LAC,47,Home,0,7,6,0,dome,matrixturf,LAX01,SoFi Stadium
2021_05_DEN_PIT,2021,REG,5,2021-10-10,Sunday,13:00,DEN,19,PIT,27,Home,0,7,7,0,outdoors,grass ,PIT00,Heinz Field
2021_05_DET_MIN,2021,REG,5,2021-10-10,Sunday,13:00,DET,17,MIN,19,Home,0,7,7,1,dome,sportturf,MIN01,U.S. Bank Stadium
2021_05_GB_CIN,2021,REG,5,2021-10-10,Sunday,13:00,GB,25,CIN,22,Home,1,7,10,0,outdoors,fieldturf,CIN00,Paul Brown Stadium
2021_05_MIA_TB,2021,REG,5,2021-10-10,Sunday,13:00,MIA,17,TB,45,Home,0,7,7,0,outdoors,grass ,TAM00,Raymond James Stadium
2021_05_NE_HOU,2021,REG,5,2021-10-10,Sunday,13:00,NE,25,HOU,22,Home,0,7,7,0,closed,astroturf,HOU00,NRG Stadium
2021_05_NO_WAS,2021,REG,5,2021-10-10,Sunday,13:00,NO,33,WAS,22,Home,0,7,7,0,outdoors,grass ,WAS00,FedExField
2021_05_NYG_DAL,2021,REG,5,2021-10-10,Sunday,16:25,NYG,20,DAL,44,Home,0,7,7,1,closed,matrixturf,DAL00,AT&T Stadium
2021_05_NYJ_ATL,2021,REG,5,2021-10-10,Sunday,09:30,NYJ,20,ATL,27,Neutral,0,7,7,0,outdoors,grass,LON02,Tottenham Stadium
2021_05_PHI_CAR,2021,REG,5,2021-10-10,Sunday,13:00,PHI,21,CAR,18,Home,0,7,7,0,outdoors,grass ,CAR00,Bank of America Stadium
2021_05_SF_ARI,2021,REG,5,2021-10-10,Sunday,16:25,SF,10,ARI,17,Home,0,7,7,1,closed,grass ,PHO00,State Farm Stadium
2021_05_TEN_JAX,2021,REG,5,2021-10-10,Sunday,13:00,TEN,37,JAX,19,Home,0,7,10,1,outdoors,grass ,JAX00,TIAA Bank Stadium
2021_05_IND_BAL,2021,REG,5,2021-10-11,Monday,20:15,IND,25,BAL,31,Home,1,8,8,0,outdoors,grass,BAL00,M&T Bank Stadium
2021_06_TB_PHI,2021,REG,6,2021-10-14,Thursday,20:20,TB,28,PHI,22,Home,0,4,4,0,outdoors,grass ,PHI00,Lincoln Financial Field
2021_06_ARI_CLE,2021,REG,6,2021-10-17,Sunday,16:05,ARI,37,CLE,14,Home,0,7,7,0,outdoors,grass ,CLE00,FirstEnergy Stadium
2021_06_CIN_DET,2021,REG,6,2021-10-17,Sunday,13:00,CIN,34,DET,11,Home,0,7,7,0,dome,fieldturf,DET00,Ford Field
2021_06_DAL_NE,2021,REG,6,2021-10-17,Sunday,16:25,DAL,35,NE,29,Home,1,7,7,0,outdoors,fieldturf,BOS00,Gillette Stadium
2021_06_GB_CHI,2021,REG,6,2021-10-17,Sunday,13:00,GB,24,CHI,14,Home,0,7,7,1,outdoors,grass ,CHI98,Soldier Field
2021_06_HOU_IND,2021,REG,6,2021-10-17,Sunday,13:00,HOU,3,IND,31,Home,0,7,6,1,open,fieldturf,IND00,Lucas Oil Stadium
2021_06_KC_WAS,2021,REG,6,2021-10-17,Sunday,13:00,KC,31,WAS,13,Home,0,7,7,0,outdoors,grass ,WAS00,FedExField
2021_06_LAC_BAL,2021,REG,6,2021-10-17,Sunday,13:00,LAC,6,BAL,34,Home,0,7,6,0,outdoors,grass,BAL00,M&T Bank Stadium
2021_06_LA_NYG,2021,REG,6,2021-10-17,Sunday,13:00,LA,38,NYG,11,Home,0,10,7,0,outdoors,fieldturf,NYC01,MetLife Stadium
2021_06_LV_DEN,2021,REG,6,2021-10-17,Sunday,16:25,LV,34,DEN,24,Home,0,7,7,1,outdoors,grass ,DEN00,Empower Field at Mile High
2021_06_MIA_JAX,2021,REG,6,2021-10-17,Sunday,09:30,MIA,20,JAX,23,Neutral,0,7,7,0,outdoors,grass,LON02,Tottenham Stadium
2021_06_MIN_CAR,2021,REG,6,2021-10-17,Sunday,13:00,MIN,34,CAR,28,Home,1,7,7,0,outdoors,grass ,CAR00,Bank of America Stadium
2021_06_SEA_PIT,2021,REG,6,2021-10-17,Sunday,20:20,SEA,20,PIT,23,Home,1,10,7,0,outdoors,grass ,PIT00,Heinz Field
2021_06_BUF_TEN,2021,REG,6,2021-10-18,Monday,20:15,BUF,31,TEN,34,Home,0,8,8,0,outdoors,grass ,NAS00,Nissan Stadium
2021_07_DEN_CLE,2021,REG,7,2021-10-21,Thursday,20:20,DEN,14,CLE,17,Home,0,4,4,0,outdoors,grass ,CLE00,FirstEnergy Stadium
2021_07_ATL_MIA,2021,REG,7,2021-10-24,Sunday,13:00,ATL,30,MIA,28,Home,0,14,7,0,outdoors,grass ,MIA00,Hard Rock Stadium
2021_07_CAR_NYG,2021,REG,7,2021-10-24,Sunday,13:00,CAR,3,NYG,25,Home,0,7,7,0,outdoors,fieldturf,NYC01,MetLife Stadium
2021_07_CHI_TB,2021,REG,7,2021-10-24,Sunday,16:25,CHI,3,TB,38,Home,0,7,10,0,outdoors,grass ,TAM00,Raymond James Stadium
2021_07_CIN_BAL,2021,REG,7,2021-10-24,Sunday,13:00,CIN,41,BAL,17,Home,0,7,7,1,outdoors,grass,BAL00,M&T Bank Stadium
2021_07_DET_LA,2021,REG,7,2021-10-24,Sunday,16:05,DET,19,LA,28,Home,0,7,7,0,dome,matrixturf,LAX01,SoFi Stadium
2021_07_HOU_ARI,2021,REG,7,2021-10-24,Sunday,16:25,HOU,5,ARI,31,Home,0,7,7,0,closed,grass ,PHO00,State Farm Stadium
2021_07_IND_SF,2021,REG,7,2021-10-24,Sunday,20:20,IND,30,SF,18,Home,0,7,14,0,outdoors,grass,SFO01,Levi's Stadium
2021_07_KC_TEN,2021,REG,7,2021-10-24,Sunday,13:00,KC,3,TEN,27,Home,0,7,6,0,outdoors,grass ,NAS00,Nissan Stadium
2021_07_NYJ_NE,2021,REG,7,2021-10-24,Sunday,13:00,NYJ,13,NE,54,Home,0,14,7,1,outdoors,fieldturf,BOS00,Gillette Stadium
2021_07_PHI_LV,2021,REG,7,2021-10-24,Sunday,16:05,PHI,22,LV,33,Home,0,10,7,0,dome,grass,VEG00,Allegiant Stadium
2021_07_WAS_GB,2021,REG,7,2021-10-24,Sunday,13:00,WAS,10,GB,24,Home,0,7,7,0,outdoors,grass ,GNB00,Lambeau Field
2021_07_NO_SEA,2021,REG,7,2021-10-25,Monday,20:15,NO,13,SEA,10,Home,0,15,8,0,outdoors,fieldturf,SEA00,Lumen Field
2021_08_GB_ARI,2021,REG,8,2021-10-28,Thursday,20:20,GB,24,ARI,21,Home,0,4,4,0,open,grass ,PHO00,State Farm Stadium
2021_08_CAR_ATL,2021,REG,8,2021-10-31,Sunday,13:00,CAR,19,ATL,13,Home,0,7,7,1,open,fieldturf,ATL97,Mercedes-Benz Stadium
2021_08_CIN_NYJ,2021,REG,8,2021-10-31,Sunday,13:00,CIN,31,NYJ,34,Home,0,7,7,0,outdoors,fieldturf,NYC01,MetLife Stadium
2021_08_DAL_MIN,2021,REG,8,2021-10-31,Sunday,20:20,DAL,20,MIN,16,Home,0,14,14,0,dome,sportturf,MIN01,U.S. Bank Stadium
2021_08_JAX_SEA,2021,REG,8,2021-10-31,Sunday,16:05,JAX,7,SEA,31,Home,0,14,6,0,outdoors,fieldturf,SEA00,Lumen Field
2021_08_LA_HOU,2021,REG,8,2021-10-31,Sunday,13:00,LA,38,HOU,22,Home,0,7,7,0,closed,astroturf,HOU00,NRG Stadium
2021_08_MIA_BUF,2021,REG,8,2021-10-31,Sunday,13:00,MIA,11,BUF,26,Home,0,7,13,1,outdoors,a_turf,BUF00,New Era Field
2021_08_NE_LAC,2021,REG,8,2021-10-31,Sunday,16:05,NE,27,LAC,24,Home,0,7,14,0,dome,matrixturf,LAX01,SoFi Stadium
2021_08_PHI_DET,2021,REG,8,2021-10-31,Sunday,13:00,PHI,44,DET,6,Home,0,7,7,0,dome,fieldturf,DET00,Ford Field
2021_08_PIT_CLE,2021,REG,8,2021-10-31,Sunday,13:00,PIT,15,CLE,10,Home,0,14,10,1,outdoors,grass ,CLE00,FirstEnergy Stadium
2021_08_SF_CHI,2021,REG,8,2021-10-31,Sunday,13:00,SF,33,CHI,22,Home,0,7,7,0,outdoors,grass ,CHI98,Soldier Field
2021_08_TB_NO,2021,REG,8,2021-10-31,Sunday,16:25,TB,27,NO,36,Home,0,7,6,1,dome,sportturf,NOR00,Mercedes-Benz Superdome
2021_08_TEN_IND,2021,REG,8,2021-10-31,Sunday,13:00,TEN,34,IND,31,Home,1,7,7,1,open,fieldturf,IND00,Lucas Oil Stadium
2021_08_WAS_DEN,2021,REG,8,2021-10-31,Sunday,16:25,WAS,10,DEN,17,Home,0,7,10,0,outdoors,grass ,DEN00,Empower Field at Mile High
2021_08_NYG_KC,2021,REG,8,2021-11-01,Monday,20:15,NYG,17,KC,20,Home,0,8,8,0,outdoors,grass ,KAN00,GEHA Field at Arrowhead Stadium
2021_09_NYJ_IND,2021,REG,9,2021-11-04,Thursday,20:20,NYJ,30,IND,45,Home,0,4,4,0,closed,fieldturf,IND00,Lucas Oil Stadium
2021_09_ARI_SF,2021,REG,9,2021-11-07,Sunday,16:25,ARI,31,SF,17,Home,0,10,7,1,outdoors,grass,SFO01,Levi's Stadium
2021_09_ATL_NO,2021,REG,9,2021-11-07,Sunday,13:00,ATL,27,NO,25,Home,0,7,7,1,dome,sportturf,NOR00,Mercedes-Benz Superdome
2021_09_BUF_JAX,2021,REG,9,2021-11-07,Sunday,13:00,BUF,6,JAX,9,Home,0,7,7,0,outdoors,grass ,JAX00,TIAA Bank Stadium
2021_09_CLE_CIN,2021,REG,9,2021-11-07,Sunday,13:00,CLE,41,CIN,16,Home,0,7,7,1,outdoors,fieldturf,CIN00,Paul Brown Stadium
2021_09_DEN_DAL,2021,REG,9,2021-11-07,Sunday,13:00,DEN,30,DAL,16,Home,0,7,7,0,closed,matrixturf,DAL00,AT&T Stadium
2021_09_GB_KC,2021,REG,9,2021-11-07,Sunday,16:25,GB,7,KC,13,Home,0,10,6,0,outdoors,grass ,KAN00,GEHA Field at Arrowhead Stadium
2021_09_HOU_MIA,2021,REG,9,2021-11-07,Sunday,13:00,HOU,9,MIA,17,Home,0,7,7,0,outdoors,grass ,MIA00,Hard Rock Stadium
2021_09_LAC_PHI,2021,REG,9,2021-11-07,Sunday,16:05,LAC,27,PHI,24,Home,0,7,7,0,outdoors,grass ,PHI00,Lincoln Financial Field
2021_09_LV_NYG,2021,REG,9,2021-11-07,Sunday,13:00,LV,16,NYG,23,Home,0,14,6,0,outdoors,fieldturf,NYC01,MetLife Stadium
2021_09_MIN_BAL,2021,REG,9,2021-11-07,Sunday,13:00,MIN,31,BAL,34,Home,1,7,14,0,outdoors,grass,BAL00,M&T Bank Stadium
2021_09_NE_CAR,2021,REG,9,2021-11-07,Sunday,13:00,NE,24,CAR,6,Home,0,7,7,0,outdoors,grass ,CAR00,Bank of America Stadium
2021_09_TEN_LA,2021,REG,9,2021-11-07,Sunday,20:20,TEN,28,LA,16,Home,0,7,7,0,dome,matrixturf,LAX01,SoFi Stadium
2021_09_CHI_PIT,2021,REG,9,2021-11-08,Monday,20:15,CHI,27,PIT,29,Home,0,8,8,0,outdoors,grass ,PIT00,Heinz Field
2021_10_BAL_MIA,2021,REG,10,2021-11-11,Thursday,20:20,BAL,10,MIA,22,Home,0,4,4,0,outdoors,grass ,MIA00,Hard Rock Stadium
2021_10_ATL_DAL,2021,REG,10,2021-11-14,Sunday,13:00,ATL,3,DAL,43,Home,0,7,7,0,closed,matrixturf,DAL00,AT&T Stadium
2021_10_BUF_NYJ,2021,REG,10,2021-11-14,Sunday,13:00,BUF,45,NYJ,17,Home,0,7,10,1,outdoors,fieldturf,NYC01,MetLife Stadium
2021_10_CAR_ARI,2021,REG,10,2021-11-14,Sunday,16:05,CAR,34,ARI,10,Home,0,7,7,0,closed,grass ,PHO00,State Farm Stadium
2021_10_CLE_NE,2021,REG,10,2021-11-14,Sunday,13:00,CLE,7,NE,45,Home,0,7,7,0,outdoors,fieldturf,BOS00,Gillette Stadium
2021_10_DET_PIT,2021,REG,10,2021-11-14,Sunday,13:00,DET,16,PIT,16,Home,1,14,6,0,outdoors,grass ,PIT00,Heinz Field
2021_10_JAX_IND,2021,REG,10,2021-11-14,Sunday,13:00,JAX,17,IND,23,Home,0,7,10,1,closed,fieldturf,IND00,Lucas Oil Stadium
2021_10_KC_LV,2021,REG,10,2021-11-14,Sunday,20:20,KC,41,LV,14,Home,0,7,7,1,dome,grass,VEG00,Allegiant Stadium
2021_10_MIN_LAC,2021,REG,10,2021-11-14,Sunday,16:05,MIN,27,LAC,20,Home,0,7,7,0,dome,matrixturf,LAX01,SoFi Stadium
2021_10_NO_TEN,2021,REG,10,2021-11-14,Sunday,13:00,NO,21,TEN,23,Home,0,7,7,0,outdoors,grass ,NAS00,Nissan Stadium
2021_10_PHI_DEN,2021,REG,10,2021-11-14,Sunday,16:25,PHI,30,DEN,13,Home,0,7,7,0,outdoors,grass ,DEN00,Empower Field at Mile High
2021_10_SEA_GB,2021,REG,10,2021-11-14,Sunday,16:25,SEA,0,GB,17,Home,0,14,7,0,outdoors,grass ,GNB00,Lambeau Field
2021_10_TB_WAS,2021,REG,10,2021-11-14,Sunday,13:00,TB,19,WAS,29,Home,0,14,14,0,outdoors,grass ,WAS00,FedExField
2021_10_LA_SF,2021,REG,10,2021-11-15,Monday,20:15,LA,10,SF,31,Home,0,8,8,1,outdoors,grass,SFO01,Levi's Stadium
2021_11_NE_ATL,2021,REG,11,2021-11-18,Thursday,20:20,NE,25,ATL,0,Home,0,4,4,0,closed,fieldturf,ATL97,Mercedes-Benz Stadium
2021_11_ARI_SEA,2021,REG,11,2021-11-21,Sunday,16:25,ARI,23,SEA,13,Home,0,7,7,1,outdoors,fieldturf,SEA00,Lumen Field
2021_11_BAL_CHI,2021,REG,11,2021-11-21,Sunday,13:00,BAL,16,CHI,13,Home,0,10,13,0,outdoors,grass ,CHI98,Soldier Field
2021_11_CIN_LV,2021,REG,11,2021-11-21,Sunday,16:05,CIN,32,LV,13,Home,0,14,7,0,dome,grass,VEG00,Allegiant Stadium
2021_11_DAL_KC,2021,REG,11,2021-11-21,Sunday,16:25,DAL,9,KC,19,Home,0,7,7,0,outdoors,grass ,KAN00,GEHA Field at Arrowhead Stadium
2021_11_DET_CLE,2021,REG,11,2021-11-21,Sunday,13:00,DET,10,CLE,13,Home,0,7,7,0,outdoors,grass ,CLE00,FirstEnergy Stadium
2021_11_GB_MIN,2021,REG,11,2021-11-21,Sunday,13:00,GB,31,MIN,34,Home,0,7,7,1,dome,sportturf,MIN01,U.S. Bank Stadium
2021_11_HOU_TEN,2021,REG,11,2021-11-21,Sunday,13:00,HOU,22,TEN,13,Home,0,14,7,1,outdoors,grass ,NAS00,Nissan Stadium
2021_11_IND_BUF,2021,REG,11,2021-11-21,Sunday,13:00,IND,41,BUF,15,Home,0,7,7,0,outdoors,a_turf,BUF00,New Era Field
2021_11_MIA_NYJ,2021,REG,11,2021-11-21,Sunday,13:00,MIA,24,NYJ,17,Home,0,10,7,1,outdoors,fieldturf,NYC01,MetLife Stadium
2021_11_NO_PHI,2021,REG,11,2021-11-21,Sunday,13:00,NO,29,PHI,40,Home,0,7,7,0,outdoors,grass ,PHI00,Lincoln Financial Field
2021_11_PIT_LAC,2021,REG,11,2021-11-21,Sunday,20:20,PIT,37,LAC,41,Home,0,7,7,0,dome,matrixturf,LAX01,SoFi Stadium
2021_11_SF_JAX,2021,REG,11,2021-11-21,Sunday,13:00,SF,30,JAX,10,Home,0,6,7,0,outdoors,grass ,JAX00,TIAA Bank Stadium
2021_11_WAS_CAR,2021,REG,11,2021-11-21,Sunday,13:00,WAS,27,CAR,21,Home,0,7,7,0,outdoors,grass ,CAR00,Bank of America Stadium
2021_11_NYG_TB,2021,REG,11,2021-11-22,Monday,20:15,NYG,10,TB,30,Home,0,15,8,0,outdoors,grass ,TAM00,Raymond James Stadium
2021_12_BUF_NO,2021,REG,12,2021-11-25,Thursday,20:20,BUF,31,NO,6,Home,0,4,4,0,dome,sportturf,NOR00,Mercedes-Benz Superdome
2021_12_CHI_DET,2021,REG,12,2021-11-25,Thursday,12:30,CHI,16,DET,14,Home,0,4,4,1,dome,fieldturf,DET00,Ford Field
2021_12_LV_DAL,2021,REG,12,2021-11-25,Thursday,16:30,LV,36,DAL,33,Home,0,4,4,0,closed,matrixturf,DAL00,AT&T Stadium
2021_12_ATL_JAX,2021,REG,12,2021-11-28,Sunday,13:00,ATL,21,JAX,14,Home,0,10,7,0,outdoors,grass ,JAX00,TIAA Bank Stadium
2021_12_CAR_MIA,2021,REG,12,2021-11-28,Sunday,13:00,CAR,10,MIA,33,Home,0,7,7,0,outdoors,grass ,MIA00,Hard Rock Stadium
2021_12_CLE_BAL,2021,REG,12,2021-11-28,Sunday,20:20,CLE,10,BAL,16,Home,0,7,7,1,outdoors,grass,BAL00,M&T Bank Stadium
2021_12_LAC_DEN,2021,REG,12,2021-11-28,Sunday,16:05,LAC,13,DEN,28,Home,0,7,14,1,outdoors,grass ,DEN00,Empower Field at Mile High
2021_12_LA_GB,2021,REG,12,2021-11-28,Sunday,16:25,LA,28,GB,36,Home,0,13,7,0,outdoors,grass ,GNB00,Lambeau Field
2021_12_MIN_SF,2021,REG,12,2021-11-28,Sunday,16:25,MIN,26,SF,34,Home,0,7,7,0,outdoors,grass,SFO01,Levi's Stadium
2021_12_NYJ_HOU,2021,REG,12,2021-11-28,Sunday,13:00,NYJ,21,HOU,14,Home,0,7,7,0,closed,astroturf,HOU00,NRG Stadium
2021_12_PHI_NYG,2021,REG,12,2021-11-28,Sunday,13:00,PHI,7,NYG,13,Home,0,7,6,1,outdoors,fieldturf,NYC01,MetLife Stadium
2021_12_PIT_CIN,2021,REG,12,2021-11-28,Sunday,13:00,PIT,10,CIN,41,Home,0,7,7,1,outdoors,fieldturf,CIN00,Paul Brown Stadium
2021_12_TB_IND,2021,REG,12,2021-11-28,Sunday,13:00,TB,38,IND,31,Home,0,6,7,0,closed,fieldturf,IND00,Lucas Oil Stadium
2021_12_TEN_NE,2021,REG,12,2021-11-28,Sunday,13:00,TEN,13,NE,36,Home,0,7,10,0,outdoors,fieldturf,BOS00,Gillette Stadium
2021_12_SEA_WAS,2021,REG,12,2021-11-29,Monday,20:15,SEA,15,WAS,17,Home,0,8,8,0,outdoors,grass ,WAS00,FedExField
2021_13_DAL_NO,2021,REG,13,2021-12-02,Thursday,20:20,DAL,27,NO,17,Home,0,7,7,0,dome,sportturf,NOR00,Mercedes-Benz Superdome
2021_13_ARI_CHI,2021,REG,13,2021-12-05,Sunday,13:00,ARI,33,CHI,22,Home,0,14,10,0,outdoors,grass ,CHI98,Soldier Field
2021_13_BAL_PIT,2021,REG,13,2021-12-05,Sunday,16:25,BAL,19,PIT,20,Home,0,7,7,1,outdoors,grass ,PIT00,Heinz Field
2021_13_DEN_KC,2021,REG,13,2021-12-05,Sunday,20:20,DEN,9,KC,22,Home,0,7,14,1,outdoors,grass ,KAN00,GEHA Field at Arrowhead Stadium
2021_13_IND_HOU,2021,REG,13,2021-12-05,Sunday,13:00,IND,31,HOU,0,Home,0,7,7,1,closed,astroturf,HOU00,NRG Stadium
2021_13_JAX_LA,2021,REG,13,2021-12-05,Sunday,16:05,JAX,7,LA,37,Home,0,7,7,0,dome,matrixturf,LAX01,SoFi Stadium
2021_13_LAC_CIN,2021,REG,13,2021-12-05,Sunday,13:00,LAC,41,CIN,22,Home,0,7,7,0,outdoors,fieldturf,CIN00,Paul Brown Stadium
2021_13_MIN_DET,2021,REG,13,2021-12-05,Sunday,13:00,MIN,27,DET,29,Home,0,7,10,1,dome,fieldturf,DET00,Ford Field
2021_13_NYG_MIA,2021,REG,13,2021-12-05,Sunday,13:00,NYG,9,MIA,20,Home,0,7,7,0,outdoors,grass ,MIA00,Hard Rock Stadium
2021_13_PHI_NYJ,2021,REG,13,2021-12-05,Sunday,13:00,PHI,33,NYJ,18,Home,0,7,7,0,outdoors,fieldturf,NYC01,MetLife Stadium
2021_13_SF_SEA,2021,REG,13,2021-12-05,Sunday,16:25,SF,23,SEA,30,Home,0,7,6,1,outdoors,fieldturf,SEA00,Lumen Field
2021_13_TB_ATL,2021,REG,13,2021-12-05,Sunday,13:00,TB,30,ATL,17,Home,0,7,7,1,closed,fieldturf,ATL97,Mercedes-Benz Stadium
2021_13_WAS_LV,2021,REG,13,2021-12-05,Sunday,16:05,WAS,17,LV,15,Home,0,6,10,0,dome,grass,VEG00,Allegiant Stadium
2021_13_NE_BUF,2021,REG,13,2021-12-06,Monday,20:15,NE,14,BUF,10,Home,0,8,11,1,outdoors,a_turf,BUF00,New Era Field
2021_14_PIT_MIN,2021,REG,14,2021-12-09,Thursday,20:20,PIT,28,MIN,36,Home,0,4,4,0,dome,sportturf,MIN01,U.S. Bank Stadium
2021_14_ATL_CAR,2021,REG,14,2021-12-12,Sunday,13:00,ATL,29,CAR,21,Home,0,7,14,1,outdoors,grass ,CAR00,Bank of America Stadium
2021_14_BAL_CLE,2021,REG,14,2021-12-12,Sunday,13:00,BAL,22,CLE,24,Home,0,7,14,1,outdoors,grass ,CLE00,FirstEnergy Stadium
2021_14_BUF_TB,2021,REG,14,2021-12-12,Sunday,16:25,BUF,27,TB,33,Home,1,6,7,0,outdoors,grass ,TAM00,Raymond James Stadium
2021_14_CHI_GB,2021,REG,14,2021-12-12,Sunday,20:20,CHI,30,GB,45,Home,0,7,14,1,outdoors,grass ,GNB00,Lambeau Field
2021_14_DAL_WAS,2021,REG,14,2021-12-12,Sunday,13:00,DAL,27,WAS,20,Home,0,10,7,1,outdoors,grass ,WAS00,FedExField
2021_14_DET_DEN,2021,REG,14,2021-12-12,Sunday,16:05,DET,10,DEN,38,Home,0,7,7,0,outdoors,grass ,DEN00,Empower Field at Mile High
2021_14_JAX_TEN,2021,REG,14,2021-12-12,Sunday,13:00,JAX,0,TEN,20,Home,0,7,14,1,outdoors,grass ,NAS00,Nissan Stadium
2021_14_LV_KC,2021,REG,14,2021-12-12,Sunday,13:00,LV,9,KC,48,Home,0,7,7,1,outdoors,grass ,KAN00,GEHA Field at Arrowhead Stadium
2021_14_NO_NYJ,2021,REG,14,2021-12-12,Sunday,13:00,NO,30,NYJ,9,Home,0,10,7,0,outdoors,fieldturf,NYC01,MetLife Stadium
2021_14_NYG_LAC,2021,REG,14,2021-12-12,Sunday,16:05,NYG,21,LAC,37,Home,0,7,7,0,dome,matrixturf,LAX01,SoFi Stadium
2021_14_SEA_HOU,2021,REG,14,2021-12-12,Sunday,13:00,SEA,33,HOU,13,Home,0,7,7,0,open,astroturf,HOU00,NRG Stadium
2021_14_SF_CIN,2021,REG,14,2021-12-12,Sunday,16:25,SF,26,CIN,23,Home,1,7,7,0,outdoors,fieldturf,CIN00,Paul Brown Stadium
2021_14_LA_ARI,2021,REG,14,2021-12-13,Monday,20:15,LA,30,ARI,23,Home,0,8,8,1,open,grass ,PHO00,State Farm Stadium
2021_15_KC_LAC,2021,REG,15,2021-12-16,Thursday,20:20,KC,34,LAC,28,Home,1,4,4,1,dome,matrixturf,LAX01,SoFi Stadium
2021_15_NE_IND,2021,REG,15,2021-12-18,Saturday,20:20,NE,17,IND,27,Home,0,13,14,0,closed,fieldturf,IND00,Lucas Oil Stadium
2021_15_ARI_DET,2021,REG,15,2021-12-19,Sunday,13:00,ARI,12,DET,30,Home,0,6,7,0,dome,fieldturf,DET00,Ford Field
2021_15_ATL_SF,2021,REG,15,2021-12-19,Sunday,16:05,ATL,13,SF,31,Home,0,7,7,0,outdoors,grass,SFO01,Levi's Stadium
2021_15_CAR_BUF,2021,REG,15,2021-12-19,Sunday,13:00,CAR,14,BUF,31,Home,0,7,7,0,outdoors,a_turf,BUF00,New Era Field
2021_15_CIN_DEN,2021,REG,15,2021-12-19,Sunday,16:05,CIN,15,DEN,10,Home,0,7,7,0,outdoors,grass,DEN00,Empower Field at Mile High
2021_15_DAL_NYG,2021,REG,15,2021-12-19,Sunday,13:00,DAL,21,NYG,6,Home,0,7,7,1,outdoors,fieldturf,NYC01,MetLife Stadium
2021_15_GB_BAL,2021,REG,15,2021-12-19,Sunday,16:25,GB,31,BAL,30,Home,0,7,7,0,outdoors,grass,BAL00,M&T Bank Stadium
2021_15_HOU_JAX,2021,REG,15,2021-12-19,Sunday,13:00,HOU,30,JAX,16,Home,0,7,7,1,outdoors,grass,JAX00,TIAA Bank Stadium
2021_15_NO_TB,2021,REG,15,2021-12-19,Sunday,20:20,NO,9,TB,0,Home,0,7,7,1,outdoors,grass,TAM00,Raymond James Stadium
2021_15_NYJ_MIA,2021,REG,15,2021-12-19,Sunday,13:00,NYJ,24,MIA,31,Home,0,7,14,1,outdoors,grass,MIA00,Hard Rock Stadium
2021_15_TEN_PIT,2021,REG,15,2021-12-19,Sunday,13:00,TEN,13,PIT,19,Home,0,7,10,0,outdoors,grass,PIT00,Heinz Field
2021_15_LV_CLE,2021,REG,15,2021-12-20,Monday,17:00,LV,16,CLE,14,Home,0,7,7,0,outdoors,grass,CLE00,FirstEnergy Stadium
2021_15_MIN_CHI,2021,REG,15,2021-12-20,Monday,20:15,MIN,17,CHI,9,Home,0,11,8,1,outdoors,grass,CHI98,Soldier Field
2021_15_SEA_LA,2021,REG,15,2021-12-21,Tuesday,19:00,SEA,10,LA,20,Home,0,7,6,1,dome,matrixturf,LAX01,SoFi Stadium
2021_15_WAS_PHI,2021,REG,15,2021-12-21,Tuesday,19:00,WAS,17,PHI,27,Home,0,7,14,1,outdoors,grass,PHI00,Lincoln Financial Field
2021_16_SF_TEN,2021,REG,16,2021-12-23,Thursday,20:20,SF,17,TEN,20,Home,0,4,4,0,outdoors,grass,NAS00,Nissan Stadium
2021_16_CLE_GB,2021,REG,16,2021-12-25,Saturday,16:30,CLE,22,GB,24,Home,0,6,6,0,outdoors,grass,GNB00,Lambeau Field
2021_16_IND_ARI,2021,REG,16,2021-12-25,Saturday,20:15,IND,22,ARI,16,Home,0,6,6,0,closed,grass,PHO00,State Farm Stadium
2021_16_BAL_CIN,2021,REG,16,2021-12-26,Sunday,13:00,BAL,21,CIN,41,Home,0,7,7,1,outdoors,fieldturf,CIN00,Paul Brown Stadium
2021_16_BUF_NE,2021,REG,16,2021-12-26,Sunday,13:00,BUF,33,NE,21,Home,0,7,7,1,outdoors,fieldturf,BOS00,Gillette Stadium
2021_16_CHI_SEA,2021,REG,16,2021-12-26,Sunday,16:05,CHI,25,SEA,24,Home,0,6,7,0,outdoors,fieldturf,SEA00,Lumen Field
2021_16_DEN_LV,2021,REG,16,2021-12-26,Sunday,16:25,DEN,13,LV,17,Home,0,7,7,1,dome,grass,VEG00,Allegiant Stadium
2021_16_DET_ATL,2021,REG,16,2021-12-26,Sunday,13:00,DET,16,ATL,20,Home,0,7,7,0,open,fieldturf,ATL97,Mercedes-Benz Stadium
2021_16_JAX_NYJ,2021,REG,16,2021-12-26,Sunday,13:00,JAX,21,NYJ,26,Home,0,7,7,0,outdoors,fieldturf,NYC01,MetLife Stadium
2021_16_LAC_HOU,2021,REG,16,2021-12-26,Sunday,13:00,LAC,29,HOU,41,Home,0,10,7,0,closed,astroturf,HOU00,NRG Stadium
2021_16_LA_MIN,2021,REG,16,2021-12-26,Sunday,13:00,LA,30,MIN,23,Home,0,7,6,0,dome,sportturf,MIN01,U.S. Bank Stadium
2021_16_NYG_PHI,2021,REG,16,2021-12-26,Sunday,13:00,NYG,10,PHI,34,Home,0,7,7,1,outdoors,grass,PHI00,Lincoln Financial Field
2021_16_PIT_KC,2021,REG,16,2021-12-26,Sunday,16:25,PIT,10,KC,36,Home,0,7,10,0,outdoors,grass,KAN00,GEHA Field at Arrowhead Stadium
2021_16_TB_CAR,2021,REG,16,2021-12-26,Sunday,13:00,TB,32,CAR,6,Home,0,7,7,1,outdoors,grass,CAR00,Bank of America Stadium
2021_16_WAS_DAL,2021,REG,16,2021-12-26,Sunday,20:20,WAS,14,DAL,56,Home,0,7,7,1,closed,matrixturf,DAL00,AT&T Stadium
2021_16_MIA_NO,2021,REG,16,2021-12-27,Monday,20:15,MIA,20,NO,3,Home,0,8,8,0,dome,sportturf,NOR00,Mercedes-Benz Superdome
2021_17_ARI_DAL,2021,REG,17,2022-01-02,Sunday,16:25,ARI,25,DAL,22,Home,0,8,7,0,closed,matrixturf,DAL00,AT&T Stadium
2021_17_ATL_BUF,2021,REG,17,2022-01-02,Sunday,13:00,ATL,15,BUF,29,Home,0,7,7,0,outdoors,a_turf,BUF00,New Era Field
2021_17_CAR_NO,2021,REG,17,2022-01-02,Sunday,16:25,CAR,10,NO,18,Home,0,7,6,1,dome,sportturf,NOR00,Mercedes-Benz Superdome
2021_17_DEN_LAC,2021,REG,17,2022-01-02,Sunday,16:05,DEN,13,LAC,34,Home,0,7,7,1,dome,matrixturf,LAX01,SoFi Stadium
2021_17_DET_SEA,2021,REG,17,2022-01-02,Sunday,16:25,DET,29,SEA,51,Home,0,7,7,0,outdoors,fieldturf,SEA00,Lumen Field
2021_17_HOU_SF,2021,REG,17,2022-01-02,Sunday,16:05,HOU,7,SF,23,Home,0,7,10,0,outdoors,grass,SFO01,Levi's Stadium
2021_17_JAX_NE,2021,REG,17,2022-01-02,Sunday,13:00,JAX,10,NE,50,Home,0,7,7,0,outdoors,fieldturf,BOS00,Gillette Stadium
2021_17_KC_CIN,2021,REG,17,2022-01-02,Sunday,13:00,KC,31,CIN,34,Home,0,7,7,0,outdoors,fieldturf,CIN00,Paul Brown Stadium
2021_17_LA_BAL,2021,REG,17,2022-01-02,Sunday,13:00,LA,20,BAL,19,Home,0,7,7,0,outdoors,grass,BAL00,M&T Bank Stadium
2021_17_LV_IND,2021,REG,17,2022-01-02,Sunday,13:00,LV,23,IND,20,Home,0,7,8,0,closed,fieldturf,IND00,Lucas Oil Stadium
2021_17_MIA_TEN,2021,REG,17,2022-01-02,Sunday,13:00,MIA,3,TEN,34,Home,0,6,10,0,outdoors,grass,NAS00,Nissan Stadium
2021_17_MIN_GB,2021,REG,17,2022-01-02,Sunday,20:20,MIN,10,GB,37,Home,0,7,8,1,outdoors,grass,GNB00,Lambeau Field
2021_17_NYG_CHI,2021,REG,17,2022-01-02,Sunday,13:00,NYG,3,CHI,29,Home,0,7,7,0,outdoors,grass,CHI98,Soldier Field
2021_17_PHI_WAS,2021,REG,17,2022-01-02,Sunday,13:00,PHI,20,WAS,16,Home,0,7,7,1,outdoors,grass,WAS00,FedExField
2021_17_TB_NYJ,2021,REG,17,2022-01-02,Sunday,13:00,TB,28,NYJ,24,Home,0,7,7,0,outdoors,fieldturf,NYC01,MetLife Stadium
2021_17_CLE_PIT,2021,REG,17,2022-01-03,Monday,20:15,CLE,14,PIT,26,Home,0,9,8,1,outdoors,grass,PIT00,Heinz Field
2021_18_DAL_PHI,2021,REG,18,2022-01-08,Saturday,20:15,DAL,51,PHI,26,Home,0,7,7,1,outdoors,grass,PHI00,Lincoln Financial Field
2021_18_KC_DEN,2021,REG,18,2022-01-08,Saturday,16:30,KC,28,DEN,24,Home,0,7,7,1,outdoors,grass,DEN00,Empower Field at Mile High
2021_18_CAR_TB,2021,REG,18,2022-01-09,Sunday,16:25,CAR,17,TB,41,Home,0,7,7,1,outdoors,grass,TAM00,Raymond James Stadium
2021_18_CHI_MIN,2021,REG,18,2022-01-09,Sunday,13:00,CHI,17,MIN,31,Home,0,7,7,1,dome,sportturf,MIN01,U.S. Bank Stadium
2021_18_CIN_CLE,2021,REG,18,2022-01-09,Sunday,13:00,CIN,16,CLE,21,Home,0,7,6,1,outdoors,grass,CLE00,FirstEnergy Stadium
2021_18_GB_DET,2021,REG,18,2022-01-09,Sunday,13:00,GB,30,DET,37,Home,0,7,7,1,dome,fieldturf,DET00,Ford Field
2021_18_IND_JAX,2021,REG,18,2022-01-09,Sunday,13:00,IND,11,JAX,26,Home,0,7,7,1,outdoors,grass,JAX00,TIAA Bank Stadium
2021_18_LAC_LV,2021,REG,18,2022-01-09,Sunday,20:20,LAC,32,LV,35,Home,1,7,7,1,dome,grass,VEG00,Allegiant Stadium
2021_18_NE_MIA,2021,REG,18,2022-01-09,Sunday,16:25,NE,24,MIA,33,Home,0,7,7,1,outdoors,grass,MIA00,Hard Rock Stadium
2021_18_NO_ATL,2021,REG,18,2022-01-09,Sunday,16:25,NO,30,ATL,20,Home,0,7,7,1,closed,fieldturf,ATL97,Mercedes-Benz Stadium
2021_18_NYJ_BUF,2021,REG,18,2022-01-09,Sunday,16:25,NYJ,10,BUF,27,Home,0,7,7,1,outdoors,a_turf,BUF00,New Era Field
2021_18_PIT_BAL,2021,REG,18,2022-01-09,Sunday,13:00,PIT,16,BAL,13,Home,1,6,7,1,outdoors,grass,BAL00,M&T Bank Stadium
2021_18_SEA_ARI,2021,REG,18,2022-01-09,Sunday,16:25,SEA,38,ARI,30,Home,0,7,7,1,open,grass,PHO00,State Farm Stadium
2021_18_SF_LA,2021,REG,18,2022-01-09,Sunday,16:25,SF,27,LA,24,Home,1,7,7,1,dome,matrixturf,LAX01,SoFi Stadium
2021_18_TEN_HOU,2021,REG,18,2022-01-09,Sunday,13:00,TEN,28,HOU,25,Home,0,7,7,1,closed,astroturf,HOU00,NRG Stadium
2021_18_WAS_NYG,2021,REG,18,2022-01-09,Sunday,13:00,WAS,22,NYG,7,Home,0,7,7,1,outdoors,fieldturf,NYC01,MetLife Stadium
2021_22_LA_CIN,2021,SB,22,2022-02-13,Sunday,18:30,LA,23,CIN,20,Neutral,0,14,14,0,dome,matrixturf,LAX01,SoFi Stadium
2022_01_BUF_LA,2022,REG,1,2022-09-08,Thursday,20:20,BUF,31,LA,10,Home,0,7,7,0,dome,matrixturf,LAX01,SoFi Stadium
2022_01_BAL_NYJ,2022,REG,1,2022-09-11,Sunday,13:00,BAL,24,NYJ,9,Home,0,7,7,0,outdoors,fieldturf,NYC01,MetLife Stadium
2022_01_CLE_CAR,2022,REG,1,2022-09-11,Sunday,13:00,CLE,26,CAR,24,Home,0,7,7,0,outdoors,grass,CAR00,Bank of America Stadium
2022_01_GB_MIN,2022,REG,1,2022-09-11,Sunday,16:25,GB,7,MIN,23,Home,0,7,7,1,dome,sportturf,MIN01,U.S. Bank Stadium
2022_01_IND_HOU,2022,REG,1,2022-09-11,Sunday,13:00,IND,20,HOU,20,Home,1,7,7,1,closed,astroturf,HOU00,NRG Stadium
2022_01_JAX_WAS,2022,REG,1,2022-09-11,Sunday,13:00,JAX,22,WAS,28,Home,0,7,7,0,outdoors,grass,WAS00,FedExField
2022_01_KC_ARI,2022,REG,1,2022-09-11,Sunday,16:25,KC,44,ARI,21,Home,0,7,7,0,closed,grass,PHO00,State Farm Stadium
2022_01_LV_LAC,2022,REG,1,2022-09-11,Sunday,16:25,LV,19,LAC,24,Home,0,7,7,1,dome,matrixturf,LAX01,SoFi Stadium
2022_01_NE_MIA,2022,REG,1,2022-09-11,Sunday,13:00,NE,7,MIA,20,Home,0,7,7,1,outdoors,grass,MIA00,Hard Rock Stadium
2022_01_NO_ATL,2022,REG,1,2022-09-11,Sunday,13:00,NO,27,ATL,26,Home,0,7,7,1,closed,fieldturf,ATL97,Mercedes-Benz Stadium
2022_01_NYG_TEN,2022,REG,1,2022-09-11,Sunday,16:25,NYG,21,TEN,20,Home,0,7,7,0,outdoors,grass,NAS00,Nissan Stadium
2022_01_PHI_DET,2022,REG,1,2022-09-11,Sunday,13:00,PHI,38,DET,35,Home,0,7,7,0,dome,fieldturf,DET00,Ford Field
2022_01_PIT_CIN,2022,REG,1,2022-09-11,Sunday,13:00,PIT,23,CIN,20,Home,1,7,7,1,outdoors,fieldturf,CIN00,Paycor Stadium
2022_01_SF_CHI,2022,REG,1,2022-09-11,Sunday,13:00,SF,10,CHI,19,Home,0,7,7,0,outdoors,grass,CHI98,Soldier Field
2022_01_TB_DAL,2022,REG,1,2022-09-11,Sunday,20:20,TB,19,DAL,3,Home,0,7,7,0,closed,matrixturf,DAL00,AT&T Stadium
2022_01_DEN_SEA,2022,REG,1,2022-09-12,Monday,20:15,DEN,16,SEA,17,Home,0,7,7,0,outdoors,fieldturf,SEA00,Lumen Field
2022_02_LAC_KC,2022,REG,2,2022-09-15,Thursday,20:15,LAC,24,KC,27,Home,0,4,4,1,outdoors,grass,KAN00,GEHA Field at Arrowhead Stadium
2022_02_ARI_LV,2022,REG,2,2022-09-18,Sunday,16:25,ARI,29,LV,23,Home,1,7,7,0,dome,grass,VEG00,Allegiant Stadium
2022_02_ATL_LA,2022,REG,2,2022-09-18,Sunday,16:05,ATL,27,LA,31,Home,0,7,10,0,dome,matrixturf,LAX01,SoFi Stadium
2022_02_CAR_NYG,2022,REG,2,2022-09-18,Sunday,13:00,CAR,16,NYG,19,Home,0,7,7,0,outdoors,fieldturf,NYC01,MetLife Stadium
2022_02_CHI_GB,2022,REG,2,2022-09-18,Sunday,20:20,CHI,10,GB,27,Home,0,7,7,1,outdoors,grass,GNB00,Lambeau Field
2022_02_CIN_DAL,2022,REG,2,2022-09-18,Sunday,16:25,CIN,17,DAL,20,Home,0,7,7,0,closed,matrixturf,DAL00,AT&T Stadium
2022_02_HOU_DEN,2022,REG,2,2022-09-18,Sunday,16:25,HOU,9,DEN,16,Home,0,7,6,0,outdoors,grass,DEN00,Empower Field at Mile High
2022_02_IND_JAX,2022,REG,2,2022-09-18,Sunday,13:00,IND,0,JAX,24,Home,0,7,7,1,outdoors,grass,JAX00,TIAA Bank Stadium
2022_02_MIA_BAL,2022,REG,2,2022-09-18,Sunday,13:00,MIA,42,BAL,38,Home,0,7,7,0,outdoors,grass,BAL00,M&T Bank Stadium
2022_02_NE_PIT,2022,REG,2,2022-09-18,Sunday,13:00,NE,17,PIT,14,Home,0,7,7,0,outdoors,grass,PIT00,Acrisure Stadium
2022_02_NYJ_CLE,2022,REG,2,2022-09-18,Sunday,13:00,NYJ,31,CLE,30,Home,0,7,7,0,outdoors,grass,CLE00,FirstEnergy Stadium
2022_02_SEA_SF,2022,REG,2,2022-09-18,Sunday,16:05,SEA,7,SF,27,Home,0,6,7,1,outdoors,grass,SFO01,Levi's Stadium
2022_02_TB_NO,2022,REG,2,2022-09-18,Sunday,13:00,TB,20,NO,10,Home,0,7,7,1,dome,sportturf,NOR00,Mercedes-Benz Superdome
2022_02_WAS_DET,2022,REG,2,2022-09-18,Sunday,13:00,WAS,27,DET,36,Home,0,7,7,0,dome,fieldturf,DET00,Ford Field
2022_02_MIN_PHI,2022,REG,2,2022-09-19,Monday,20:30,MIN,7,PHI,24,Home,0,8,8,0,outdoors,grass,PHI00,Lincoln Financial Field
2022_02_TEN_BUF,2022,REG,2,2022-09-19,Monday,19:15,TEN,7,BUF,41,Home,0,8,11,0,outdoors,a_turf,BUF00,New Era Field
2022_03_PIT_CLE,2022,REG,3,2022-09-22,Thursday,20:15,PIT,17,CLE,29,Home,0,4,4,1,outdoors,grass,CLE00,FirstEnergy Stadium
2022_03_ATL_SEA,2022,REG,3,2022-09-25,Sunday,16:25,ATL,27,SEA,23,Home,0,7,7,0,outdoors,fieldturf,SEA00,Lumen Field
2022_03_BAL_NE,2022,REG,3,2022-09-25,Sunday,13:00,BAL,37,NE,26,Home,0,7,7,0,outdoors,fieldturf,BOS00,Gillette Stadium
2022_03_BUF_MIA,2022,REG,3,2022-09-25,Sunday,13:00,BUF,19,MIA,21,Home,0,6,7,1,outdoors,grass,MIA00,Hard Rock Stadium
2022_03_CIN_NYJ,2022,REG,3,2022-09-25,Sunday,13:00,CIN,27,NYJ,12,Home,0,7,7,0,outdoors,fieldturf,NYC01,MetLife Stadium
2022_03_DET_MIN,2022,REG,3,2022-09-25,Sunday,13:00,DET,24,MIN,28,Home,0,7,6,1,dome,sportturf,MIN01,U.S. Bank Stadium
2022_03_GB_TB,2022,REG,3,2022-09-25,Sunday,16:25,GB,14,TB,12,Home,0,7,7,0,outdoors,grass,TAM00,Raymond James Stadium
2022_03_HOU_CHI,2022,REG,3,2022-09-25,Sunday,13:00,HOU,20,CHI,23,Home,0,7,7,0,outdoors,grass,CHI98,Soldier Field
2022_03_JAX_LAC,2022,REG,3,2022-09-25,Sunday,16:05,JAX,38,LAC,10,Home,0,7,10,0,dome,matrixturf,LAX01,SoFi Stadium
2022_03_KC_IND,2022,REG,3,2022-09-25,Sunday,13:00,KC,17,IND,20,Home,0,10,7,0,open,fieldturf,IND00,Lucas Oil Stadium
2022_03_LA_ARI,2022,REG,3,2022-09-25,Sunday,16:25,LA,20,ARI,12,Home,0,7,7,1,closed,grass,PHO00,State Farm Stadium
2022_03_LV_TEN,2022,REG,3,2022-09-25,Sunday,13:00,LV,22,TEN,24,Home,0,7,6,0,outdoors,grass,NAS00,Nissan Stadium
2022_03_NO_CAR,2022,REG,3,2022-09-25,Sunday,13:00,NO,14,CAR,22,Home,0,7,7,1,outdoors,grass,CAR00,Bank of America Stadium
2022_03_PHI_WAS,2022,REG,3,2022-09-25,Sunday,13:00,PHI,24,WAS,8,Home,0,6,7,1,outdoors,grass,WAS00,FedExField
2022_03_SF_DEN,2022,REG,3,2022-09-25,Sunday,20:20,SF,10,DEN,11,Home,0,7,7,0,outdoors,grass,DEN00,Empower Field at Mile High
2022_03_DAL_NYG,2022,REG,3,2022-09-26,Monday,20:15,DAL,23,NYG,16,Home,0,8,8,1,outdoors,fieldturf,NYC01,MetLife Stadium
2022_04_MIA_CIN,2022,REG,4,2022-09-29,Thursday,20:15,MIA,15,CIN,27,Home,0,4,4,0,outdoors,fieldturf,CIN00,Paycor Stadium
2022_04_ARI_CAR,2022,REG,4,2022-10-02,Sunday,16:05,ARI,26,CAR,16,Home,0,7,7,0,outdoors,grass,CAR00,Bank of America Stadium
2022_04_BUF_BAL,2022,REG,4,2022-10-02,Sunday,13:00,BUF,23,BAL,20,Home,0,7,7,0,outdoors,grass,BAL00,M&T Bank Stadium
2022_04_CHI_NYG,2022,REG,4,2022-10-02,Sunday,13:00,CHI,12,NYG,20,Home,0,7,6,0,outdoors,fieldturf,NYC01,MetLife Stadium
2022_04_CLE_ATL,2022,REG,4,2022-10-02,Sunday,13:00,CLE,20,ATL,23,Home,0,10,7,0,open,fieldturf,ATL97,Mercedes-Benz Stadium
2022_04_DEN_LV,2022,REG,4,2022-10-02,Sunday,16:25,DEN,23,LV,32,Home,0,7,7,1,dome,grass,VEG00,Allegiant Stadium
2022_04_JAX_PHI,2022,REG,4,2022-10-02,Sunday,13:00,JAX,21,PHI,29,Home,0,7,7,0,outdoors,grass,PHI00,Lincoln Financial Field
2022_04_KC_TB,2022,REG,4,2022-10-02,Sunday,20:20,KC,41,TB,31,Home,0,7,7,0,outdoors,grass,TAM00,Raymond James Stadium
2022_04_LAC_HOU,2022,REG,4,2022-10-02,Sunday,13:00,LAC,34,HOU,24,Home,0,7,7,0,closed,astroturf,HOU00,NRG Stadium
2022_04_MIN_NO,2022,REG,4,2022-10-02,Sunday,09:30,MIN,28,NO,25,Neutral,0,7,7,0,outdoors,,LON02,Tottenham Stadium
2022_04_NE_GB,2022,REG,4,2022-10-02,Sunday,16:25,NE,24,GB,27,Home,1,7,7,0,outdoors,grass,GNB00,Lambeau Field
2022_04_NYJ_PIT,2022,REG,4,2022-10-02,Sunday,13:00,NYJ,24,PIT,20,Home,0,7,10,0,outdoors,grass,PIT00,Acrisure Stadium
2022_04_SEA_DET,2022,REG,4,2022-10-02,Sunday,13:00,SEA,48,DET,45,Home,0,7,7,0,dome,fieldturf,DET00,Ford Field
2022_04_TEN_IND,2022,REG,4,2022-10-02,Sunday,13:00,TEN,24,IND,17,Home,0,7,7,1,open,fieldturf,IND00,Lucas Oil Stadium
2022_04_WAS_DAL,2022,REG,4,2022-10-02,Sunday,13:00,WAS,10,DAL,25,Home,0,7,6,1,closed,matrixturf,DAL00,AT&T Stadium
2022_04_LA_SF,2022,REG,4,2022-10-03,Monday,20:15,LA,9,SF,24,Home,0,8,8,1,outdoors,grass,SFO01,Levi's Stadium
2022_05_IND_DEN,2022,REG,5,2022-10-06,Thursday,20:15,IND,12,DEN,9,Home,1,4,4,0,outdoors,grass,DEN00,Empower Field at Mile High
2022_05_ATL_TB,2022,REG,5,2022-10-09,Sunday,13:00,ATL,15,TB,21,Home,0,7,7,1,outdoors,grass,TAM00,Raymond James Stadium
2022_05_CHI_MIN,2022,REG,5,2022-10-09,Sunday,13:00,CHI,22,MIN,29,Home,0,7,7,1,dome,sportturf,MIN01,U.S. Bank Stadium
2022_05_CIN_BAL,2022,REG,5,2022-10-09,Sunday,20:20,CIN,17,BAL,19,Home,0,10,7,1,outdoors,grass,BAL00,M&T Bank Stadium
2022_05_DAL_LA,2022,REG,5,2022-10-09,Sunday,16:25,DAL,22,LA,10,Home,0,7,6,0,dome,matrixturf,LAX01,SoFi Stadium
2022_05_DET_NE,2022,REG,5,2022-10-09,Sunday,13:00,DET,0,NE,29,Home,0,7,7,0,outdoors,fieldturf,BOS00,Gillette Stadium
2022_05_HOU_JAX,2022,REG,5,2022-10-09,Sunday,13:00,HOU,13,JAX,6,Home,0,7,7,1,outdoors,grass,JAX00,TIAA Bank Stadium
2022_05_LAC_CLE,2022,REG,5,2022-10-09,Sunday,13:00,LAC,30,CLE,28,Home,0,7,7,0,outdoors,grass,CLE00,FirstEnergy Stadium
2022_05_MIA_NYJ,2022,REG,5,2022-10-09,Sunday,13:00,MIA,17,NYJ,40,Home,0,10,7,1,outdoors,fieldturf,NYC01,MetLife Stadium
2022_05_NYG_GB,2022,REG,5,2022-10-09,Sunday,09:30,NYG,27,GB,22,Neutral,0,7,7,0,outdoors,,LON02,Tottenham Stadium
2022_05_PHI_ARI,2022,REG,5,2022-10-09,Sunday,16:25,PHI,20,ARI,17,Home,0,7,7,0,closed,grass,PHO00,State Farm Stadium
2022_05_PIT_BUF,2022,REG,5,2022-10-09,Sunday,13:00,PIT,3,BUF,38,Home,0,7,7,0,outdoors,a_turf,BUF00,New Era Field
2022_05_SEA_NO,2022,REG,5,2022-10-09,Sunday,13:00,SEA,32,NO,39,Home,0,7,7,0,dome,sportturf,NOR00,Mercedes-Benz Superdome
2022_05_SF_CAR,2022,REG,5,2022-10-09,Sunday,16:05,SF,37,CAR,15,Home,0,6,7,0,outdoors,grass,CAR00,Bank of America Stadium
2022_05_TEN_WAS,2022,REG,5,2022-10-09,Sunday,13:00,TEN,21,WAS,17,Home,0,7,7,0,outdoors,grass,WAS00,FedExField
2022_05_LV_KC,2022,REG,5,2022-10-10,Monday,20:15,LV,29,KC,30,Home,0,8,8,1,outdoors,grass,KAN00,GEHA Field at Arrowhead Stadium
2022_06_WAS_CHI,2022,REG,6,2022-10-13,Thursday,20:15,WAS,12,CHI,7,Home,0,4,4,0,outdoors,grass,CHI98,Soldier Field
2022_06_ARI_SEA,2022,REG,6,2022-10-16,Sunday,16:05,ARI,9,SEA,19,Home,0,7,7,1,outdoors,fieldturf,SEA00,Lumen Field
2022_06_BAL_NYG,2022,REG,6,2022-10-16,Sunday,13:00,BAL,20,NYG,24,Home,0,7,7,0,outdoors,fieldturf,NYC01,MetLife Stadium
2022_06_BUF_KC,2022,REG,6,2022-10-16,Sunday,16:25,BUF,24,KC,20,Home,0,7,6,0,outdoors,grass,KAN00,GEHA Field at Arrowhead Stadium
2022_06_CAR_LA,2022,REG,6,2022-10-16,Sunday,16:05,CAR,10,LA,24,Home,0,7,7,0,dome,matrixturf,LAX01,SoFi Stadium
2022_06_CIN_NO,2022,REG,6,2022-10-16,Sunday,13:00,CIN,30,NO,26,Home,0,7,7,0,dome,sportturf,NOR00,Mercedes-Benz Superdome
2022_06_DAL_PHI,2022,REG,6,2022-10-16,Sunday,20:20,DAL,17,PHI,26,Home,0,7,7,1,outdoors,grass,PHI00,Lincoln Financial Field
2022_06_JAX_IND,2022,REG,6,2022-10-16,Sunday,13:00,JAX,27,IND,34,Home,0,7,10,1,open,fieldturf,IND00,Lucas Oil Stadium
2022_06_MIN_MIA,2022,REG,6,2022-10-16,Sunday,13:00,MIN,24,MIA,16,Home,0,7,7,0,outdoors,grass,MIA00,Hard Rock Stadium
2022_06_NE_CLE,2022,REG,6,2022-10-16,Sunday,13:00,NE,38,CLE,15,Home,0,7,7,0,outdoors,grass,CLE00,FirstEnergy Stadium
2022_06_NYJ_GB,2022,REG,6,2022-10-16,Sunday,13:00,NYJ,27,GB,10,Home,0,7,7,0,outdoors,grass,GNB00,Lambeau Field
2022_06_SF_ATL,2022,REG,6,2022-10-16,Sunday,13:00,SF,14,ATL,28,Home,0,7,7,0,open,fieldturf,ATL97,Mercedes-Benz Stadium
2022_06_TB_PIT,2022,REG,6,2022-10-16,Sunday,13:00,TB,18,PIT,20,Home,0,7,7,0,outdoors,grass,PIT00,Acrisure Stadium
2022_06_DEN_LAC,2022,REG,6,2022-10-17,Monday,20:15,DEN,16,LAC,19,Home,1,11,8,1,dome,matrixturf,LAX01,SoFi Stadium
2022_07_NO_ARI,2022,REG,7,2022-10-20,Thursday,20:15,NO,34,ARI,42,Home,0,4,4,0,open,grass,PHO00,State Farm Stadium
2022_07_ATL_CIN,2022,REG,7,2022-10-23,Sunday,13:00,ATL,17,CIN,35,Home,0,7,7,0,outdoors,fieldturf,CIN00,Paycor Stadium
2022_07_CLE_BAL,2022,REG,7,2022-10-23,Sunday,13:00,CLE,20,BAL,23,Home,0,7,7,1,outdoors,grass,BAL00,M&T Bank Stadium
2022_07_DET_DAL,2022,REG,7,2022-10-23,Sunday,13:00,DET,6,DAL,24,Home,0,14,7,0,closed,matrixturf,DAL00,AT&T Stadium
2022_07_GB_WAS,2022,REG,7,2022-10-23,Sunday,13:00,GB,21,WAS,23,Home,0,7,10,0,outdoors,grass,WAS00,FedExField
2022_07_HOU_LV,2022,REG,7,2022-10-23,Sunday,16:05,HOU,20,LV,38,Home,0,14,13,0,dome,grass,VEG00,Allegiant Stadium
2022_07_IND_TEN,2022,REG,7,2022-10-23,Sunday,13:00,IND,10,TEN,19,Home,0,7,14,1,outdoors,grass,NAS00,Nissan Stadium
2022_07_KC_SF,2022,REG,7,2022-10-23,Sunday,16:25,KC,44,SF,23,Home,0,7,7,0,outdoors,,SFO01,Levi's Stadium
2022_07_NYG_JAX,2022,REG,7,2022-10-23,Sunday,13:00,NYG,23,JAX,17,Home,0,7,7,0,outdoors,grass,JAX00,TIAA Bank Stadium
2022_07_NYJ_DEN,2022,REG,7,2022-10-23,Sunday,16:05,NYJ,16,DEN,9,Home,0,7,6,0,outdoors,grass,DEN00,Empower Field at Mile High
2022_07_PIT_MIA,2022,REG,7,2022-10-23,Sunday,20:20,PIT,10,MIA,16,Home,0,7,7,0,outdoors,grass,MIA00,Hard Rock Stadium
2022_07_SEA_LAC,2022,REG,7,2022-10-23,Sunday,16:25,SEA,37,LAC,23,Home,0,7,6,0,dome,matrixturf,LAX01,SoFi Stadium
2022_07_TB_CAR,2022,REG,7,2022-10-23,Sunday,13:00,TB,3,CAR,21,Home,0,7,7,1,outdoors,grass,CAR00,Bank of America Stadium
2022_07_CHI_NE,2022,REG,7,2022-10-24,Monday,20:15,CHI,33,NE,14,Home,0,11,8,0,outdoors,fieldturf,BOS00,Gillette Stadium
2022_08_BAL_TB,2022,REG,8,2022-10-27,Thursday,20:15,BAL,27,TB,22,Home,0,4,4,0,outdoors,grass,TAM00,Raymond James Stadium
2022_08_ARI_MIN,2022,REG,8,2022-10-30,Sunday,13:00,ARI,26,MIN,34,Home,0,10,14,0,dome,sportturf,MIN01,U.S. Bank Stadium
2022_08_CAR_ATL,2022,REG,8,2022-10-30,Sunday,13:00,CAR,34,ATL,37,Home,1,7,7,1,closed,fieldturf,ATL97,Mercedes-Benz Stadium
2022_08_CHI_DAL,2022,REG,8,2022-10-30,Sunday,13:00,CHI,29,DAL,49,Home,0,6,7,0,open,matrixturf,DAL00,AT&T Stadium
2022_08_DEN_JAX,2022,REG,8,2022-10-30,Sunday,09:30,DEN,21,JAX,17,Neutral,0,7,7,0,outdoors,,LON00,Wembley Stadium
2022_08_GB_BUF,2022,REG,8,2022-10-30,Sunday,20:20,GB,17,BUF,27,Home,0,7,14,0,outdoors,a_turf,BUF00,New Era Field
2022_08_LV_NO,2022,REG,8,2022-10-30,Sunday,13:00,LV,0,NO,24,Home,0,7,10,0,dome,sportturf,NOR00,Mercedes-Benz Superdome
2022_08_MIA_DET,2022,REG,8,2022-10-30,Sunday,13:00,MIA,31,DET,27,Home,0,7,7,0,dome,fieldturf,DET00,Ford Field
2022_08_NE_NYJ,2022,REG,8,2022-10-30,Sunday,13:00,NE,22,NYJ,17,Home,0,6,7,1,outdoors,fieldturf,NYC01,MetLife Stadium
2022_08_NYG_SEA,2022,REG,8,2022-10-30,Sunday,16:25,NYG,13,SEA,27,Home,0,7,7,0,outdoors,fieldturf,SEA00,Lumen Field
2022_08_PIT_PHI,2022,REG,8,2022-10-30,Sunday,13:00,PIT,13,PHI,35,Home,0,7,14,0,outdoors,grass,PHI00,Lincoln Financial Field
2022_08_SF_LA,2022,REG,8,2022-10-30,Sunday,16:25,SF,31,LA,14,Home,0,7,14,1,dome,matrixturf,LAX01,SoFi Stadium
2022_08_TEN_HOU,2022,REG,8,2022-10-30,Sunday,16:05,TEN,17,HOU,10,Home,0,7,7,1,closed,astroturf,HOU00,NRG Stadium
2022_08_WAS_IND,2022,REG,8,2022-10-30,Sunday,16:25,WAS,17,IND,16,Home,0,7,7,0,closed,fieldturf,IND00,Lucas Oil Stadium
2022_08_CIN_CLE,2022,REG,8,2022-10-31,Monday,20:15,CIN,13,CLE,32,Home,0,8,8,1,outdoors,grass,CLE00,FirstEnergy Stadium
2022_09_PHI_HOU,2022,REG,9,2022-11-03,Thursday,20:15,PHI,29,HOU,17,Home,0,4,4,0,closed,astroturf,HOU00,NRG Stadium
2022_09_BUF_NYJ,2022,REG,9,2022-11-06,Sunday,13:00,BUF,17,NYJ,20,Home,0,7,7,1,outdoors,fieldturf,NYC01,MetLife Stadium
2022_09_CAR_CIN,2022,REG,9,2022-11-06,Sunday,13:00,CAR,21,CIN,42,Home,0,7,6,0,outdoors,fieldturf,CIN00,Paycor Stadium
2022_09_GB_DET,2022,REG,9,2022-11-06,Sunday,13:00,GB,9,DET,15,Home,0,7,7,1,dome,fieldturf,DET00,Ford Field
2022_09_IND_NE,2022,REG,9,2022-11-06,Sunday,13:00,IND,3,NE,26,Home,0,7,7,0,outdoors,fieldturf,BOS00,Gillette Stadium
2022_09_LAC_ATL,2022,REG,9,2022-11-06,Sunday,13:00,LAC,20,ATL,17,Home,0,14,7,0,open,fieldturf,ATL97,Mercedes-Benz Stadium
2022_09_LA_TB,2022,REG,9,2022-11-06,Sunday,16:25,LA,13,TB,16,Home,0,7,10,0,outdoors,grass,TAM00,Raymond James Stadium
2022_09_LV_JAX,2022,REG,9,2022-11-06,Sunday,13:00,LV,20,JAX,27,Home,0,7,7,0,outdoors,grass,JAX00,TIAA Bank Stadium
2022_09_MIA_CHI,2022,REG,9,2022-11-06,Sunday,13:00,MIA,35,CHI,32,Home,0,7,7,0,outdoors,grass,CHI98,Soldier Field
2022_09_MIN_WAS,2022,REG,9,2022-11-06,Sunday,13:00,MIN,20,WAS,17,Home,0,7,7,0,outdoors,grass,WAS00,FedExField
2022_09_SEA_ARI,2022,REG,9,2022-11-06,Sunday,16:05,SEA,31,ARI,21,Home,0,7,7,1,open,grass,PHO00,State Farm Stadium
2022_09_TEN_KC,2022,REG,9,2022-11-06,Sunday,20:20,TEN,17,KC,20,Home,1,7,14,0,outdoors,grass,KAN00,GEHA Field at Arrowhead Stadium
2022_09_BAL_NO,2022,REG,9,2022-11-07,Monday,20:15,BAL,27,NO,13,Home,0,11,8,0,dome,sportturf,NOR00,Mercedes-Benz Superdome
2022_10_ATL_CAR,2022,REG,10,2022-11-10,Thursday,20:15,ATL,15,CAR,25,Home,0,4,4,1,outdoors,grass,CAR00,Bank of America Stadium
2022_10_ARI_LA,2022,REG,10,2022-11-13,Sunday,16:25,ARI,27,LA,17,Home,0,7,7,1,dome,matrixturf,LAX01,SoFi Stadium
2022_10_CLE_MIA,2022,REG,10,2022-11-13,Sunday,13:00,CLE,17,MIA,39,Home,0,13,7,0,outdoors,grass,MIA00,Hard Rock Stadium
2022_10_DAL_GB,2022,REG,10,2022-11-13,Sunday,16:25,DAL,28,GB,31,Home,1,14,7,0,outdoors,grass,GNB00,Lambeau Field
2022_10_DEN_TEN,2022,REG,10,2022-11-13,Sunday,13:00,DEN,10,TEN,17,Home,0,14,7,0,outdoors,grass,NAS00,Nissan Stadium
2022_10_DET_CHI,2022,REG,10,2022-11-13,Sunday,13:00,DET,31,CHI,30,Home,0,7,7,1,outdoors,grass,CHI98,Soldier Field
2022_10_HOU_NYG,2022,REG,10,2022-11-13,Sunday,13:00,HOU,16,NYG,24,Home,0,10,14,0,outdoors,fieldturf,NYC01,MetLife Stadium
2022_10_IND_LV,2022,REG,10,2022-11-13,Sunday,16:05,IND,25,LV,20,Home,0,7,7,0,dome,grass,VEG00,Allegiant Stadium
2022_10_JAX_KC,2022,REG,10,2022-11-13,Sunday,13:00,JAX,17,KC,27,Home,0,7,7,0,outdoors,grass,KAN00,GEHA Field at Arrowhead Stadium
2022_10_LAC_SF,2022,REG,10,2022-11-13,Sunday,20:20,LAC,16,SF,22,Home,0,7,14,0,outdoors,grass,SFO01,Levi's Stadium
2022_10_MIN_BUF,2022,REG,10,2022-11-13,Sunday,13:00,MIN,33,BUF,30,Home,1,7,7,0,outdoors,a_turf,BUF00,New Era Field
2022_10_NO_PIT,2022,REG,10,2022-11-13,Sunday,13:00,NO,10,PIT,20,Home,0,6,14,0,outdoors,grass,PIT00,Acrisure Stadium
2022_10_SEA_TB,2022,REG,10,2022-11-13,Sunday,09:30,SEA,16,TB,21,Neutral,0,7,7,0,outdoors,,GER00,Allianz Arena
2022_10_WAS_PHI,2022,REG,10,2022-11-14,Monday,20:15,WAS,32,PHI,21,Home,0,8,11,1,outdoors,grass,PHI00,Lincoln Financial Field
2022_11_TEN_GB,2022,REG,11,2022-11-17,Thursday,20:15,TEN,27,GB,17,Home,0,4,4,0,outdoors,grass,GNB00,Lambeau Field
2022_11_CAR_BAL,2022,REG,11,2022-11-20,Sunday,13:00,CAR,3,BAL,13,Home,0,10,13,0,outdoors,grass,BAL00,M&T Bank Stadium
2022_11_CHI_ATL,2022,REG,11,2022-11-20,Sunday,13:00,CHI,24,ATL,27,Home,0,7,10,0,closed,fieldturf,ATL97,Mercedes-Benz Stadium
2022_11_CIN_PIT,2022,REG,11,2022-11-20,Sunday,16:25,CIN,37,PIT,30,Home,0,14,7,1,outdoors,grass,PIT00,Acrisure Stadium
2022_11_CLE_BUF,2022,REG,11,2022-11-20,Sunday,13:00,CLE,23,BUF,31,Neutral,0,7,7,0,dome,fieldturf,DET00,Ford Field
2022_11_DAL_MIN,2022,REG,11,2022-11-20,Sunday,16:25,DAL,40,MIN,3,Home,0,7,7,0,dome,sportturf,MIN01,U.S. Bank Stadium
2022_11_DET_NYG,2022,REG,11,2022-11-20,Sunday,13:00,DET,31,NYG,18,Home,0,7,7,0,outdoors,fieldturf,NYC01,MetLife Stadium
2022_11_KC_LAC,2022,REG,11,2022-11-20,Sunday,20:20,KC,30,LAC,27,Home,0,7,7,1,dome,matrixturf,LAX01,SoFi Stadium
2022_11_LA_NO,2022,REG,11,2022-11-20,Sunday,13:00,LA,20,NO,27,Home,0,7,7,0,dome,sportturf,NOR00,Mercedes-Benz Superdome
2022_11_LV_DEN,2022,REG,11,2022-11-20,Sunday,16:05,LV,22,DEN,16,Home,1,7,7,1,outdoors,grass,DEN00,Empower Field at Mile High
2022_11_NYJ_NE,2022,REG,11,2022-11-20,Sunday,13:00,NYJ,3,NE,10,Home,0,14,14,1,outdoors,fieldturf,BOS00,Gillette Stadium
2022_11_PHI_IND,2022,REG,11,2022-11-20,Sunday,13:00,PHI,17,IND,16,Home,0,6,7,0,closed,fieldturf,IND00,Lucas Oil Stadium
2022_11_WAS_HOU,2022,REG,11,2022-11-20,Sunday,13:00,WAS,23,HOU,10,Home,0,6,7,0,closed,astroturf,HOU00,NRG Stadium
2022_11_SF_ARI,2022,REG,11,2022-11-21,Monday,20:15,SF,38,ARI,10,Neutral,0,8,8,1,outdoors,,MEX00,Azteca Stadium
2022_12_BUF_DET,2022,REG,12,2022-11-24,Thursday,12:30,BUF,28,DET,25,Home,0,4,4,0,dome,fieldturf,DET00,Ford Field
2022_12_NE_MIN,2022,REG,12,2022-11-24,Thursday,20:20,NE,26,MIN,33,Home,0,4,4,0,dome,sportturf,MIN01,U.S. Bank Stadium
2022_12_NYG_DAL,2022,REG,12,2022-11-24,Thursday,16:30,NYG,20,DAL,28,Home,0,4,4,1,closed,matrixturf,DAL00,AT&T Stadium
2022_12_ATL_WAS,2022,REG,12,2022-11-27,Sunday,13:00,ATL,13,WAS,19,Home,0,7,7,0,outdoors,grass,WAS00,FedExField
2022_12_BAL_JAX,2022,REG,12,2022-11-27,Sunday,13:00,BAL,27,JAX,28,Home,0,7,14,0,outdoors,grass,JAX00,TIAA Bank Stadium
2022_12_CHI_NYJ,2022,REG,12,2022-11-27,Sunday,13:00,CHI,10,NYJ,31,Home,0,7,7,0,outdoors,fieldturf,NYC01,MetLife Stadium
2022_12_CIN_TEN,2022,REG,12,2022-11-27,Sunday,13:00,CIN,20,TEN,16,Home,0,7,10,0,outdoors,grass,NAS00,Nissan Stadium
2022_12_DEN_CAR,2022,REG,12,2022-11-27,Sunday,13:00,DEN,10,CAR,23,Home,0,7,7,0,outdoors,grass,CAR00,Bank of America Stadium
2022_12_GB_PHI,2022,REG,12,2022-11-27,Sunday,20:20,GB,33,PHI,40,Home,0,10,7,0,outdoors,grass,PHI00,Lincoln Financial Field
2022_12_HOU_MIA,2022,REG,12,2022-11-27,Sunday,13:00,HOU,15,MIA,30,Home,0,7,14,0,outdoors,grass,MIA00,Hard Rock Stadium
2022_12_LAC_ARI,2022,REG,12,2022-11-27,Sunday,16:05,LAC,25,ARI,24,Home,0,7,6,0,closed,grass,PHO00,State Farm Stadium
2022_12_LA_KC,2022,REG,12,2022-11-27,Sunday,16:25,LA,10,KC,26,Home,0,7,7,0,outdoors,grass,KAN00,GEHA Field at Arrowhead Stadium
2022_12_LV_SEA,2022,REG,12,2022-11-27,Sunday,16:05,LV,40,SEA,34,Home,1,7,14,0,outdoors,fieldturf,SEA00,Lumen Field
2022_12_NO_SF,2022,REG,12,2022-11-27,Sunday,16:25,NO,0,SF,13,Home,0,7,6,0,outdoors,grass,SFO01,Levi's Stadium
2022_12_TB_CLE,2022,REG,12,2022-11-27,Sunday,13:00,TB,17,CLE,23,Home,1,14,7,0,outdoors,grass,CLE00,FirstEnergy Stadium
2022_12_PIT_IND,2022,REG,12,2022-11-28,Monday,20:15,PIT,24,IND,17,Home,0,8,8,0,closed,fieldturf,IND00,Lucas Oil Stadium
2022_13_BUF_NE,2022,REG,13,2022-12-01,Thursday,20:15,BUF,24,NE,10,Home,0,7,7,1,outdoors,fieldturf,BOS00,Gillette Stadium
2022_13_CLE_HOU,2022,REG,13,2022-12-04,Sunday,13:00,CLE,27,HOU,14,Home,0,7,7,0,closed,astroturf,HOU00,NRG Stadium
2022_13_DEN_BAL,2022,REG,13,2022-12-04,Sunday,13:00,DEN,9,BAL,10,Home,0,7,7,0,outdoors,grass,BAL00,M&T Bank Stadium
2022_13_GB_CHI,2022,REG,13,2022-12-04,Sunday,13:00,GB,28,CHI,19,Home,0,7,7,1,outdoors,grass,CHI98,Soldier Field
2022_13_IND_DAL,2022,REG,13,2022-12-04,Sunday,20:20,IND,19,DAL,54,Home,0,6,10,0,closed,matrixturf,DAL00,AT&T Stadium
2022_13_JAX_DET,2022,REG,13,2022-12-04,Sunday,13:00,JAX,14,DET,40,Home,0,7,10,0,dome,fieldturf,DET00,Ford Field
2022_13_KC_CIN,2022,REG,13,2022-12-04,Sunday,16:25,KC,24,CIN,27,Home,0,7,7,0,outdoors,fieldturf,CIN00,Paycor Stadium
2022_13_LAC_LV,2022,REG,13,2022-12-04,Sunday,16:25,LAC,20,LV,27,Home,0,7,7,1,dome,grass,VEG00,Allegiant Stadium
2022_13_MIA_SF,2022,REG,13,2022-12-04,Sunday,16:05,MIA,17,SF,33,Home,0,7,7,0,outdoors,grass,SFO01,Levi's Stadium
2022_13_NYJ_MIN,2022,REG,13,2022-12-04,Sunday,13:00,NYJ,22,MIN,27,Home,0,7,10,0,dome,sportturf,MIN01,U.S. Bank Stadium
2022_13_PIT_ATL,2022,REG,13,2022-12-04,Sunday,13:00,PIT,19,ATL,16,Home,0,6,7,0,closed,fieldturf,ATL97,Mercedes-Benz Stadium
2022_13_SEA_LA,2022,REG,13,2022-12-04,Sunday,16:05,SEA,27,LA,23,Home,0,7,7,1,dome,matrixturf,LAX01,SoFi Stadium
2022_13_TEN_PHI,2022,REG,13,2022-12-04,Sunday,13:00,TEN,10,PHI,35,Home,0,7,7,0,outdoors,grass,PHI00,Lincoln Financial Field
2022_13_WAS_NYG,2022,REG,13,2022-12-04,Sunday,13:00,WAS,20,NYG,20,Home,1,7,10,1,outdoors,fieldturf,NYC01,MetLife Stadium
2022_13_NO_TB,2022,REG,13,2022-12-05,Monday,20:15,NO,16,TB,17,Home,0,8,8,1,outdoors,grass,TAM00,Raymond James Stadium
2022_14_LV_LA,2022,REG,14,2022-12-08,Thursday,20:15,LV,16,LA,17,Home,0,4,4,0,dome,matrixturf,LAX01,SoFi Stadium
2022_14_BAL_PIT,2022,REG,14,2022-12-11,Sunday,13:00,BAL,16,PIT,14,Home,0,7,7,1,outdoors,grass,PIT00,Acrisure Stadium
2022_14_CAR_SEA,2022,REG,14,2022-12-11,Sunday,16:25,CAR,30,SEA,24,Home,0,14,7,0,outdoors,fieldturf,SEA00,Lumen Field
2022_14_CLE_CIN,2022,REG,14,2022-12-11,Sunday,13:00,CLE,10,CIN,23,Home,0,7,7,1,outdoors,fieldturf,CIN00,Paycor Stadium
2022_14_HOU_DAL,2022,REG,14,2022-12-11,Sunday,13:00,HOU,23,DAL,27,Home,0,7,7,0,closed,matrixturf,DAL00,AT&T Stadium
2022_14_JAX_TEN,2022,REG,14,2022-12-11,Sunday,13:00,JAX,36,TEN,22,Home,0,7,7,1,outdoors,grass,NAS00,Nissan Stadium
2022_14_KC_DEN,2022,REG,14,2022-12-11,Sunday,16:05,KC,34,DEN,28,Home,0,7,7,1,outdoors,grass,DEN00,Empower Field at Mile High
2022_14_MIA_LAC,2022,REG,14,2022-12-11,Sunday,20:20,MIA,17,LAC,23,Home,0,7,7,0,dome,matrixturf,LAX01,SoFi Stadium
2022_14_MIN_DET,2022,REG,14,2022-12-11,Sunday,13:00,MIN,23,DET,34,Home,0,7,7,1,dome,fieldturf,DET00,Ford Field
2022_14_NYJ_BUF,2022,REG,14,2022-12-11,Sunday,13:00,NYJ,12,BUF,20,Home,0,7,10,1,outdoors,a_turf,BUF00,New Era Field
2022_14_PHI_NYG,2022,REG,14,2022-12-11,Sunday,13:00,PHI,48,NYG,22,Home,0,7,7,1,outdoors,fieldturf,NYC01,MetLife Stadium
2022_14_TB_SF,2022,REG,14,2022-12-11,Sunday,16:25,TB,7,SF,35,Home,0,6,7,0,outdoors,grass,SFO01,Levi's Stadium
2022_14_NE_ARI,2022,REG,14,2022-12-12,Monday,20:15,NE,27,ARI,13,Home,0,11,15,0,closed,grass,PHO00,State Farm Stadium
2022_15_SF_SEA,2022,REG,15,2022-12-15,Thursday,20:15,SF,21,SEA,13,Home,0,4,4,1,outdoors,fieldturf,SEA00,Lumen Field
2022_15_BAL_CLE,2022,REG,15,2022-12-17,Saturday,16:30,BAL,3,CLE,13,Home,0,6,6,1,outdoors,grass,CLE00,FirstEnergy Stadium
2022_15_IND_MIN,2022,REG,15,2022-12-17,Saturday,13:00,IND,36,MIN,39,Home,1,13,6,0,dome,sportturf,MIN01,U.S. Bank Stadium
2022_15_MIA_BUF,2022,REG,15,2022-12-17,Saturday,20:15,MIA,29,BUF,32,Home,0,6,6,1,outdoors,a_turf,BUF00,New Era Field
2022_15_ARI_DEN,2022,REG,15,2022-12-18,Sunday,16:05,ARI,15,DEN,24,Home,0,6,7,0,outdoors,grass,DEN00,Empower Field at Mile High
2022_15_ATL_NO,2022,REG,15,2022-12-18,Sunday,13:00,ATL,18,NO,21,Home,0,14,13,1,dome,sportturf,NOR00,Mercedes-Benz Superdome
2022_15_CIN_TB,2022,REG,15,2022-12-18,Sunday,16:25,CIN,34,TB,23,Home,0,7,7,0,outdoors,grass,TAM00,Raymond James Stadium
2022_15_DAL_JAX,2022,REG,15,2022-12-18,Sunday,13:00,DAL,34,JAX,40,Home,1,7,7,0,outdoors,grass,JAX00,TIAA Bank Stadium
2022_15_DET_NYJ,2022,REG,15,2022-12-18,Sunday,13:00,DET,20,NYJ,17,Home,0,7,7,0,outdoors,fieldturf,NYC01,MetLife Stadium
2022_15_KC_HOU,2022,REG,15,2022-12-18,Sunday,13:00,KC,30,HOU,24,Home,1,7,7,0,closed,astroturf,HOU00,NRG Stadium
2022_15_NE_LV,2022,REG,15,2022-12-18,Sunday,16:05,NE,24,LV,30,Home,0,6,10,0,dome,grass,VEG00,Allegiant Stadium
2022_15_NYG_WAS,2022,REG,15,2022-12-18,Sunday,20:20,NYG,20,WAS,12,Home,0,7,14,1,outdoors,grass,WAS00,FedExField
2022_15_PHI_CHI,2022,REG,15,2022-12-18,Sunday,13:00,PHI,25,CHI,20,Home,0,7,14,0,outdoors,grass,CHI98,Soldier Field
2022_15_PIT_CAR,2022,REG,15,2022-12-18,Sunday,13:00,PIT,24,CAR,16,Home,0,7,7,0,outdoors,grass,CAR00,Bank of America Stadium
2022_15_TEN_LAC,2022,REG,15,2022-12-18,Sunday,16:25,TEN,14,LAC,17,Home,0,7,7,0,dome,matrixturf,LAX01,SoFi Stadium
2022_15_LA_GB,2022,REG,15,2022-12-19,Monday,20:15,LA,12,GB,24,Home,0,11,15,0,outdoors,grass,GNB00,Lambeau Field
2022_16_JAX_NYJ,2022,REG,16,2022-12-22,Thursday,20:15,JAX,19,NYJ,3,Home,0,4,4,0,outdoors,fieldturf,NYC01,MetLife Stadium
2022_16_ATL_BAL,2022,REG,16,2022-12-24,Saturday,13:00,ATL,9,BAL,17,Home,0,6,7,0,outdoors,grass,BAL00,M&T Bank Stadium
2022_16_BUF_CHI,2022,REG,16,2022-12-24,Saturday,13:00,BUF,35,CHI,13,Home,0,7,6,0,outdoors,grass,CHI98,Soldier Field
2022_16_CIN_NE,2022,REG,16,2022-12-24,Saturday,13:00,CIN,22,NE,18,Home,0,6,6,0,outdoors,fieldturf,BOS00,Gillette Stadium
2022_16_DET_CAR,2022,REG,16,2022-12-24,Saturday,13:00,DET,23,CAR,37,Home,0,6,6,0,outdoors,grass,CAR00,Bank of America Stadium
2022_16_HOU_TEN,2022,REG,16,2022-12-24,Saturday,14:00,HOU,19,TEN,14,Home,0,6,6,1,outdoors,grass,NAS00,Nissan Stadium
2022_16_LV_PIT,2022,REG,16,2022-12-24,Saturday,20:15,LV,10,PIT,13,Home,0,6,6,0,outdoors,grass,PIT00,Acrisure Stadium
2022_16_NO_CLE,2022,REG,16,2022-12-24,Saturday,13:00,NO,17,CLE,10,Home,0,6,7,0,outdoors,grass,CLE00,FirstEnergy Stadium
2022_16_NYG_MIN,2022,REG,16,2022-12-24,Saturday,13:00,NYG,24,MIN,27,Home,0,6,7,0,dome,sportturf,MIN01,U.S. Bank Stadium
2022_16_PHI_DAL,2022,REG,16,2022-12-24,Saturday,16:25,PHI,34,DAL,40,Home,0,6,6,1,closed,matrixturf,DAL00,AT&T Stadium
2022_16_SEA_KC,2022,REG,16,2022-12-24,Saturday,13:00,SEA,10,KC,24,Home,0,9,6,0,outdoors,grass,KAN00,GEHA Field at Arrowhead Stadium
2022_16_WAS_SF,2022,REG,16,2022-12-24,Saturday,16:05,WAS,20,SF,37,Home,0,6,9,0,outdoors,grass,SFO01,Levi's Stadium
2022_16_DEN_LA,2022,REG,16,2022-12-25,Sunday,16:30,DEN,14,LA,51,Home,0,7,6,0,dome,matrixturf,LAX01,SoFi Stadium
2022_16_GB_MIA,2022,REG,16,2022-12-25,Sunday,13:00,GB,26,MIA,20,Home,0,6,8,0,outdoors,grass,MIA00,Hard Rock Stadium
2022_16_TB_ARI,2022,REG,16,2022-12-25,Sunday,20:20,TB,19,ARI,16,Home,1,7,7,0,open,grass,PHO00,State Farm Stadium
2022_16_LAC_IND,2022,REG,16,2022-12-26,Monday,20:15,LAC,20,IND,3,Home,0,8,9,0,closed,fieldturf,IND00,Lucas Oil Stadium
2022_17_DAL_TEN,2022,REG,17,2022-12-29,Thursday,20:15,DAL,27,TEN,13,Home,0,5,5,0,outdoors,grass,NAS00,Nissan Stadium
2022_17_ARI_ATL,2022,REG,17,2023-01-01,Sunday,13:00,ARI,19,ATL,20,Home,0,7,8,0,closed,fieldturf,ATL97,Mercedes-Benz Stadium
2022_17_CAR_TB,2022,REG,17,2023-01-01,Sunday,13:00,CAR,24,TB,30,Home,0,8,7,1,outdoors,grass,TAM00,Raymond James Stadium
2022_17_CHI_DET,2022,REG,17,2023-01-01,Sunday,13:00,CHI,10,DET,41,Home,0,8,8,1,dome,fieldturf,DET00,Ford Field
2022_17_CLE_WAS,2022,REG,17,2023-01-01,Sunday,13:00,CLE,24,WAS,10,Home,0,8,8,0,outdoors,grass,WAS00,FedExField
2022_17_DEN_KC,2022,REG,17,2023-01-01,Sunday,13:00,DEN,24,KC,27,Home,0,7,8,1,outdoors,grass,KAN00,GEHA Field at Arrowhead Stadium
2022_17_IND_NYG,2022,REG,17,2023-01-01,Sunday,13:00,IND,10,NYG,38,Home,0,6,8,0,outdoors,fieldturf,NYC01,MetLife Stadium
2022_17_JAX_HOU,2022,REG,17,2023-01-01,Sunday,13:00,JAX,31,HOU,3,Home,0,10,8,1,closed,astroturf,HOU00,NRG Stadium
2022_17_LA_LAC,2022,REG,17,2023-01-01,Sunday,16:25,LA,10,LAC,31,Home,0,7,6,0,dome,matrixturf,LAX01,SoFi Stadium
2022_17_MIA_NE,2022,REG,17,2023-01-01,Sunday,13:00,MIA,21,NE,23,Home,0,7,8,1,outdoors,fieldturf,BOS00,Gillette Stadium
2022_17_MIN_GB,2022,REG,17,2023-01-01,Sunday,16:25,MIN,17,GB,41,Home,0,8,7,1,outdoors,grass,GNB00,Lambeau Field
2022_17_NO_PHI,2022,REG,17,2023-01-01,Sunday,13:00,NO,20,PHI,10,Home,0,8,8,0,outdoors,grass,PHI00,Lincoln Financial Field
2022_17_NYJ_SEA,2022,REG,17,2023-01-01,Sunday,16:05,NYJ,6,SEA,23,Home,0,10,8,0,outdoors,fieldturf,SEA00,Lumen Field
2022_17_PIT_BAL,2022,REG,17,2023-01-01,Sunday,20:20,PIT,16,BAL,13,Home,0,8,8,1,outdoors,grass,BAL00,M&T Bank Stadium
2022_17_SF_LV,2022,REG,17,2023-01-01,Sunday,16:05,SF,37,LV,34,Home,1,8,8,0,dome,grass,VEG00,Allegiant Stadium
2022_18_KC_LV,2022,REG,18,2023-01-07,Saturday,16:30,KC,31,LV,13,Home,0,6,6,1,dome,grass,VEG00,Allegiant Stadium
2022_18_TEN_JAX,2022,REG,18,2023-01-07,Saturday,20:15,TEN,16,JAX,20,Home,0,9,6,1,outdoors,grass,JAX00,TIAA Bank Stadium
2022_18_ARI_SF,2022,REG,18,2023-01-08,Sunday,16:25,ARI,13,SF,38,Home,0,7,7,1,outdoors,grass,SFO01,Levi's Stadium
2022_18_BAL_CIN,2022,REG,18,2023-01-08,Sunday,13:00,BAL,16,CIN,27,Home,0,7,6,1,outdoors,fieldturf,CIN00,Paycor Stadium
2022_18_CAR_NO,2022,REG,18,2023-01-08,Sunday,13:00,CAR,10,NO,7,Home,0,7,7,1,dome,sportturf,NOR00,Mercedes-Benz Superdome
2022_18_CLE_PIT,2022,REG,18,2023-01-08,Sunday,13:00,CLE,14,PIT,28,Home,0,7,7,1,outdoors,grass,PIT00,Acrisure Stadium
2022_18_DAL_WAS,2022,REG,18,2023-01-08,Sunday,16:25,DAL,6,WAS,26,Home,0,10,7,1,outdoors,grass,WAS00,FedExField
2022_18_DET_GB,2022,REG,18,2023-01-08,Sunday,20:20,DET,20,GB,16,Home,0,7,7,1,outdoors,grass,GNB00,Lambeau Field
2022_18_HOU_IND,2022,REG,18,2023-01-08,Sunday,13:00,HOU,32,IND,31,Home,0,7,7,1,closed,fieldturf,IND00,Lucas Oil Stadium
2022_18_LAC_DEN,2022,REG,18,2023-01-08,Sunday,16:25,LAC,28,DEN,31,Home,0,7,7,1,outdoors,grass,DEN00,Empower Field at Mile High
2022_18_LA_SEA,2022,REG,18,2023-01-08,Sunday,16:25,LA,16,SEA,19,Home,1,7,7,1,outdoors,fieldturf,SEA00,Lumen Field
2022_18_MIN_CHI,2022,REG,18,2023-01-08,Sunday,13:00,MIN,29,CHI,13,Home,0,7,7,1,outdoors,grass,CHI98,Soldier Field
2022_18_NE_BUF,2022,REG,18,2023-01-08,Sunday,13:00,NE,23,BUF,35,Home,0,7,6,1,outdoors,a_turf,BUF00,New Era Field
2022_18_NYG_PHI,2022,REG,18,2023-01-08,Sunday,16:25,NYG,16,PHI,22,Home,0,7,7,1,outdoors,grass,PHI00,Lincoln Financial Field
2022_18_NYJ_MIA,2022,REG,18,2023-01-08,Sunday,13:00,NYJ,6,MIA,11,Home,0,7,7,1,outdoors,grass,MIA00,Hard Rock Stadium
2022_18_TB_ATL,2022,REG,18,2023-01-08,Sunday,13:00,TB,17,ATL,30,Home,0,7,7,1,closed,fieldturf,ATL97,Mercedes-Benz Stadium
2022_22_KC_PHI,2022,SB,22,2023-02-12,Sunday,18:30,KC,38,PHI,35,Neutral,0,14,14,0,closed,grass,PHO00,State Farm Stadium
2023_01_DET_KC,2023,REG,1,2023-09-07,Thursday,20:20,DET,21,KC,20,Home,0,7,7,0,outdoors,,KAN00,GEHA Field at Arrowhead Stadium
2023_01_ARI_WAS,2023,REG,1,2023-09-10,Sunday,13:00,ARI,16,WAS,20,Home,0,7,7,0,outdoors,,WAS00,FedExField
2023_01_CAR_ATL,2023,REG,1,2023-09-10,Sunday,13:00,CAR,10,ATL,24,Home,0,7,7,1,closed,,ATL97,Mercedes-Benz Stadium
2023_01_CIN_CLE,2023,REG,1,2023-09-10,Sunday,13:00,CIN,3,CLE,24,Home,0,7,7,1,outdoors,,CLE00,FirstEnergy Stadium
2023_01_DAL_NYG,2023,REG,1,2023-09-10,Sunday,20:20,DAL,40,NYG,0,Home,0,7,7,1,outdoors,,NYC01,MetLife Stadium
2023_01_GB_CHI,2023,REG,1,2023-09-10,Sunday,16:25,GB,38,CHI,20,Home,0,7,7,1,outdoors,,CHI98,Soldier Field
2023_01_HOU_BAL,2023,REG,1,2023-09-10,Sunday,13:00,HOU,9,BAL,25,Home,0,7,7,0,outdoors,,BAL00,M&T Bank Stadium
2023_01_JAX_IND,2023,REG,1,2023-09-10,Sunday,13:00,JAX,31,IND,21,Home,0,7,7,1,closed,,IND00,Lucas Oil Stadium
2023_01_LA_SEA,2023,REG,1,2023-09-10,Sunday,16:25,LA,30,SEA,13,Home,0,7,7,1,outdoors,,SEA00,Lumen Field
2023_01_LV_DEN,2023,REG,1,2023-09-10,Sunday,16:25,LV,17,DEN,16,Home,0,7,7,1,outdoors,,DEN00,Empower Field at Mile High
2023_01_MIA_LAC,2023,REG,1,2023-09-10,Sunday,16:25,MIA,36,LAC,34,Home,0,7,7,0,dome,,LAX01,SoFi Stadium
2023_01_PHI_NE,2023,REG,1,2023-09-10,Sunday,16:25,PHI,25,NE,20,Home,0,7,7,0,outdoors,,BOS00,Gillette Stadium
2023_01_SF_PIT,2023,REG,1,2023-09-10,Sunday,13:00,SF,30,PIT,7,Home,0,7,7,0,outdoors,,PIT00,Acrisure Stadium
2023_01_TB_MIN,2023,REG,1,2023-09-10,Sunday,13:00,TB,20,MIN,17,Home,0,7,7,0,dome,,MIN01,U.S. Bank Stadium
2023_01_TEN_NO,2023,REG,1,2023-09-10,Sunday,13:00,TEN,15,NO,16,Home,0,7,7,0,dome,,NOR00,Mercedes-Benz Superdome
2023_01_BUF_NYJ,2023,REG,1,2023-09-11,Monday,20:15,BUF,16,NYJ,22,Home,1,7,7,1,outdoors,,NYC01,MetLife Stadium
2023_02_MIN_PHI,2023,REG,2,2023-09-14,Thursday,20:15,MIN,28,PHI,34,Home,0,4,4,0,outdoors,,PHI00,Lincoln Financial Field
2023_02_BAL_CIN,2023,REG,2,2023-09-17,Sunday,13:00,BAL,27,CIN,24,Home,0,7,7,1,outdoors,,CIN00,Paycor Stadium
2023_02_CHI_TB,2023,REG,2,2023-09-17,Sunday,13:00,CHI,17,TB,27,Home,0,7,7,0,outdoors,,TAM00,Raymond James Stadium
2023_02_GB_ATL,2023,REG,2,2023-09-17,Sunday,13:00,GB,24,ATL,25,Home,0,7,7,0,open,,ATL97,Mercedes-Benz Stadium
2023_02_IND_HOU,2023,REG,2,2023-09-17,Sunday,13:00,IND,31,HOU,20,Home,0,7,7,1,open,,HOU00,NRG Stadium
2023_02_KC_JAX,2023,REG,2,2023-09-17,Sunday,13:00,KC,17,JAX,9,Home,0,10,7,0,outdoors,,JAX00,TIAA Bank Stadium
2023_02_LAC_TEN,2023,REG,2,2023-09-17,Sunday,13:00,LAC,24,TEN,27,Home,1,7,7,0,outdoors,,NAS00,Nissan Stadium
2023_02_LV_BUF,2023,REG,2,2023-09-17,Sunday,13:00,LV,10,BUF,38,Home,0,7,6,0,outdoors,,BUF00,New Era Field
2023_02_MIA_NE,2023,REG,2,2023-09-17,Sunday,20:20,MIA,24,NE,17,Home,0,7,7,1,outdoors,,BOS00,Gillette Stadium
2023_02_NYG_ARI,2023,REG,2,2023-09-17,Sunday,16:05,NYG,31,ARI,28,Home,0,7,7,0,closed,,PHO00,State Farm Stadium
2023_02_NYJ_DAL,2023,REG,2,2023-09-17,Sunday,16:25,NYJ,10,DAL,30,Home,0,6,7,0,open,,DAL00,AT&T Stadium
2023_02_SEA_DET,2023,REG,2,2023-09-17,Sunday,13:00,SEA,37,DET,31,Home,1,7,10,0,dome,,DET00,Ford Field
2023_02_SF_LA,2023,REG,2,2023-09-17,Sunday,16:05,SF,30,LA,23,Home,0,7,7,1,dome,,LAX01,SoFi Stadium
2023_02_WAS_DEN,2023,REG,2,2023-09-17,Sunday,16:25,WAS,35,DEN,33,Home,0,7,7,0,outdoors,,DEN00,Empower Field at Mile High
2023_02_CLE_PIT,2023,REG,2,2023-09-18,Monday,20:15,CLE,22,PIT,26,Home,0,8,8,1,outdoors,,PIT00,Acrisure Stadium
2023_02_NO_CAR,2023,REG,2,2023-09-18,Monday,19:15,NO,20,CAR,17,Home,0,8,8,1,outdoors,,CAR00,Bank of America Stadium
2023_03_NYG_SF,2023,REG,3,2023-09-21,Thursday,20:15,NYG,12,SF,30,Home,0,4,4,0,outdoors,grass,SFO01,Levi's Stadium
2023_03_ATL_DET,2023,REG,3,2023-09-24,Sunday,13:00,ATL,6,DET,20,Home,0,7,7,0,dome,fieldturf,DET00,Ford Field
2023_03_BUF_WAS,2023,REG,3,2023-09-24,Sunday,13:00,BUF,37,WAS,3,Home,0,7,7,0,outdoors,grass,WAS00,FedExField
2023_03_CAR_SEA,2023,REG,3,2023-09-24,Sunday,16:05,CAR,27,SEA,37,Home,0,6,7,0,outdoors,fieldturf,SEA00,Lumen Field
2023_03_CHI_KC,2023,REG,3,2023-09-24,Sunday,16:25,CHI,10,KC,41,Home,0,7,7,0,outdoors,grass,KAN00,GEHA Field at Arrowhead Stadium
2023_03_DAL_ARI,2023,REG,3,2023-09-24,Sunday,16:25,DAL,16,ARI,28,Home,0,7,7,0,open,grass,PHO00,State Farm Stadium
2023_03_DEN_MIA,2023,REG,3,2023-09-24,Sunday,13:00,DEN,20,MIA,70,Home,0,7,7,0,outdoors,grass,MIA00,Hard Rock Stadium
2023_03_HOU_JAX,2023,REG,3,2023-09-24,Sunday,13:00,HOU,37,JAX,17,Home,0,7,7,1,outdoors,grass,JAX00,TIAA Bank Stadium
2023_03_IND_BAL,2023,REG,3,2023-09-24,Sunday,13:00,IND,22,BAL,19,Home,1,7,7,0,outdoors,grass,BAL00,M&T Bank Stadium
2023_03_LAC_MIN,2023,REG,3,2023-09-24,Sunday,13:00,LAC,28,MIN,24,Home,0,7,10,0,dome,sportturf,MIN01,U.S. Bank Stadium
2023_03_NE_NYJ,2023,REG,3,2023-09-24,Sunday,13:00,NE,15,NYJ,10,Home,0,7,7,1,outdoors,fieldturf,NYC01,MetLife Stadium
2023_03_NO_GB,2023,REG,3,2023-09-24,Sunday,13:00,NO,17,GB,18,Home,0,6,7,0,outdoors,grass,GNB00,Lambeau Field
2023_03_PIT_LV,2023,REG,3,2023-09-24,Sunday,20:20,PIT,23,LV,18,Home,0,6,7,0,dome,grass,VEG00,Allegiant Stadium
2023_03_TEN_CLE,2023,REG,3,2023-09-24,Sunday,13:00,TEN,3,CLE,27,Home,0,7,6,0,outdoors,grass,CLE00,FirstEnergy Stadium
2023_03_LA_CIN,2023,REG,3,2023-09-25,Monday,20:15,LA,16,CIN,19,Home,0,8,8,0,outdoors,fieldturf,CIN00,Paycor Stadium
2023_03_PHI_TB,2023,REG,3,2023-09-25,Monday,19:15,PHI,25,TB,11,Home,0,11,8,0,outdoors,grass,TAM00,Raymond James Stadium
2023_04_DET_GB,2023,REG,4,2023-09-28,Thursday,20:15,DET,34,GB,20,Home,0,4,4,1,outdoors,grass,GNB00,Lambeau Field
2023_04_ARI_SF,2023,REG,4,2023-10-01,Sunday,16:25,ARI,16,SF,35,Home,0,7,10,1,outdoors,grass,SFO01,Levi's Stadium
2023_04_ATL_JAX,2023,REG,4,2023-10-01,Sunday,09:30,ATL,7,JAX,23,Neutral,0,7,7,0,outdoors,,LON00,Wembley Stadium
2023_04_BAL_CLE,2023,REG,4,2023-10-01,Sunday,13:00,BAL,28,CLE,3,Home,0,7,7,1,outdoors,grass,CLE00,FirstEnergy Stadium
2023_04_CIN_TEN,2023,REG,4,2023-10-01,Sunday,13:00,CIN,3,TEN,27,Home,0,6,7,0,outdoors,grass,NAS00,Nissan Stadium
2023_04_DEN_CHI,2023,REG,4,2023-10-01,Sunday,13:00,DEN,31,CHI,28,Home,0,7,7,0,outdoors,grass,CHI98,Soldier Field
2023_04_KC_NYJ,2023,REG,4,2023-10-01,Sunday,20:20,KC,23,NYJ,20,Home,0,7,7,0,outdoors,fieldturf,NYC01,MetLife Stadium
2023_04_LA_IND,2023,REG,4,2023-10-01,Sunday,13:00,LA,29,IND,23,Home,1,6,7,0,open,fieldturf,IND00,Lucas Oil Stadium
2023_04_LV_LAC,2023,REG,4,2023-10-01,Sunday,16:05,LV,17,LAC,24,Home,0,7,7,1,dome,matrixturf,LAX01,SoFi Stadium
2023_04_MIA_BUF,2023,REG,4,2023-10-01,Sunday,13:00,MIA,20,BUF,48,Home,0,7,7,1,outdoors,a_turf,BUF00,New Era Field
2023_04_MIN_CAR,2023,REG,4,2023-10-01,Sunday,13:00,MIN,21,CAR,13,Home,0,7,7,0,outdoors,grass,CAR00,Bank of America Stadium
2023_04_NE_DAL,2023,REG,4,2023-10-01,Sunday,16:25,NE,3,DAL,38,Home,0,7,7,0,closed,matrixturf,DAL00,AT&T Stadium
2023_04_PIT_HOU,2023,REG,4,2023-10-01,Sunday,13:00,PIT,6,HOU,30,Home,0,7,7,0,open,astroturf,HOU00,NRG Stadium
2023_04_TB_NO,2023,REG,4,2023-10-01,Sunday,13:00,TB,26,NO,9,Home,0,6,7,1,dome,sportturf,NOR00,Mercedes-Benz Superdome
2023_04_WAS_PHI,2023,REG,4,2023-10-01,Sunday,13:00,WAS,31,PHI,34,Home,1,7,6,1,outdoors,grass,PHI00,Lincoln Financial Field
2023_04_SEA_NYG,2023,REG,4,2023-10-02,Monday,20:15,SEA,24,NYG,3,Home,0,8,11,0,outdoors,fieldturf,NYC01,MetLife Stadium
2023_05_CHI_WAS,2023,REG,5,2023-10-05,Thursday,20:15,CHI,40,WAS,20,Home,0,4,4,0,outdoors,grass,WAS00,FedExField
2023_05_BAL_PIT,2023,REG,5,2023-10-08,Sunday,13:00,BAL,10,PIT,17,Home,0,7,7,1,outdoors,grass,PIT00,Acrisure Stadium
2023_05_CAR_DET,2023,REG,5,2023-10-08,Sunday,13:00,CAR,24,DET,42,Home,0,7,10,0,dome,fieldturf,DET00,Ford Field
2023_05_CIN_ARI,2023,REG,5,2023-10-08,Sunday,16:05,CIN,34,ARI,20,Home,0,7,7,0,closed,grass,PHO00,State Farm Stadium
2023_05_DAL_SF,2023,REG,5,2023-10-08,Sunday,20:20,DAL,10,SF,42,Home,0,7,7,0,outdoors,grass,SFO01,Levi's Stadium
2023_05_HOU_ATL,2023,REG,5,2023-10-08,Sunday,13:00,HOU,19,ATL,21,Home,0,7,7,0,open,fieldturf,ATL97,Mercedes-Benz Stadium
2023_05_JAX_BUF,2023,REG,5,2023-10-08,Sunday,09:30,JAX,25,BUF,20,Neutral,0,7,7,0,outdoors,,LON02,Tottenham Stadium
2023_05_KC_MIN,2023,REG,5,2023-10-08,Sunday,16:25,KC,27,MIN,20,Home,0,7,7,0,dome,sportturf,MIN01,U.S. Bank Stadium
2023_05_NO_NE,2023,REG,5,2023-10-08,Sunday,13:00,NO,34,NE,0,Home,0,7,7,0,outdoors,fieldturf,BOS00,Gillette Stadium
2023_05_NYG_MIA,2023,REG,5,2023-10-08,Sunday,13:00,NYG,16,MIA,31,Home,0,6,7,0,outdoors,grass,MIA00,Hard Rock Stadium
2023_05_NYJ_DEN,2023,REG,5,2023-10-08,Sunday,16:25,NYJ,31,DEN,21,Home,0,7,7,0,outdoors,grass,DEN00,Empower Field at Mile High
2023_05_PHI_LA,2023,REG,5,2023-10-08,Sunday,16:05,PHI,23,LA,14,Home,0,7,7,0,dome,matrixturf,LAX01,SoFi Stadium
2023_05_TEN_IND,2023,REG,5,2023-10-08,Sunday,13:00,TEN,16,IND,23,Home,0,7,7,1,open,fieldturf,IND00,Lucas Oil Stadium
2023_05_GB_LV,2023,REG,5,2023-10-09,Monday,20:15,GB,13,LV,17,Home,0,11,8,0,dome,grass,VEG00,Allegiant Stadium
2023_06_DEN_KC,2023,REG,6,2023-10-12,Thursday,20:15,DEN,8,KC,19,Home,0,4,4,1,outdoors,grass,KAN00,GEHA Field at Arrowhead Stadium
2023_06_ARI_LA,2023,REG,6,2023-10-15,Sunday,16:25,ARI,9,LA,26,Home,0,7,7,1,dome,matrixturf,LAX01,SoFi Stadium
2023_06_BAL_TEN,2023,REG,6,2023-10-15,Sunday,09:30,BAL,24,TEN,16,Neutral,0,7,7,0,outdoors,,LON02,Tottenham Stadium
2023_06_CAR_MIA,2023,REG,6,2023-10-15,Sunday,13:00,CAR,21,MIA,42,Home,0,7,7,0,outdoors,grass,MIA00,Hard Rock Stadium
2023_06_DET_TB,2023,REG,6,2023-10-15,Sunday,16:25,DET,20,TB,6,Home,0,7,14,0,outdoors,grass,TAM00,Raymond James Stadium
2023_06_IND_JAX,2023,REG,6,2023-10-15,Sunday,13:00,IND,20,JAX,37,Home,0,7,7,1,outdoors,grass,JAX00,TIAA Bank Stadium
2023_06_MIN_CHI,2023,REG,6,2023-10-15,Sunday,13:00,MIN,19,CHI,13,Home,0,7,10,1,outdoors,grass,CHI98,Soldier Field
2023_06_NE_LV,2023,REG,6,2023-10-15,Sunday,16:05,NE,17,LV,21,Home,0,7,6,0,dome,grass,VEG00,Allegiant Stadium
2023_06_NO_HOU,2023,REG,6,2023-10-15,Sunday,13:00,NO,13,HOU,20,Home,0,7,7,0,closed,astroturf,HOU00,NRG Stadium
2023_06_NYG_BUF,2023,REG,6,2023-10-15,Sunday,20:20,NYG,9,BUF,14,Home,0,7,7,0,outdoors,a_turf,BUF00,New Era Field
2023_06_PHI_NYJ,2023,REG,6,2023-10-15,Sunday,16:25,PHI,14,NYJ,20,Home,0,7,7,0,outdoors,fieldturf,NYC01,MetLife Stadium
2023_06_SEA_CIN,2023,REG,6,2023-10-15,Sunday,13:00,SEA,13,CIN,17,Home,0,13,7,0,outdoors,fieldturf,CIN00,Paycor Stadium
2023_06_SF_CLE,2023,REG,6,2023-10-15,Sunday,13:00,SF,17,CLE,19,Home,0,7,14,0,outdoors,grass,CLE00,FirstEnergy Stadium
2023_06_WAS_ATL,2023,REG,6,2023-10-15,Sunday,13:00,WAS,24,ATL,16,Home,0,10,7,0,closed,fieldturf,ATL97,Mercedes-Benz Stadium
2023_06_DAL_LAC,2023,REG,6,2023-10-16,Monday,20:15,DAL,20,LAC,17,Home,0,8,15,0,dome,matrixturf,LAX01,SoFi Stadium
2023_07_JAX_NO,2023,REG,7,2023-10-19,Thursday,20:15,JAX,31,NO,24,Home,0,4,4,0,dome,sportturf,NOR00,Mercedes-Benz Superdome
2023_07_ARI_SEA,2023,REG,7,2023-10-22,Sunday,16:05,ARI,10,SEA,20,Home,0,7,7,1,outdoors,fieldturf,SEA00,Lumen Field
2023_07_ATL_TB,2023,REG,7,2023-10-22,Sunday,13:00,ATL,16,TB,13,Home,0,7,7,1,outdoors,grass,TAM00,Raymond James Stadium
2023_07_BUF_NE,2023,REG,7,2023-10-22,Sunday,13:00,BUF,25,NE,29,Home,0,7,7,1,outdoors,fieldturf,BOS00,Gillette Stadium
2023_07_CLE_IND,2023,REG,7,2023-10-22,Sunday,13:00,CLE,39,IND,38,Home,0,7,7,0,open,fieldturf,IND00,Lucas Oil Stadium
2023_07_DET_BAL,2023,REG,7,2023-10-22,Sunday,13:00,DET,6,BAL,38,Home,0,7,7,0,outdoors,grass,BAL00,M&T Bank Stadium
2023_07_GB_DEN,2023,REG,7,2023-10-22,Sunday,16:25,GB,17,DEN,19,Home,0,13,10,0,outdoors,grass,DEN00,Empower Field at Mile High
2023_07_LAC_KC,2023,REG,7,2023-10-22,Sunday,16:25,LAC,17,KC,31,Home,0,6,10,1,outdoors,grass,KAN00,GEHA Field at Arrowhead Stadium
2023_07_LV_CHI,2023,REG,7,2023-10-22,Sunday,13:00,LV,12,CHI,30,Home,0,7,7,0,outdoors,grass,CHI98,Soldier Field
2023_07_MIA_PHI,2023,REG,7,2023-10-22,Sunday,20:20,MIA,17,PHI,31,Home,0,7,7,0,outdoors,grass,PHI00,Lincoln Financial Field
2023_07_PIT_LA,2023,REG,7,2023-10-22,Sunday,16:05,PIT,24,LA,17,Home,0,14,7,0,dome,matrixturf,LAX01,SoFi Stadium
2023_07_WAS_NYG,2023,REG,7,2023-10-22,Sunday,13:00,WAS,7,NYG,14,Home,0,7,7,1,outdoors,fieldturf,NYC01,MetLife Stadium
2023_07_SF_MIN,2023,REG,7,2023-10-23,Monday,20:15,SF,17,MIN,22,Home,0,8,8,0,dome,sportturf,MIN01,U.S. Bank Stadium
2023_08_TB_BUF,2023,REG,8,2023-10-26,Thursday,20:15,TB,18,BUF,24,Home,0,4,4,0,outdoors,a_turf,BUF00,New Era Field
2023_08_ATL_TEN,2023,REG,8,2023-10-29,Sunday,13:00,ATL,23,TEN,28,Home,0,7,14,0,outdoors,grass,NAS00,Nissan Stadium
2023_08_BAL_ARI,2023,REG,8,2023-10-29,Sunday,16:25,BAL,31,ARI,24,Home,0,7,7,0,closed,grass,PHO00,State Farm Stadium
2023_08_CHI_LAC,2023,REG,8,2023-10-29,Sunday,20:20,CHI,13,LAC,30,Home,0,7,7,0,dome,matrixturf,LAX01,SoFi Stadium
2023_08_CIN_SF,2023,REG,8,2023-10-29,Sunday,16:25,CIN,31,SF,17,Home,0,14,6,0,outdoors,grass,SFO01,Levi's Stadium
2023_08_CLE_SEA,2023,REG,8,2023-10-29,Sunday,16:05,CLE,20,SEA,24,Home,0,7,7,0,outdoors,fieldturf,SEA00,Lumen Field
2023_08_HOU_CAR,2023,REG,8,2023-10-29,Sunday,13:00,HOU,13,CAR,15,Home,0,14,14,0,outdoors,grass,CAR00,Bank of America Stadium
2023_08_JAX_PIT,2023,REG,8,2023-10-29,Sunday,13:00,JAX,20,PIT,10,Home,0,10,7,0,outdoors,grass,PIT00,Acrisure Stadium
2023_08_KC_DEN,2023,REG,8,2023-10-29,Sunday,16:25,KC,9,DEN,24,Home,0,7,7,1,outdoors,grass,DEN00,Empower Field at Mile High
2023_08_LA_DAL,2023,REG,8,2023-10-29,Sunday,13:00,LA,20,DAL,43,Home,0,7,13,0,closed,matrixturf,DAL00,AT&T Stadium
2023_08_MIN_GB,2023,REG,8,2023-10-29,Sunday,13:00,MIN,24,GB,10,Home,0,6,7,1,outdoors,grass,GNB00,Lambeau Field
2023_08_NE_MIA,2023,REG,8,2023-10-29,Sunday,13:00,NE,17,MIA,31,Home,0,7,7,1,outdoors,grass,MIA00,Hard Rock Stadium
2023_08_NO_IND,2023,REG,8,2023-10-29,Sunday,13:00,NO,38,IND,27,Home,0,10,7,0,closed,fieldturf,IND00,Lucas Oil Stadium
2023_08_NYJ_NYG,2023,REG,8,2023-10-29,Sunday,13:00,NYJ,13,NYG,10,Home,1,14,7,0,outdoors,fieldturf,NYC01,MetLife Stadium
2023_08_PHI_WAS,2023,REG,8,2023-10-29,Sunday,13:00,PHI,38,WAS,31,Home,0,7,7,1,outdoors,grass,WAS00,FedExField
2023_08_LV_DET,2023,REG,8,2023-10-30,Monday,20:15,LV,14,DET,26,Home,0,8,8,0,dome,fieldturf,DET00,Ford Field
2023_09_TEN_PIT,2023,REG,9,2023-11-02,Thursday,20:15,TEN,16,PIT,20,Home,0,4,4,0,outdoors,grass,PIT00,Acrisure Stadium
2023_09_ARI_CLE,2023,REG,9,2023-11-05,Sunday,13:00,ARI,0,CLE,27,Home,0,7,7,0,outdoors,grass,CLE00,FirstEnergy Stadium
2023_09_BUF_CIN,2023,REG,9,2023-11-05,Sunday,20:20,BUF,18,CIN,24,Home,0,10,7,0,outdoors,fieldturf,CIN00,Paycor Stadium
2023_09_CHI_NO,2023,REG,9,2023-11-05,Sunday,13:00,CHI,17,NO,24,Home,0,7,7,0,dome,sportturf,NOR00,Mercedes-Benz Superdome
2023_09_DAL_PHI,2023,REG,9,2023-11-05,Sunday,16:25,DAL,23,PHI,28,Home,0,7,7,1,outdoors,grass,PHI00,Lincoln Financial Field
2023_09_IND_CAR,2023,REG,9,2023-11-05,Sunday,16:05,IND,27,CAR,13,Home,0,7,7,0,outdoors,grass,CAR00,Bank of America Stadium
2023_09_LA_GB,2023,REG,9,2023-11-05,Sunday,13:00,LA,3,GB,20,Home,0,7,7,0,outdoors,grass,GNB00,Lambeau Field
2023_09_MIA_KC,2023,REG,9,2023-11-05,Sunday,09:30,MIA,14,KC,21,Neutral,0,7,7,0,outdoors,grass,FRA00,Deutsche Bank Park
2023_09_MIN_ATL,2023,REG,9,2023-11-05,Sunday,13:00,MIN,31,ATL,28,Home,0,7,7,0,open,fieldturf,ATL97,Mercedes-Benz Stadium
2023_09_NYG_LV,2023,REG,9,2023-11-05,Sunday,16:25,NYG,6,LV,30,Home,0,7,6,0,dome,grass,VEG00,Allegiant Stadium
2023_09_SEA_BAL,2023,REG,9,2023-11-05,Sunday,13:00,SEA,3,BAL,37,Home,0,7,7,0,outdoors,grass,BAL00,M&T Bank Stadium
2023_09_TB_HOU,2023,REG,9,2023-11-05,Sunday,13:00,TB,37,HOU,39,Home,0,10,7,0,closed,astroturf,HOU00,NRG Stadium
2023_09_WAS_NE,2023,REG,9,2023-11-05,Sunday,13:00,WAS,20,NE,17,Home,0,7,7,0,outdoors,fieldturf,BOS00,Gillette Stadium
2023_09_LAC_NYJ,2023,REG,9,2023-11-06,Monday,20:15,LAC,27,NYJ,6,Home,0,8,8,0,outdoors,fieldturf,NYC01,MetLife Stadium
2023_10_CAR_CHI,2023,REG,10,2023-11-09,Thursday,20:15,CAR,13,CHI,16,Home,0,4,4,0,outdoors,grass,CHI98,Soldier Field
2023_10_ATL_ARI,2023,REG,10,2023-11-12,Sunday,16:05,ATL,23,ARI,25,Home,0,7,7,0,closed,grass,PHO00,State Farm Stadium
2023_10_CLE_BAL,2023,REG,10,2023-11-12,Sunday,13:00,CLE,33,BAL,31,Home,0,7,7,1,outdoors,grass,BAL00,M&T Bank Stadium
2023_10_DET_LAC,2023,REG,10,2023-11-12,Sunday,16:05,DET,41,LAC,38,Home,0,13,6,0,dome,matrixturf,LAX01,SoFi Stadium
2023_10_GB_PIT,2023,REG,10,2023-11-12,Sunday,13:00,GB,19,PIT,23,Home,0,7,10,0,outdoors,grass,PIT00,Acrisure Stadium
2023_10_HOU_CIN,2023,REG,10,2023-11-12,Sunday,13:00,HOU,30,CIN,27,Home,0,7,7,0,outdoors,fieldturf,CIN00,Paycor Stadium
2023_10_IND_NE,2023,REG,10,2023-11-12,Sunday,09:30,IND,10,NE,6,Neutral,0,7,7,0,outdoors,grass,FRA00,Deutsche Bank Park
2023_10_NO_MIN,2023,REG,10,2023-11-12,Sunday,13:00,NO,19,MIN,27,Home,0,7,7,0,dome,sportturf,MIN01,U.S. Bank Stadium
2023_10_NYG_DAL,2023,REG,10,2023-11-12,Sunday,16:25,NYG,17,DAL,49,Home,0,7,7,1,closed,matrixturf,DAL00,AT&T Stadium
2023_10_NYJ_LV,2023,REG,10,2023-11-12,Sunday,20:20,NYJ,12,LV,16,Home,0,6,7,0,dome,grass,VEG00,Allegiant Stadium
2023_10_SF_JAX,2023,REG,10,2023-11-12,Sunday,13:00,SF,34,JAX,3,Home,0,14,14,0,outdoors,grass,JAX00,TIAA Bank Stadium
2023_10_TEN_TB,2023,REG,10,2023-11-12,Sunday,13:00,TEN,6,TB,20,Home,0,10,7,0,outdoors,grass,TAM00,Raymond James Stadium
2023_10_WAS_SEA,2023,REG,10,2023-11-12,Sunday,16:25,WAS,26,SEA,29,Home,0,7,7,0,outdoors,fieldturf,SEA00,Lumen Field
2023_10_DEN_BUF,2023,REG,10,2023-11-13,Monday,20:15,DEN,24,BUF,22,Home,0,15,8,0,outdoors,a_turf,BUF00,New Era Field
2023_11_CIN_BAL,2023,REG,11,2023-11-16,Thursday,20:15,CIN,20,BAL,34,Home,0,4,4,1,outdoors,grass,BAL00,M&T Bank Stadium
2023_11_ARI_HOU,2023,REG,11,2023-11-19,Sunday,13:00,ARI,16,HOU,21,Home,0,7,7,0,closed,astroturf,HOU00,NRG Stadium
2023_11_CHI_DET,2023,REG,11,2023-11-19,Sunday,13:00,CHI,26,DET,31,Home,0,10,7,1,dome,fieldturf,DET00,Ford Field
2023_11_DAL_CAR,2023,REG,11,2023-11-19,Sunday,13:00,DAL,33,CAR,10,Home,0,7,10,0,outdoors,grass,CAR00,Bank of America Stadium
2023_11_LAC_GB,2023,REG,11,2023-11-19,Sunday,13:00,LAC,20,GB,23,Home,0,7,7,0,outdoors,grass,GNB00,Lambeau Field
2023_11_LV_MIA,2023,REG,11,2023-11-19,Sunday,13:00,LV,13,MIA,20,Home,0,7,14,0,outdoors,grass,MIA00,Hard Rock Stadium
2023_11_MIN_DEN,2023,REG,11,2023-11-19,Sunday,20:20,MIN,20,DEN,21,Home,0,7,6,0,outdoors,grass,DEN00,Empower Field at Mile High
2023_11_NYG_WAS,2023,REG,11,2023-11-19,Sunday,13:00,NYG,31,WAS,19,Home,0,7,7,1,outdoors,grass,WAS00,FedExField
2023_11_NYJ_BUF,2023,REG,11,2023-11-19,Sunday,16:25,NYJ,6,BUF,32,Home,0,7,6,1,outdoors,a_turf,BUF00,New Era Field
2023_11_PIT_CLE,2023,REG,11,2023-11-19,Sunday,13:00,PIT,10,CLE,13,Home,0,7,7,1,outdoors,grass,CLE00,FirstEnergy Stadium
2023_11_SEA_LA,2023,REG,11,2023-11-19,Sunday,16:25,SEA,16,LA,17,Home,0,7,14,1,dome,matrixturf,LAX01,SoFi Stadium
2023_11_TB_SF,2023,REG,11,2023-11-19,Sunday,16:05,TB,14,SF,27,Home,0,7,7,0,outdoors,grass,SFO01,Levi's Stadium
2023_11_TEN_JAX,2023,REG,11,2023-11-19,Sunday,13:00,TEN,14,JAX,34,Home,0,7,7,1,outdoors,grass,JAX00,TIAA Bank Stadium
2023_11_PHI_KC,2023,REG,11,2023-11-20,Monday,20:15,PHI,21,KC,17,Home,0,15,15,0,outdoors,grass,KAN00,GEHA Field at Arrowhead Stadium
2023_12_GB_DET,2023,REG,12,2023-11-23,Thursday,12:30,GB,29,DET,22,Home,0,4,4,1,dome,fieldturf,DET00,Ford Field
2023_12_SF_SEA,2023,REG,12,2023-11-23,Thursday,20:20,SF,31,SEA,13,Home,0,4,4,1,outdoors,fieldturf,SEA00,Lumen Field
2023_12_WAS_DAL,2023,REG,12,2023-11-23,Thursday,16:30,WAS,10,DAL,45,Home,0,4,4,1,closed,matrixturf,DAL00,AT&T Stadium
2023_12_MIA_NYJ,2023,REG,12,2023-11-24,Friday,15:00,MIA,34,NYJ,13,Home,0,5,5,1,outdoors,fieldturf,NYC01,MetLife Stadium
2023_12_BAL_LAC,2023,REG,12,2023-11-26,Sunday,20:20,BAL,20,LAC,10,Home,0,10,7,0,dome,matrixturf,LAX01,SoFi Stadium
2023_12_BUF_PHI,2023,REG,12,2023-11-26,Sunday,16:25,BUF,34,PHI,37,Home,1,7,6,0,outdoors,grass,PHI00,Lincoln Financial Field
2023_12_CAR_TEN,2023,REG,12,2023-11-26,Sunday,13:00,CAR,10,TEN,17,Home,0,7,7,0,outdoors,grass,NAS00,Nissan Stadium
2023_12_CLE_DEN,2023,REG,12,2023-11-26,Sunday,16:05,CLE,12,DEN,29,Home,0,7,7,0,outdoors,grass,DEN00,Empower Field at Mile High
2023_12_JAX_HOU,2023,REG,12,2023-11-26,Sunday,13:00,JAX,24,HOU,21,Home,0,7,7,1,closed,astroturf,HOU00,NRG Stadium
2023_12_KC_LV,2023,REG,12,2023-11-26,Sunday,16:25,KC,31,LV,17,Home,0,6,7,1,dome,grass,VEG00,Allegiant Stadium
2023_12_LA_ARI,2023,REG,12,2023-11-26,Sunday,16:05,LA,37,ARI,14,Home,0,7,7,1,closed,grass,PHO00,State Farm Stadium
2023_12_NE_NYG,2023,REG,12,2023-11-26,Sunday,13:00,NE,7,NYG,10,Home,0,14,7,0,outdoors,fieldturf,NYC01,MetLife Stadium
2023_12_NO_ATL,2023,REG,12,2023-11-26,Sunday,13:00,NO,15,ATL,24,Home,0,14,14,1,closed,fieldturf,ATL97,Mercedes-Benz Stadium
2023_12_PIT_CIN,2023,REG,12,2023-11-26,Sunday,13:00,PIT,16,CIN,10,Home,0,7,10,1,outdoors,fieldturf,CIN00,Paycor Stadium
2023_12_TB_IND,2023,REG,12,2023-11-26,Sunday,13:00,TB,20,IND,27,Home,0,7,14,0,closed,fieldturf,IND00,Lucas Oil Stadium
2023_12_CHI_MIN,2023,REG,12,2023-11-27,Monday,20:15,CHI,12,MIN,10,Home,0,8,8,1,dome,sportturf,MIN01,U.S. Bank Stadium
2023_13_SEA_DAL,2023,REG,13,2023-11-30,Thursday,20:15,SEA,35,DAL,41,Home,0,7,7,0,closed,matrixturf,DAL00,AT&T Stadium
2023_13_ARI_PIT,2023,REG,13,2023-12-03,Sunday,13:00,ARI,24,PIT,10,Home,0,7,7,0,outdoors,grass,PIT00,Acrisure Stadium
2023_13_ATL_NYJ,2023,REG,13,2023-12-03,Sunday,13:00,ATL,13,NYJ,8,Home,0,7,9,0,outdoors,fieldturf,NYC01,MetLife Stadium
2023_13_CAR_TB,2023,REG,13,2023-12-03,Sunday,16:05,CAR,18,TB,21,Home,0,7,7,1,outdoors,grass,TAM00,Raymond James Stadium
2023_13_CLE_LA,2023,REG,13,2023-12-03,Sunday,16:25,CLE,19,LA,36,Home,0,7,7,0,dome,matrixturf,LAX01,SoFi Stadium
2023_13_DEN_HOU,2023,REG,13,2023-12-03,Sunday,13:00,DEN,17,HOU,22,Home,0,7,7,0,closed,astroturf,HOU00,NRG Stadium
2023_13_DET_NO,2023,REG,13,2023-12-03,Sunday,13:00,DET,33,NO,28,Home,0,10,7,0,dome,sportturf,NOR00,Mercedes-Benz Superdome
2023_13_IND_TEN,2023,REG,13,2023-12-03,Sunday,13:00,IND,31,TEN,28,Home,1,7,7,1,outdoors,grass,NAS00,Nissan Stadium
2023_13_KC_GB,2023,REG,13,2023-12-03,Sunday,20:20,KC,19,GB,27,Home,0,7,10,0,outdoors,grass,GNB00,Lambeau Field
2023_13_LAC_NE,2023,REG,13,2023-12-03,Sunday,13:00,LAC,6,NE,0,Home,0,7,7,0,outdoors,fieldturf,BOS00,Gillette Stadium
2023_13_MIA_WAS,2023,REG,13,2023-12-03,Sunday,13:00,MIA,45,WAS,15,Home,0,9,10,0,outdoors,grass,WAS00,FedExField
2023_13_SF_PHI,2023,REG,13,2023-12-03,Sunday,16:25,SF,42,PHI,19,Home,0,10,7,0,outdoors,grass,PHI00,Lincoln Financial Field
2023_13_CIN_JAX,2023,REG,13,2023-12-04,Monday,20:15,CIN,34,JAX,31,Home,1,8,8,0,outdoors,grass,JAX00,TIAA Bank Stadium
2023_14_NE_PIT,2023,REG,14,2023-12-07,Thursday,20:15,NE,21,PIT,18,Home,0,4,4,0,outdoors,grass,PIT00,Acrisure Stadium
2023_14_BUF_KC,2023,REG,14,2023-12-10,Sunday,16:25,BUF,20,KC,17,Home,0,14,7,0,outdoors,grass,KAN00,GEHA Field at Arrowhead Stadium
2023_14_CAR_NO,2023,REG,14,2023-12-10,Sunday,13:00,CAR,6,NO,28,Home,0,7,7,1,dome,sportturf,NOR00,Mercedes-Benz Superdome
2023_14_DEN_LAC,2023,REG,14,2023-12-10,Sunday,16:25,DEN,24,LAC,7,Home,0,7,7,1,dome,matrixturf,LAX01,SoFi Stadium
2023_14_DET_CHI,2023,REG,14,2023-12-10,Sunday,13:00,DET,13,CHI,28,Home,0,7,13,1,outdoors,grass,CHI98,Soldier Field
2023_14_HOU_NYJ,2023,REG,14,2023-12-10,Sunday,13:00,HOU,6,NYJ,30,Home,0,7,7,0,outdoors,fieldturf,NYC01,MetLife Stadium
2023_14_IND_CIN,2023,REG,14,2023-12-10,Sunday,13:00,IND,14,CIN,34,Home,0,7,6,0,outdoors,fieldturf,CIN00,Paycor Stadium
2023_14_JAX_CLE,2023,REG,14,2023-12-10,Sunday,13:00,JAX,27,CLE,31,Home,0,6,7,0,outdoors,grass,CLE00,FirstEnergy Stadium
2023_14_LA_BAL,2023,REG,14,2023-12-10,Sunday,13:00,LA,31,BAL,37,Home,1,7,14,0,outdoors,grass,BAL00,M&T Bank Stadium
2023_14_MIN_LV,2023,REG,14,2023-12-10,Sunday,16:05,MIN,3,LV,0,Home,0,13,14,0,dome,grass,VEG00,Allegiant Stadium
2023_14_PHI_DAL,2023,REG,14,2023-12-10,Sunday,20:20,PHI,13,DAL,33,Home,0,7,10,1,closed,matrixturf,DAL00,AT&T Stadium
2023_14_SEA_SF,2023,REG,14,2023-12-10,Sunday,16:05,SEA,16,SF,28,Home,0,10,7,1,outdoors,grass,SFO01,Levi's Stadium
2023_14_TB_ATL,2023,REG,14,2023-12-10,Sunday,13:00,TB,29,ATL,25,Home,0,7,7,1,closed,fieldturf,ATL97,Mercedes-Benz Stadium
2023_14_GB_NYG,2023,REG,14,2023-12-11,Monday,20:15,GB,22,NYG,24,Home,0,8,15,0,outdoors,fieldturf,NYC01,MetLife Stadium
2023_14_TEN_MIA,2023,REG,14,2023-12-11,Monday,20:15,TEN,28,MIA,27,Home,0,8,8,0,outdoors,grass,MIA00,Hard Rock Stadium
2023_15_LAC_LV,2023,REG,15,2023-12-14,Thursday,20:15,LAC,21,LV,63,Home,0,4,4,1,dome,grass,VEG00,Allegiant Stadium
2023_15_DEN_DET,2023,REG,15,2023-12-16,Saturday,20:15,DEN,17,DET,42,Home,0,6,6,0,dome,fieldturf,DET00,Ford Field
2023_15_MIN_CIN,2023,REG,15,2023-12-16,Saturday,13:00,MIN,24,CIN,27,Home,1,6,6,0,outdoors,fieldturf,CIN00,Paycor Stadium
2023_15_PIT_IND,2023,REG,15,2023-12-16,Saturday,16:30,PIT,13,IND,30,Home,0,9,6,0,closed,fieldturf,IND00,Lucas Oil Stadium
2023_15_ATL_CAR,2023,REG,15,2023-12-17,Sunday,13:00,ATL,7,CAR,9,Home,0,7,7,1,outdoors,grass,CAR00,Bank of America Stadium
2023_15_BAL_JAX,2023,REG,15,2023-12-17,Sunday,20:20,BAL,23,JAX,7,Home,0,7,7,0,outdoors,grass,JAX00,TIAA Bank Stadium
2023_15_CHI_CLE,2023,REG,15,2023-12-17,Sunday,13:00,CHI,17,CLE,20,Home,0,7,7,0,outdoors,grass,CLE00,FirstEnergy Stadium
2023_15_DAL_BUF,2023,REG,15,2023-12-17,Sunday,16:25,DAL,10,BUF,31,Home,0,7,7,0,outdoors,a_turf,BUF00,New Era Field
2023_15_HOU_TEN,2023,REG,15,2023-12-17,Sunday,13:00,HOU,19,TEN,16,Home,1,7,6,1,outdoors,grass,NAS00,Nissan Stadium
2023_15_KC_NE,2023,REG,15,2023-12-17,Sunday,13:00,KC,27,NE,17,Home,0,7,10,0,outdoors,fieldturf,BOS00,Gillette Stadium
2023_15_NYG_NO,2023,REG,15,2023-12-17,Sunday,13:00,NYG,6,NO,24,Home,0,6,7,0,dome,sportturf,NOR00,Mercedes-Benz Superdome
2023_15_NYJ_MIA,2023,REG,15,2023-12-17,Sunday,13:00,NYJ,0,MIA,30,Home,0,7,6,1,outdoors,grass,MIA00,Hard Rock Stadium
2023_15_SF_ARI,2023,REG,15,2023-12-17,Sunday,16:05,SF,45,ARI,29,Home,0,7,14,1,open,grass,PHO00,State Farm Stadium
2023_15_TB_GB,2023,REG,15,2023-12-17,Sunday,13:00,TB,34,GB,20,Home,0,7,6,0,outdoors,grass,GNB00,Lambeau Field
2023_15_WAS_LA,2023,REG,15,2023-12-17,Sunday,16:05,WAS,20,LA,28,Home,0,14,7,0,dome,matrixturf,LAX01,SoFi Stadium
2023_15_PHI_SEA,2023,REG,15,2023-12-18,Monday,20:15,PHI,17,SEA,20,Home,0,8,8,0,outdoors,fieldturf,SEA00,Lumen Field
2023_16_NO_LA,2023,REG,16,2023-12-21,Thursday,20:15,NO,22,LA,30,Home,0,4,4,0,dome,matrixturf,LAX01,SoFi Stadium
2023_16_BUF_LAC,2023,REG,16,2023-12-23,Saturday,20:00,BUF,24,LAC,22,Home,0,6,9,0,dome,matrixturf,LAX01,SoFi Stadium
2023_16_CIN_PIT,2023,REG,16,2023-12-23,Saturday,16:30,CIN,11,PIT,34,Home,0,7,7,1,outdoors,grass,PIT00,Acrisure Stadium
2023_16_ARI_CHI,2023,REG,16,2023-12-24,Sunday,16:25,ARI,16,CHI,27,Home,0,7,7,0,outdoors,grass,CHI98,Soldier Field
2023_16_CLE_HOU,2023,REG,16,2023-12-24,Sunday,13:00,CLE,36,HOU,22,Home,0,7,7,0,closed,astroturf,HOU00,NRG Stadium
2023_16_DAL_MIA,2023,REG,16,2023-12-24,Sunday,16:25,DAL,20,MIA,22,Home,0,7,7,0,outdoors,grass,MIA00,Hard Rock Stadium
2023_16_DET_MIN,2023,REG,16,2023-12-24,Sunday,13:00,DET,30,MIN,24,Home,0,8,8,1,dome,sportturf,MIN01,U.S. Bank Stadium
2023_16_GB_CAR,2023,REG,16,2023-12-24,Sunday,13:00,GB,33,CAR,30,Home,0,7,7,0,outdoors,grass,CAR00,Bank of America Stadium
2023_16_IND_ATL,2023,REG,16,2023-12-24,Sunday,13:00,IND,10,ATL,29,Home,0,8,7,0,closed,fieldturf,ATL97,Mercedes-Benz Stadium
2023_16_JAX_TB,2023,REG,16,2023-12-24,Sunday,16:05,JAX,12,TB,30,Home,0,7,7,0,outdoors,grass,TAM00,Raymond James Stadium
2023_16_NE_DEN,2023,REG,16,2023-12-24,Sunday,20:15,NE,26,DEN,23,Home,0,7,8,0,outdoors,grass,DEN00,Empower Field at Mile High
2023_16_SEA_TEN,2023,REG,16,2023-12-24,Sunday,13:00,SEA,20,TEN,17,Home,0,6,7,0,outdoors,grass,NAS00,Nissan Stadium
2023_16_WAS_NYJ,2023,REG,16,2023-12-24,Sunday,13:00,WAS,28,NYJ,30,Home,0,7,7,0,outdoors,fieldturf,NYC01,MetLife Stadium
2023_16_BAL_SF,2023,REG,16,2023-12-25,Monday,20:15,BAL,33,SF,19,Home,0,8,8,0,outdoors,grass,SFO01,Levi's Stadium
2023_16_LV_KC,2023,REG,16,2023-12-25,Monday,13:00,LV,20,KC,14,Home,0,11,8,1,outdoors,grass,KAN00,GEHA Field at Arrowhead Stadium
2023_16_NYG_PHI,2023,REG,16,2023-12-25,Monday,16:30,NYG,25,PHI,33,Home,0,8,7,1,outdoors,grass,PHI00,Lincoln Financial Field
2023_17_NYJ_CLE,2023,REG,17,2023-12-28,Thursday,20:15,NYJ,20,CLE,37,Home,0,4,4,0,outdoors,grass,CLE00,FirstEnergy Stadium
2023_17_DET_DAL,2023,REG,17,2023-12-30,Saturday,20:15,DET,19,DAL,20,Home,0,6,6,0,closed,matrixturf,DAL00,AT&T Stadium
2023_17_ARI_PHI,2023,REG,17,2023-12-31,Sunday,13:00,ARI,35,PHI,31,Home,0,7,6,0,outdoors,grass,PHI00,Lincoln Financial Field
2023_17_ATL_CHI,2023,REG,17,2023-12-31,Sunday,13:00,ATL,17,CHI,37,Home,0,7,7,0,outdoors,grass,CHI98,Soldier Field
2023_17_CAR_JAX,2023,REG,17,2023-12-31,Sunday,13:00,CAR,0,JAX,26,Home,0,7,7,0,outdoors,grass,JAX00,TIAA Bank Stadium
2023_17_CIN_KC,2023,REG,17,2023-12-31,Sunday,16:25,CIN,17,KC,25,Home,0,8,6,0,outdoors,grass,KAN00,GEHA Field at Arrowhead Stadium
2023_17_GB_MIN,2023,REG,17,2023-12-31,Sunday,20:20,GB,33,MIN,10,Home,0,7,7,1,dome,sportturf,MIN01,U.S. Bank Stadium
2023_17_LAC_DEN,2023,REG,17,2023-12-31,Sunday,16:25,LAC,9,DEN,16,Home,0,8,7,1,outdoors,grass,DEN00,Empower Field at Mile High
2023_17_LA_NYG,2023,REG,17,2023-12-31,Sunday,13:00,LA,26,NYG,25,Home,0,10,6,0,outdoors,fieldturf,NYC01,MetLife Stadium
2023_17_LV_IND,2023,REG,17,2023-12-31,Sunday,13:00,LV,20,IND,23,Home,0,6,7,0,closed,fieldturf,IND00,Lucas Oil Stadium
2023_17_MIA_BAL,2023,REG,17,2023-12-31,Sunday,13:00,MIA,19,BAL,56,Home,0,7,6,0,outdoors,grass,BAL00,M&T Bank Stadium
2023_17_NE_BUF,2023,REG,17,2023-12-31,Sunday,13:00,NE,21,BUF,27,Home,0,7,8,1,outdoors,a_turf,BUF00,New Era Field
2023_17_NO_TB,2023,REG,17,2023-12-31,Sunday,13:00,NO,23,TB,13,Home,0,10,7,1,outdoors,grass,TAM00,Raymond James Stadium
2023_17_PIT_SEA,2023,REG,17,2023-12-31,Sunday,16:05,PIT,30,SEA,23,Home,0,8,7,0,outdoors,fieldturf,SEA00,Lumen Field
2023_17_SF_WAS,2023,REG,17,2023-12-31,Sunday,13:00,SF,27,WAS,10,Home,0,6,7,0,outdoors,grass,WAS00,FedExField
2023_17_TEN_HOU,2023,REG,17,2023-12-31,Sunday,13:00,TEN,3,HOU,26,Home,0,7,7,1,closed,astroturf,HOU00,NRG Stadium
2023_18_HOU_IND,2023,REG,18,2024-01-06,Saturday,20:15,HOU,23,IND,19,Home,0,6,6,1,closed,fieldturf,IND00,Lucas Oil Stadium
2023_18_PIT_BAL,2023,REG,18,2024-01-06,Saturday,16:30,PIT,17,BAL,10,Home,0,6,6,1,outdoors,grass,BAL00,M&T Bank Stadium
2023_18_ATL_NO,2023,REG,18,2024-01-07,Sunday,13:00,ATL,17,NO,48,Home,0,7,7,1,dome,sportturf,NOR00,Mercedes-Benz Superdome
2023_18_BUF_MIA,2023,REG,18,2024-01-07,Sunday,20:20,BUF,21,MIA,14,Home,0,7,7,1,outdoors,grass,MIA00,Hard Rock Stadium
2023_18_CHI_GB,2023,REG,18,2024-01-07,Sunday,16:25,CHI,9,GB,17,Home,0,7,7,1,outdoors,grass,GNB00,Lambeau Field
2023_18_CLE_CIN,2023,REG,18,2024-01-07,Sunday,13:00,CLE,14,CIN,31,Home,0,10,7,1,outdoors,fieldturf,CIN00,Paycor Stadium
2023_18_DAL_WAS,2023,REG,18,2024-01-07,Sunday,16:25,DAL,38,WAS,10,Home,0,8,7,1,outdoors,grass,WAS00,FedExField
2023_18_DEN_LV,2023,REG,18,2024-01-07,Sunday,16:25,DEN,14,LV,27,Home,0,7,7,1,dome,grass,VEG00,Allegiant Stadium
2023_18_JAX_TEN,2023,REG,18,2024-01-07,Sunday,13:00,JAX,20,TEN,28,Home,0,7,7,1,outdoors,grass,NAS00,Nissan Stadium
2023_18_KC_LAC,2023,REG,18,2024-01-07,Sunday,16:25,KC,13,LAC,12,Home,0,7,7,1,dome,matrixturf,LAX01,SoFi Stadium
2023_18_LA_SF,2023,REG,18,2024-01-07,Sunday,16:25,LA,21,SF,20,Home,0,7,7,1,outdoors,grass,SFO01,Levi's Stadium
2023_18_MIN_DET,2023,REG,18,2024-01-07,Sunday,13:00,MIN,20,DET,30,Home,0,7,8,1,dome,fieldturf,DET00,Ford Field
2023_18_NYJ_NE,2023,REG,18,2024-01-07,Sunday,13:00,NYJ,17,NE,3,Home,0,10,7,1,outdoors,fieldturf,BOS00,Gillette Stadium
2023_18_PHI_NYG,2023,REG,18,2024-01-07,Sunday,16:25,PHI,10,NYG,27,Home,0,7,7,1,outdoors,fieldturf,NYC01,MetLife Stadium
2023_18_SEA_ARI,2023,REG,18,2024-01-07,Sunday,16:25,SEA,21,ARI,20,Home,0,7,7,1,closed,grass,PHO00,State Farm Stadium
2023_18_TB_CAR,2023,REG,18,2024-01-07,Sunday,13:00,TB,9,CAR,0,Home,0,7,7,1,outdoors,grass,CAR00,Bank of America Stadium
2023_22_SF_KC,2023,SB,22,2024-02-11,Sunday,18:30,SF,22,KC,25,Neutral,1,14,14,0,dome,grass,VEG00,Allegiant Stadium
2024_01_BAL_KC,2024,REG,1,2024-09-05,Thursday,20:20,BAL,20,KC,27,Home,0,7,7,0,outdoors,grass,KAN00,GEHA Field at Arrowhead Stadium
2024_01_GB_PHI,2024,REG,1,2024-09-06,Friday,20:15,GB,29,PHI,34,Neutral,0,7,7,0,outdoors,,SAO00,Arena Corinthians
2024_01_ARI_BUF,2024,REG,1,2024-09-08,Sunday,13:00,ARI,28,BUF,34,Home,0,7,7,0,outdoors,a_turf,BUF00,New Era Field
2024_01_CAR_NO,2024,REG,1,2024-09-08,Sunday,13:00,CAR,10,NO,47,Home,0,7,7,1,dome,sportturf,NOR00,Mercedes-Benz Superdome
2024_01_DAL_CLE,2024,REG,1,2024-09-08,Sunday,16:25,DAL,33,CLE,17,Home,0,7,7,0,outdoors,grass,CLE00,FirstEnergy Stadium
2024_01_DEN_SEA,2024,REG,1,2024-09-08,Sunday,16:05,DEN,20,SEA,26,Home,0,7,7,0,outdoors,fieldturf,SEA00,Lumen Field
2024_01_HOU_IND,2024,REG,1,2024-09-08,Sunday,13:00,HOU,29,IND,27,Home,0,7,7,1,closed,fieldturf,IND00,Lucas Oil Stadium
2024_01_JAX_MIA,2024,REG,1,2024-09-08,Sunday,13:00,JAX,17,MIA,20,Home,0,7,7,0,outdoors,grass,MIA00,Hard Rock Stadium
2024_01_LA_DET,2024,REG,1,2024-09-08,Sunday,20:20,LA,20,DET,26,Home,1,7,7,0,dome,fieldturf,DET00,Ford Field
2024_01_LV_LAC,2024,REG,1,2024-09-08,Sunday,16:05,LV,10,LAC,22,Home,0,7,7,1,dome,matrixturf,LAX01,SoFi Stadium
2024_01_MIN_NYG,2024,REG,1,2024-09-08,Sunday,13:00,MIN,28,NYG,6,Home,0,7,7,0,outdoors,fieldturf,NYC01,MetLife Stadium
2024_01_NE_CIN,2024,REG,1,2024-09-08,Sunday,13:00,NE,16,CIN,10,Home,0,7,7,0,outdoors,fieldturf,CIN00,Paycor Stadium
2024_01_PIT_ATL,2024,REG,1,2024-09-08,Sunday,13:00,PIT,18,ATL,10,Home,0,7,7,0,closed,fieldturf,ATL97,Mercedes-Benz Stadium
2024_01_TEN_CHI,2024,REG,1,2024-09-08,Sunday,13:00,TEN,17,CHI,24,Home,0,7,7,0,outdoors,grass,CHI98,Soldier Field
2024_01_WAS_TB,2024,REG,1,2024-09-08,Sunday,16:25,WAS,20,TB,37,Home,0,7,7,0,outdoors,grass,TAM00,Raymond James Stadium
2024_01_NYJ_SF,2024,REG,1,2024-09-09,Monday,20:15,NYJ,19,SF,32,Home,0,7,7,0,outdoors,grass,SFO01,Levi's Stadium
2024_02_BUF_MIA,2024,REG,2,2024-09-12,Thursday,20:15,BUF,31,MIA,10,Home,0,4,4,1,outdoors,grass,MIA00,Hard Rock Stadium
2024_02_CHI_HOU,2024,REG,2,2024-09-15,Sunday,20:20,CHI,13,HOU,19,Home,0,7,7,0,closed,astroturf,HOU00,NRG Stadium
2024_02_CIN_KC,2024,REG,2,2024-09-15,Sunday,16:25,CIN,25,KC,26,Home,0,7,10,0,outdoors,grass,KAN00,GEHA Field at Arrowhead Stadium
2024_02_CLE_JAX,2024,REG,2,2024-09-15,Sunday,13:00,CLE,18,JAX,13,Home,0,7,7,0,outdoors,grass,JAX00,TIAA Bank Stadium
2024_02_IND_GB,2024,REG,2,2024-09-15,Sunday,13:00,IND,10,GB,16,Home,0,7,9,0,outdoors,grass,GNB00,Lambeau Field
2024_02_LAC_CAR,2024,REG,2,2024-09-15,Sunday,13:00,LAC,26,CAR,3,Home,0,7,7,0,outdoors,grass,CAR00,Bank of America Stadium
2024_02_LA_ARI,2024,REG,2,2024-09-15,Sunday,16:05,LA,10,ARI,41,Home,0,7,7,1,closed,grass,PHO00,State Farm Stadium
2024_02_LV_BAL,2024,REG,2,2024-09-15,Sunday,13:00,LV,26,BAL,23,Home,0,7,10,0,outdoors,grass,BAL00,M&T Bank Stadium
2024_02_NO_DAL,2024,REG,2,2024-09-15,Sunday,13:00,NO,44,DAL,19,Home,0,7,7,0,closed,matrixturf,DAL00,AT&T Stadium
2024_02_NYG_WAS,2024,REG,2,2024-09-15,Sunday,13:00,NYG,18,WAS,21,Home,0,7,7,1,outdoors,grass,WAS00,FedExField
2024_02_NYJ_TEN,2024,REG,2,2024-09-15,Sunday,13:00,NYJ,24,TEN,17,Home,0,6,7,0,outdoors,grass,NAS00,Nissan Stadium
2024_02_PIT_DEN,2024,REG,2,2024-09-15,Sunday,16:25,PIT,13,DEN,6,Home,0,7,7,0,outdoors,grass,DEN00,Empower Field at Mile High
2024_02_SEA_NE,2024,REG,2,2024-09-15,Sunday,13:00,SEA,23,NE,20,Home,1,7,7,0,outdoors,fieldturf,BOS00,Gillette Stadium
2024_02_SF_MIN,2024,REG,2,2024-09-15,Sunday,13:00,SF,17,MIN,23,Home,0,6,7,0,dome,sportturf,MIN01,U.S. Bank Stadium
2024_02_TB_DET,2024,REG,2,2024-09-15,Sunday,13:00,TB,20,DET,16,Home,0,7,7,0,dome,fieldturf,DET00,Ford Field
2024_02_ATL_PHI,2024,REG,2,2024-09-16,Monday,20:15,ATL,22,PHI,21,Home,0,8,10,0,outdoors,grass,PHI00,Lincoln Financial Field
2024_03_NE_NYJ,2024,REG,3,2024-09-19,Thursday,20:15,NE,3,NYJ,24,Home,0,4,4,1,outdoors,fieldturf,NYC01,MetLife Stadium
2024_03_BAL_DAL,2024,REG,3,2024-09-22,Sunday,16:25,BAL,28,DAL,25,Home,0,7,7,0,closed,matrixturf,DAL00,AT&T Stadium
2024_03_CAR_LV,2024,REG,3,2024-09-22,Sunday,16:05,CAR,36,LV,22,Home,0,7,7,0,dome,grass,VEG00,Allegiant Stadium
2024_03_CHI_IND,2024,REG,3,2024-09-22,Sunday,13:00,CHI,16,IND,21,Home,0,7,7,0,closed,fieldturf,IND00,Lucas Oil Stadium
2024_03_DEN_TB,2024,REG,3,2024-09-22,Sunday,13:00,DEN,26,TB,7,Home,0,7,7,0,outdoors,grass,TAM00,Raymond James Stadium
2024_03_DET_ARI,2024,REG,3,2024-09-22,Sunday,16:25,DET,20,ARI,13,Home,0,7,7,0,closed,grass,PHO00,State Farm Stadium
2024_03_GB_TEN,2024,REG,3,2024-09-22,Sunday,13:00,GB,30,TEN,14,Home,0,7,7,0,outdoors,grass,NAS00,Nissan Stadium
2024_03_HOU_MIN,2024,REG,3,2024-09-22,Sunday,13:00,HOU,7,MIN,34,Home,0,7,7,0,dome,sportturf,MIN01,U.S. Bank Stadium
2024_03_KC_ATL,2024,REG,3,2024-09-22,Sunday,20:20,KC,22,ATL,17,Home,0,7,6,0,closed,fieldturf,ATL97,Mercedes-Benz Stadium
2024_03_LAC_PIT,2024,REG,3,2024-09-22,Sunday,13:00,LAC,10,PIT,20,Home,0,7,7,0,outdoors,grass,PIT00,Acrisure Stadium
2024_03_MIA_SEA,2024,REG,3,2024-09-22,Sunday,16:05,MIA,3,SEA,24,Home,0,10,7,0,outdoors,fieldturf,SEA00,Lumen Field
2024_03_NYG_CLE,2024,REG,3,2024-09-22,Sunday,13:00,NYG,21,CLE,15,Home,0,7,7,0,outdoors,grass,CLE00,FirstEnergy Stadium
2024_03_PHI_NO,2024,REG,3,2024-09-22,Sunday,13:00,PHI,15,NO,12,Home,0,6,7,0,dome,sportturf,NOR00,Mercedes-Benz Superdome
2024_03_SF_LA,2024,REG,3,2024-09-22,Sunday,16:25,SF,24,LA,27,Home,0,7,7,1,dome,matrixturf,LAX01,SoFi Stadium
2024_03_JAX_BUF,2024,REG,3,2024-09-23,Monday,19:30,JAX,10,BUF,47,Home,0,8,11,0,outdoors,a_turf,BUF00,New Era Field
2024_03_WAS_CIN,2024,REG,3,2024-09-23,Monday,20:15,WAS,38,CIN,33,Home,0,8,8,0,outdoors,fieldturf,CIN00,Paycor Stadium
2024_04_DAL_NYG,2024,REG,4,2024-09-26,Thursday,20:15,DAL,20,NYG,15,Home,0,4,4,1,outdoors,fieldturf,NYC01,MetLife Stadium
2024_04_BUF_BAL,2024,REG,4,2024-09-29,Sunday,20:20,BUF,10,BAL,35,Home,0,6,7,0,outdoors,grass,BAL00,M&T Bank Stadium
2024_04_CIN_CAR,2024,REG,4,2024-09-29,Sunday,13:00,CIN,34,CAR,24,Home,0,6,7,0,outdoors,grass,CAR00,Bank of America Stadium
2024_04_CLE_LV,2024,REG,4,2024-09-29,Sunday,16:25,CLE,16,LV,20,Home,0,7,7,0,dome,grass,VEG00,Allegiant Stadium
2024_04_DEN_NYJ,2024,REG,4,2024-09-29,Sunday,13:00,DEN,10,NYJ,9,Home,0,7,10,0,outdoors,fieldturf,NYC01,MetLife Stadium
2024_04_JAX_HOU,2024,REG,4,2024-09-29,Sunday,13:00,JAX,20,HOU,24,Home,0,6,7,1,closed,astroturf,HOU00,NRG Stadium
2024_04_KC_LAC,2024,REG,4,2024-09-29,Sunday,16:25,KC,17,LAC,10,Home,0,7,7,1,dome,matrixturf,LAX01,SoFi Stadium
2024_04_LA_CHI,2024,REG,4,2024-09-29,Sunday,13:00,LA,18,CHI,24,Home,0,7,7,0,outdoors,grass,CHI98,Soldier Field
2024_04_MIN_GB,2024,REG,4,2024-09-29,Sunday,13:00,MIN,31,GB,29,Home,0,7,7,1,outdoors,grass,GNB00,Lambeau Field
2024_04_NE_SF,2024,REG,4,2024-09-29,Sunday,16:05,NE,13,SF,30,Home,0,10,7,0,outdoors,grass,SFO01,Levi's Stadium
2024_04_NO_ATL,2024,REG,4,2024-09-29,Sunday,13:00,NO,24,ATL,26,Home,0,7,7,1,closed,fieldturf,ATL97,Mercedes-Benz Stadium
2024_04_PHI_TB,2024,REG,4,2024-09-29,Sunday,13:00,PHI,16,TB,33,Home,0,7,7,0,outdoors,grass,TAM00,Raymond James Stadium
2024_04_PIT_IND,2024,REG,4,2024-09-29,Sunday,13:00,PIT,24,IND,27,Home,0,7,7,0,closed,fieldturf,IND00,Lucas Oil Stadium
2024_04_WAS_ARI,2024,REG,4,2024-09-29,Sunday,16:05,WAS,42,ARI,14,Home,0,6,7,0,closed,grass,PHO00,State Farm Stadium
2024_04_SEA_DET,2024,REG,4,2024-09-30,Monday,20:15,SEA,29,DET,42,Home,0,8,8,0,dome,fieldturf,DET00,Ford Field
2024_04_TEN_MIA,2024,REG,4,2024-09-30,Monday,19:30,TEN,31,MIA,12,Home,0,8,8,0,outdoors,grass,MIA00,Hard Rock Stadium
2024_05_TB_ATL,2024,REG,5,2024-10-03,Thursday,20:15,TB,30,ATL,36,Home,1,4,4,1,closed,fieldturf,ATL97,Mercedes-Benz Stadium
2024_05_ARI_SF,2024,REG,5,2024-10-06,Sunday,16:05,ARI,24,SF,23,Home,0,7,7,1,outdoors,grass,SFO01,Levi's Stadium
2024_05_BAL_CIN,2024,REG,5,2024-10-06,Sunday,13:00,BAL,41,CIN,38,Home,1,7,7,1,outdoors,fieldturf,CIN00,Paycor Stadium
2024_05_BUF_HOU,2024,REG,5,2024-10-06,Sunday,13:00,BUF,20,HOU,23,Home,0,7,7,0,closed,astroturf,HOU00,NRG Stadium
2024_05_CAR_CHI,2024,REG,5,2024-10-06,Sunday,13:00,CAR,10,CHI,36,Home,0,7,7,0,outdoors,grass,CHI98,Soldier Field
2024_05_CLE_WAS,2024,REG,5,2024-10-06,Sunday,13:00,CLE,13,WAS,34,Home,0,7,7,0,outdoors,grass,WAS00,FedExField
2024_05_DAL_PIT,2024,REG,5,2024-10-06,Sunday,20:20,DAL,20,PIT,17,Home,0,10,7,0,outdoors,grass,PIT00,Acrisure Stadium
2024_05_GB_LA,2024,REG,5,2024-10-06,Sunday,16:25,GB,24,LA,19,Home,0,7,7,0,dome,matrixturf,LAX01,SoFi Stadium
2024_05_IND_JAX,2024,REG,5,2024-10-06,Sunday,13:00,IND,34,JAX,37,Home,0,7,7,1,outdoors,grass,JAX00,TIAA Bank Stadium
2024_05_LV_DEN,2024,REG,5,2024-10-06,Sunday,16:05,LV,18,DEN,34,Home,0,7,7,1,outdoors,grass,DEN00,Empower Field at Mile High
2024_05_MIA_NE,2024,REG,5,2024-10-06,Sunday,13:00,MIA,15,NE,10,Home,0,6,7,1,outdoors,fieldturf,BOS00,Gillette Stadium
2024_05_NYG_SEA,2024,REG,5,2024-10-06,Sunday,16:25,NYG,29,SEA,20,Home,0,10,6,0,outdoors,fieldturf,SEA00,Lumen Field
2024_05_NYJ_MIN,2024,REG,5,2024-10-06,Sunday,09:30,NYJ,17,MIN,23,Neutral,0,7,7,0,outdoors,grass,LON02,Tottenham Stadium
2024_05_NO_KC,2024,REG,5,2024-10-07,Monday,20:15,NO,13,KC,26,Home,0,8,8,0,outdoors,grass,KAN00,GEHA Field at Arrowhead Stadium
2024_06_SF_SEA,2024,REG,6,2024-10-10,Thursday,20:15,SF,36,SEA,24,Home,0,4,4,1,outdoors,fieldturf,SEA00,Lumen Field
2024_06_ARI_GB,2024,REG,6,2024-10-13,Sunday,13:00,ARI,13,GB,34,Home,0,7,7,0,outdoors,grass,GNB00,Lambeau Field
2024_06_ATL_CAR,2024,REG,6,2024-10-13,Sunday,16:25,ATL,38,CAR,20,Home,0,10,7,1,outdoors,grass,CAR00,Bank of America Stadium
2024_06_CIN_NYG,2024,REG,6,2024-10-13,Sunday,20:20,CIN,17,NYG,7,Home,0,7,7,0,outdoors,fieldturf,NYC01,MetLife Stadium
2024_06_CLE_PHI,2024,REG,6,2024-10-13,Sunday,13:00,CLE,16,PHI,20,Home,0,7,14,0,outdoors,grass,PHI00,Lincoln Financial Field
2024_06_DET_DAL,2024,REG,6,2024-10-13,Sunday,16:25,DET,47,DAL,9,Home,0,13,7,0,closed,matrixturf,DAL00,AT&T Stadium
2024_06_HOU_NE,2024,REG,6,2024-10-13,Sunday,13:00,HOU,41,NE,21,Home,0,7,7,0,outdoors,fieldturf,BOS00,Gillette Stadium
2024_06_IND_TEN,2024,REG,6,2024-10-13,Sunday,13:00,IND,20,TEN,17,Home,0,7,13,1,outdoors,grass,NAS00,Nissan Stadium
2024_06_JAX_CHI,2024,REG,6,2024-10-13,Sunday,09:30,JAX,16,CHI,35,Neutral,0,7,7,0,outdoors,grass,LON02,Tottenham Stadium
2024_06_LAC_DEN,2024,REG,6,2024-10-13,Sunday,16:05,LAC,23,DEN,16,Home,0,14,7,1,outdoors,grass,DEN00,Empower Field at Mile High
2024_06_PIT_LV,2024,REG,6,2024-10-13,Sunday,16:05,PIT,32,LV,13,Home,0,7,7,0,dome,grass,VEG00,Allegiant Stadium
2024_06_TB_NO,2024,REG,6,2024-10-13,Sunday,13:00,TB,51,NO,27,Home,0,10,6,1,dome,sportturf,NOR00,Mercedes-Benz Superdome
2024_06_WAS_BAL,2024,REG,6,2024-10-13,Sunday,13:00,WAS,23,BAL,30,Home,0,7,7,0,outdoors,grass,BAL00,M&T Bank Stadium
2024_06_BUF_NYJ,2024,REG,6,2024-10-14,Monday,20:15,BUF,23,NYJ,20,Home,0,8,8,1,outdoors,fieldturf,NYC01,MetLife Stadium
2024_07_DEN_NO,2024,REG,7,2024-10-17,Thursday,20:15,DEN,33,NO,10,Home,0,4,4,0,dome,sportturf,NOR00,Mercedes-Benz Superdome
2024_07_CAR_WAS,2024,REG,7,2024-10-20,Sunday,16:05,CAR,7,WAS,40,Home,0,7,7,0,outdoors,grass,WAS00,FedExField
2024_07_CIN_CLE,2024,REG,7,2024-10-20,Sunday,13:00,CIN,21,CLE,14,Home,0,7,7,1,outdoors,grass,CLE00,FirstEnergy Stadium
2024_07_DET_MIN,2024,REG,7,2024-10-20,Sunday,13:00,DET,31,MIN,29,Home,0,7,14,1,dome,sportturf,MIN01,U.S. Bank Stadium
2024_07_HOU_GB,2024,REG,7,2024-10-20,Sunday,13:00,HOU,22,GB,24,Home,0,7,7,0,outdoors,grass,GNB00,Lambeau Field
2024_07_KC_SF,2024,REG,7,2024-10-20,Sunday,16:25,KC,28,SF,18,Home,0,13,10,0,outdoors,grass,SFO01,Levi's Stadium
2024_07_LV_LA,2024,REG,7,2024-10-20,Sunday,16:05,LV,15,LA,20,Home,0,7,14,0,dome,matrixturf,LAX01,SoFi Stadium
2024_07_MIA_IND,2024,REG,7,2024-10-20,Sunday,13:00,MIA,10,IND,16,Home,0,14,7,0,closed,fieldturf,IND00,Lucas Oil Stadium
2024_07_NE_JAX,2024,REG,7,2024-10-20,Sunday,09:30,NE,16,JAX,32,Neutral,0,7,7,0,outdoors,grass,LON00,Wembley Stadium
2024_07_NYJ_PIT,2024,REG,7,2024-10-20,Sunday,20:20,NYJ,15,PIT,37,Home,0,6,7,0,outdoors,grass,PIT00,Acrisure Stadium
2024_07_PHI_NYG,2024,REG,7,2024-10-20,Sunday,13:00,PHI,28,NYG,3,Home,0,7,7,1,outdoors,fieldturf,NYC01,MetLife Stadium
2024_07_SEA_ATL,2024,REG,7,2024-10-20,Sunday,13:00,SEA,34,ATL,14,Home,0,10,7,0,closed,fieldturf,ATL97,Mercedes-Benz Stadium
2024_07_TEN_BUF,2024,REG,7,2024-10-20,Sunday,13:00,TEN,10,BUF,34,Home,0,7,6,0,outdoors,a_turf,BUF00,New Era Field
2024_07_BAL_TB,2024,REG,7,2024-10-21,Monday,20:15,BAL,41,TB,31,Home,0,8,8,0,outdoors,grass,TAM00,Raymond James Stadium
2024_07_LAC_ARI,2024,REG,7,2024-10-21,Monday,21:00,LAC,15,ARI,17,Home,0,8,8,0,closed,grass,PHO00,State Farm Stadium
2024_08_MIN_LA,2024,REG,8,2024-10-24,Thursday,20:15,MIN,20,LA,30,Home,0,4,4,0,dome,matrixturf,LAX01,SoFi Stadium
2024_08_ARI_MIA,2024,REG,8,2024-10-27,Sunday,13:00,ARI,28,MIA,27,Home,0,6,7,0,outdoors,grass,MIA00,Hard Rock Stadium
2024_08_ATL_TB,2024,REG,8,2024-10-27,Sunday,13:00,ATL,31,TB,26,Home,0,7,6,1,outdoors,grass,TAM00,Raymond James Stadium
2024_08_BAL_CLE,2024,REG,8,2024-10-27,Sunday,13:00,BAL,24,CLE,29,Home,0,6,7,1,outdoors,grass,CLE00,FirstEnergy Stadium
2024_08_BUF_SEA,2024,REG,8,2024-10-27,Sunday,16:05,BUF,31,SEA,10,Home,0,7,7,0,outdoors,fieldturf,SEA00,Lumen Field
2024_08_CAR_DEN,2024,REG,8,2024-10-27,Sunday,16:25,CAR,14,DEN,28,Home,0,7,10,0,outdoors,grass,DEN00,Empower Field at Mile High
2024_08_CHI_WAS,2024,REG,8,2024-10-27,Sunday,16:25,CHI,15,WAS,18,Home,0,14,7,0,outdoors,grass,WAS00,FedExField
2024_08_DAL_SF,2024,REG,8,2024-10-27,Sunday,20:20,DAL,24,SF,30,Home,0,14,7,0,outdoors,grass,SFO01,Levi's Stadium
2024_08_GB_JAX,2024,REG,8,2024-10-27,Sunday,13:00,GB,30,JAX,27,Home,0,7,7,0,outdoors,grass,JAX00,TIAA Bank Stadium
2024_08_IND_HOU,2024,REG,8,2024-10-27,Sunday,13:00,IND,20,HOU,23,Home,0,7,7,1,closed,astroturf,HOU00,NRG Stadium
2024_08_KC_LV,2024,REG,8,2024-10-27,Sunday,16:25,KC,27,LV,20,Home,0,7,7,1,dome,grass,VEG00,Allegiant Stadium
2024_08_NO_LAC,2024,REG,8,2024-10-27,Sunday,16:05,NO,8,LAC,26,Home,0,10,6,0,dome,matrixturf,LAX01,SoFi Stadium
2024_08_NYJ_NE,2024,REG,8,2024-10-27,Sunday,13:00,NYJ,22,NE,25,Home,0,7,7,1,outdoors,fieldturf,BOS00,Gillette Stadium
2024_08_PHI_CIN,2024,REG,8,2024-10-27,Sunday,13:00,PHI,37,CIN,17,Home,0,7,7,0,outdoors,fieldturf,CIN00,Paycor Stadium
2024_08_TEN_DET,2024,REG,8,2024-10-27,Sunday,13:00,TEN,14,DET,52,Home,0,7,7,0,dome,fieldturf,DET00,Ford Field
2024_08_NYG_PIT,2024,REG,8,2024-10-28,Monday,20:15,NYG,18,PIT,26,Home,0,8,8,0,outdoors,grass,PIT00,Acrisure Stadium
2024_09_HOU_NYJ,2024,REG,9,2024-10-31,Thursday,20:15,HOU,13,NYJ,21,Home,0,4,4,0,outdoors,fieldturf,NYC01,MetLife Stadium
2024_09_CHI_ARI,2024,REG,9,2024-11-03,Sunday,16:05,CHI,9,ARI,29,Home,0,7,7,0,closed,grass,PHO00,State Farm Stadium
2024_09_DAL_ATL,2024,REG,9,2024-11-03,Sunday,13:00,DAL,21,ATL,27,Home,0,7,7,0,closed,fieldturf,ATL97,Mercedes-Benz Stadium
2024_09_DEN_BAL,2024,REG,9,2024-11-03,Sunday,13:00,DEN,10,BAL,41,Home,0,7,7,0,outdoors,grass,BAL00,M&T Bank Stadium
2024_09_DET_GB,2024,REG,9,2024-11-03,Sunday,16:25,DET,24,GB,14,Home,0,7,7,1,outdoors,grass,GNB00,Lambeau Field
2024_09_IND_MIN,2024,REG,9,2024-11-03,Sunday,20:20,IND,13,MIN,21,Home,0,7,10,0,dome,sportturf,MIN01,U.S. Bank Stadium
2024_09_JAX_PHI,2024,REG,9,2024-11-03,Sunday,16:05,JAX,23,PHI,28,Home,0,7,7,0,outdoors,grass,PHI00,Lincoln Financial Field
2024_09_LAC_CLE,2024,REG,9,2024-11-03,Sunday,13:00,LAC,27,CLE,10,Home,0,7,7,0,outdoors,grass,CLE00,FirstEnergy Stadium
2024_09_LA_SEA,2024,REG,9,2024-11-03,Sunday,16:25,LA,26,SEA,20,Home,1,10,7,1,outdoors,fieldturf,SEA00,Lumen Field
2024_09_LV_CIN,2024,REG,9,2024-11-03,Sunday,13:00,LV,24,CIN,41,Home,0,7,7,0,outdoors,fieldturf,CIN00,Paycor Stadium
2024_09_MIA_BUF,2024,REG,9,2024-11-03,Sunday,13:00,MIA,27,BUF,30,Home,0,7,7,1,outdoors,a_turf,BUF00,New Era Field
2024_09_NE_TEN,2024,REG,9,2024-11-03,Sunday,13:00,NE,17,TEN,20,Home,1,7,7,0,outdoors,grass,NAS00,Nissan Stadium
2024_09_NO_CAR,2024,REG,9,2024-11-03,Sunday,13:00,NO,22,CAR,23,Home,0,7,7,1,outdoors,grass,CAR00,Bank of America Stadium
2024_09_WAS_NYG,2024,REG,9,2024-11-03,Sunday,13:00,WAS,27,NYG,22,Home,0,7,6,1,outdoors,fieldturf,NYC01,MetLife Stadium
2024_09_TB_KC,2024,REG,9,2024-11-04,Monday,20:15,TB,24,KC,30,Home,1,8,8,0,outdoors,grass,KAN00,GEHA Field at Arrowhead Stadium
2024_10_CIN_BAL,2024,REG,10,2024-11-07,Thursday,20:15,CIN,34,BAL,35,Home,0,4,4,1,outdoors,grass,BAL00,M&T Bank Stadium
2024_10_ATL_NO,2024,REG,10,2024-11-10,Sunday,13:00,ATL,17,NO,20,Home,0,7,7,1,dome,sportturf,NOR00,Mercedes-Benz Superdome
2024_10_BUF_IND,2024,REG,10,2024-11-10,Sunday,13:00,BUF,30,IND,20,Home,0,7,7,0,closed,fieldturf,IND00,Lucas Oil Stadium
2024_10_DEN_KC,2024,REG,10,2024-11-10,Sunday,13:00,DEN,14,KC,16,Home,0,7,6,1,outdoors,grass,KAN00,GEHA Field at Arrowhead Stadium
2024_10_DET_HOU,2024,REG,10,2024-11-10,Sunday,20:20,DET,26,HOU,23,Home,0,7,10,0,closed,astroturf,HOU00,NRG Stadium
2024_10_MIN_JAX,2024,REG,10,2024-11-10,Sunday,13:00,MIN,12,JAX,7,Home,0,7,7,0,outdoors,grass,JAX00,TIAA Bank Stadium
2024_10_NE_CHI,2024,REG,10,2024-11-10,Sunday,13:00,NE,19,CHI,3,Home,0,7,7,0,outdoors,grass,CHI98,Soldier Field
2024_10_NYG_CAR,2024,REG,10,2024-11-10,Sunday,09:30,NYG,17,CAR,20,Neutral,1,7,7,0,outdoors,,GER00,Allianz Arena
2024_10_NYJ_ARI,2024,REG,10,2024-11-10,Sunday,16:25,NYJ,6,ARI,31,Home,0,10,7,0,closed,grass,PHO00,State Farm Stadium
2024_10_PHI_DAL,2024,REG,10,2024-11-10,Sunday,16:25,PHI,34,DAL,6,Home,0,7,7,1,closed,matrixturf,DAL00,AT&T Stadium
2024_10_PIT_WAS,2024,REG,10,2024-11-10,Sunday,13:00,PIT,28,WAS,27,Home,0,13,7,0,outdoors,grass,WAS00,FedExField
2024_10_SF_TB,2024,REG,10,2024-11-10,Sunday,13:00,SF,23,TB,20,Home,0,14,6,0,outdoors,grass,TAM00,Raymond James Stadium
2024_10_TEN_LAC,2024,REG,10,2024-11-10,Sunday,16:05,TEN,17,LAC,27,Home,0,7,7,0,dome,matrixturf,LAX01,SoFi Stadium
2024_10_MIA_LA,2024,REG,10,2024-11-11,Monday,20:15,MIA,23,LA,15,Home,0,8,8,0,dome,matrixturf,LAX01,SoFi Stadium
2024_11_WAS_PHI,2024,REG,11,2024-11-14,Thursday,20:15,WAS,18,PHI,26,Home,0,4,4,1,outdoors,grass,PHI00,Lincoln Financial Field
2024_11_ATL_DEN,2024,REG,11,2024-11-17,Sunday,16:05,ATL,6,DEN,38,Home,0,7,7,0,outdoors,grass,DEN00,Empower Field at Mile High
2024_11_BAL_PIT,2024,REG,11,2024-11-17,Sunday,13:00,BAL,16,PIT,18,Home,0,10,7,1,outdoors,grass,PIT00,Acrisure Stadium
2024_11_CIN_LAC,2024,REG,11,2024-11-17,Sunday,20:20,CIN,27,LAC,34,Home,0,10,7,0,dome,matrixturf,LAX01,SoFi Stadium
2024_11_CLE_NO,2024,REG,11,2024-11-17,Sunday,13:00,CLE,14,NO,35,Home,0,14,7,0,dome,sportturf,NOR00,Mercedes-Benz Superdome
2024_11_GB_CHI,2024,REG,11,2024-11-17,Sunday,13:00,GB,20,CHI,19,Home,0,14,7,1,outdoors,grass,CHI98,Soldier Field
2024_11_IND_NYJ,2024,REG,11,2024-11-17,Sunday,13:00,IND,28,NYJ,27,Home,0,7,7,0,outdoors,fieldturf,NYC01,MetLife Stadium
2024_11_JAX_DET,2024,REG,11,2024-11-17,Sunday,13:00,JAX,6,DET,52,Home,0,7,7,0,dome,fieldturf,DET00,Ford Field
2024_11_KC_BUF,2024,REG,11,2024-11-17,Sunday,16:25,KC,21,BUF,30,Home,0,7,7,0,outdoors,a_turf,BUF00,New Era Field
2024_11_LA_NE,2024,REG,11,2024-11-17,Sunday,13:00,LA,28,NE,22,Home,0,6,7,0,outdoors,fieldturf,BOS00,Gillette Stadium
2024_11_LV_MIA,2024,REG,11,2024-11-17,Sunday,13:00,LV,19,MIA,34,Home,0,14,6,0,outdoors,grass,MIA00,Hard Rock Stadium
2024_11_MIN_TEN,2024,REG,11,2024-11-17,Sunday,13:00,MIN,23,TEN,13,Home,0,7,7,0,outdoors,grass,NAS00,Nissan Stadium
2024_11_SEA_SF,2024,REG,11,2024-11-17,Sunday,16:05,SEA,20,SF,17,Home,0,14,7,1,outdoors,grass,SFO01,Levi's Stadium
2024_11_HOU_DAL,2024,REG,11,2024-11-18,Monday,20:15,HOU,34,DAL,10,Home,0,8,8,0,closed,matrixturf,DAL00,AT&T Stadium
2024_12_PIT_CLE,2024,REG,12,2024-11-21,Thursday,20:15,PIT,19,CLE,24,Home,0,4,4,1,outdoors,grass,CLE00,FirstEnergy Stadium
2024_12_ARI_SEA,2024,REG,12,2024-11-24,Sunday,16:25,ARI,6,SEA,16,Home,0,14,7,1,outdoors,fieldturf,SEA00,Lumen Field
2024_12_DAL_WAS,2024,REG,12,2024-11-24,Sunday,13:00,DAL,34,WAS,26,Home,0,6,10,1,outdoors,grass,WAS00,FedExField
2024_12_DEN_LV,2024,REG,12,2024-11-24,Sunday,16:05,DEN,29,LV,19,Home,0,7,7,1,dome,grass,VEG00,Allegiant Stadium
2024_12_DET_IND,2024,REG,12,2024-11-24,Sunday,13:00,DET,24,IND,6,Home,0,7,7,0,closed,fieldturf,IND00,Lucas Oil Stadium
2024_12_KC_CAR,2024,REG,12,2024-11-24,Sunday,13:00,KC,30,CAR,27,Home,0,7,14,0,outdoors,grass,CAR00,Bank of America Stadium
2024_12_MIN_CHI,2024,REG,12,2024-11-24,Sunday,13:00,MIN,30,CHI,27,Home,1,7,7,1,outdoors,grass,CHI98,Soldier Field
2024_12_NE_MIA,2024,REG,12,2024-11-24,Sunday,13:00,NE,15,MIA,34,Home,0,7,7,1,outdoors,grass,MIA00,Hard Rock Stadium
2024_12_PHI_LA,2024,REG,12,2024-11-24,Sunday,20:20,PHI,37,LA,20,Home,0,10,7,0,dome,matrixturf,LAX01,SoFi Stadium
2024_12_SF_GB,2024,REG,12,2024-11-24,Sunday,16:25,SF,10,GB,38,Home,0,7,7,0,outdoors,grass,GNB00,Lambeau Field
2024_12_TB_NYG,2024,REG,12,2024-11-24,Sunday,13:00,TB,30,NYG,7,Home,0,14,14,0,outdoors,fieldturf,NYC01,MetLife Stadium
2024_12_TEN_HOU,2024,REG,12,2024-11-24,Sunday,13:00,TEN,32,HOU,27,Home,0,7,6,1,closed,astroturf,HOU00,NRG Stadium
2024_12_BAL_LAC,2024,REG,12,2024-11-25,Monday,20:15,BAL,30,LAC,23,Home,0,8,8,0,dome,matrixturf,LAX01,SoFi Stadium
2024_13_CHI_DET,2024,REG,13,2024-11-28,Thursday,12:30,CHI,20,DET,23,Home,0,4,4,1,dome,fieldturf,DET00,Ford Field
2024_13_MIA_GB,2024,REG,13,2024-11-28,Thursday,20:20,MIA,17,GB,30,Home,0,4,4,0,outdoors,grass,GNB00,Lambeau Field
2024_13_NYG_DAL,2024,REG,13,2024-11-28,Thursday,16:30,NYG,20,DAL,27,Home,0,4,4,1,closed,matrixturf,DAL00,AT&T Stadium
2024_13_LV_KC,2024,REG,13,2024-11-29,Friday,15:00,LV,17,KC,19,Home,0,5,5,1,outdoors,grass,KAN00,GEHA Field at Arrowhead Stadium
2024_13_ARI_MIN,2024,REG,13,2024-12-01,Sunday,13:00,ARI,22,MIN,23,Home,0,7,7,0,dome,sportturf,MIN01,U.S. Bank Stadium
2024_13_HOU_JAX,2024,REG,13,2024-12-01,Sunday,13:00,HOU,23,JAX,20,Home,0,7,14,1,outdoors,grass,JAX00,TIAA Bank Stadium
2024_13_IND_NE,2024,REG,13,2024-12-01,Sunday,13:00,IND,25,NE,24,Home,0,7,7,0,outdoors,fieldturf,BOS00,Gillette Stadium
2024_13_LAC_ATL,2024,REG,13,2024-12-01,Sunday,13:00,LAC,17,ATL,13,Home,0,6,14,0,closed,fieldturf,ATL97,Mercedes-Benz Stadium
2024_13_LA_NO,2024,REG,13,2024-12-01,Sunday,16:05,LA,21,NO,14,Home,0,7,14,0,dome,sportturf,NOR00,Mercedes-Benz Superdome
2024_13_PHI_BAL,2024,REG,13,2024-12-01,Sunday,16:25,PHI,24,BAL,19,Home,0,7,6,0,outdoors,grass,BAL00,M&T Bank Stadium
2024_13_PIT_CIN,2024,REG,13,2024-12-01,Sunday,13:00,PIT,44,CIN,38,Home,0,10,14,1,outdoors,fieldturf,CIN00,Paycor Stadium
2024_13_SEA_NYJ,2024,REG,13,2024-12-01,Sunday,13:00,SEA,26,NYJ,21,Home,0,7,14,0,outdoors,fieldturf,NYC01,MetLife Stadium
2024_13_SF_BUF,2024,REG,13,2024-12-01,Sunday,20:20,SF,10,BUF,35,Home,0,7,14,0,outdoors,a_turf,BUF00,New Era Field
2024_13_TB_CAR,2024,REG,13,2024-12-01,Sunday,16:05,TB,26,CAR,23,Home,1,7,7,1,outdoors,grass,CAR00,Bank of America Stadium
2024_13_TEN_WAS,2024,REG,13,2024-12-01,Sunday,13:00,TEN,19,WAS,42,Home,0,7,7,0,outdoors,grass,WAS00,FedExField
2024_13_CLE_DEN,2024,REG,13,2024-12-02,Monday,20:15,CLE,32,DEN,41,Home,0,11,8,0,outdoors,grass,DEN00,Empower Field at Mile High
2024_14_GB_DET,2024,REG,14,2024-12-05,Thursday,20:15,GB,31,DET,34,Home,0,7,7,1,dome,fieldturf,DET00,Ford Field
2024_14_ATL_MIN,2024,REG,14,2024-12-08,Sunday,13:00,ATL,21,MIN,42,Home,0,7,7,0,dome,sportturf,MIN01,U.S. Bank Stadium
2024_14_BUF_LA,2024,REG,14,2024-12-08,Sunday,16:25,BUF,42,LA,44,Home,0,7,7,0,dome,matrixturf,LAX01,SoFi Stadium
2024_14_CAR_PHI,2024,REG,14,2024-12-08,Sunday,13:00,CAR,16,PHI,22,Home,0,7,7,0,outdoors,grass,PHI00,Lincoln Financial Field
2024_14_CHI_SF,2024,REG,14,2024-12-08,Sunday,16:25,CHI,13,SF,38,Home,0,10,7,0,outdoors,grass,SFO01,Levi's Stadium
2024_14_CLE_PIT,2024,REG,14,2024-12-08,Sunday,13:00,CLE,14,PIT,27,Home,0,6,7,1,outdoors,grass,PIT00,Acrisure Stadium
2024_14_JAX_TEN,2024,REG,14,2024-12-08,Sunday,13:00,JAX,10,TEN,6,Home,0,7,7,1,outdoors,grass,NAS00,Nissan Stadium
2024_14_LAC_KC,2024,REG,14,2024-12-08,Sunday,20:20,LAC,17,KC,19,Home,0,7,9,1,outdoors,grass,KAN00,GEHA Field at Arrowhead Stadium
2024_14_LV_TB,2024,REG,14,2024-12-08,Sunday,13:00,LV,13,TB,28,Home,0,9,7,0,outdoors,grass,TAM00,Raymond James Stadium
2024_14_NO_NYG,2024,REG,14,2024-12-08,Sunday,13:00,NO,14,NYG,11,Home,0,7,10,0,outdoors,fieldturf,NYC01,MetLife Stadium
2024_14_NYJ_MIA,2024,REG,14,2024-12-08,Sunday,13:00,NYJ,26,MIA,32,Home,1,7,10,1,outdoors,grass,MIA00,Hard Rock Stadium
2024_14_SEA_ARI,2024,REG,14,2024-12-08,Sunday,16:05,SEA,30,ARI,18,Home,0,7,7,1,closed,grass,PHO00,State Farm Stadium
2024_14_CIN_DAL,2024,REG,14,2024-12-09,Monday,20:15,CIN,27,DAL,20,Home,0,8,11,0,closed,matrixturf,DAL00,AT&T Stadium
2024_15_LA_SF,2024,REG,15,2024-12-12,Thursday,20:15,LA,12,SF,6,Home,0,4,4,1,outdoors,grass,SFO01,Levi's Stadium
2024_15_BAL_NYG,2024,REG,15,2024-12-15,Sunday,13:00,BAL,35,NYG,14,Home,0,14,7,0,outdoors,fieldturf,NYC01,MetLife Stadium
2024_15_BUF_DET,2024,REG,15,2024-12-15,Sunday,16:25,BUF,48,DET,42,Home,0,7,10,0,dome,fieldturf,DET00,Ford Field
2024_15_CIN_TEN,2024,REG,15,2024-12-15,Sunday,13:00,CIN,37,TEN,27,Home,0,6,7,0,outdoors,grass,NAS00,Nissan Stadium
2024_15_DAL_CAR,2024,REG,15,2024-12-15,Sunday,13:00,DAL,30,CAR,14,Home,0,6,7,0,outdoors,grass,CAR00,Bank of America Stadium
2024_15_GB_SEA,2024,REG,15,2024-12-15,Sunday,20:20,GB,30,SEA,13,Home,0,10,7,0,outdoors,fieldturf,SEA00,Lumen Field
2024_15_IND_DEN,2024,REG,15,2024-12-15,Sunday,16:25,IND,13,DEN,31,Home,0,14,13,0,outdoors,grass,DEN00,Empower Field at Mile High
2024_15_KC_CLE,2024,REG,15,2024-12-15,Sunday,13:00,KC,21,CLE,7,Home,0,7,7,0,outdoors,grass,CLE00,FirstEnergy Stadium
2024_15_MIA_HOU,2024,REG,15,2024-12-15,Sunday,13:00,MIA,12,HOU,20,Home,0,7,14,0,closed,astroturf,HOU00,NRG Stadium
2024_15_NE_ARI,2024,REG,15,2024-12-15,Sunday,16:25,NE,17,ARI,30,Home,0,14,7,0,closed,grass,PHO00,State Farm Stadium
2024_15_NYJ_JAX,2024,REG,15,2024-12-15,Sunday,13:00,NYJ,32,JAX,25,Home,0,7,7,0,outdoors,grass,JAX00,TIAA Bank Stadium
2024_15_PIT_PHI,2024,REG,15,2024-12-15,Sunday,16:25,PIT,13,PHI,27,Home,0,7,7,0,outdoors,grass,PHI00,Lincoln Financial Field
2024_15_TB_LAC,2024,REG,15,2024-12-15,Sunday,16:25,TB,40,LAC,17,Home,0,7,7,0,dome,matrixturf,LAX01,SoFi Stadium
2024_15_WAS_NO,2024,REG,15,2024-12-15,Sunday,13:00,WAS,20,NO,19,Home,0,14,7,0,dome,sportturf,NOR00,Mercedes-Benz Superdome
2024_15_ATL_LV,2024,REG,15,2024-12-16,Monday,20:30,ATL,15,LV,9,Home,0,8,8,0,dome,grass,VEG00,Allegiant Stadium
2024_15_CHI_MIN,2024,REG,15,2024-12-16,Monday,20:00,CHI,12,MIN,30,Home,0,8,8,1,dome,sportturf,MIN01,U.S. Bank Stadium
2024_16_DEN_LAC,2024,REG,16,2024-12-19,Thursday,20:15,DEN,27,LAC,34,Home,0,4,4,1,dome,matrixturf,LAX01,SoFi Stadium
2024_16_HOU_KC,2024,REG,16,2024-12-21,Saturday,13:00,HOU,19,KC,27,Home,0,6,6,0,outdoors,grass,KAN00,GEHA Field at Arrowhead Stadium
2024_16_PIT_BAL,2024,REG,16,2024-12-21,Saturday,16:30,PIT,17,BAL,34,Home,0,6,6,1,outdoors,grass,BAL00,M&T Bank Stadium
2024_16_ARI_CAR,2024,REG,16,2024-12-22,Sunday,13:00,ARI,30,CAR,36,Home,1,7,7,0,outdoors,grass,CAR00,Bank of America Stadium
2024_16_CLE_CIN,2024,REG,16,2024-12-22,Sunday,13:00,CLE,6,CIN,24,Home,0,7,7,1,outdoors,fieldturf,CIN00,Paycor Stadium
2024_16_DET_CHI,2024,REG,16,2024-12-22,Sunday,13:00,DET,34,CHI,17,Home,0,7,6,1,outdoors,grass,CHI98,Soldier Field
2024_16_JAX_LV,2024,REG,16,2024-12-22,Sunday,16:25,JAX,14,LV,19,Home,0,7,6,0,dome,grass,VEG00,Allegiant Stadium
2024_16_LA_NYJ,2024,REG,16,2024-12-22,Sunday,13:00,LA,19,NYJ,9,Home,0,10,7,0,outdoors,fieldturf,NYC01,MetLife Stadium
2024_16_MIN_SEA,2024,REG,16,2024-12-22,Sunday,16:05,MIN,27,SEA,24,Home,0,6,7,0,outdoors,fieldturf,SEA00,Lumen Field
2024_16_NE_BUF,2024,REG,16,2024-12-22,Sunday,16:25,NE,21,BUF,24,Home,0,7,7,1,outdoors,a_turf,BUF00,New Era Field
2024_16_NYG_ATL,2024,REG,16,2024-12-22,Sunday,13:00,NYG,7,ATL,34,Home,0,7,6,0,closed,fieldturf,ATL97,Mercedes-Benz Stadium
2024_16_PHI_WAS,2024,REG,16,2024-12-22,Sunday,13:00,PHI,33,WAS,36,Home,0,7,7,1,outdoors,grass,WAS00,FedExField
2024_16_SF_MIA,2024,REG,16,2024-12-22,Sunday,16:25,SF,17,MIA,29,Home,0,10,7,0,outdoors,grass,MIA00,Hard Rock Stadium
2024_16_TB_DAL,2024,REG,16,2024-12-22,Sunday,20:20,TB,24,DAL,26,Home,0,7,7,0,closed,matrixturf,DAL00,AT&T Stadium
2024_16_TEN_IND,2024,REG,16,2024-12-22,Sunday,13:00,TEN,30,IND,38,Home,0,7,7,1,closed,fieldturf,IND00,Lucas Oil Stadium
2024_16_NO_GB,2024,REG,16,2024-12-23,Monday,20:15,NO,0,GB,34,Home,0,8,8,0,outdoors,grass,GNB00,Lambeau Field
2024_17_BAL_HOU,2024,REG,17,2024-12-25,Wednesday,16:30,BAL,31,HOU,2,Home,0,4,4,0,closed,astroturf,HOU00,NRG Stadium
2024_17_KC_PIT,2024,REG,17,2024-12-25,Wednesday,13:00,KC,29,PIT,10,Home,0,4,4,0,outdoors,grass,PIT00,Acrisure Stadium
2024_17_SEA_CHI,2024,REG,17,2024-12-26,Thursday,20:15,SEA,6,CHI,3,Home,0,4,4,0,outdoors,grass,CHI98,Soldier Field
2024_17_ARI_LA,2024,REG,17,2024-12-28,Saturday,20:15,ARI,9,LA,13,Home,0,6,6,1,dome,matrixturf,LAX01,SoFi Stadium
2024_17_DEN_CIN,2024,REG,17,2024-12-28,Saturday,16:30,DEN,24,CIN,30,Home,1,9,6,0,outdoors,fieldturf,CIN00,Paycor Stadium
2024_17_LAC_NE,2024,REG,17,2024-12-28,Saturday,13:00,LAC,40,NE,7,Home,0,9,6,0,outdoors,fieldturf,BOS00,Gillette Stadium
2024_17_ATL_WAS,2024,REG,17,2024-12-29,Sunday,20:20,ATL,24,WAS,30,Home,1,7,7,0,outdoors,grass,WAS00,FedExField
2024_17_CAR_TB,2024,REG,17,2024-12-29,Sunday,13:00,CAR,14,TB,48,Home,0,7,7,1,outdoors,grass,TAM00,Raymond James Stadium
2024_17_DAL_PHI,2024,REG,17,2024-12-29,Sunday,13:00,DAL,7,PHI,41,Home,0,7,7,1,outdoors,grass,PHI00,Lincoln Financial Field
2024_17_GB_MIN,2024,REG,17,2024-12-29,Sunday,16:25,GB,25,MIN,27,Home,0,6,7,1,dome,sportturf,MIN01,U.S. Bank Stadium
2024_17_IND_NYG,2024,REG,17,2024-12-29,Sunday,13:00,IND,33,NYG,45,Home,0,7,7,0,outdoors,fieldturf,NYC01,MetLife Stadium
2024_17_LV_NO,2024,REG,17,2024-12-29,Sunday,13:00,LV,25,NO,10,Home,0,7,6,0,dome,sportturf,NOR00,Mercedes-Benz Superdome
2024_17_MIA_CLE,2024,REG,17,2024-12-29,Sunday,16:05,MIA,20,CLE,3,Home,0,7,7,0,outdoors,grass,CLE00,FirstEnergy Stadium
2024_17_NYJ_BUF,2024,REG,17,2024-12-29,Sunday,13:00,NYJ,14,BUF,40,Home,0,7,7,1,outdoors,a_turf,BUF00,New Era Field
2024_17_TEN_JAX,2024,REG,17,2024-12-29,Sunday,13:00,TEN,13,JAX,20,Home,0,7,7,1,outdoors,grass,JAX00,TIAA Bank Stadium
2024_17_DET_SF,2024,REG,17,2024-12-30,Monday,20:15,DET,40,SF,34,Home,0,8,8,0,outdoors,grass,SFO01,Levi's Stadium
2024_18_CIN_PIT,2024,REG,18,2025-01-04,Saturday,20:00,CIN,19,PIT,17,Home,0,7,10,1,outdoors,grass,PIT00,Acrisure Stadium
2024_18_CLE_BAL,2024,REG,18,2025-01-04,Saturday,16:30,CLE,10,BAL,35,Home,0,6,10,1,outdoors,grass,BAL00,M&T Bank Stadium
2024_18_BUF_NE,2024,REG,18,2025-01-05,Sunday,13:00,BUF,16,NE,23,Home,0,7,8,1,outdoors,fieldturf,BOS00,Gillette Stadium
2024_18_CAR_ATL,2024,REG,18,2025-01-05,Sunday,13:00,CAR,44,ATL,38,Home,1,7,7,1,closed,fieldturf,ATL97,Mercedes-Benz Stadium
2024_18_CHI_GB,2024,REG,18,2025-01-05,Sunday,13:00,CHI,24,GB,22,Home,0,10,7,1,outdoors,grass,GNB00,Lambeau Field
2024_18_HOU_TEN,2024,REG,18,2025-01-05,Sunday,13:00,HOU,23,TEN,14,Home,0,11,7,1,outdoors,grass,NAS00,Nissan Stadium
2024_18_JAX_IND,2024,REG,18,2025-01-05,Sunday,13:00,JAX,23,IND,26,Home,1,7,7,1,closed,fieldturf,IND00,Lucas Oil Stadium
2024_18_KC_DEN,2024,REG,18,2025-01-05,Sunday,16:25,KC,0,DEN,38,Home,0,11,8,1,outdoors,grass,DEN00,Empower Field at Mile High
2024_18_LAC_LV,2024,REG,18,2025-01-05,Sunday,16:25,LAC,34,LV,20,Home,0,8,7,1,dome,grass,VEG00,Allegiant Stadium
2024_18_MIA_NYJ,2024,REG,18,2025-01-05,Sunday,16:25,MIA,20,NYJ,32,Home,0,7,7,1,outdoors,fieldturf,NYC01,MetLife Stadium
2024_18_MIN_DET,2024,REG,18,2025-01-05,Sunday,20:20,MIN,9,DET,31,Home,0,7,6,1,dome,fieldturf,DET00,Ford Field
2024_18_NO_TB,2024,REG,18,2025-01-05,Sunday,13:00,NO,19,TB,27,Home,0,7,7,1,outdoors,grass,TAM00,Raymond James Stadium
2024_18_NYG_PHI,2024,REG,18,2025-01-05,Sunday,13:00,NYG,13,PHI,20,Home,0,7,7,1,outdoors,grass,PHI00,Lincoln Financial Field
2024_18_SEA_LA,2024,REG,18,2025-01-05,Sunday,16:25,SEA,30,LA,25,Home,0,10,8,1,dome,matrixturf,LAX01,SoFi Stadium
2024_18_SF_ARI,2024,REG,18,2025-01-05,Sunday,16:25,SF,24,ARI,47,Home,0,6,8,1,closed,grass,PHO00,State Farm Stadium
2024_18_WAS_DAL,2024,REG,18,2025-01-05,Sunday,13:00,WAS,23,DAL,19,Home,0,7,7,1,closed,matrixturf,DAL00,AT&T Stadium
2024_22_KC_PHI,2024,SB,22,2025-02-09,Sunday,18:30,KC,22,PHI,40,Neutral,0,14,14,0,dome,sportturf,NOR00,Mercedes-Benz Superdome
2025_01_DAL_PHI,2025,REG,1,2025-09-04,Thursday,20:20,DAL,20,PHI,24,Home,0,7,7,1,outdoors,grass,PHI00,Lincoln Financial Field
2025_01_KC_LAC,2025,REG,1,2025-09-05,Friday,20:00,KC,21,LAC,27,Neutral,0,7,7,1,dome,,LAX01,SoFi Stadium
2025_01_ARI_NO,2025,REG,1,2025-09-07,Sunday,13:00,ARI,20,NO,13,Home,0,7,7,0,dome,sportturf,NOR00,Mercedes-Benz Superdome
2025_01_BAL_BUF,2025,REG,1,2025-09-07,Sunday,20:20,BAL,40,BUF,41,Home,0,7,7,0,outdoors,a_turf,BUF00,New Era Field
2025_01_CAR_JAX,2025,REG,1,2025-09-07,Sunday,13:00,CAR,10,JAX,26,Home,0,7,7,0,outdoors,grass,JAX00,TIAA Bank Stadium
2025_01_CIN_CLE,2025,REG,1,2025-09-07,Sunday,13:00,CIN,17,CLE,16,Home,0,7,7,1,outdoors,grass,CLE00,FirstEnergy Stadium
2025_01_DET_GB,2025,REG,1,2025-09-07,Sunday,16:25,DET,13,GB,27,Home,0,7,7,1,outdoors,grass,GNB00,Lambeau Field
2025_01_HOU_LA,2025,REG,1,2025-09-07,Sunday,16:25,HOU,9,LA,14,Home,0,7,7,0,dome,matrixturf,LAX01,SoFi Stadium
2025_01_LV_NE,2025,REG,1,2025-09-07,Sunday,13:00,LV,20,NE,13,Home,0,7,7,0,outdoors,fieldturf,BOS00,Gillette Stadium
2025_01_MIA_IND,2025,REG,1,2025-09-07,Sunday,13:00,MIA,8,IND,33,Home,0,7,7,0,closed,fieldturf,IND00,Lucas Oil Stadium
2025_01_NYG_WAS,2025,REG,1,2025-09-07,Sunday,13:00,NYG,6,WAS,21,Home,0,7,7,1,outdoors,grass,WAS00,FedExField
2025_01_PIT_NYJ,2025,REG,1,2025-09-07,Sunday,13:00,PIT,34,NYJ,32,Home,0,7,7,0,outdoors,fieldturf,NYC01,MetLife Stadium
2025_01_SF_SEA,2025,REG,1,2025-09-07,Sunday,16:05,SF,17,SEA,13,Home,0,7,7,1,outdoors,fieldturf,SEA00,Lumen Field
2025_01_TB_ATL,2025,REG,1,2025-09-07,Sunday,13:00,TB,23,ATL,20,Home,0,7,7,1,closed,fieldturf,ATL97,Mercedes-Benz Stadium
2025_01_TEN_DEN,2025,REG,1,2025-09-07,Sunday,16:05,TEN,12,DEN,20,Home,0,7,7,0,outdoors,grass,DEN00,Empower Field at Mile High
2025_01_MIN_CHI,2025,REG,1,2025-09-08,Monday,20:15,MIN,27,CHI,24,Home,0,7,7,1,outdoors,grass,CHI98,Soldier Field
2025_02_WAS_GB,2025,REG,2,2025-09-11,Thursday,20:15,WAS,18,GB,27,Home,0,4,4,0,outdoors,grass,GNB00,Lambeau Field
2025_02_ATL_MIN,2025,REG,2,2025-09-14,Sunday,20:20,ATL,22,MIN,6,Home,0,7,6,0,dome,sportturf,MIN01,U.S. Bank Stadium
2025_02_BUF_NYJ,2025,REG,2,2025-09-14,Sunday,13:00,BUF,30,NYJ,10,Home,0,7,7,1,outdoors,fieldturf,NYC01,MetLife Stadium
2025_02_CAR_ARI,2025,REG,2,2025-09-14,Sunday,16:05,CAR,22,ARI,27,Home,0,7,7,0,closed,grass,PHO00,State Farm Stadium
2025_02_CHI_DET,2025,REG,2,2025-09-14,Sunday,13:00,CHI,21,DET,52,Home,0,6,7,1,dome,fieldturf,DET00,Ford Field
2025_02_CLE_BAL,2025,REG,2,2025-09-14,Sunday,13:00,CLE,17,BAL,41,Home,0,7,7,1,outdoors,grass,BAL00,M&T Bank Stadium
2025_02_DEN_IND,2025,REG,2,2025-09-14,Sunday,16:05,DEN,28,IND,29,Home,0,7,7,0,closed,fieldturf,IND00,Lucas Oil Stadium
2025_02_JAX_CIN,2025,REG,2,2025-09-14,Sunday,13:00,JAX,27,CIN,31,Home,0,7,7,0,outdoors,fieldturf,CIN00,Paycor Stadium
2025_02_LA_TEN,2025,REG,2,2025-09-14,Sunday,13:00,LA,33,TEN,19,Home,0,7,7,0,outdoors,grass,NAS00,Nissan Stadium
2025_02_NE_MIA,2025,REG,2,2025-09-14,Sunday,13:00,NE,33,MIA,27,Home,0,7,7,1,outdoors,grass,MIA00,Hard Rock Stadium
2025_02_NYG_DAL,2025,REG,2,2025-09-14,Sunday,13:00,NYG,37,DAL,40,Home,1,7,10,1,closed,matrixturf,DAL00,AT&T Stadium
2025_02_PHI_KC,2025,REG,2,2025-09-14,Sunday,16:25,PHI,20,KC,17,Home,0,10,9,0,outdoors,grass,KAN00,GEHA Field at Arrowhead Stadium
2025_02_SEA_PIT,2025,REG,2,2025-09-14,Sunday,13:00,SEA,31,PIT,17,Home,0,7,7,0,outdoors,grass,PIT00,Acrisure Stadium
2025_02_SF_NO,2025,REG,2,2025-09-14,Sunday,13:00,SF,26,NO,21,Home,0,7,7,0,dome,sportturf,NOR00,Mercedes-Benz Superdome
2025_02_LAC_LV,2025,REG,2,2025-09-15,Monday,22:00,LAC,20,LV,9,Home,0,10,8,1,dome,grass,VEG00,Allegiant Stadium
2025_02_TB_HOU,2025,REG,2,2025-09-15,Monday,19:00,TB,20,HOU,19,Home,0,8,8,0,closed,astroturf,HOU00,NRG Stadium
2025_03_MIA_BUF,2025,REG,3,2025-09-18,Thursday,20:15,MIA,21,BUF,31,Home,0,4,4,1,outdoors,a_turf,BUF00,New Era Field
2025_03_ARI_SF,2025,REG,3,2025-09-21,Sunday,16:25,ARI,15,SF,16,Home,0,7,7,1,outdoors,grass,SFO01,Levi's Stadium
2025_03_ATL_CAR,2025,REG,3,2025-09-21,Sunday,13:00,ATL,0,CAR,30,Home,0,7,7,1,outdoors,grass,CAR00,Bank of America Stadium
2025_03_CIN_MIN,2025,REG,3,2025-09-21,Sunday,13:00,CIN,10,MIN,48,Home,0,7,7,0,dome,sportturf,MIN01,U.S. Bank Stadium
2025_03_DAL_CHI,2025,REG,3,2025-09-21,Sunday,16:25,DAL,14,CHI,31,Home,0,7,7,0,outdoors,grass,CHI98,Soldier Field
2025_03_DEN_LAC,2025,REG,3,2025-09-21,Sunday,16:05,DEN,20,LAC,23,Home,0,7,6,1,dome,matrixturf,LAX01,SoFi Stadium
2025_03_GB_CLE,2025,REG,3,2025-09-21,Sunday,13:00,GB,10,CLE,13,Home,0,10,7,0,outdoors,grass,CLE00,FirstEnergy Stadium
2025_03_HOU_JAX,2025,REG,3,2025-09-21,Sunday,13:00,HOU,10,JAX,17,Home,0,6,7,1,outdoors,grass,JAX00,TIAA Bank Stadium
2025_03_IND_TEN,2025,REG,3,2025-09-21,Sunday,13:00,IND,41,TEN,20,Home,0,7,7,1,outdoors,grass,NAS00,Nissan Stadium
2025_03_KC_NYG,2025,REG,3,2025-09-21,Sunday,20:20,KC,22,NYG,9,Home,0,7,7,0,outdoors,fieldturf,NYC01,MetLife Stadium
2025_03_LA_PHI,2025,REG,3,2025-09-21,Sunday,13:00,LA,26,PHI,33,Home,0,7,7,0,outdoors,grass,PHI00,Lincoln Financial Field
2025_03_LV_WAS,2025,REG,3,2025-09-21,Sunday,13:00,LV,24,WAS,41,Home,0,6,10,0,outdoors,grass,WAS00,FedExField
2025_03_NO_SEA,2025,REG,3,2025-09-21,Sunday,16:05,NO,13,SEA,44,Home,0,7,7,0,outdoors,fieldturf,SEA00,Lumen Field
2025_03_NYJ_TB,2025,REG,3,2025-09-21,Sunday,13:00,NYJ,27,TB,29,Home,0,7,6,0,outdoors,grass,TAM00,Raymond James Stadium
2025_03_PIT_NE,2025,REG,3,2025-09-21,Sunday,13:00,PIT,21,NE,14,Home,0,7,7,0,outdoors,fieldturf,BOS00,Gillette Stadium
2025_03_DET_BAL,2025,REG,3,2025-09-22,Monday,20:15,DET,38,BAL,30,Home,0,8,8,0,outdoors,grass,BAL00,M&T Bank Stadium
2025_04_SEA_ARI,2025,REG,4,2025-09-25,Thursday,20:15,SEA,23,ARI,20,Home,0,4,4,1,closed,grass,PHO00,State Farm Stadium
2025_04_BAL_KC,2025,REG,4,2025-09-28,Sunday,16:25,BAL,20,KC,37,Home,0,6,7,0,outdoors,grass,KAN00,GEHA Field at Arrowhead Stadium
2025_04_CAR_NE,2025,REG,4,2025-09-28,Sunday,13:00,CAR,13,NE,42,Home,0,7,7,0,outdoors,fieldturf,BOS00,Gillette Stadium
2025_04_CHI_LV,2025,REG,4,2025-09-28,Sunday,16:25,CHI,25,LV,24,Home,0,7,7,0,dome,grass,VEG00,Allegiant Stadium
2025_04_CLE_DET,2025,REG,4,2025-09-28,Sunday,13:00,CLE,10,DET,34,Home,0,7,6,0,dome,fieldturf,DET00,Ford Field
2025_04_GB_DAL,2025,REG,4,2025-09-28,Sunday,20:20,GB,40,DAL,40,Home,1,7,7,0,closed,matrixturf,DAL00,AT&T Stadium
2025_04_IND_LA,2025,REG,4,2025-09-28,Sunday,16:05,IND,20,LA,27,Home,0,7,7,0,dome,matrixturf,LAX01,SoFi Stadium
2025_04_JAX_SF,2025,REG,4,2025-09-28,Sunday,16:05,JAX,26,SF,21,Home,0,7,7,0,outdoors,grass,SFO01,Levi's Stadium
2025_04_LAC_NYG,2025,REG,4,2025-09-28,Sunday,13:00,LAC,18,NYG,21,Home,0,7,7,0,outdoors,fieldturf,NYC01,MetLife Stadium
2025_04_MIN_PIT,2025,REG,4,2025-09-28,Sunday,09:30,MIN,21,PIT,24,Neutral,0,7,7,0,outdoors,grass,PIT00,Acrisure Stadium
2025_04_NO_BUF,2025,REG,4,2025-09-28,Sunday,13:00,NO,19,BUF,31,Home,0,7,10,0,outdoors,a_turf,BUF00,New Era Field
2025_04_PHI_TB,2025,REG,4,2025-09-28,Sunday,13:00,PHI,31,TB,25,Home,0,7,7,0,outdoors,grass,TAM00,Raymond James Stadium
2025_04_TEN_HOU,2025,REG,4,2025-09-28,Sunday,13:00,TEN,0,HOU,26,Home,0,7,7,1,closed,astroturf,HOU00,NRG Stadium
2025_04_WAS_ATL,2025,REG,4,2025-09-28,Sunday,13:00,WAS,27,ATL,34,Home,0,7,7,0,closed,fieldturf,ATL97,Mercedes-Benz Stadium
2025_04_CIN_DEN,2025,REG,4,2025-09-29,Monday,20:15,CIN,3,DEN,28,Home,0,8,8,0,outdoors,grass,DEN00,Empower Field at Mile High
2025_04_NYJ_MIA,2025,REG,4,2025-09-29,Monday,19:15,NYJ,21,MIA,27,Home,0,8,11,1,outdoors,grass,MIA00,Hard Rock Stadium
2025_05_SF_LA,2025,REG,5,2025-10-02,Thursday,20:15,SF,26,LA,23,Home,1,4,4,1,dome,matrixturf,LAX01,SoFi Stadium
2025_05_DAL_NYJ,2025,REG,5,2025-10-05,Sunday,13:00,DAL,37,NYJ,22,Home,0,7,6,0,outdoors,fieldturf,NYC01,MetLife Stadium
2025_05_DEN_PHI,2025,REG,5,2025-10-05,Sunday,13:00,DEN,21,PHI,17,Home,0,6,7,0,outdoors,grass,PHI00,Lincoln Financial Field
2025_05_DET_CIN,2025,REG,5,2025-10-05,Sunday,16:25,DET,37,CIN,24,Home,0,7,6,0,outdoors,fieldturf,CIN00,Paycor Stadium
2025_05_HOU_BAL,2025,REG,5,2025-10-05,Sunday,13:00,HOU,44,BAL,10,Home,0,7,7,0,outdoors,grass,BAL00,M&T Bank Stadium
2025_05_LV_IND,2025,REG,5,2025-10-05,Sunday,13:00,LV,6,IND,40,Home,0,7,7,0,closed,fieldturf,IND00,Lucas Oil Stadium
2025_05_MIA_CAR,2025,REG,5,2025-10-05,Sunday,13:00,MIA,24,CAR,27,Home,0,6,7,0,outdoors,grass,CAR00,Bank of America Stadium
2025_05_MIN_CLE,2025,REG,5,2025-10-05,Sunday,09:30,MIN,21,CLE,17,Neutral,0,7,7,0,outdoors,grass,CLE00,FirstEnergy Stadium
2025_05_NE_BUF,2025,REG,5,2025-10-05,Sunday,20:20,NE,23,BUF,20,Home,0,7,7,1,outdoors,a_turf,BUF00,New Era Field
2025_05_NYG_NO,2025,REG,5,2025-10-05,Sunday,13:00,NYG,14,NO,26,Home,0,7,7,0,dome,sportturf,NOR00,Mercedes-Benz Superdome
2025_05_TB_SEA,2025,REG,5,2025-10-05,Sunday,16:05,TB,38,SEA,35,Home,0,7,10,0,outdoors,fieldturf,SEA00,Lumen Field
2025_05_TEN_ARI,2025,REG,5,2025-10-05,Sunday,16:05,TEN,22,ARI,21,Home,0,7,10,0,closed,grass,PHO00,State Farm Stadium
2025_05_WAS_LAC,2025,REG,5,2025-10-05,Sunday,16:25,WAS,27,LAC,10,Home,0,7,7,0,dome,matrixturf,LAX01,SoFi Stadium
2025_05_KC_JAX,2025,REG,5,2025-10-06,Monday,20:15,KC,28,JAX,31,Home,0,8,8,0,outdoors,grass,JAX00,TIAA Bank Stadium
2025_06_PHI_NYG,2025,REG,6,2025-10-09,Thursday,20:15,PHI,17,NYG,34,Home,0,4,4,1,outdoors,fieldturf,NYC01,MetLife Stadium
2025_06_ARI_IND,2025,REG,6,2025-10-12,Sunday,13:00,ARI,27,IND,31,Home,0,7,7,0,closed,fieldturf,IND00,Lucas Oil Stadium
2025_06_CIN_GB,2025,REG,6,2025-10-12,Sunday,16:25,CIN,18,GB,27,Home,0,7,14,0,outdoors,grass,GNB00,Lambeau Field
2025_06_CLE_PIT,2025,REG,6,2025-10-12,Sunday,13:00,CLE,9,PIT,23,Home,0,7,14,1,outdoors,grass,PIT00,Acrisure Stadium
2025_06_DAL_CAR,2025,REG,6,2025-10-12,Sunday,13:00,DAL,27,CAR,30,Home,0,7,7,0,outdoors,grass,CAR00,Bank of America Stadium
2025_06_DEN_NYJ,2025,REG,6,2025-10-12,Sunday,09:30,DEN,13,NYJ,11,Neutral,0,7,7,0,outdoors,grass,NYC01,MetLife Stadium
2025_06_DET_KC,2025,REG,6,2025-10-12,Sunday,20:20,DET,17,KC,30,Home,0,7,6,0,outdoors,grass,KAN00,GEHA Field at Arrowhead Stadium
2025_06_LAC_MIA,2025,REG,6,2025-10-12,Sunday,13:00,LAC,29,MIA,27,Home,0,7,7,0,outdoors,grass,MIA00,Hard Rock Stadium
2025_06_LA_BAL,2025,REG,6,2025-10-12,Sunday,13:00,LA,17,BAL,3,Home,0,10,7,0,outdoors,grass,BAL00,M&T Bank Stadium
2025_06_NE_NO,2025,REG,6,2025-10-12,Sunday,13:00,NE,25,NO,19,Home,0,7,7,0,dome,sportturf,NOR00,Mercedes-Benz Superdome
2025_06_SEA_JAX,2025,REG,6,2025-10-12,Sunday,13:00,SEA,20,JAX,12,Home,0,7,6,0,outdoors,grass,JAX00,TIAA Bank Stadium
2025_06_SF_TB,2025,REG,6,2025-10-12,Sunday,16:25,SF,19,TB,30,Home,0,10,7,0,outdoors,grass,TAM00,Raymond James Stadium
2025_06_TEN_LV,2025,REG,6,2025-10-12,Sunday,16:05,TEN,10,LV,20,Home,0,7,7,0,dome,grass,VEG00,Allegiant Stadium
2025_06_BUF_ATL,2025,REG,6,2025-10-13,Monday,19:15,BUF,14,ATL,24,Home,0,8,15,0,closed,fieldturf,ATL97,Mercedes-Benz Stadium
2025_06_CHI_WAS,2025,REG,6,2025-10-13,Monday,20:15,CHI,25,WAS,24,Home,0,15,8,0,outdoors,grass,WAS00,FedExField
2025_07_PIT_CIN,2025,REG,7,2025-10-16,Thursday,20:15,PIT,31,CIN,33,Home,0,4,4,1,outdoors,fieldturf,CIN00,Paycor Stadium
2025_07_ATL_SF,2025,REG,7,2025-10-19,Sunday,20:20,ATL,10,SF,20,Home,0,6,7,0,outdoors,grass,SFO01,Levi's Stadium
2025_07_CAR_NYJ,2025,REG,7,2025-10-19,Sunday,13:00,CAR,13,NYJ,6,Home,0,7,7,0,outdoors,fieldturf,NYC01,MetLife Stadium
2025_07_GB_ARI,2025,REG,7,2025-10-19,Sunday,16:25,GB,27,ARI,23,Home,0,7,7,0,closed,grass,PHO00,State Farm Stadium
2025_07_IND_LAC,2025,REG,7,2025-10-19,Sunday,16:05,IND,38,LAC,24,Home,0,7,7,0,dome,matrixturf,LAX01,SoFi Stadium
2025_07_LA_JAX,2025,REG,7,2025-10-19,Sunday,09:30,LA,35,JAX,7,Neutral,0,7,7,0,outdoors,grass,JAX00,TIAA Bank Stadium
2025_07_LV_KC,2025,REG,7,2025-10-19,Sunday,13:00,LV,0,KC,31,Home,0,7,7,1,outdoors,grass,KAN00,GEHA Field at Arrowhead Stadium
2025_07_MIA_CLE,2025,REG,7,2025-10-19,Sunday,13:00,MIA,6,CLE,31,Home,0,7,7,0,outdoors,grass,CLE00,FirstEnergy Stadium
2025_07_NE_TEN,2025,REG,7,2025-10-19,Sunday,13:00,NE,31,TEN,13,Home,0,7,7,0,outdoors,grass,NAS00,Nissan Stadium
2025_07_NO_CHI,2025,REG,7,2025-10-19,Sunday,13:00,NO,14,CHI,26,Home,0,7,6,0,outdoors,grass,CHI98,Soldier Field
2025_07_NYG_DEN,2025,REG,7,2025-10-19,Sunday,16:05,NYG,32,DEN,33,Home,0,10,7,0,outdoors,grass,DEN00,Empower Field at Mile High
2025_07_PHI_MIN,2025,REG,7,2025-10-19,Sunday,13:00,PHI,28,MIN,22,Home,0,10,14,0,dome,sportturf,MIN01,U.S. Bank Stadium
2025_07_WAS_DAL,2025,REG,7,2025-10-19,Sunday,16:25,WAS,22,DAL,44,Home,0,6,7,1,closed,matrixturf,DAL00,AT&T Stadium
2025_07_HOU_SEA,2025,REG,7,2025-10-20,Monday,22:00,HOU,19,SEA,27,Home,0,15,8,0,outdoors,fieldturf,SEA00,Lumen Field
2025_07_TB_DET,2025,REG,7,2025-10-20,Monday,19:00,TB,9,DET,24,Home,0,8,8,0,dome,fieldturf,DET00,Ford Field
2025_08_MIN_LAC,2025,REG,8,2025-10-23,Thursday,20:15,MIN,10,LAC,37,Home,0,4,4,0,dome,matrixturf,LAX01,SoFi Stadium
2025_08_BUF_CAR,2025,REG,8,2025-10-26,Sunday,13:00,BUF,40,CAR,9,Home,0,13,7,0,outdoors,grass,CAR00,Bank of America Stadium
2025_08_CHI_BAL,2025,REG,8,2025-10-26,Sunday,13:00,CHI,16,BAL,30,Home,0,7,14,0,outdoors,grass,BAL00,M&T Bank Stadium
2025_08_CLE_NE,2025,REG,8,2025-10-26,Sunday,13:00,CLE,13,NE,32,Home,0,7,7,0,outdoors,fieldturf,BOS00,Gillette Stadium
2025_08_DAL_DEN,2025,REG,8,2025-10-26,Sunday,16:25,DAL,24,DEN,44,Home,0,7,7,0,outdoors,grass,DEN00,Empower Field at Mile High
2025_08_GB_PIT,2025,REG,8,2025-10-26,Sunday,20:20,GB,35,PIT,25,Home,0,7,10,0,outdoors,grass,PIT00,Acrisure Stadium
2025_08_MIA_ATL,2025,REG,8,2025-10-26,Sunday,13:00,MIA,34,ATL,10,Home,0,7,7,0,closed,fieldturf,ATL97,Mercedes-Benz Stadium
2025_08_NYG_PHI,2025,REG,8,2025-10-26,Sunday,13:00,NYG,20,PHI,38,Home,0,7,7,1,outdoors,grass,PHI00,Lincoln Financial Field
2025_08_NYJ_CIN,2025,REG,8,2025-10-26,Sunday,13:00,NYJ,39,CIN,38,Home,0,7,10,0,outdoors,fieldturf,CIN00,Paycor Stadium
2025_08_SF_HOU,2025,REG,8,2025-10-26,Sunday,13:00,SF,15,HOU,26,Home,0,7,6,0,closed,astroturf,HOU00,NRG Stadium
2025_08_TB_NO,2025,REG,8,2025-10-26,Sunday,16:05,TB,23,NO,3,Home,0,6,7,1,dome,sportturf,NOR00,Mercedes-Benz Superdome
2025_08_TEN_IND,2025,REG,8,2025-10-26,Sunday,16:25,TEN,14,IND,38,Home,0,7,7,1,closed,fieldturf,IND00,Lucas Oil Stadium
2025_08_WAS_KC,2025,REG,8,2025-10-27,Monday,20:15,WAS,7,KC,28,Home,0,8,8,0,outdoors,grass,KAN00,GEHA Field at Arrowhead Stadium
2025_09_BAL_MIA,2025,REG,9,2025-10-30,Thursday,20:15,BAL,28,MIA,6,Home,0,4,4,0,outdoors,grass,MIA00,Hard Rock Stadium
2025_09_ATL_NE,2025,REG,9,2025-11-02,Sunday,13:00,ATL,23,NE,24,Home,0,7,7,0,outdoors,fieldturf,BOS00,Gillette Stadium
2025_09_CAR_GB,2025,REG,9,2025-11-02,Sunday,13:00,CAR,16,GB,13,Home,0,7,7,0,outdoors,grass,GNB00,Lambeau Field
2025_09_CHI_CIN,2025,REG,9,2025-11-02,Sunday,13:00,CHI,47,CIN,42,Home,0,7,7,0,outdoors,fieldturf,CIN00,Paycor Stadium
2025_09_DEN_HOU,2025,REG,9,2025-11-02,Sunday,13:00,DEN,18,HOU,15,Home,0,7,7,0,closed,astroturf,HOU00,NRG Stadium
2025_09_IND_PIT,2025,REG,9,2025-11-02,Sunday,13:00,IND,20,PIT,27,Home,0,7,7,0,outdoors,grass,PIT00,Acrisure Stadium
2025_09_JAX_LV,2025,REG,9,2025-11-02,Sunday,16:05,JAX,30,LV,29,Home,1,14,14,0,dome,grass,VEG00,Allegiant Stadium
2025_09_KC_BUF,2025,REG,9,2025-11-02,Sunday,16:25,KC,21,BUF,28,Home,0,6,7,0,outdoors,a_turf,BUF00,New Era Field
2025_09_LAC_TEN,2025,REG,9,2025-11-02,Sunday,13:00,LAC,27,TEN,20,Home,0,10,7,0,outdoors,grass,NAS00,Nissan Stadium
2025_09_MIN_DET,2025,REG,9,2025-11-02,Sunday,13:00,MIN,27,DET,24,Home,0,10,13,1,dome,fieldturf,DET00,Ford Field
2025_09_NO_LA,2025,REG,9,2025-11-02,Sunday,16:05,NO,10,LA,34,Home,0,7,14,0,dome,matrixturf,LAX01,SoFi Stadium
2025_09_SEA_WAS,2025,REG,9,2025-11-02,Sunday,20:20,SEA,38,WAS,14,Home,0,13,6,0,outdoors,grass,WAS00,FedExField
2025_09_SF_NYG,2025,REG,9,2025-11-02,Sunday,13:00,SF,34,NYG,24,Home,0,7,7,0,outdoors,fieldturf,NYC01,MetLife Stadium
2025_09_ARI_DAL,2025,REG,9,2025-11-03,Monday,20:15,ARI,27,DAL,17,Home,0,15,8,0,closed,matrixturf,DAL00,AT&T Stadium
2025_10_LV_DEN,2025,REG,10,2025-11-06,Thursday,20:15,LV,7,DEN,10,Home,0,4,4,1,outdoors,grass,DEN00,Empower Field at Mile High
2025_10_ARI_SEA,2025,REG,10,2025-11-09,Sunday,16:05,ARI,22,SEA,44,Home,0,6,7,1,outdoors,fieldturf,SEA00,Lumen Field
2025_10_ATL_IND,2025,REG,10,2025-11-09,Sunday,09:30,ATL,25,IND,31,Neutral,1,7,7,0,closed,grass,IND00,Lucas Oil Stadium
2025_10_BAL_MIN,2025,REG,10,2025-11-09,Sunday,13:00,BAL,27,MIN,19,Home,0,10,7,0,dome,sportturf,MIN01,U.S. Bank Stadium
2025_10_BUF_MIA,2025,REG,10,2025-11-09,Sunday,13:00,BUF,13,MIA,30,Home,0,7,10,1,outdoors,grass,MIA00,Hard Rock Stadium
2025_10_CLE_NYJ,2025,REG,10,2025-11-09,Sunday,13:00,CLE,20,NYJ,27,Home,0,14,14,0,outdoors,fieldturf,NYC01,MetLife Stadium
2025_10_DET_WAS,2025,REG,10,2025-11-09,Sunday,16:25,DET,44,WAS,22,Home,0,7,7,0,outdoors,grass,WAS00,FedExField
2025_10_JAX_HOU,2025,REG,10,2025-11-09,Sunday,13:00,JAX,29,HOU,36,Home,0,7,7,1,closed,astroturf,HOU00,NRG Stadium
2025_10_LA_SF,2025,REG,10,2025-11-09,Sunday,16:25,LA,42,SF,26,Home,0,7,7,1,outdoors,grass,SFO01,Levi's Stadium
2025_10_NE_TB,2025,REG,10,2025-11-09,Sunday,13:00,NE,28,TB,23,Home,0,7,14,0,outdoors,grass,TAM00,Raymond James Stadium
2025_10_NO_CAR,2025,REG,10,2025-11-09,Sunday,13:00,NO,17,CAR,7,Home,0,7,7,1,outdoors,grass,CAR00,Bank of America Stadium
2025_10_NYG_CHI,2025,REG,10,2025-11-09,Sunday,13:00,NYG,20,CHI,24,Home,0,7,7,0,outdoors,grass,CHI98,Soldier Field
2025_10_PIT_LAC,2025,REG,10,2025-11-09,Sunday,20:20,PIT,10,LAC,25,Home,0,7,7,0,dome,matrixturf,LAX01,SoFi Stadium
2025_10_PHI_GB,2025,REG,10,2025-11-10,Monday,20:15,PHI,10,GB,7,Home,0,15,8,0,outdoors,grass,GNB00,Lambeau Field
2025_11_NYJ_NE,2025,REG,11,2025-11-13,Thursday,20:15,NYJ,14,NE,27,Home,0,4,4,1,outdoors,fieldturf,BOS00,Gillette Stadium
2025_11_BAL_CLE,2025,REG,11,2025-11-16,Sunday,16:25,BAL,23,CLE,16,Home,0,7,7,1,outdoors,grass,CLE00,FirstEnergy Stadium
2025_11_CAR_ATL,2025,REG,11,2025-11-16,Sunday,13:00,CAR,30,ATL,27,Home,1,7,7,1,closed,fieldturf,ATL97,Mercedes-Benz Stadium
2025_11_CHI_MIN,2025,REG,11,2025-11-16,Sunday,13:00,CHI,19,MIN,17,Home,0,7,7,1,dome,sportturf,MIN01,U.S. Bank Stadium
2025_11_CIN_PIT,2025,REG,11,2025-11-16,Sunday,13:00,CIN,12,PIT,34,Home,0,14,7,1,outdoors,grass,PIT00,Acrisure Stadium
2025_11_DET_PHI,2025,REG,11,2025-11-16,Sunday,20:20,DET,9,PHI,16,Home,0,7,6,0,outdoors,grass,PHI00,Lincoln Financial Field
2025_11_GB_NYG,2025,REG,11,2025-11-16,Sunday,13:00,GB,27,NYG,20,Home,0,6,7,0,outdoors,fieldturf,NYC01,MetLife Stadium
2025_11_HOU_TEN,2025,REG,11,2025-11-16,Sunday,13:00,HOU,16,TEN,13,Home,0,7,14,1,outdoors,grass,NAS00,Nissan Stadium
2025_11_KC_DEN,2025,REG,11,2025-11-16,Sunday,16:25,KC,19,DEN,22,Home,0,14,10,1,outdoors,grass,DEN00,Empower Field at Mile High
2025_11_LAC_JAX,2025,REG,11,2025-11-16,Sunday,13:00,LAC,6,JAX,35,Home,0,7,7,0,outdoors,grass,JAX00,TIAA Bank Stadium
2025_11_SEA_LA,2025,REG,11,2025-11-16,Sunday,16:05,SEA,19,LA,21,Home,0,7,7,1,dome,matrixturf,LAX01,SoFi Stadium
2025_11_SF_ARI,2025,REG,11,2025-11-16,Sunday,16:05,SF,41,ARI,22,Home,0,7,7,1,closed,grass,PHO00,State Farm Stadium
2025_11_TB_BUF,2025,REG,11,2025-11-16,Sunday,13:00,TB,32,BUF,44,Home,0,7,7,0,outdoors,a_turf,BUF00,New Era Field
2025_11_WAS_MIA,2025,REG,11,2025-11-16,Sunday,09:30,WAS,13,MIA,16,Neutral,1,7,7,0,outdoors,grass,MIA00,Hard Rock Stadium
2025_11_DAL_LV,2025,REG,11,2025-11-17,Monday,20:15,DAL,33,LV,16,Home,0,14,11,0,dome,grass,VEG00,Allegiant Stadium
2025_12_BUF_HOU,2025,REG,12,2025-11-20,Thursday,20:15,BUF,19,HOU,23,Home,0,4,4,0,closed,astroturf,HOU00,NRG Stadium
2025_12_ATL_NO,2025,REG,12,2025-11-23,Sunday,16:25,ATL,24,NO,10,Home,0,7,14,1,dome,sportturf,NOR00,Mercedes-Benz Superdome
2025_12_CLE_LV,2025,REG,12,2025-11-23,Sunday,16:05,CLE,24,LV,10,Home,0,7,6,0,dome,grass,VEG00,Allegiant Stadium
2025_12_IND_KC,2025,REG,12,2025-11-23,Sunday,13:00,IND,20,KC,23,Home,1,14,7,0,outdoors,grass,KAN00,GEHA Field at Arrowhead Stadium
2025_12_JAX_ARI,2025,REG,12,2025-11-23,Sunday,16:05,JAX,27,ARI,24,Home,1,7,7,0,closed,grass,PHO00,State Farm Stadium
2025_12_MIN_GB,2025,REG,12,2025-11-23,Sunday,13:00,MIN,6,GB,23,Home,0,7,7,1,outdoors,grass,GNB00,Lambeau Field
2025_12_NE_CIN,2025,REG,12,2025-11-23,Sunday,13:00,NE,26,CIN,20,Home,0,10,7,0,outdoors,fieldturf,CIN00,Paycor Stadium
2025_12_NYG_DET,2025,REG,12,2025-11-23,Sunday,13:00,NYG,27,DET,34,Home,1,7,7,0,dome,fieldturf,DET00,Ford Field
2025_12_NYJ_BAL,2025,REG,12,2025-11-23,Sunday,13:00,NYJ,10,BAL,23,Home,0,10,7,0,outdoors,grass,BAL00,M&T Bank Stadium
2025_12_PHI_DAL,2025,REG,12,2025-11-23,Sunday,16:25,PHI,21,DAL,24,Home,0,7,6,1,closed,matrixturf,DAL00,AT&T Stadium
2025_12_PIT_CHI,2025,REG,12,2025-11-23,Sunday,13:00,PIT,28,CHI,31,Home,0,7,7,0,outdoors,grass,CHI98,Soldier Field
2025_12_SEA_TEN,2025,REG,12,2025-11-23,Sunday,13:00,SEA,30,TEN,24,Home,0,7,7,0,outdoors,grass,NAS00,Nissan Stadium
2025_12_TB_LA,2025,REG,12,2025-11-23,Sunday,20:20,TB,7,LA,34,Home,0,7,7,0,dome,matrixturf,LAX01,SoFi Stadium
2025_12_CAR_SF,2025,REG,12,2025-11-24,Monday,20:15,CAR,9,SF,20,Home,0,8,8,0,outdoors,grass,SFO01,Levi's Stadium
2025_13_CIN_BAL,2025,REG,13,2025-11-27,Thursday,20:20,CIN,32,BAL,14,Home,0,4,4,1,outdoors,grass,BAL00,M&T Bank Stadium
2025_13_GB_DET,2025,REG,13,2025-11-27,Thursday,13:00,GB,31,DET,24,Home,0,4,4,1,dome,fieldturf,DET00,Ford Field
2025_13_KC_DAL,2025,REG,13,2025-11-27,Thursday,16:30,KC,28,DAL,31,Home,0,4,4,0,closed,matrixturf,DAL00,AT&T Stadium
2025_13_CHI_PHI,2025,REG,13,2025-11-28,Friday,15:00,CHI,24,PHI,15,Home,0,5,5,0,outdoors,grass,PHI00,Lincoln Financial Field
2025_13_ARI_TB,2025,REG,13,2025-11-30,Sunday,13:00,ARI,17,TB,20,Home,0,7,7,0,outdoors,grass,TAM00,Raymond James Stadium
2025_13_ATL_NYJ,2025,REG,13,2025-11-30,Sunday,13:00,ATL,24,NYJ,27,Home,0,7,7,0,outdoors,fieldturf,NYC01,MetLife Stadium
2025_13_BUF_PIT,2025,REG,13,2025-11-30,Sunday,16:25,BUF,26,PIT,7,Home,0,10,7,0,outdoors,grass,PIT00,Acrisure Stadium
2025_13_DEN_WAS,2025,REG,13,2025-11-30,Sunday,20:20,DEN,27,WAS,26,Home,1,14,14,0,outdoors,grass,WAS00,FedExField
2025_13_HOU_IND,2025,REG,13,2025-11-30,Sunday,13:00,HOU,20,IND,16,Home,0,10,7,1,closed,fieldturf,IND00,Lucas Oil Stadium
2025_13_JAX_TEN,2025,REG,13,2025-11-30,Sunday,13:00,JAX,25,TEN,3,Home,0,7,7,1,outdoors,grass,NAS00,Nissan Stadium
2025_13_LA_CAR,2025,REG,13,2025-11-30,Sunday,13:00,LA,28,CAR,31,Home,0,7,6,0,outdoors,grass,CAR00,Bank of America Stadium
2025_13_LV_LAC,2025,REG,13,2025-11-30,Sunday,16:25,LV,14,LAC,31,Home,0,7,14,1,dome,matrixturf,LAX01,SoFi Stadium
2025_13_MIN_SEA,2025,REG,13,2025-11-30,Sunday,16:05,MIN,0,SEA,26,Home,0,7,7,0,outdoors,fieldturf,SEA00,Lumen Field
2025_13_NO_MIA,2025,REG,13,2025-11-30,Sunday,13:00,NO,17,MIA,21,Home,0,7,14,0,outdoors,grass,MIA00,Hard Rock Stadium
2025_13_SF_CLE,2025,REG,13,2025-11-30,Sunday,13:00,SF,26,CLE,8,Home,0,6,7,0,outdoors,grass,CLE00,FirstEnergy Stadium
2025_13_NYG_NE,2025,REG,13,2025-12-01,Monday,20:15,NYG,15,NE,33,Home,0,8,8,0,outdoors,fieldturf,BOS00,Gillette Stadium
2025_14_DAL_DET,2025,REG,14,2025-12-04,Thursday,20:15,DAL,30,DET,44,Home,0,7,7,0,dome,fieldturf,DET00,Ford Field
2025_14_CHI_GB,2025,REG,14,2025-12-07,Sunday,16:25,CHI,21,GB,28,Home,0,9,10,1,outdoors,grass,GNB00,Lambeau Field
2025_14_CIN_BUF,2025,REG,14,2025-12-07,Sunday,13:00,CIN,34,BUF,39,Home,0,10,7,0,outdoors,a_turf,BUF00,New Era Field
2025_14_DEN_LV,2025,REG,14,2025-12-07,Sunday,16:05,DEN,24,LV,17,Home,0,7,7,1,dome,grass,VEG00,Allegiant Stadium
2025_14_HOU_KC,2025,REG,14,2025-12-07,Sunday,20:20,HOU,20,KC,10,Home,0,7,10,0,outdoors,grass,KAN00,GEHA Field at Arrowhead Stadium
2025_14_IND_JAX,2025,REG,14,2025-12-07,Sunday,13:00,IND,19,JAX,36,Home,0,7,7,1,outdoors,grass,JAX00,TIAA Bank Stadium
2025_14_LA_ARI,2025,REG,14,2025-12-07,Sunday,16:25,LA,45,ARI,17,Home,0,7,7,1,closed,grass,PHO00,State Farm Stadium
2025_14_MIA_NYJ,2025,REG,14,2025-12-07,Sunday,13:00,MIA,34,NYJ,10,Home,0,7,7,1,outdoors,fieldturf,NYC01,MetLife Stadium
2025_14_NO_TB,2025,REG,14,2025-12-07,Sunday,13:00,NO,24,TB,20,Home,0,7,7,1,outdoors,grass,TAM00,Raymond James Stadium
2025_14_PIT_BAL,2025,REG,14,2025-12-07,Sunday,13:00,PIT,27,BAL,22,Home,0,7,10,1,outdoors,grass,BAL00,M&T Bank Stadium
2025_14_SEA_ATL,2025,REG,14,2025-12-07,Sunday,13:00,SEA,37,ATL,9,Home,0,7,7,0,closed,fieldturf,ATL97,Mercedes-Benz Stadium
2025_14_TEN_CLE,2025,REG,14,2025-12-07,Sunday,13:00,TEN,31,CLE,29,Home,0,7,7,0,outdoors,grass,CLE00,FirstEnergy Stadium
2025_14_WAS_MIN,2025,REG,14,2025-12-07,Sunday,13:00,WAS,0,MIN,31,Home,0,7,7,0,dome,sportturf,MIN01,U.S. Bank Stadium
2025_14_PHI_LAC,2025,REG,14,2025-12-08,Monday,20:15,PHI,19,LAC,22,Home,1,10,8,0,dome,matrixturf,LAX01,SoFi Stadium
2025_15_ATL_TB,2025,REG,15,2025-12-11,Thursday,20:15,ATL,29,TB,28,Home,0,4,4,1,outdoors,grass,TAM00,Raymond James Stadium
2025_15_ARI_HOU,2025,REG,15,2025-12-14,Sunday,13:00,ARI,20,HOU,40,Home,0,7,7,0,closed,astroturf,HOU00,NRG Stadium
2025_15_BAL_CIN,2025,REG,15,2025-12-14,Sunday,13:00,BAL,24,CIN,0,Home,0,7,7,1,outdoors,fieldturf,CIN00,Paycor Stadium
2025_15_BUF_NE,2025,REG,15,2025-12-14,Sunday,13:00,BUF,35,NE,31,Home,0,7,13,1,outdoors,fieldturf,BOS00,Gillette Stadium
2025_15_CAR_NO,2025,REG,15,2025-12-14,Sunday,16:25,CAR,17,NO,20,Home,0,14,7,1,dome,sportturf,NOR00,Mercedes-Benz Superdome
2025_15_CLE_CHI,2025,REG,15,2025-12-14,Sunday,13:00,CLE,3,CHI,31,Home,0,7,7,0,outdoors,grass,CHI98,Soldier Field
2025_15_DET_LA,2025,REG,15,2025-12-14,Sunday,16:25,DET,34,LA,41,Home,0,10,7,0,dome,matrixturf,LAX01,SoFi Stadium
2025_15_GB_DEN,2025,REG,15,2025-12-14,Sunday,16:25,GB,26,DEN,34,Home,0,7,7,0,outdoors,grass,DEN00,Empower Field at Mile High
2025_15_IND_SEA,2025,REG,15,2025-12-14,Sunday,16:25,IND,16,SEA,18,Home,0,7,7,0,outdoors,fieldturf,SEA00,Lumen Field
2025_15_LAC_KC,2025,REG,15,2025-12-14,Sunday,13:00,LAC,16,KC,13,Home,0,6,7,1,outdoors,grass,KAN00,GEHA Field at Arrowhead Stadium
2025_15_LV_PHI,2025,REG,15,2025-12-14,Sunday,13:00,LV,0,PHI,31,Home,0,7,6,0,outdoors,grass,PHI00,Lincoln Financial Field
2025_15_MIN_DAL,2025,REG,15,2025-12-14,Sunday,20:20,MIN,34,DAL,26,Home,0,7,10,0,closed,matrixturf,DAL00,AT&T Stadium
2025_15_NYJ_JAX,2025,REG,15,2025-12-14,Sunday,13:00,NYJ,20,JAX,48,Home,0,7,7,0,outdoors,grass,JAX00,TIAA Bank Stadium
2025_15_TEN_SF,2025,REG,15,2025-12-14,Sunday,16:25,TEN,24,SF,37,Home,0,7,14,0,outdoors,grass,SFO01,Levi's Stadium
2025_15_WAS_NYG,2025,REG,15,2025-12-14,Sunday,13:00,WAS,29,NYG,21,Home,0,7,13,1,outdoors,fieldturf,NYC01,MetLife Stadium
2025_15_MIA_PIT,2025,REG,15,2025-12-15,Monday,20:15,MIA,15,PIT,28,Home,0,8,8,0,outdoors,grass,PIT00,Acrisure Stadium
2025_16_LA_SEA,2025,REG,16,2025-12-18,Thursday,20:15,LA,37,SEA,38,Home,1,4,4,1,outdoors,fieldturf,SEA00,Lumen Field
2025_16_GB_CHI,2025,REG,16,2025-12-20,Saturday,20:20,GB,16,CHI,22,Home,1,6,6,1,outdoors,grass,CHI98,Soldier Field
2025_16_PHI_WAS,2025,REG,16,2025-12-20,Saturday,17:00,PHI,29,WAS,18,Home,0,6,6,1,outdoors,grass,WAS00,FedExField
2025_16_ATL_ARI,2025,REG,16,2025-12-21,Sunday,16:05,ATL,26,ARI,19,Home,0,10,7,0,closed,grass,PHO00,State Farm Stadium
2025_16_BUF_CLE,2025,REG,16,2025-12-21,Sunday,13:00,BUF,23,CLE,20,Home,0,7,7,0,outdoors,grass,CLE00,FirstEnergy Stadium
2025_16_CIN_MIA,2025,REG,16,2025-12-21,Sunday,13:00,CIN,45,MIA,21,Home,0,7,6,0,outdoors,grass,MIA00,Hard Rock Stadium
2025_16_JAX_DEN,2025,REG,16,2025-12-21,Sunday,16:05,JAX,34,DEN,20,Home,0,7,7,0,outdoors,grass,DEN00,Empower Field at Mile High
2025_16_KC_TEN,2025,REG,16,2025-12-21,Sunday,13:00,KC,9,TEN,26,Home,0,7,7,0,outdoors,grass,NAS00,Nissan Stadium
2025_16_LAC_DAL,2025,REG,16,2025-12-21,Sunday,13:00,LAC,34,DAL,17,Home,0,7,7,0,closed,matrixturf,DAL00,AT&T Stadium
2025_16_LV_HOU,2025,REG,16,2025-12-21,Sunday,16:25,LV,21,HOU,23,Home,0,7,7,0,closed,astroturf,HOU00,NRG Stadium
2025_16_MIN_NYG,2025,REG,16,2025-12-21,Sunday,13:00,MIN,16,NYG,13,Home,0,7,7,0,outdoors,fieldturf,NYC01,MetLife Stadium
2025_16_NE_BAL,2025,REG,16,2025-12-21,Sunday,20:20,NE,28,BAL,24,Home,0,7,7,0,outdoors,grass,BAL00,M&T Bank Stadium
2025_16_NYJ_NO,2025,REG,16,2025-12-21,Sunday,13:00,NYJ,6,NO,29,Home,0,7,7,0,dome,sportturf,NOR00,Mercedes-Benz Superdome
2025_16_PIT_DET,2025,REG,16,2025-12-21,Sunday,16:25,PIT,29,DET,24,Home,0,6,7,0,dome,fieldturf,DET00,Ford Field
2025_16_TB_CAR,2025,REG,16,2025-12-21,Sunday,13:00,TB,20,CAR,23,Home,0,10,7,1,outdoors,grass,CAR00,Bank of America Stadium
2025_16_SF_IND,2025,REG,16,2025-12-22,Monday,20:15,SF,48,IND,27,Home,0,8,8,0,closed,fieldturf,IND00,Lucas Oil Stadium
2025_17_DAL_WAS,2025,REG,17,2025-12-25,Thursday,13:00,DAL,30,WAS,23,Home,0,4,5,1,outdoors,grass,WAS00,FedExField
2025_17_DEN_KC,2025,REG,17,2025-12-25,Thursday,20:15,DEN,20,KC,13,Home,0,4,4,1,outdoors,grass,KAN00,GEHA Field at Arrowhead Stadium
2025_17_DET_MIN,2025,REG,17,2025-12-25,Thursday,16:30,DET,10,MIN,23,Home,0,4,4,1,dome,sportturf,MIN01,U.S. Bank Stadium
2025_17_BAL_GB,2025,REG,17,2025-12-27,Saturday,20:00,BAL,41,GB,24,Home,0,6,7,0,outdoors,grass,GNB00,Lambeau Field
2025_17_HOU_LAC,2025,REG,17,2025-12-27,Saturday,16:30,HOU,20,LAC,16,Home,0,6,6,0,dome,matrixturf,LAX01,SoFi Stadium
2025_17_ARI_CIN,2025,REG,17,2025-12-28,Sunday,13:00,ARI,14,CIN,37,Home,0,7,7,0,outdoors,fieldturf,CIN00,Paycor Stadium
2025_17_CHI_SF,2025,REG,17,2025-12-28,Sunday,20:20,CHI,38,SF,42,Home,0,8,6,0,outdoors,grass,SFO01,Levi's Stadium
2025_17_JAX_IND,2025,REG,17,2025-12-28,Sunday,13:00,JAX,23,IND,17,Home,0,7,6,1,closed,fieldturf,IND00,Lucas Oil Stadium
2025_17_NE_NYJ,2025,REG,17,2025-12-28,Sunday,13:00,NE,42,NYJ,10,Home,0,7,7,1,outdoors,fieldturf,NYC01,MetLife Stadium
2025_17_NO_TEN,2025,REG,17,2025-12-28,Sunday,13:00,NO,34,TEN,26,Home,0,7,7,0,outdoors,grass,NAS00,Nissan Stadium
2025_17_NYG_LV,2025,REG,17,2025-12-28,Sunday,16:05,NYG,34,LV,10,Home,0,7,7,0,dome,grass,VEG00,Allegiant Stadium
2025_17_PHI_BUF,2025,REG,17,2025-12-28,Sunday,16:25,PHI,13,BUF,12,Home,0,8,7,0,outdoors,a_turf,BUF00,New Era Field
2025_17_PIT_CLE,2025,REG,17,2025-12-28,Sunday,13:00,PIT,6,CLE,13,Home,0,7,7,1,outdoors,grass,CLE00,FirstEnergy Stadium
2025_17_SEA_CAR,2025,REG,17,2025-12-28,Sunday,13:00,SEA,27,CAR,10,Home,0,10,7,0,outdoors,grass,CAR00,Bank of America Stadium
2025_17_TB_MIA,2025,REG,17,2025-12-28,Sunday,13:00,TB,17,MIA,20,Home,0,7,7,0,outdoors,grass,MIA00,Hard Rock Stadium
2025_17_LA_ATL,2025,REG,17,2025-12-29,Monday,20:15,LA,24,ATL,27,Home,0,11,8,0,closed,fieldturf,ATL97,Mercedes-Benz Stadium
2025_18_CAR_TB,2025,REG,18,2026-01-03,Saturday,16:30,CAR,14,TB,16,Home,0,6,6,1,outdoors,grass,TAM00,Raymond James Stadium
2025_18_SEA_SF,2025,REG,18,2026-01-03,Saturday,20:00,SEA,13,SF,3,Home,0,6,6,1,outdoors,grass,SFO01,Levi's Stadium
2025_18_ARI_LA,2025,REG,18,2026-01-04,Sunday,16:25,ARI,20,LA,37,Home,0,7,6,1,dome,matrixturf,LAX01,SoFi Stadium
2025_18_BAL_PIT,2025,REG,18,2026-01-04,Sunday,20:20,BAL,24,PIT,26,Home,0,8,7,1,outdoors,grass,PIT00,Acrisure Stadium
2025_18_CLE_CIN,2025,REG,18,2026-01-04,Sunday,13:00,CLE,20,CIN,18,Home,0,7,7,1,outdoors,fieldturf,CIN00,Paycor Stadium
2025_18_DAL_NYG,2025,REG,18,2026-01-04,Sunday,13:00,DAL,17,NYG,34,Home,0,10,7,1,outdoors,fieldturf,NYC01,MetLife Stadium
2025_18_DET_CHI,2025,REG,18,2026-01-04,Sunday,16:25,DET,19,CHI,16,Home,0,10,7,1,outdoors,grass,CHI98,Soldier Field
2025_18_GB_MIN,2025,REG,18,2026-01-04,Sunday,13:00,GB,3,MIN,16,Home,0,8,10,1,dome,sportturf,MIN01,U.S. Bank Stadium
2025_18_IND_HOU,2025,REG,18,2026-01-04,Sunday,13:00,IND,30,HOU,38,Home,0,7,8,1,closed,astroturf,HOU00,NRG Stadium
2025_18_KC_LV,2025,REG,18,2026-01-04,Sunday,16:25,KC,12,LV,14,Home,0,10,7,1,dome,grass,VEG00,Allegiant Stadium
2025_18_LAC_DEN,2025,REG,18,2026-01-04,Sunday,16:25,LAC,3,DEN,19,Home,0,8,10,1,outdoors,grass,DEN00,Empower Field at Mile High
2025_18_MIA_NE,2025,REG,18,2026-01-04,Sunday,16:25,MIA,10,NE,38,Home,0,7,7,1,outdoors,fieldturf,BOS00,Gillette Stadium
2025_18_NO_ATL,2025,REG,18,2026-01-04,Sunday,13:00,NO,17,ATL,19,Home,0,7,6,1,closed,fieldturf,ATL97,Mercedes-Benz Stadium
2025_18_NYJ_BUF,2025,REG,18,2026-01-04,Sunday,16:25,NYJ,8,BUF,35,Home,0,7,7,1,outdoors,a_turf,BUF00,New Era Field
2025_18_TEN_JAX,2025,REG,18,2026-01-04,Sunday,13:00,TEN,7,JAX,41,Home,0,7,7,1,outdoors,grass,JAX00,TIAA Bank Stadium
2025_18_WAS_PHI,2025,REG,18,2026-01-04,Sunday,16:25,WAS,24,PHI,17,Home,0,10,7,1,outdoors,grass,PHI00,Lincoln Financial Field
2025_22_SEA_NE,2025,SB,22,2026-02-08,Sunday,18:30,SEA,29,NE,13,Neutral,0,14,14,0,outdoors,grass,SFO01,Levi's Stadium
2026_01_NE_SEA,2026,REG,1,2026-09-09,Wednesday,20:20,NE,,SEA,,Home,,7,7,0,outdoors,fieldturf,SEA00,Lumen Field
2026_01_SF_LA,2026,REG,1,2026-09-10,Thursday,20:35,SF,,LA,,Neutral,,7,7,1,dome,matrixturf,MEL00,Melbourne Cricket Ground
2026_01_ARI_LAC,2026,REG,1,2026-09-13,Sunday,16:25,ARI,,LAC,,Home,,7,7,0,dome,matrixturf,LAX01,SoFi Stadium
2026_01_ATL_PIT,2026,REG,1,2026-09-13,Sunday,13:00,ATL,,PIT,,Home,,7,7,0,outdoors,grass,PIT00,Acrisure Stadium
2026_01_BAL_IND,2026,REG,1,2026-09-13,Sunday,13:00,BAL,,IND,,Home,,7,7,0,,fieldturf,IND00,Lucas Oil Stadium
2026_01_BUF_HOU,2026,REG,1,2026-09-13,Sunday,13:00,BUF,,HOU,,Home,,7,7,0,,astroturf,HOU00,Reliant Stadium
2026_01_CHI_CAR,2026,REG,1,2026-09-13,Sunday,13:00,CHI,,CAR,,Home,,7,7,0,outdoors,grass,CAR00,Bank of America Stadium
2026_01_CLE_JAX,2026,REG,1,2026-09-13,Sunday,13:00,CLE,,JAX,,Home,,7,7,0,outdoors,grass,JAX00,EverBank Stadium
2026_01_DAL_NYG,2026,REG,1,2026-09-13,Sunday,20:20,DAL,,NYG,,Home,,7,7,1,outdoors,fieldturf,NYC01,MetLife Stadium
2026_01_GB_MIN,2026,REG,1,2026-09-13,Sunday,16:25,GB,,MIN,,Home,,7,7,1,dome,sportturf,MIN01,U.S. Bank Stadium
2026_01_MIA_LV,2026,REG,1,2026-09-13,Sunday,16:25,MIA,,LV,,Home,,7,7,0,dome,grass,VEG00,Allegiant Stadium
2026_01_NO_DET,2026,REG,1,2026-09-13,Sunday,13:00,NO,,DET,,Home,,7,7,0,dome,fieldturf,DET00,Ford Field
2026_01_NYJ_TEN,2026,REG,1,2026-09-13,Sunday,13:00,NYJ,,TEN,,Home,,7,7,0,outdoors,grass,NAS00,Nissan Stadium
2026_01_TB_CIN,2026,REG,1,2026-09-13,Sunday,13:00,TB,,CIN,,Home,,7,7,0,outdoors,fieldturf,CIN00,Paycor Stadium
2026_01_WAS_PHI,2026,REG,1,2026-09-13,Sunday,16:25,WAS,,PHI,,Home,,7,7,1,outdoors,grass,PHI00,Lincoln Financial Field
2026_01_DEN_KC,2026,REG,1,2026-09-14,Monday,20:15,DEN,,KC,,Home,,7,7,1,outdoors,grass,KAN00,GEHA Field at Arrowhead Stadium
2026_02_DET_BUF,2026,REG,2,2026-09-17,Thursday,20:15,DET,,BUF,,Home,,4,4,0,outdoors,a_turf,BUF00,Highmark Stadium
2026_02_CAR_ATL,2026,REG,2,2026-09-20,Sunday,13:00,CAR,,ATL,,Home,,7,7,1,,fieldturf,ATL97,Mercedes-Benz Stadium
2026_02_CIN_HOU,2026,REG,2,2026-09-20,Sunday,13:00,CIN,,HOU,,Home,,7,7,0,,astroturf,HOU00,Reliant Stadium
2026_02_CLE_TB,2026,REG,2,2026-09-20,Sunday,13:00,CLE,,TB,,Home,,7,7,0,outdoors,grass,TAM00,Raymond James Stadium
2026_02_GB_NYJ,2026,REG,2,2026-09-20,Sunday,13:00,GB,,NYJ,,Home,,7,7,0,outdoors,fieldturf,NYC01,MetLife Stadium
2026_02_IND_KC,2026,REG,2,2026-09-20,Sunday,20:20,IND,,KC,,Home,,7,6,0,outdoors,grass,KAN00,GEHA Field at Arrowhead Stadium
2026_02_JAX_DEN,2026,REG,2,2026-09-20,Sunday,16:05,JAX,,DEN,,Home,,7,6,0,outdoors,grass,DEN00,Empower Field at Mile High
2026_02_LV_LAC,2026,REG,2,2026-09-20,Sunday,16:05,LV,,LAC,,Home,,7,7,1,dome,matrixturf,LAX01,SoFi Stadium
2026_02_MIA_SF,2026,REG,2,2026-09-20,Sunday,16:25,MIA,,SF,,Home,,7,10,0,outdoors,grass,SFO01,Levi's Stadium
2026_02_MIN_CHI,2026,REG,2,2026-09-20,Sunday,13:00,MIN,,CHI,,Home,,7,7,1,outdoors,grass,CHI98,Soldier Field
2026_02_NO_BAL,2026,REG,2,2026-09-20,Sunday,13:00,NO,,BAL,,Home,,7,7,0,outdoors,grass,BAL00,M&T Bank Stadium
2026_02_PHI_TEN,2026,REG,2,2026-09-20,Sunday,13:00,PHI,,TEN,,Home,,7,7,0,outdoors,grass,NAS00,Nissan Stadium
2026_02_PIT_NE,2026,REG,2,2026-09-20,Sunday,13:00,PIT,,NE,,Home,,7,11,0,outdoors,fieldturf,BOS00,Gillette Stadium
2026_02_SEA_ARI,2026,REG,2,2026-09-20,Sunday,16:25,SEA,,ARI,,Home,,11,7,1,,grass,PHO00,State Farm Stadium
2026_02_WAS_DAL,2026,REG,2,2026-09-20,Sunday,16:25,WAS,,DAL,,Home,,7,7,1,,matrixturf,DAL00,AT&T Stadium
2026_02_NYG_LA,2026,REG,2,2026-09-21,Monday,20:15,NYG,,LA,,Home,,8,11,0,dome,matrixturf,LAX01,SoFi Stadium
2026_03_ATL_GB,2026,REG,3,2026-09-24,Thursday,20:15,ATL,,GB,,Home,,4,4,0,outdoors,grass,GNB00,Lambeau Field
2026_03_ARI_SF,2026,REG,3,2026-09-27,Sunday,16:05,ARI,,SF,,Home,,7,7,1,outdoors,grass,SFO01,Levi's Stadium
2026_03_BAL_DAL,2026,REG,3,2026-09-27,Sunday,16:25,BAL,,DAL,,Neutral,,7,7,0,,matrixturf,RIO00,Maracana Stadium
2026_03_CAR_CLE,2026,REG,3,2026-09-27,Sunday,13:00,CAR,,CLE,,Home,,7,7,0,outdoors,grass,CLE00,Huntington Bank Field
2026_03_CIN_PIT,2026,REG,3,2026-09-27,Sunday,13:00,CIN,,PIT,,Home,,7,7,1,outdoors,grass,PIT00,Acrisure Stadium
2026_03_HOU_IND,2026,REG,3,2026-09-27,Sunday,13:00,HOU,,IND,,Home,,7,7,1,,fieldturf,IND00,Lucas Oil Stadium
2026_03_KC_MIA,2026,REG,3,2026-09-27,Sunday,13:00,KC,,MIA,,Home,,7,7,0,outdoors,grass,MIA00,Hard Rock Stadium
2026_03_LAC_BUF,2026,REG,3,2026-09-27,Sunday,13:00,LAC,,BUF,,Home,,7,10,0,outdoors,a_turf,BUF00,Highmark Stadium
2026_03_LA_DEN,2026,REG,3,2026-09-27,Sunday,20:20,LA,,DEN,,Home,,6,7,0,outdoors,grass,DEN00,Empower Field at Mile High
2026_03_LV_NO,2026,REG,3,2026-09-27,Sunday,16:25,LV,,NO,,Home,,7,7,0,dome,sportturf,NOR00,Caesars Superdome
2026_03_MIN_TB,2026,REG,3,2026-09-27,Sunday,16:05,MIN,,TB,,Home,,7,7,0,outdoors,grass,TAM00,Raymond James Stadium
2026_03_NE_JAX,2026,REG,3,2026-09-27,Sunday,13:00,NE,,JAX,,Home,,7,7,0,outdoors,grass,JAX00,EverBank Stadium
2026_03_NYJ_DET,2026,REG,3,2026-09-27,Sunday,13:00,NYJ,,DET,,Home,,7,10,0,dome,fieldturf,DET00,Ford Field
2026_03_SEA_WAS,2026,REG,3,2026-09-27,Sunday,13:00,SEA,,WAS,,Home,,7,7,0,outdoors,grass,WAS00,Northwest Stadium
2026_03_TEN_NYG,2026,REG,3,2026-09-27,Sunday,13:00,TEN,,NYG,,Home,,7,6,0,outdoors,fieldturf,NYC01,MetLife Stadium
2026_03_PHI_CHI,2026,REG,3,2026-09-28,Monday,20:15,PHI,,CHI,,Home,,8,8,0,outdoors,grass,CHI98,Soldier Field
2026_04_PIT_CLE,2026,REG,4,2026-10-01,Thursday,20:15,PIT,,CLE,,Home,,4,4,1,outdoors,grass,CLE00,Huntington Bank Field
2026_04_ARI_NYG,2026,REG,4,2026-10-04,Sunday,13:00,ARI,,NYG,,Home,,7,7,0,outdoors,fieldturf,NYC01,MetLife Stadium
2026_04_DAL_HOU,2026,REG,4,2026-10-04,Sunday,13:00,DAL,,HOU,,Home,,7,7,0,,astroturf,HOU00,Reliant Stadium
2026_04_DEN_SF,2026,REG,4,2026-10-04,Sunday,16:25,DEN,,SF,,Home,,7,7,0,outdoors,grass,SFO01,Levi's Stadium
2026_04_DET_CAR,2026,REG,4,2026-10-04,Sunday,20:20,DET,,CAR,,Home,,7,7,0,outdoors,grass,CAR00,Bank of America Stadium
2026_04_GB_TB,2026,REG,4,2026-10-04,Sunday,13:00,GB,,TB,,Home,,10,7,0,outdoors,grass,TAM00,Raymond James Stadium
2026_04_IND_WAS,2026,REG,4,2026-10-04,Sunday,09:30,IND,,WAS,,Neutral,,7,7,0,outdoors,grass,LON02,Tottenham Hotspur Stadium
2026_04_JAX_CIN,2026,REG,4,2026-10-04,Sunday,13:00,JAX,,CIN,,Home,,7,7,0,outdoors,fieldturf,CIN00,Paycor Stadium
2026_04_KC_LV,2026,REG,4,2026-10-04,Sunday,16:25,KC,,LV,,Home,,7,7,1,dome,grass,VEG00,Allegiant Stadium
2026_04_LAC_SEA,2026,REG,4,2026-10-04,Sunday,16:25,LAC,,SEA,,Home,,7,7,0,outdoors,fieldturf,SEA00,Lumen Field
2026_04_LA_PHI,2026,REG,4,2026-10-04,Sunday,13:00,LA,,PHI,,Home,,7,6,0,outdoors,grass,PHI00,Lincoln Financial Field
2026_04_MIA_MIN,2026,REG,4,2026-10-04,Sunday,16:05,MIA,,MIN,,Home,,7,7,0,dome,sportturf,MIN01,U.S. Bank Stadium
2026_04_NE_BUF,2026,REG,4,2026-10-04,Sunday,13:00,NE,,BUF,,Home,,7,7,1,outdoors,a_turf,BUF00,Highmark Stadium
2026_04_NYJ_CHI,2026,REG,4,2026-10-04,Sunday,13:00,NYJ,,CHI,,Home,,7,6,0,outdoors,grass,CHI98,Soldier Field
2026_04_TEN_BAL,2026,REG,4,2026-10-04,Sunday,13:00,TEN,,BAL,,Home,,7,7,0,outdoors,grass,BAL00,M&T Bank Stadium
2026_04_ATL_NO,2026,REG,4,2026-10-05,Monday,20:15,ATL,,NO,,Home,,11,8,1,dome,sportturf,NOR00,Caesars Superdome
2026_05_TB_DAL,2026,REG,5,2026-10-08,Thursday,20:15,TB,,DAL,,Home,,4,4,0,,matrixturf,DAL00,AT&T Stadium
2026_05_BAL_ATL,2026,REG,5,2026-10-11,Sunday,20:20,BAL,,ATL,,Home,,7,6,0,,fieldturf,ATL97,Mercedes-Benz Stadium
2026_05_CHI_GB,2026,REG,5,2026-10-11,Sunday,16:25,CHI,,GB,,Home,,7,7,1,outdoors,grass,GNB00,Lambeau Field
2026_05_CIN_MIA,2026,REG,5,2026-10-11,Sunday,13:00,CIN,,MIA,,Home,,7,7,0,outdoors,grass,MIA00,Hard Rock Stadium
2026_05_CLE_NYJ,2026,REG,5,2026-10-11,Sunday,13:00,CLE,,NYJ,,Home,,10,7,0,outdoors,fieldturf,NYC01,MetLife Stadium
2026_05_DEN_LAC,2026,REG,5,2026-10-11,Sunday,16:05,DEN,,LAC,,Home,,7,7,1,dome,matrixturf,LAX01,SoFi Stadium
2026_05_DET_ARI,2026,REG,5,2026-10-11,Sunday,16:25,DET,,ARI,,Home,,7,7,0,,grass,PHO00,State Farm Stadium
2026_05_HOU_TEN,2026,REG,5,2026-10-11,Sunday,13:00,HOU,,TEN,,Home,,7,7,1,outdoors,grass,NAS00,Nissan Stadium
2026_05_IND_PIT,2026,REG,5,2026-10-11,Sunday,13:00,IND,,PIT,,Home,,7,10,0,outdoors,grass,PIT00,Acrisure Stadium
2026_05_LV_NE,2026,REG,5,2026-10-11,Sunday,13:00,LV,,NE,,Home,,7,7,0,outdoors,fieldturf,BOS00,Gillette Stadium
2026_05_MIN_NO,2026,REG,5,2026-10-11,Sunday,13:00,MIN,,NO,,Home,,7,6,0,dome,sportturf,NOR00,Caesars Superdome
2026_05_NYG_WAS,2026,REG,5,2026-10-11,Sunday,13:00,NYG,,WAS,,Home,,7,7,1,outdoors,grass,WAS00,Northwest Stadium
2026_05_PHI_JAX,2026,REG,5,2026-10-11,Sunday,09:30,PHI,,JAX,,Home,,7,7,0,outdoors,grass,JAX00,Tottenham Hotspur Stadium
2026_05_SF_SEA,2026,REG,5,2026-10-11,Sunday,16:25,SF,,SEA,,Home,,7,7,1,outdoors,fieldturf,SEA00,Lumen Field
2026_05_BUF_LA,2026,REG,5,2026-10-12,Monday,20:15,BUF,,LA,,Home,,8,8,0,dome,matrixturf,LAX01,SoFi Stadium
2026_06_SEA_DEN,2026,REG,6,2026-10-15,Thursday,20:15,SEA,,DEN,,Home,,4,4,0,outdoors,grass,DEN00,Empower Field at Mile High
2026_06_ARI_LA,2026,REG,6,2026-10-18,Sunday,16:05,ARI,,LA,,Home,,7,6,1,dome,matrixturf,LAX01,SoFi Stadium
2026_06_BAL_CLE,2026,REG,6,2026-10-18,Sunday,13:00,BAL,,CLE,,Home,,7,7,1,outdoors,grass,CLE00,Huntington Bank Field
2026_06_BUF_LV,2026,REG,6,2026-10-18,Sunday,16:25,BUF,,LV,,Home,,6,7,0,dome,grass,VEG00,Allegiant Stadium
2026_06_CAR_PHI,2026,REG,6,2026-10-18,Sunday,13:00,CAR,,PHI,,Home,,14,7,0,outdoors,grass,PHI00,Lincoln Financial Field
2026_06_CHI_ATL,2026,REG,6,2026-10-18,Sunday,13:00,CHI,,ATL,,Home,,7,7,0,,fieldturf,ATL97,Mercedes-Benz Stadium
2026_06_DAL_GB,2026,REG,6,2026-10-18,Sunday,20:20,DAL,,GB,,Home,,10,7,0,outdoors,grass,GNB00,Lambeau Field
2026_06_HOU_JAX,2026,REG,6,2026-10-18,Sunday,09:30,HOU,,JAX,,Neutral,,7,7,1,outdoors,grass,LON00,Wembley Stadium
2026_06_LAC_KC,2026,REG,6,2026-10-18,Sunday,16:25,LAC,,KC,,Home,,7,14,1,outdoors,grass,KAN00,GEHA Field at Arrowhead Stadium
2026_06_NO_NYG,2026,REG,6,2026-10-18,Sunday,13:00,NO,,NYG,,Home,,7,7,0,outdoors,fieldturf,NYC01,MetLife Stadium
2026_06_NYJ_NE,2026,REG,6,2026-10-18,Sunday,13:00,NYJ,,NE,,Home,,7,7,1,outdoors,fieldturf,BOS00,Gillette Stadium
2026_06_PIT_TB,2026,REG,6,2026-10-18,Sunday,13:00,PIT,,TB,,Home,,7,10,0,outdoors,grass,TAM00,Raymond James Stadium
2026_06_TEN_IND,2026,REG,6,2026-10-18,Sunday,13:00,TEN,,IND,,Home,,7,7,1,,fieldturf,IND00,Lucas Oil Stadium
2026_06_WAS_SF,2026,REG,6,2026-10-19,Monday,20:15,WAS,,SF,,Home,,8,8,0,outdoors,grass,SFO01,Levi's Stadium
2026_07_NE_CHI,2026,REG,7,2026-10-22,Thursday,20:15,NE,,CHI,,Home,,4,4,0,outdoors,grass,CHI98,Soldier Field
2026_07_CIN_BAL,2026,REG,7,2026-10-25,Sunday,13:00,CIN,,BAL,,Home,,14,7,1,outdoors,grass,BAL00,M&T Bank Stadium
2026_07_CLE_TEN,2026,REG,7,2026-10-25,Sunday,13:00,CLE,,TEN,,Home,,7,7,0,outdoors,grass,NAS00,Nissan Stadium
2026_07_DEN_ARI,2026,REG,7,2026-10-25,Sunday,16:05,DEN,,ARI,,Home,,10,7,0,,grass,PHO00,State Farm Stadium
2026_07_GB_DET,2026,REG,7,2026-10-25,Sunday,16:25,GB,,DET,,Home,,7,14,1,dome,fieldturf,DET00,Ford Field
2026_07_IND_MIN,2026,REG,7,2026-10-25,Sunday,13:00,IND,,MIN,,Home,,7,14,0,dome,sportturf,MIN01,U.S. Bank Stadium
2026_07_KC_SEA,2026,REG,7,2026-10-25,Sunday,20:20,KC,,SEA,,Home,,7,10,0,outdoors,fieldturf,SEA00,Lumen Field
2026_07_LA_LV,2026,REG,7,2026-10-25,Sunday,16:25,LA,,LV,,Home,,7,7,0,dome,grass,VEG00,Allegiant Stadium
2026_07_MIA_NYJ,2026,REG,7,2026-10-25,Sunday,13:00,MIA,,NYJ,,Home,,14,7,1,outdoors,fieldturf,NYC01,MetLife Stadium
2026_07_NYG_HOU,2026,REG,7,2026-10-25,Sunday,13:00,NYG,,HOU,,Home,,7,7,0,,astroturf,HOU00,Reliant Stadium
2026_07_PIT_NO,2026,REG,7,2026-10-25,Sunday,09:30,PIT,,NO,,Neutral,,7,7,0,dome,sportturf,PAR00,Stade de France
2026_07_SF_ATL,2026,REG,7,2026-10-25,Sunday,13:00,SF,,ATL,,Home,,6,7,0,,fieldturf,ATL97,Mercedes-Benz Stadium
2026_07_TB_CAR,2026,REG,7,2026-10-25,Sunday,13:00,TB,,CAR,,Home,,7,7,1,outdoors,grass,CAR00,Bank of America Stadium
2026_07_DAL_PHI,2026,REG,7,2026-10-26,Monday,20:15,DAL,,PHI,,Home,,8,8,1,outdoors,grass,PHI00,Lincoln Financial Field
2026_08_CAR_GB,2026,REG,8,2026-10-29,Thursday,20:15,CAR,,GB,,Home,,4,4,0,outdoors,grass,GNB00,Lambeau Field
2026_08_ARI_DAL,2026,REG,8,2026-11-01,Sunday,13:00,ARI,,DAL,,Home,,7,6,0,,matrixturf,DAL00,AT&T Stadium
2026_08_ATL_TB,2026,REG,8,2026-11-01,Sunday,13:00,ATL,,TB,,Home,,7,7,1,outdoors,grass,TAM00,Raymond James Stadium
2026_08_BAL_BUF,2026,REG,8,2026-11-01,Sunday,13:00,BAL,,BUF,,Home,,7,14,0,outdoors,a_turf,BUF00,Highmark Stadium
2026_08_CLE_PIT,2026,REG,8,2026-11-01,Sunday,13:00,CLE,,PIT,,Home,,7,7,1,outdoors,grass,PIT00,Acrisure Stadium
2026_08_IND_JAX,2026,REG,8,2026-11-01,Sunday,13:00,IND,,JAX,,Home,,7,14,1,outdoors,grass,JAX00,EverBank Stadium
2026_08_KC_DEN,2026,REG,8,2026-11-01,Sunday,16:25,KC,,DEN,,Home,,7,7,1,outdoors,grass,DEN00,Empower Field at Mile High
2026_08_LAC_LA,2026,REG,8,2026-11-01,Sunday,16:05,LAC,,LA,,Home,,14,7,0,dome,matrixturf,LAX01,SoFi Stadium
2026_08_LV_NYJ,2026,REG,8,2026-11-01,Sunday,13:00,LV,,NYJ,,Home,,7,7,0,outdoors,fieldturf,NYC01,MetLife Stadium
2026_08_MIN_DET,2026,REG,8,2026-11-01,Sunday,13:00,MIN,,DET,,Home,,7,7,1,dome,fieldturf,DET00,Ford Field
2026_08_NE_MIA,2026,REG,8,2026-11-01,Sunday,16:25,NE,,MIA,,Home,,10,7,1,outdoors,grass,MIA00,Hard Rock Stadium
2026_08_PHI_WAS,2026,REG,8,2026-11-01,Sunday,20:20,PHI,,WAS,,Home,,6,13,1,outdoors,grass,WAS00,Northwest Stadium
2026_08_TEN_CIN,2026,REG,8,2026-11-01,Sunday,13:00,TEN,,CIN,,Home,,7,7,0,outdoors,fieldturf,CIN00,Paycor Stadium
2026_08_CHI_SEA,2026,REG,8,2026-11-02,Monday,20:15,CHI,,SEA,,Home,,11,8,0,outdoors,fieldturf,SEA00,Lumen Field
2026_09_JAX_BAL,2026,REG,9,2026-11-05,Thursday,20:15,JAX,,BAL,,Home,,4,4,0,outdoors,grass,BAL00,M&T Bank Stadium
2026_09_ARI_SEA,2026,REG,9,2026-11-08,Sunday,16:25,ARI,,SEA,,Home,,7,6,1,outdoors,fieldturf,SEA00,Lumen Field
2026_09_CIN_ATL,2026,REG,9,2026-11-08,Sunday,09:30,CIN,,ATL,,Neutral,,7,7,0,,fieldturf,MAD01,Bernabeu
2026_09_CLE_NO,2026,REG,9,2026-11-08,Sunday,13:00,CLE,,NO,,Home,,7,14,0,dome,sportturf,NOR00,Caesars Superdome
2026_09_DAL_IND,2026,REG,9,2026-11-08,Sunday,13:00,DAL,,IND,,Home,,7,7,0,,fieldturf,IND00,Lucas Oil Stadium
2026_09_DEN_CAR,2026,REG,9,2026-11-08,Sunday,13:00,DEN,,CAR,,Home,,7,10,0,outdoors,grass,CAR00,Bank of America Stadium
2026_09_DET_MIA,2026,REG,9,2026-11-08,Sunday,13:00,DET,,MIA,,Home,,7,7,0,outdoors,grass,MIA00,Hard Rock Stadium
2026_09_GB_NE,2026,REG,9,2026-11-08,Sunday,16:25,GB,,NE,,Home,,10,7,0,outdoors,fieldturf,BOS00,Gillette Stadium
2026_09_HOU_LAC,2026,REG,9,2026-11-08,Sunday,16:05,HOU,,LAC,,Home,,14,7,0,dome,matrixturf,LAX01,SoFi Stadium
2026_09_LA_WAS,2026,REG,9,2026-11-08,Sunday,13:00,LA,,WAS,,Home,,7,7,0,outdoors,grass,WAS00,Northwest Stadium
2026_09_LV_SF,2026,REG,9,2026-11-08,Sunday,16:05,LV,,SF,,Home,,7,14,0,outdoors,grass,SFO01,Levi's Stadium
2026_09_NYG_PHI,2026,REG,9,2026-11-08,Sunday,13:00,NYG,,PHI,,Home,,14,7,1,outdoors,grass,PHI00,Lincoln Financial Field
2026_09_NYJ_KC,2026,REG,9,2026-11-08,Sunday,13:00,NYJ,,KC,,Home,,7,7,0,outdoors,grass,KAN00,GEHA Field at Arrowhead Stadium
2026_09_TB_CHI,2026,REG,9,2026-11-08,Sunday,20:20,TB,,CHI,,Home,,7,6,0,outdoors,grass,CHI98,Soldier Field
2026_09_BUF_MIN,2026,REG,9,2026-11-09,Monday,20:15,BUF,,MIN,,Home,,8,8,0,dome,sportturf,MIN01,U.S. Bank Stadium
2026_10_WAS_NYG,2026,REG,10,2026-11-12,Thursday,20:15,WAS,,NYG,,Home,,4,4,1,outdoors,fieldturf,NYC01,MetLife Stadium
2026_10_BUF_NYJ,2026,REG,10,2026-11-15,Sunday,13:00,BUF,,NYJ,,Home,,6,7,1,outdoors,fieldturf,NYC01,MetLife Stadium
2026_10_CAR_NO,2026,REG,10,2026-11-15,Sunday,13:00,CAR,,NO,,Home,,7,7,1,dome,sportturf,NOR00,Caesars Superdome
2026_10_HOU_CLE,2026,REG,10,2026-11-15,Sunday,13:00,HOU,,CLE,,Home,,7,7,0,outdoors,grass,CLE00,Huntington Bank Field
2026_10_JAX_TEN,2026,REG,10,2026-11-15,Sunday,13:00,JAX,,TEN,,Home,,10,14,1,outdoors,grass,NAS00,Nissan Stadium
2026_10_KC_ATL,2026,REG,10,2026-11-15,Sunday,13:00,KC,,ATL,,Home,,7,7,0,,fieldturf,ATL97,Mercedes-Benz Stadium
2026_10_LA_ARI,2026,REG,10,2026-11-15,Sunday,16:05,LA,,ARI,,Home,,7,7,1,,grass,PHO00,State Farm Stadium
2026_10_MIA_IND,2026,REG,10,2026-11-15,Sunday,13:00,MIA,,IND,,Home,,7,7,0,,fieldturf,IND00,Lucas Oil Stadium
2026_10_MIN_GB,2026,REG,10,2026-11-15,Sunday,13:00,MIN,,GB,,Home,,6,7,1,outdoors,grass,GNB00,Lambeau Field
2026_10_NE_DET,2026,REG,10,2026-11-15,Sunday,09:30,NE,,DET,,Neutral,,7,7,0,dome,fieldturf,MUN01,FC Bayern Munich Stadium
2026_10_PIT_CIN,2026,REG,10,2026-11-15,Sunday,20:20,PIT,,CIN,,Home,,14,7,1,outdoors,fieldturf,CIN00,Paycor Stadium
2026_10_SEA_LV,2026,REG,10,2026-11-15,Sunday,16:05,SEA,,LV,,Home,,7,7,0,dome,grass,VEG00,Allegiant Stadium
2026_10_SF_DAL,2026,REG,10,2026-11-15,Sunday,16:25,SF,,DAL,,Home,,7,7,0,,matrixturf,DAL00,AT&T Stadium
2026_10_LAC_BAL,2026,REG,10,2026-11-16,Monday,20:15,LAC,,BAL,,Home,,8,11,0,outdoors,grass,BAL00,M&T Bank Stadium
2026_11_IND_HOU,2026,REG,11,2026-11-19,Thursday,20:15,IND,,HOU,,Home,,4,4,1,,astroturf,HOU00,Reliant Stadium
2026_11_ARI_KC,2026,REG,11,2026-11-22,Sunday,13:00,ARI,,KC,,Home,,7,7,0,outdoors,grass,KAN00,GEHA Field at Arrowhead Stadium
2026_11_BAL_CAR,2026,REG,11,2026-11-22,Sunday,13:00,BAL,,CAR,,Home,,6,7,0,outdoors,grass,CAR00,Bank of America Stadium
2026_11_JAX_NYG,2026,REG,11,2026-11-22,Sunday,13:00,JAX,,NYG,,Home,,7,10,0,outdoors,fieldturf,NYC01,MetLife Stadium
2026_11_LV_DEN,2026,REG,11,2026-11-22,Sunday,16:25,LV,,DEN,,Home,,7,14,1,outdoors,grass,DEN00,Empower Field at Mile High
2026_11_MIA_BUF,2026,REG,11,2026-11-22,Sunday,13:00,MIA,,BUF,,Home,,7,7,1,outdoors,a_turf,BUF00,Highmark Stadium
2026_11_MIN_SF,2026,REG,11,2026-11-22,Sunday,20:20,MIN,,SF,,Neutral,,7,7,0,outdoors,grass,MEX00,Estadio Banorte
2026_11_NO_CHI,2026,REG,11,2026-11-22,Sunday,13:00,NO,,CHI,,Home,,7,14,0,outdoors,grass,CHI98,Soldier Field
2026_11_NYJ_LAC,2026,REG,11,2026-11-22,Sunday,16:05,NYJ,,LAC,,Home,,7,6,0,dome,matrixturf,LAX01,SoFi Stadium
2026_11_PIT_PHI,2026,REG,11,2026-11-22,Sunday,16:25,PIT,,PHI,,Home,,7,14,0,outdoors,grass,PHI00,Lincoln Financial Field
2026_11_TB_DET,2026,REG,11,2026-11-22,Sunday,13:00,TB,,DET,,Home,,14,7,0,dome,fieldturf,DET00,Ford Field
2026_11_TEN_DAL,2026,REG,11,2026-11-22,Sunday,13:00,TEN,,DAL,,Home,,7,7,0,,matrixturf,DAL00,AT&T Stadium
2026_11_CIN_WAS,2026,REG,11,2026-11-23,Monday,20:15,CIN,,WAS,,Home,,8,11,0,outdoors,grass,WAS00,Northwest Stadium
2026_12_GB_LA,2026,REG,12,2026-11-25,Wednesday,20:00,GB,,LA,,Home,,10,10,0,dome,matrixturf,LAX01,SoFi Stadium
2026_12_CHI_DET,2026,REG,12,2026-11-26,Thursday,13:00,CHI,,DET,,Home,,4,4,1,dome,fieldturf,DET00,Ford Field
2026_12_KC_BUF,2026,REG,12,2026-11-26,Thursday,20:20,KC,,BUF,,Home,,4,4,0,outdoors,a_turf,BUF00,Highmark Stadium
2026_12_PHI_DAL,2026,REG,12,2026-11-26,Thursday,16:30,PHI,,DAL,,Home,,4,4,1,,matrixturf,DAL00,AT&T Stadium
2026_12_DEN_PIT,2026,REG,12,2026-11-27,Friday,15:00,DEN,,PIT,,Home,,5,5,0,outdoors,grass,PIT00,Acrisure Stadium
2026_12_ATL_MIN,2026,REG,12,2026-11-29,Sunday,13:00,ATL,,MIN,,Home,,14,7,0,dome,sportturf,MIN01,U.S. Bank Stadium
2026_12_BAL_HOU,2026,REG,12,2026-11-29,Sunday,13:00,BAL,,HOU,,Home,,7,10,0,,astroturf,HOU00,Reliant Stadium
2026_12_LV_CLE,2026,REG,12,2026-11-29,Sunday,13:00,LV,,CLE,,Home,,7,14,0,outdoors,grass,CLE00,Huntington Bank Field
2026_12_NE_LAC,2026,REG,12,2026-11-29,Sunday,20:20,NE,,LAC,,Home,,14,7,0,dome,matrixturf,LAX01,SoFi Stadium
2026_12_NO_CIN,2026,REG,12,2026-11-29,Sunday,13:00,NO,,CIN,,Home,,7,6,0,outdoors,fieldturf,CIN00,Paycor Stadium
2026_12_NYG_IND,2026,REG,12,2026-11-29,Sunday,13:00,NYG,,IND,,Home,,7,10,0,,fieldturf,IND00,Lucas Oil Stadium
2026_12_NYJ_MIA,2026,REG,12,2026-11-29,Sunday,13:00,NYJ,,MIA,,Home,,7,7,1,outdoors,grass,MIA00,Hard Rock Stadium
2026_12_SEA_SF,2026,REG,12,2026-11-29,Sunday,16:25,SEA,,SF,,Home,,14,7,1,outdoors,grass,SFO01,Levi's Stadium
2026_12_TEN_JAX,2026,REG,12,2026-11-29,Sunday,16:05,TEN,,JAX,,Home,,7,7,1,outdoors,grass,JAX00,EverBank Stadium
2026_12_WAS_ARI,2026,REG,12,2026-11-29,Sunday,16:25,WAS,,ARI,,Home,,6,7,0,,grass,PHO00,State Farm Stadium
2026_12_CAR_TB,2026,REG,12,2026-11-30,Monday,20:15,CAR,,TB,,Home,,8,8,1,outdoors,grass,TAM00,Raymond James Stadium
2026_13_KC_LA,2026,REG,13,2026-12-03,Thursday,20:15,KC,,LA,,Home,,7,8,0,dome,matrixturf,LAX01,SoFi Stadium
2026_13_BUF_NE,2026,REG,13,2026-12-06,Sunday,16:25,BUF,,NE,,Home,,10,7,1,outdoors,fieldturf,BOS00,Gillette Stadium
2026_13_CAR_MIN,2026,REG,13,2026-12-06,Sunday,16:25,CAR,,MIN,,Home,,6,7,0,dome,sportturf,MIN01,U.S. Bank Stadium
2026_13_CIN_CLE,2026,REG,13,2026-12-06,Sunday,13:00,CIN,,CLE,,Home,,7,7,1,outdoors,grass,CLE00,Huntington Bank Field
2026_13_DET_ATL,2026,REG,13,2026-12-06,Sunday,13:00,DET,,ATL,,Home,,10,7,0,,fieldturf,ATL97,Mercedes-Benz Stadium
2026_13_GB_NO,2026,REG,13,2026-12-06,Sunday,13:00,GB,,NO,,Home,,11,7,0,dome,sportturf,NOR00,Caesars Superdome
2026_13_HOU_PIT,2026,REG,13,2026-12-06,Sunday,20:20,HOU,,PIT,,Home,,7,9,0,outdoors,grass,PIT00,Acrisure Stadium
2026_13_JAX_CHI,2026,REG,13,2026-12-06,Sunday,13:00,JAX,,CHI,,Home,,7,10,0,outdoors,grass,CHI98,Soldier Field
2026_13_LAC_TB,2026,REG,13,2026-12-06,Sunday,13:00,LAC,,TB,,Home,,7,6,0,outdoors,grass,TAM00,Raymond James Stadium
2026_13_MIA_DEN,2026,REG,13,2026-12-06,Sunday,16:05,MIA,,DEN,,Home,,7,9,0,outdoors,grass,DEN00,Empower Field at Mile High
2026_13_PHI_ARI,2026,REG,13,2026-12-06,Sunday,16:05,PHI,,ARI,,Home,,10,7,0,,grass,PHO00,State Farm Stadium
2026_13_SF_NYG,2026,REG,13,2026-12-06,Sunday,13:00,SF,,NYG,,Home,,7,7,0,outdoors,fieldturf,NYC01,MetLife Stadium
2026_13_WAS_TEN,2026,REG,13,2026-12-06,Sunday,13:00,WAS,,TEN,,Home,,7,7,0,outdoors,grass,NAS00,Nissan Stadium
2026_13_DAL_SEA,2026,REG,13,2026-12-07,Monday,20:15,DAL,,SEA,,Home,,11,8,0,outdoors,fieldturf,SEA00,Lumen Field
2026_14_MIN_NE,2026,REG,14,2026-12-10,Thursday,20:15,MIN,,NE,,Home,,4,4,0,outdoors,fieldturf,BOS00,Gillette Stadium
2026_14_ATL_CLE,2026,REG,14,2026-12-13,Sunday,13:00,ATL,,CLE,,Home,,7,7,0,outdoors,grass,CLE00,Huntington Bank Field
2026_14_BUF_GB,2026,REG,14,2026-12-13,Sunday,20:20,BUF,,GB,,Home,,7,7,0,outdoors,grass,GNB00,Lambeau Field
2026_14_CHI_MIA,2026,REG,14,2026-12-13,Sunday,13:00,CHI,,MIA,,Home,,7,7,0,outdoors,grass,MIA00,Hard Rock Stadium
2026_14_DEN_NYJ,2026,REG,14,2026-12-13,Sunday,13:00,DEN,,NYJ,,Home,,7,14,0,outdoors,fieldturf,NYC01,MetLife Stadium
2026_14_HOU_WAS,2026,REG,14,2026-12-13,Sunday,13:00,HOU,,WAS,,Home,,7,7,0,outdoors,grass,WAS00,Northwest Stadium
2026_14_IND_PHI,2026,REG,14,2026-12-13,Sunday,13:00,IND,,PHI,,Home,,14,7,0,outdoors,grass,PHI00,Lincoln Financial Field
2026_14_KC_CIN,2026,REG,14,2026-12-13,Sunday,16:25,KC,,CIN,,Home,,10,7,0,outdoors,fieldturf,CIN00,Paycor Stadium
2026_14_LAC_LV,2026,REG,14,2026-12-13,Sunday,16:05,LAC,,LV,,Home,,7,14,1,dome,grass,VEG00,Allegiant Stadium
2026_14_LA_SF,2026,REG,14,2026-12-13,Sunday,16:25,LA,,SF,,Home,,10,7,1,outdoors,grass,SFO01,Levi's Stadium
2026_14_NO_CAR,2026,REG,14,2026-12-13,Sunday,13:00,NO,,CAR,,Home,,7,7,1,outdoors,grass,CAR00,Bank of America Stadium
2026_14_NYG_SEA,2026,REG,14,2026-12-13,Sunday,16:25,NYG,,SEA,,Home,,7,6,0,outdoors,fieldturf,SEA00,Lumen Field
2026_14_TB_BAL,2026,REG,14,2026-12-13,Sunday,13:00,TB,,BAL,,Home,,7,14,0,outdoors,grass,BAL00,M&T Bank Stadium
2026_14_TEN_DET,2026,REG,14,2026-12-13,Sunday,13:00,TEN,,DET,,Home,,7,7,0,dome,fieldturf,DET00,Ford Field
2026_14_PIT_JAX,2026,REG,14,2026-12-14,Monday,20:15,PIT,,JAX,,Home,,8,8,0,outdoors,grass,JAX00,EverBank Stadium
2026_15_SF_LAC,2026,REG,15,2026-12-17,Thursday,20:15,SF,,LAC,,Home,,4,4,0,dome,matrixturf,LAX01,SoFi Stadium
2026_15_CHI_BUF,2026,REG,15,2026-12-19,Saturday,20:20,CHI,,BUF,,Home,,6,6,0,outdoors,a_turf,BUF00,Highmark Stadium
2026_15_SEA_PHI,2026,REG,15,2026-12-19,Saturday,17:00,SEA,,PHI,,Home,,6,6,0,outdoors,grass,PHI00,Lincoln Financial Field
2026_15_ATL_WAS,2026,REG,15,2026-12-20,Sunday,13:00,ATL,,WAS,,Home,,7,7,0,outdoors,grass,WAS00,Northwest Stadium
2026_15_BAL_PIT,2026,REG,15,2026-12-20,Sunday,13:00,BAL,,PIT,,Home,,7,6,1,outdoors,grass,PIT00,Acrisure Stadium
2026_15_CIN_CAR,2026,REG,15,2026-12-20,Sunday,13:00,CIN,,CAR,,Home,,7,7,0,outdoors,grass,CAR00,Bank of America Stadium
2026_15_CLE_NYG,2026,REG,15,2026-12-20,Sunday,13:00,CLE,,NYG,,Home,,7,7,0,outdoors,fieldturf,NYC01,MetLife Stadium
2026_15_DAL_LA,2026,REG,15,2026-12-20,Sunday,16:25,DAL,,LA,,Home,,13,7,0,dome,matrixturf,LAX01,SoFi Stadium
2026_15_DEN_LV,2026,REG,15,2026-12-20,Sunday,16:25,DEN,,LV,,Home,,7,7,1,dome,grass,VEG00,Allegiant Stadium
2026_15_DET_MIN,2026,REG,15,2026-12-20,Sunday,20:20,DET,,MIN,,Home,,7,10,1,dome,sportturf,MIN01,U.S. Bank Stadium
2026_15_IND_TEN,2026,REG,15,2026-12-20,Sunday,13:00,IND,,TEN,,Home,,7,7,1,outdoors,grass,NAS00,Nissan Stadium
2026_15_JAX_HOU,2026,REG,15,2026-12-20,Sunday,13:00,JAX,,HOU,,Home,,6,7,1,,astroturf,HOU00,Reliant Stadium
2026_15_MIA_GB,2026,REG,15,2026-12-20,Sunday,13:00,MIA,,GB,,Home,,7,7,0,outdoors,grass,GNB00,Lambeau Field
2026_15_NO_TB,2026,REG,15,2026-12-20,Sunday,13:00,NO,,TB,,Home,,7,7,1,outdoors,grass,TAM00,Raymond James Stadium
2026_15_NYJ_ARI,2026,REG,15,2026-12-20,Sunday,16:05,NYJ,,ARI,,Home,,7,14,0,,grass,PHO00,State Farm Stadium
2026_15_NE_KC,2026,REG,15,2026-12-21,Monday,20:15,NE,,KC,,Home,,11,8,0,outdoors,grass,KAN00,GEHA Field at Arrowhead Stadium
2026_16_HOU_PHI,2026,REG,16,2026-12-24,Thursday,20:15,HOU,,PHI,,Home,,4,5,0,outdoors,grass,PHI00,Lincoln Financial Field
2026_16_BUF_DEN,2026,REG,16,2026-12-25,Friday,16:30,BUF,,DEN,,Home,,6,5,0,outdoors,grass,DEN00,Empower Field at Mile High
2026_16_GB_CHI,2026,REG,16,2026-12-25,Friday,13:00,GB,,CHI,,Home,,5,6,1,outdoors,grass,CHI98,Soldier Field
2026_16_LA_SEA,2026,REG,16,2026-12-25,Friday,20:15,LA,,SEA,,Home,,5,6,1,outdoors,fieldturf,SEA00,Lumen Field
2026_16_ARI_NO,2026,REG,16,2026-12-27,Sunday,13:00,ARI,,NO,,Home,,7,7,0,dome,sportturf,NOR00,Caesars Superdome
2026_16_CAR_PIT,2026,REG,16,2026-12-27,Sunday,13:00,CAR,,PIT,,Home,,7,7,0,outdoors,grass,PIT00,Acrisure Stadium
2026_16_CIN_IND,2026,REG,16,2026-12-27,Sunday,13:00,CIN,,IND,,Home,,7,7,0,,fieldturf,IND00,Lucas Oil Stadium
2026_16_CLE_BAL,2026,REG,16,2026-12-27,Sunday,13:00,CLE,,BAL,,Home,,7,7,1,outdoors,grass,BAL00,M&T Bank Stadium
2026_16_JAX_DAL,2026,REG,16,2026-12-27,Sunday,20:20,JAX,,DAL,,Home,,7,7,0,,matrixturf,DAL00,AT&T Stadium
2026_16_LAC_MIA,2026,REG,16,2026-12-27,Sunday,13:00,LAC,,MIA,,Home,,10,7,0,outdoors,grass,MIA00,Hard Rock Stadium
2026_16_NE_NYJ,2026,REG,16,2026-12-27,Sunday,13:00,NE,,NYJ,,Home,,6,7,1,outdoors,fieldturf,NYC01,MetLife Stadium
2026_16_SF_KC,2026,REG,16,2026-12-27,Sunday,16:25,SF,,KC,,Home,,10,6,0,outdoors,grass,KAN00,GEHA Field at Arrowhead Stadium
2026_16_TB_ATL,2026,REG,16,2026-12-27,Sunday,13:00,TB,,ATL,,Home,,7,7,1,,fieldturf,ATL97,Mercedes-Benz Stadium
2026_16_TEN_LV,2026,REG,16,2026-12-27,Sunday,16:05,TEN,,LV,,Home,,7,7,0,dome,grass,VEG00,Allegiant Stadium
2026_16_WAS_MIN,2026,REG,16,2026-12-27,Sunday,13:00,WAS,,MIN,,Home,,7,7,0,dome,sportturf,MIN01,U.S. Bank Stadium
2026_16_NYG_DET,2026,REG,16,2026-12-28,Monday,20:15,NYG,,DET,,Home,,8,8,0,dome,fieldturf,DET00,Ford Field
2026_17_BAL_CIN,2026,REG,17,2026-12-31,Thursday,20:15,BAL,,CIN,,Home,,4,4,1,outdoors,fieldturf,CIN00,Paycor Stadium
2026_17_BUF_MIA,2026,REG,17,2027-01-03,Sunday,13:00,BUF,,MIA,,Home,,9,7,1,outdoors,grass,MIA00,Hard Rock Stadium
2026_17_DEN_NE,2026,REG,17,2027-01-03,Sunday,13:00,DEN,,NE,,Home,,9,7,0,outdoors,fieldturf,BOS00,Gillette Stadium
2026_17_DET_CHI,2026,REG,17,2027-01-03,Sunday,16:25,DET,,CHI,,Home,,6,9,1,outdoors,grass,CHI98,Soldier Field
2026_17_IND_CLE,2026,REG,17,2027-01-03,Sunday,13:00,IND,,CLE,,Home,,7,7,0,outdoors,grass,CLE00,Huntington Bank Field
2026_17_KC_LAC,2026,REG,17,2027-01-03,Sunday,13:00,KC,,LAC,,Home,,7,7,1,dome,matrixturf,LAX01,SoFi Stadium
2026_17_LA_TB,2026,REG,17,2027-01-03,Sunday,13:00,LA,,TB,,Home,,9,7,0,outdoors,grass,TAM00,Raymond James Stadium
2026_17_LV_ARI,2026,REG,17,2027-01-03,Sunday,16:05,LV,,ARI,,Home,,7,7,0,,grass,PHO00,State Farm Stadium
2026_17_MIN_NYJ,2026,REG,17,2027-01-03,Sunday,13:00,MIN,,NYJ,,Home,,7,7,0,outdoors,fieldturf,NYC01,MetLife Stadium
2026_17_NO_ATL,2026,REG,17,2027-01-03,Sunday,13:00,NO,,ATL,,Home,,7,7,1,,fieldturf,ATL97,Mercedes-Benz Stadium
2026_17_NYG_DAL,2026,REG,17,2027-01-03,Sunday,13:00,NYG,,DAL,,Home,,6,7,1,,matrixturf,DAL00,AT&T Stadium
2026_17_PHI_SF,2026,REG,17,2027-01-03,Sunday,20:20,PHI,,SF,,Home,,10,7,0,outdoors,grass,SFO01,Levi's Stadium
2026_17_PIT_TEN,2026,REG,17,2027-01-03,Sunday,13:00,PIT,,TEN,,Home,,7,7,0,outdoors,grass,NAS00,Nissan Stadium
2026_17_SEA_CAR,2026,REG,17,2027-01-03,Sunday,13:00,SEA,,CAR,,Home,,9,7,0,outdoors,grass,CAR00,Bank of America Stadium
2026_17_WAS_JAX,2026,REG,17,2027-01-03,Sunday,13:00,WAS,,JAX,,Home,,7,7,0,outdoors,grass,JAX00,EverBank Stadium
2026_17_HOU_GB,2026,REG,17,2027-01-04,Monday,20:15,HOU,,GB,,Home,,11,10,0,outdoors,grass,GNB00,Lambeau Field
2026_18_ATL_CAR,2026,REG,18,2027-01-10,Sunday,13:00,ATL,,CAR,,Home,,7,7,1,outdoors,grass,CAR00,Bank of America Stadium
2026_18_CHI_MIN,2026,REG,18,2027-01-10,Sunday,13:00,CHI,,MIN,,Home,,7,7,1,dome,sportturf,MIN01,U.S. Bank Stadium
2026_18_CLE_CIN,2026,REG,18,2027-01-10,Sunday,13:00,CLE,,CIN,,Home,,7,10,1,outdoors,fieldturf,CIN00,Paycor Stadium
2026_18_DAL_WAS,2026,REG,18,2027-01-10,Sunday,13:00,DAL,,WAS,,Home,,7,7,1,outdoors,grass,WAS00,Northwest Stadium
2026_18_DET_GB,2026,REG,18,2027-01-10,Sunday,13:00,DET,,GB,,Home,,7,6,1,outdoors,grass,GNB00,Lambeau Field
2026_18_JAX_IND,2026,REG,18,2027-01-10,Sunday,13:00,JAX,,IND,,Home,,7,7,1,,fieldturf,IND00,Lucas Oil Stadium
2026_18_LAC_DEN,2026,REG,18,2027-01-10,Sunday,13:00,LAC,,DEN,,Home,,7,7,1,outdoors,grass,DEN00,Empower Field at Mile High
2026_18_LV_KC,2026,REG,18,2027-01-10,Sunday,13:00,LV,,KC,,Home,,7,7,1,outdoors,grass,KAN00,GEHA Field at Arrowhead Stadium
2026_18_MIA_NE,2026,REG,18,2027-01-10,Sunday,13:00,MIA,,NE,,Home,,7,7,1,outdoors,fieldturf,BOS00,Gillette Stadium
2026_18_NYJ_BUF,2026,REG,18,2027-01-10,Sunday,13:00,NYJ,,BUF,,Home,,7,7,1,outdoors,a_turf,BUF00,Highmark Stadium
2026_18_PHI_NYG,2026,REG,18,2027-01-10,Sunday,13:00,PHI,,NYG,,Home,,7,7,1,outdoors,fieldturf,NYC01,MetLife Stadium
2026_18_PIT_BAL,2026,REG,18,2027-01-10,Sunday,13:00,PIT,,BAL,,Home,,7,10,1,outdoors,grass,BAL00,M&T Bank Stadium
2026_18_SEA_LA,2026,REG,18,2027-01-10,Sunday,13:00,SEA,,LA,,Home,,7,7,1,dome,matrixturf,LAX01,SoFi Stadium
2026_18_SF_ARI,2026,REG,18,2027-01-10,Sunday,13:00,SF,,ARI,,Home,,7,7,1,,grass,PHO00,State Farm Stadium
2026_18_TB_NO,2026,REG,18,2027-01-10,Sunday,13:00,TB,,NO,,Home,,7,7,1,dome,sportturf,NOR00,Caesars Superdome
2026_18_TEN_HOU,2026,REG,18,2027-01-10,Sunday,13:00,TEN,,HOU,,Home,,7,6,1,,astroturf,HOU00,Reliant Stadium
