player_id,player_display_name,position,recent_team,season,week,season_type,opponent_team,completions,attempts,passing_yards,passing_tds,interceptions,sacks_suffered,sack_yards,sack_fumbles,sack_fumbles_lost,passing_first_downs,carries,rushing_yards,rushing_tds,rushing_fumbles,rushing_fumbles_lost,rushing_first_downs,passing_epa,rushing_epa,dropbacks,recorded_qb_fumbles,recorded_qb_fumbles_lost,nfl_passer_rating,yards_per_attempt,interception_rate,sack_rate,fumble_rate,qb_rushing_yards_per_dropback,source_asset
00-0019596,Tom Brady,QB,TB,2021,1,REG,DAL,32,50,379,4,2,0,0,0,0,22,0,0,0,0,0,0,14.00698733,0,50,0,0,97,7.58,0.04,0,0,0,stats_player_week_2021.csv.gz
00-0022924,Ben Roethlisberger,QB,PIT,2021,1,REG,BUF,18,32,188,1,0,2,-11,1,0,9,4,5,0,0,0,0,-0.82791547,-1.41189136,34,1,0,83.854167,5.875,0,0.05882353,0.02941176,0.14705882,stats_player_week_2021.csv.gz
00-0023459,Aaron Rodgers,QB,GB,2021,1,REG,NO,15,28,133,0,2,1,-11,0,0,6,0,0,0,0,0,0,-15.94971474,0,29,0,0,36.755952,4.75,0.07142857,0.03448276,0,0,stats_player_week_2021.csv.gz
00-0023682,Ryan Fitzpatrick,QB,WAS,2021,1,REG,LAC,3,6,13,0,0,1,-2,1,0,0,1,2,0,0,0,0,-4.27462314,-1.19552434,7,1,0,56.25,2.16666667,0,0.14285714,0.14285714,0.28571429,stats_player_week_2021.csv.gz
00-0026143,Matt Ryan,QB,ATL,2021,1,REG,PHI,21,35,164,0,0,3,-28,0,0,8,2,8,0,1,0,0,-15.9752894,-1.30915086,38,1,0,71.607143,4.68571429,0,0.07894737,0.02631579,0.21052632,stats_player_week_2021.csv.gz
00-0026498,Matthew Stafford,QB,LA,2021,1,REG,CHI,20,26,321,3,0,1,-9,0,0,13,5,-5,0,0,0,0,18.84857659,-4.94273222,27,0,0,156.089744,12.34615385,0,0.03703704,0,-0.18518519,stats_player_week_2021.csv.gz
00-0027973,Andy Dalton,QB,CHI,2021,1,REG,LA,27,38,206,0,1,3,-28,1,1,13,2,13,0,0,0,1,-10.91901858,1.12172971,41,1,1,72.916667,5.42105263,0.02631579,0.07317073,0.02439024,0.31707317,stats_player_week_2021.csv.gz
00-0028118,Tyrod Taylor,QB,HOU,2021,1,REG,JAX,21,33,291,2,0,1,-2,0,0,13,4,40,0,1,0,1,14.05360216,3.24967731,34,1,0,112.058081,8.81818182,0,0.02941176,0.02941176,1.17647059,stats_player_week_2021.csv.gz
00-0029263,Russell Wilson,QB,SEA,2021,1,REG,IND,18,23,254,4,0,3,-13,0,0,12,5,9,0,0,0,2,12.11488942,-0.24086392,26,0,0,152.264493,11.04347826,0,0.11538462,0,0.34615385,stats_player_week_2021.csv.gz
00-0029604,Kirk Cousins,QB,MIN,2021,1,REG,CIN,36,49,351,2,0,3,-26,0,0,15,0,0,0,0,0,0,10.87276609,0,52,0,0,106.760204,7.16326531,0,0.05769231,0,0,stats_player_week_2021.csv.gz
00-0029701,Ryan Tannehill,QB,TEN,2021,1,REG,ARI,21,35,212,1,1,6,-56,2,2,11,2,17,1,0,0,2,-19.69578802,2.43668907,41,2,2,74.940476,6.05714286,0.02857143,0.14634146,0.04878049,0.41463415,stats_player_week_2021.csv.gz
00-0031237,Teddy Bridgewater,QB,DEN,2021,1,REG,NYG,28,36,264,2,0,2,-9,0,0,17,3,19,0,0,0,1,23.34782693,1.12208715,38,0,0,115.740741,7.33333333,0,0.05263158,0,0.5,stats_player_week_2021.csv.gz
00-0031280,Derek Carr,QB,LV,2021,1,REG,BAL,34,56,435,2,1,3,-26,0,0,17,4,6,0,1,0,0,9.61616742,-3.33926144,59,1,0,89.508929,7.76785714,0.01785714,0.05084746,0.01694915,0.10169492,stats_player_week_2021.csv.gz
00-0031345,Jimmy Garoppolo,QB,SF,2021,1,REG,DET,17,25,314,1,0,1,-8,0,0,12,3,2,0,1,1,0,20.3235492,-6.39243062,26,1,1,124.166667,12.56,0,0.03846154,0.03846154,0.07692308,stats_player_week_2021.csv.gz
00-0031503,Jameis Winston,QB,NO,2021,1,REG,GB,14,20,148,5,0,0,0,0,0,9,6,37,0,0,0,4,16.49680641,4.68166583,20,0,0,130.833333,7.4,0,0,0,1.85,stats_player_week_2021.csv.gz
00-0031800,Taylor Heinicke,QB,WAS,2021,1,REG,LAC,11,15,122,1,0,0,0,0,0,6,3,17,0,0,0,1,4.82712971,-0.54473592,15,0,0,119.305556,8.13333333,0,0,0,1.13333333,stats_player_week_2021.csv.gz
00-0032268,Marcus Mariota,QB,LV,2021,1,REG,BAL,0,0,0,0,0,0,0,0,0,0,1,31,0,0,0,1,0,2.10399048,0,0,0,,,,,,,stats_player_week_2021.csv.gz
00-0032950,Carson Wentz,QB,IND,2021,1,REG,SEA,25,38,251,2,0,3,-28,0,0,14,4,23,0,1,1,0,0.30334206,-3.40048182,41,1,1,101.973684,6.60526316,0,0.07317073,0.02439024,0.56097561,stats_player_week_2021.csv.gz
00-0033077,Dak Prescott,QB,DAL,2021,1,REG,TB,42,58,403,3,1,1,-12,0,0,21,4,13,0,0,0,0,14.20617892,-0.44269055,59,0,0,101.436782,6.94827586,0.01724138,0.01694915,0,0.22033898,stats_player_week_2021.csv.gz
00-0033106,Jared Goff,QB,DET,2021,1,REG,SF,38,57,338,3,1,3,-24,0,0,19,3,14,0,0,0,1,-6.84885737,-0.04516107,60,0,0,92.580409,5.92982456,0.01754386,0.05,0,0.23333333,stats_player_week_2021.csv.gz
00-0033119,Jacoby Brissett,QB,MIA,2021,1,REG,NE,0,0,0,0,0,0,0,0,0,0,2,4,0,0,0,2,0,-0.04441096,0,0,0,,,,,,,stats_player_week_2021.csv.gz
00-0033873,Patrick Mahomes,QB,KC,2021,1,REG,CLE,27,36,337,3,0,2,-13,0,0,17,5,18,1,0,0,2,19.39953116,3.8393219,38,0,0,131.365741,9.36111111,0,0.05263158,0,0.47368421,stats_player_week_2021.csv.gz
00-0034796,Lamar Jackson,QB,BAL,2021,1,REG,LV,19,30,235,1,0,3,-18,1,1,11,12,86,0,2,1,4,2.35460099,-1.6484805,33,3,2,98.611111,7.83333333,0,0.09090909,0.09090909,2.60606061,stats_player_week_2021.csv.gz
00-0034855,Baker Mayfield,QB,CLE,2021,1,REG,KC,21,28,321,0,1,2,-17,0,0,14,1,7,0,0,0,0,10.77001246,0.00662207,30,0,0,97.470238,11.46428571,0.03571429,0.06666667,0,0.23333333,stats_player_week_2021.csv.gz
00-0034857,Josh Allen,QB,BUF,2021,1,REG,PIT,30,51,270,1,0,3,-16,1,1,13,9,44,0,1,0,4,-6.0917962,3.79584618,54,2,1,79.697712,5.29411765,0,0.05555556,0.03703704,0.81481481,stats_player_week_2021.csv.gz
00-0034869,Sam Darnold,QB,CAR,2021,1,REG,NYJ,24,35,279,1,0,1,-9,0,0,14,5,-1,1,1,1,1,2.87227824,-4.63602421,36,1,1,101.964286,7.97142857,0,0.02777778,0.02777778,-0.02777778,stats_player_week_2021.csv.gz
00-0035228,Kyler Murray,QB,ARI,2021,1,REG,TEN,21,32,289,4,1,2,-9,0,0,13,5,20,1,0,0,2,11.81197811,-0.50098122,34,0,0,120.963542,9.03125,0.03125,0.05882353,0,0.58823529,stats_player_week_2021.csv.gz
00-0035710,Daniel Jones,QB,NYG,2021,1,REG,DEN,22,37,267,1,0,2,-13,0,0,13,6,27,1,1,1,2,-1.68287354,4.02926071,39,1,1,90.709459,7.21621622,0,0.05128205,0.02564103,0.69230769,stats_player_week_2021.csv.gz
00-0036212,Tua Tagovailoa,QB,MIA,2021,1,REG,NE,16,27,202,1,1,2,-17,0,0,9,4,1,1,0,0,1,1.34209378,1.22852695,29,0,0,79.552469,7.48148148,0.03703704,0.06896552,0,0.03448276,stats_player_week_2021.csv.gz
00-0036264,Jordan Love,QB,GB,2021,1,REG,NO,5,7,68,0,0,1,-4,1,1,3,0,0,0,0,0,0,-1.90978799,0,8,1,1,102.083333,9.71428571,0,0.125,0.125,0,stats_player_week_2021.csv.gz
00-0036355,Justin Herbert,QB,LAC,2021,1,REG,WAS,31,47,337,1,1,2,-3,1,1,20,4,-1,0,0,0,1,10.38426147,-4.51608181,49,1,1,85.150709,7.17021277,0.0212766,0.04081633,0.02040816,-0.02040816,stats_player_week_2021.csv.gz
00-0036389,Jalen Hurts,QB,PHI,2021,1,REG,ATL,27,35,264,3,0,1,-3,0,0,13,7,62,0,0,0,4,11.97530757,5.27276652,36,0,0,126.369048,7.54285714,0,0.02777778,0,1.72222222,stats_player_week_2021.csv.gz
00-0036442,Joe Burrow,QB,CIN,2021,1,REG,MIN,20,27,261,2,0,5,-44,0,0,12,1,2,0,0,0,1,4.16537903,1.84046762,32,0,0,128.780864,9.66666667,0,0.15625,0,0.0625,stats_player_week_2021.csv.gz
00-0036945,Justin Fields,QB,CHI,2021,1,REG,LA,2,2,10,0,0,0,0,0,0,0,1,3,1,0,0,1,0.39735129,0.86711333,2,0,0,87.5,5,0,0,0,1.5,stats_player_week_2021.csv.gz
00-0036971,Trevor Lawrence,QB,JAX,2021,1,REG,HOU,28,51,332,3,3,1,-13,0,0,13,1,-2,0,0,0,0,-3.83803975,0,52,0,0,70.05719,6.50980392,0.05882353,0.01923077,0,-0.03846154,stats_player_week_2021.csv.gz
00-0036972,Mac Jones,QB,NE,2021,1,REG,MIA,29,39,281,1,0,1,-13,1,0,14,0,0,0,0,0,0,12.53295183,0,40,1,0,102.617521,7.20512821,0,0.025,0.025,0,stats_player_week_2021.csv.gz
00-0037012,Trey Lance,QB,SF,2021,1,REG,DET,1,1,5,1,0,0,0,0,0,1,3,2,0,0,0,0,1.15287364,-2.99568809,1,0,0,127.083333,5,0,0,0,2,stats_player_week_2021.csv.gz
00-0037013,Zach Wilson,QB,NYJ,2021,1,REG,CAR,20,37,258,2,1,6,-51,1,0,10,0,0,0,0,0,0,-7.69828076,1.053,43,1,0,82.939189,6.97297297,0.02702703,0.13953488,0.02325581,0,stats_player_week_2021.csv.gz
00-0019596,Tom Brady,QB,TB,2021,2,REG,ATL,24,36,276,5,0,3,-17,1,1,14,1,6,0,0,0,1,1.85436421,1.28404039,39,1,1,129.166667,7.66666667,0,0.07692308,0.02564103,0.15384615,stats_player_week_2021.csv.gz
00-0022924,Ben Roethlisberger,QB,PIT,2021,2,REG,LV,27,40,295,1,1,2,-3,0,0,13,0,0,0,0,0,0,2.70703791,0,42,0,0,86.979167,7.375,0.025,0.04761905,0,0,stats_player_week_2021.csv.gz
00-0023459,Aaron Rodgers,QB,GB,2021,2,REG,DET,22,27,255,4,0,3,-28,0,0,16,4,6,0,0,0,0,17.57048463,0.70460863,30,0,0,145.601852,9.44444444,0,0.1,0,0.2,stats_player_week_2021.csv.gz
00-0026143,Matt Ryan,QB,ATL,2021,2,REG,TB,35,46,300,2,3,1,-7,0,0,15,2,3,0,0,0,0,-6.28941862,-3.00797201,47,0,0,79.981884,6.52173913,0.06521739,0.0212766,0,0.06382979,stats_player_week_2021.csv.gz
00-0026498,Matthew Stafford,QB,LA,2021,2,REG,IND,19,30,278,2,1,1,-8,0,0,15,2,1,0,0,0,0,11.93359588,-0.87676116,31,0,0,101.805556,9.26666667,0.03333333,0.03225806,0,0.03225806,stats_player_week_2021.csv.gz
00-0027948,Blaine Gabbert,QB,TB,2021,2,REG,ATL,0,0,0,0,0,0,0,0,0,0,3,-3,0,0,0,0,0,-2.44856137,0,0,0,,,,,,,stats_player_week_2021.csv.gz
00-0027973,Andy Dalton,QB,CHI,2021,2,REG,CIN,9,11,56,1,0,1,-8,0,0,4,2,25,0,0,0,1,2.5951248,1.32203189,12,0,0,118.181818,5.09090909,0,0.08333333,0,2.08333333,stats_player_week_2021.csv.gz
00-0028118,Tyrod Taylor,QB,HOU,2021,2,REG,CLE,10,11,125,1,0,0,0,0,0,5,1,15,1,0,0,1,8.90334565,3.43317804,11,0,0,144.318182,11.36363636,0,0,0,1.36363636,stats_player_week_2021.csv.gz
00-0029263,Russell Wilson,QB,SEA,2021,2,REG,TEN,22,31,343,2,0,3,-23,0,0,10,3,16,0,0,0,1,8.27997956,-1.21382584,34,0,0,128.830645,11.06451613,0,0.08823529,0,0.47058824,stats_player_week_2021.csv.gz
00-0029604,Kirk Cousins,QB,MIN,2021,2,REG,ARI,22,32,244,3,0,1,-2,1,0,10,2,35,0,0,0,2,6.9798191,2.83705052,33,1,0,122.395833,7.625,0,0.03030303,0.03030303,1.06060606,stats_player_week_2021.csv.gz
00-0029701,Ryan Tannehill,QB,TEN,2021,2,REG,SEA,27,40,347,0,0,3,-27,1,1,16,4,27,0,0,0,2,7.43618509,2.3007629,43,1,1,94.479167,8.675,0,0.06976744,0.02325581,0.62790698,stats_player_week_2021.csv.gz
00-0031237,Teddy Bridgewater,QB,DEN,2021,2,REG,JAX,26,34,328,2,0,3,-26,0,0,11,4,1,0,0,0,2,8.95223596,-4.06468945,37,0,0,125.612745,9.64705882,0,0.08108108,0,0.02702703,stats_player_week_2021.csv.gz
00-0031280,Derek Carr,QB,LV,2021,2,REG,PIT,28,37,382,2,0,2,-9,1,0,17,4,9,0,1,0,2,20.62271649,2.73720138,39,2,0,126.182432,10.32432432,0,0.05128205,0.05128205,0.23076923,stats_player_week_2021.csv.gz
00-0031345,Jimmy Garoppolo,QB,SF,2021,2,REG,PHI,22,30,189,1,0,0,0,0,0,9,11,20,1,1,0,5,6.49326184,4.675996,30,1,0,100.555556,6.3,0,0,0.03333333,0.66666667,stats_player_week_2021.csv.gz
00-0031503,Jameis Winston,QB,NO,2021,2,REG,CAR,11,22,111,0,2,4,-31,0,0,3,3,19,1,0,0,1,-18.64494397,4.03908008,26,0,0,26.893939,5.04545455,0.09090909,0.15384615,0,0.73076923,stats_player_week_2021.csv.gz
00-0031800,Taylor Heinicke,QB,WAS,2021,2,REG,NYG,34,46,336,2,1,1,-16,0,0,13,4,6,0,0,0,1,0.89981881,2.05979223,47,0,0,99.547101,7.30434783,0.02173913,0.0212766,0,0.12765957,stats_player_week_2021.csv.gz
00-0032950,Carson Wentz,QB,IND,2021,2,REG,LA,20,31,247,1,1,3,-27,0,0,11,5,37,0,0,0,2,-1.27188381,1.0775383,34,0,0,86.357527,7.96774194,0.03225806,0.08823529,0,1.08823529,stats_player_week_2021.csv.gz
00-0033077,Dak Prescott,QB,DAL,2021,2,REG,LAC,23,27,237,0,1,2,-16,1,0,13,0,0,0,0,0,0,-1.66755558,0,29,1,0,87.808642,8.77777778,0.03703704,0.06896552,0.03448276,0,stats_player_week_2021.csv.gz
00-0033106,Jared Goff,QB,DET,2021,2,REG,GB,26,36,246,2,1,1,-10,1,0,11,4,46,0,1,1,2,-0.56818969,-0.86433782,37,2,1,97.685185,6.83333333,0.02777778,0.02702703,0.05405405,1.24324324,stats_player_week_2021.csv.gz
00-0033119,Jacoby Brissett,QB,MIA,2021,2,REG,BUF,24,40,169,0,1,4,-24,0,0,9,4,8,0,0,0,0,-14.20001353,-0.9378989,44,0,0,59.270833,4.225,0.025,0.09090909,0,0.18181818,stats_player_week_2021.csv.gz
00-0033869,Mitchell Trubisky,QB,BUF,2021,2,REG,MIA,0,0,0,0,0,0,0,0,0,0,2,-2,0,0,0,0,0,0,0,0,0,,,,,,,stats_player_week_2021.csv.gz
00-0033873,Patrick Mahomes,QB,KC,2021,2,REG,BAL,24,31,343,3,1,0,0,0,0,18,1,3,0,0,0,0,17.19816518,1.50728001,31,0,0,131.518817,11.06451613,0.03225806,0,0,0.09677419,stats_player_week_2021.csv.gz
00-0034343,Josh Rosen,QB,ATL,2021,2,REG,TB,0,2,0,0,0,0,0,0,0,0,0,0,0,0,0,0,-2.84071568,0,2,0,0,39.583333,0,0,0,0,0,stats_player_week_2021.csv.gz
00-0034796,Lamar Jackson,QB,BAL,2021,2,REG,KC,18,26,239,1,2,1,-9,0,0,11,16,107,2,0,0,8,-1.21871305,8.76117404,27,0,0,78.846154,9.19230769,0.07692308,0.03703704,0,3.96296296,stats_player_week_2021.csv.gz
00-0034855,Baker Mayfield,QB,CLE,2021,2,REG,HOU,19,21,213,1,1,2,-14,0,0,10,8,10,1,1,0,2,7.97521219,1.91088092,23,1,0,104.960317,10.14285714,0.04761905,0.08695652,0.04347826,0.43478261,stats_player_week_2021.csv.gz
00-0034857,Josh Allen,QB,BUF,2021,2,REG,MIA,17,33,179,2,1,1,-8,0,0,8,5,35,0,0,0,5,3.83031532,9.62841016,34,0,0,75.189394,5.42424242,0.03030303,0.02941176,0,1.02941176,stats_player_week_2021.csv.gz
00-0034869,Sam Darnold,QB,CAR,2021,2,REG,NO,26,38,305,2,1,2,-11,0,0,18,1,7,0,0,0,0,10.91611862,0.29474556,40,0,0,99.122807,8.02631579,0.02631579,0.05,0,0.175,stats_player_week_2021.csv.gz
00-0035228,Kyler Murray,QB,ARI,2021,2,REG,MIN,29,36,400,3,2,3,-29,0,0,16,5,31,1,0,0,2,4.57782033,3.40012897,39,0,0,117.592593,11.11111111,0.05555556,0.07692308,0,0.79487179,stats_player_week_2021.csv.gz
00-0035710,Daniel Jones,QB,NYG,2021,2,REG,WAS,22,32,249,1,0,4,-21,0,0,10,9,95,1,0,0,4,2.82056596,5.42463826,36,0,0,102.213542,7.78125,0,0.11111111,0,2.63888889,stats_player_week_2021.csv.gz
00-0036212,Tua Tagovailoa,QB,MIA,2021,2,REG,BUF,1,4,13,0,0,2,-13,0,0,0,0,0,0,0,0,0,-7.60339035,0,6,0,0,40.625,3.25,0,0.33333333,0,0,stats_player_week_2021.csv.gz
00-0036226,Jacob Eason,QB,IND,2021,2,REG,LA,2,5,25,0,1,0,0,0,0,2,0,0,0,0,0,0,-3.10254308,0,5,0,0,16.666667,5,0.2,0,0,0,stats_player_week_2021.csv.gz
00-0036264,Jordan Love,QB,GB,2021,2,REG,DET,0,0,0,0,0,0,0,0,0,0,3,-3,0,0,0,0,0,0,0,0,0,,,,,,,stats_player_week_2021.csv.gz
00-0036355,Justin Herbert,QB,LAC,2021,2,REG,DAL,31,41,338,1,2,2,-25,0,0,13,4,12,0,0,0,2,3.62223726,1.61576001,43,0,0,87.245935,8.24390244,0.04878049,0.04651163,0,0.27906977,stats_player_week_2021.csv.gz
00-0036389,Jalen Hurts,QB,PHI,2021,2,REG,SF,12,23,190,0,0,2,-13,1,0,7,10,82,1,0,0,5,0.68181037,6.01162503,25,1,0,79.981884,8.26086957,0,0.08,0.04,3.28,stats_player_week_2021.csv.gz
00-0036442,Joe Burrow,QB,CIN,2021,2,REG,CHI,19,30,207,2,3,5,-28,0,0,10,0,0,0,0,0,0,-8.97151312,0,35,0,0,66.25,6.9,0.1,0.14285714,0,0,stats_player_week_2021.csv.gz
00-0036898,Davis Mills,QB,HOU,2021,2,REG,CLE,8,18,102,1,1,1,-7,1,0,5,2,-1,0,0,0,0,0.44923585,-2.25212014,19,1,0,58.101852,5.66666667,0.05555556,0.05263158,0.05263158,-0.05263158,stats_player_week_2021.csv.gz
00-0036945,Justin Fields,QB,CHI,2021,2,REG,CIN,6,13,60,0,1,2,-25,1,0,3,10,31,0,0,0,2,-9.65263358,-2.34863905,15,1,0,27.724359,4.61538462,0.07692308,0.13333333,0.06666667,2.06666667,stats_player_week_2021.csv.gz
00-0036971,Trevor Lawrence,QB,JAX,2021,2,REG,DEN,14,33,118,1,2,1,-4,0,0,6,2,21,0,0,0,2,-14.17872855,3.83501749,34,0,0,37.184343,3.57575758,0.06060606,0.02941176,0,0.61764706,stats_player_week_2021.csv.gz
00-0036972,Mac Jones,QB,NE,2021,2,REG,NYJ,22,30,186,0,0,3,-27,1,0,9,0,0,0,0,0,0,-4.37839806,0,33,1,0,89.027778,6.2,0,0.09090909,0.03030303,0,stats_player_week_2021.csv.gz
00-0037013,Zach Wilson,QB,NYJ,2021,2,REG,NE,19,33,210,0,4,4,-26,0,0,6,3,19,0,0,0,1,-23.7022445,3.65995283,37,0,0,36.994949,6.36363636,0.12121212,0.10810811,0,0.51351351,stats_player_week_2021.csv.gz
00-0019596,Tom Brady,QB,TB,2021,3,REG,LA,41,55,432,1,0,3,-21,1,0,24,3,14,1,0,0,1,13.16330254,0.56292743,58,1,0,102.992424,7.85454545,0,0.05172414,0.01724138,0.24137931,stats_player_week_2021.csv.gz
00-0022924,Ben Roethlisberger,QB,PIT,2021,3,REG,CIN,38,58,318,1,2,4,-21,0,0,16,1,5,0,0,0,1,-8.94338576,0.86104667,62,0,0,70.905172,5.48275862,0.03448276,0.06451613,0,0.08064516,stats_player_week_2021.csv.gz
00-0023459,Aaron Rodgers,QB,GB,2021,3,REG,SF,23,33,261,2,0,1,-8,0,0,13,0,0,0,0,0,0,7.61154946,0,34,0,0,113.320707,7.90909091,0,0.02941176,0,0,stats_player_week_2021.csv.gz
00-0026143,Matt Ryan,QB,ATL,2021,3,REG,NYG,27,36,243,2,0,3,-16,1,1,12,1,-1,0,0,0,0,5.15240227,0.02571852,39,1,1,111.226852,6.75,0,0.07692308,0.02564103,-0.02564103,stats_player_week_2021.csv.gz
00-0026498,Matthew Stafford,QB,LA,2021,3,REG,TB,27,38,343,4,0,1,-12,0,0,16,2,-2,0,0,0,0,17.66876215,0,39,0,0,133.991228,9.02631579,0,0.02564103,0,-0.05128205,stats_player_week_2021.csv.gz
00-0028986,Case Keenum,QB,CLE,2021,3,REG,CHI,0,0,0,0,0,0,0,0,0,0,3,0,0,0,0,1,0,-4.54714123,0,0,0,,,,,,,stats_player_week_2021.csv.gz
00-0029263,Russell Wilson,QB,SEA,2021,3,REG,MIN,23,32,298,1,0,2,-15,0,0,14,3,7,0,0,0,0,0.71095826,-1.24676286,34,0,0,111.197917,9.3125,0,0.05882353,0,0.20588235,stats_player_week_2021.csv.gz
00-0029604,Kirk Cousins,QB,MIN,2021,3,REG,SEA,30,38,323,3,0,1,-10,1,0,20,1,2,0,0,0,0,19.21688119,-0.17711516,39,1,0,128.399123,8.5,0,0.02564103,0.02564103,0.05128205,stats_player_week_2021.csv.gz
00-0029701,Ryan Tannehill,QB,TEN,2021,3,REG,IND,18,27,197,3,2,1,-9,0,0,11,5,56,0,0,0,3,3.29504272,5.84742033,28,0,0,94.212963,7.2962963,0.07407407,0.03571429,0,2,stats_player_week_2021.csv.gz
00-0031237,Teddy Bridgewater,QB,DEN,2021,3,REG,NYJ,19,25,235,0,0,2,-12,0,0,10,4,24,0,0,0,2,11.93401993,-0.24977908,27,0,0,104.583333,9.4,0,0.07407407,0,0.88888889,stats_player_week_2021.csv.gz
00-0031280,Derek Carr,QB,LV,2021,3,REG,MIA,26,43,386,2,1,3,-29,0,0,18,2,-2,0,0,0,0,6.62503951,-2.41354188,46,0,0,95.687984,8.97674419,0.02325581,0.06521739,0,-0.04347826,stats_player_week_2021.csv.gz
00-0031345,Jimmy Garoppolo,QB,SF,2021,3,REG,GB,25,40,257,2,1,4,-26,1,1,15,1,4,0,0,0,0,0.66832111,-0.0657706,44,1,1,87.1875,6.425,0.025,0.09090909,0.02272727,0.09090909,stats_player_week_2021.csv.gz
00-0031503,Jameis Winston,QB,NO,2021,3,REG,NE,13,21,128,2,0,3,-18,0,0,9,5,4,0,0,0,1,5.26691914,-0.76388746,24,0,0,110.813492,6.0952381,0,0.125,0,0.16666667,stats_player_week_2021.csv.gz
00-0031800,Taylor Heinicke,QB,WAS,2021,3,REG,BUF,14,24,212,2,2,1,0,0,0,8,8,21,1,0,0,1,4.85007967,-5.25060905,25,0,0,80.555556,8.83333333,0.08333333,0.04,0,0.84,stats_player_week_2021.csv.gz
00-0032950,Carson Wentz,QB,IND,2021,3,REG,TEN,19,37,194,0,0,2,-16,0,0,8,0,0,0,0,0,0,-8.55954582,0,39,0,0,66.722973,5.24324324,0,0.05128205,0,0,stats_player_week_2021.csv.gz
00-0033077,Dak Prescott,QB,DAL,2021,3,REG,PHI,21,26,238,3,0,4,-18,1,1,14,9,6,0,1,0,0,11.57161978,-10.57533168,30,2,1,143.269231,9.15384615,0,0.13333333,0.06666667,0.2,stats_player_week_2021.csv.gz
00-0033106,Jared Goff,QB,DET,2021,3,REG,BAL,22,30,217,0,0,2,-25,0,0,13,1,4,0,0,0,0,3.13943227,-1.63732899,32,0,0,93.333333,7.23333333,0,0.0625,0,0.125,stats_player_week_2021.csv.gz
00-0033119,Jacoby Brissett,QB,MIA,2021,3,REG,LV,32,49,215,0,0,2,-18,0,0,13,7,37,1,0,0,3,-2.29661788,0.32420918,51,0,0,74.787415,4.3877551,0,0.03921569,0,0.7254902,stats_player_week_2021.csv.gz
00-0033869,Mitchell Trubisky,QB,BUF,2021,3,REG,WAS,1,1,1,0,0,0,0,0,0,0,4,19,0,0,0,1,-0.25613128,-0.818693,1,0,0,79.166667,1,0,0,0,19,stats_player_week_2021.csv.gz
00-0033873,Patrick Mahomes,QB,KC,2021,3,REG,LAC,27,44,260,3,2,2,-9,0,0,17,4,45,0,0,0,3,11.1020046,2.50420799,46,0,0,81.628788,5.90909091,0.04545455,0.04347826,0,0.97826087,stats_player_week_2021.csv.gz
00-0034796,Lamar Jackson,QB,BAL,2021,3,REG,DET,16,31,287,1,1,4,-16,0,0,10,7,58,0,0,0,1,7.33658893,0.31945741,35,0,0,80.981183,9.25806452,0.03225806,0.11428571,0,1.65714286,stats_player_week_2021.csv.gz
00-0034855,Baker Mayfield,QB,CLE,2021,3,REG,CHI,19,31,246,1,0,5,-43,0,0,13,4,31,0,0,0,1,-2.28728711,1.75651049,36,0,0,96.975806,7.93548387,0,0.13888889,0,0.86111111,stats_player_week_2021.csv.gz
00-0034857,Josh Allen,QB,BUF,2021,3,REG,WAS,32,43,358,4,0,0,0,0,0,20,4,9,1,0,0,1,17.3320785,-1.26312226,43,0,0,129.796512,8.3255814,0,0,0,0.20930233,stats_player_week_2021.csv.gz
00-0034869,Sam Darnold,QB,CAR,2021,3,REG,HOU,23,34,304,0,0,3,-14,2,0,15,8,11,2,0,0,4,11.99625692,2.81944992,37,2,0,95.710784,8.94117647,0,0.08108108,0.05405405,0.2972973,stats_player_week_2021.csv.gz
00-0035228,Kyler Murray,QB,ARI,2021,3,REG,JAX,28,34,316,0,1,0,0,0,0,14,7,19,1,0,0,2,11.86485914,1.50058528,34,0,0,93.137255,9.29411765,0.02941176,0,0,0.55882353,stats_player_week_2021.csv.gz
00-0035710,Daniel Jones,QB,NYG,2021,3,REG,ATL,24,35,266,0,0,2,-20,1,0,12,8,39,0,1,0,3,7.62434537,-0.33746694,37,2,0,90.892857,7.6,0,0.05405405,0.05405405,1.05405405,stats_player_week_2021.csv.gz
00-0036355,Justin Herbert,QB,LAC,2021,3,REG,KC,26,38,281,4,0,1,-6,0,0,16,4,16,0,0,0,1,16.2201953,0.5052232,39,0,0,125,7.39473684,0,0.02564103,0,0.41025641,stats_player_week_2021.csv.gz
00-0036389,Jalen Hurts,QB,PHI,2021,3,REG,DAL,25,39,326,2,2,2,-23,0,0,11,9,35,0,0,0,0,-6.22837377,-5.27978215,41,0,0,86.057692,8.35897436,0.05128205,0.04878049,0,0.85365854,stats_player_week_2021.csv.gz
00-0036442,Joe Burrow,QB,CIN,2021,3,REG,PIT,14,18,172,3,1,0,0,0,0,7,5,7,0,0,0,1,8.30352812,-2.27957924,18,0,0,122.916667,9.55555556,0.05555556,0,0,0.38888889,stats_player_week_2021.csv.gz
00-0036898,Davis Mills,QB,HOU,2021,3,REG,CAR,19,28,168,1,0,4,-17,0,0,10,1,0,0,0,0,0,-7.62622177,-1.35895045,32,0,0,95.535714,6,0,0.125,0,0,stats_player_week_2021.csv.gz
00-0036945,Justin Fields,QB,CHI,2021,3,REG,CLE,6,20,68,0,0,9,-67,0,0,2,3,12,0,0,0,0,-21.83927255,-0.73370812,29,0,0,41.25,3.4,0,0.31034483,0,0.4137931,stats_player_week_2021.csv.gz
00-0036971,Trevor Lawrence,QB,JAX,2021,3,REG,ARI,22,34,219,1,2,3,-17,2,2,10,6,27,0,0,0,0,-13.06659511,-1.09179313,37,2,2,68.137255,6.44117647,0.05882353,0.08108108,0.05405405,0.72972973,stats_player_week_2021.csv.gz
00-0036972,Mac Jones,QB,NE,2021,3,REG,NO,30,51,270,1,3,2,-19,0,0,10,6,28,0,0,0,4,-16.88236441,2.25055759,53,0,0,55.187908,5.29411765,0.05882353,0.03773585,0,0.52830189,stats_player_week_2021.csv.gz
00-0037012,Trey Lance,QB,SF,2021,3,REG,GB,0,0,0,0,0,0,0,0,0,0,1,1,1,0,0,1,0,3.72949886,0,0,0,,,,,,,stats_player_week_2021.csv.gz
00-0037013,Zach Wilson,QB,NYJ,2021,3,REG,DEN,19,35,160,0,2,5,-41,0,0,10,1,2,0,0,0,1,-24.10539145,0.47516926,40,0,0,42.559524,4.57142857,0.05714286,0.125,0,0.05,stats_player_week_2021.csv.gz
00-0019596,Tom Brady,QB,TB,2021,4,REG,NE,22,43,269,0,0,1,-8,0,0,12,4,3,0,0,0,1,2.24520765,1.6620587,44,0,0,70.784884,6.25581395,0,0.02272727,0,0.06818182,stats_player_week_2021.csv.gz
00-0022924,Ben Roethlisberger,QB,PIT,2021,4,REG,GB,26,40,232,1,1,2,-12,1,1,11,0,0,0,0,0,0,-10.51652014,0,42,1,1,78.333333,5.8,0.025,0.04761905,0.02380952,0,stats_player_week_2021.csv.gz
00-0023459,Aaron Rodgers,QB,GB,2021,4,REG,PIT,20,36,248,2,0,3,-12,0,0,13,3,2,1,0,0,1,3.57870521,1.42088539,39,0,0,95.601852,6.88888889,0,0.07692308,0,0.05128205,stats_player_week_2021.csv.gz
00-0026143,Matt Ryan,QB,ATL,2021,4,REG,WAS,25,42,283,4,0,1,-8,0,0,15,1,17,0,0,0,1,12.27373062,0.5272185,43,0,0,111.507937,6.73809524,0,0.02325581,0,0.39534884,stats_player_week_2021.csv.gz
00-0026498,Matthew Stafford,QB,LA,2021,4,REG,ARI,26,41,280,2,1,0,0,0,0,13,6,21,0,0,0,3,2.3852451,1.8299021,41,0,0,89.481707,6.82926829,0.02439024,0,0,0.51219512,stats_player_week_2021.csv.gz
00-0027688,Colt McCoy,QB,ARI,2021,4,REG,LA,0,0,0,0,0,0,0,0,0,0,2,-2,0,0,0,0,0,0,0,0,0,,,,,,,stats_player_week_2021.csv.gz
00-0029263,Russell Wilson,QB,SEA,2021,4,REG,SF,16,23,149,2,0,3,-20,1,0,6,4,26,1,0,0,2,-4.56667302,3.47674414,26,1,0,116.032609,6.47826087,0,0.11538462,0.03846154,1,stats_player_week_2021.csv.gz
00-0029604,Kirk Cousins,QB,MIN,2021,4,REG,CLE,20,38,203,1,1,2,-13,0,0,10,2,0,0,0,0,0,-9.81937027,-1.06417342,40,0,0,66.008772,5.34210526,0.02631579,0.05,0,0,stats_player_week_2021.csv.gz
00-0029701,Ryan Tannehill,QB,TEN,2021,4,REG,NYJ,30,49,298,1,0,7,-45,0,0,17,3,9,0,0,0,1,0.2581048,-2.1038419,56,0,0,85.246599,6.08163265,0,0.125,0,0.16071429,stats_player_week_2021.csv.gz
00-0031237,Teddy Bridgewater,QB,DEN,2021,4,REG,BAL,7,16,65,1,0,2,-15,0,0,5,1,2,0,0,0,0,-6.99416663,0.95622573,18,0,0,76.302083,4.0625,0,0.11111111,0,0.11111111,stats_player_week_2021.csv.gz
00-0031280,Derek Carr,QB,LV,2021,4,REG,LAC,21,34,196,2,1,4,-31,1,0,8,3,6,0,0,0,1,-7.57501021,-0.43592856,38,1,0,84.926471,5.76470588,0.02941176,0.10526316,0.02631579,0.15789474,stats_player_week_2021.csv.gz
00-0031345,Jimmy Garoppolo,QB,SF,2021,4,REG,SEA,14,23,165,1,1,1,-7,0,0,8,0,0,0,0,0,0,-1.23543305,0,24,0,0,79.076087,7.17391304,0.04347826,0.04166667,0,0,stats_player_week_2021.csv.gz
00-0031503,Jameis Winston,QB,NO,2021,4,REG,NYG,17,23,226,1,0,0,0,0,0,11,0,0,0,0,0,0,10.94580737,0,23,0,0,119.112319,9.82608696,0,0,0,0,stats_player_week_2021.csv.gz
00-0031800,Taylor Heinicke,QB,WAS,2021,4,REG,ATL,23,33,290,3,0,1,0,0,0,16,5,43,0,0,0,2,18.07800564,3.80672742,34,0,0,127.083333,8.78787879,0,0.02941176,0,1.26470588,stats_player_week_2021.csv.gz
00-0032950,Carson Wentz,QB,IND,2021,4,REG,MIA,24,32,228,2,0,2,-18,0,0,9,5,8,0,0,0,2,9.91462993,-3.58401578,34,0,0,115.104167,7.125,0,0.05882353,0,0.23529412,stats_player_week_2021.csv.gz
00-0033077,Dak Prescott,QB,DAL,2021,4,REG,CAR,14,22,188,4,0,0,0,0,0,10,4,35,0,0,0,1,6.62106138,2.34569172,22,0,0,130.30303,8.54545455,0,0,0,1.59090909,stats_player_week_2021.csv.gz
00-0033106,Jared Goff,QB,DET,2021,4,REG,CHI,24,38,299,2,0,4,-38,1,1,15,3,8,0,2,1,0,4.78397476,-6.48341291,42,3,2,105.04386,7.86842105,0,0.0952381,0.07142857,0.19047619,stats_player_week_2021.csv.gz
00-0033119,Jacoby Brissett,QB,MIA,2021,4,REG,IND,20,30,199,2,0,3,-31,1,1,10,3,8,0,0,0,2,-0.55928071,0.8561448,33,1,1,107.5,6.63333333,0,0.09090909,0.03030303,0.24242424,stats_player_week_2021.csv.gz
00-0033869,Mitchell Trubisky,QB,BUF,2021,4,REG,HOU,1,1,8,0,0,0,0,0,0,0,4,10,1,0,0,2,0.51102258,-0.50927492,1,0,0,100,8,0,0,0,10,stats_player_week_2021.csv.gz
00-0033873,Patrick Mahomes,QB,KC,2021,4,REG,PHI,24,30,278,5,1,1,-7,0,0,16,5,26,0,0,0,2,22.73289567,2.65050845,31,0,0,130.972222,9.26666667,0.03333333,0.03225806,0,0.83870968,stats_player_week_2021.csv.gz
00-0034796,Lamar Jackson,QB,BAL,2021,4,REG,DEN,22,37,316,1,0,3,-12,0,0,14,7,28,0,0,0,2,10.41850841,1.722889,40,0,0,96.227477,8.54054054,0,0.075,0,0.7,stats_player_week_2021.csv.gz
00-0034855,Baker Mayfield,QB,CLE,2021,4,REG,MIN,15,33,155,0,0,3,-12,0,0,9,2,11,0,0,0,1,-6.06294079,0.64714429,36,0,0,59.532828,4.6969697,0,0.08333333,0,0.30555556,stats_player_week_2021.csv.gz
00-0034857,Josh Allen,QB,BUF,2021,4,REG,HOU,20,30,248,2,1,1,-5,0,0,12,6,41,0,1,0,2,1.95567436,2.71679966,31,1,0,100.416667,8.26666667,0.03333333,0.03225806,0.03225806,1.32258065,stats_player_week_2021.csv.gz
00-0034869,Sam Darnold,QB,CAR,2021,4,REG,DAL,26,39,301,2,2,5,-35,0,0,13,6,35,2,0,0,4,-1.57713899,4.12951112,44,0,0,85.523504,7.71794872,0.05128205,0.11363636,0,0.79545455,stats_player_week_2021.csv.gz
00-0035228,Kyler Murray,QB,ARI,2021,4,REG,LA,24,32,268,2,0,3,-19,0,0,11,6,39,0,0,0,2,13.925697,1.27635571,35,0,0,120.3125,8.375,0,0.08571429,0,1.11428571,stats_player_week_2021.csv.gz
00-0035704,Drew Lock,QB,DEN,2021,4,REG,BAL,12,21,113,0,1,3,-15,0,0,4,0,0,0,0,0,0,-9.43301899,0,24,0,0,52.281746,5.38095238,0.04761905,0.125,0,0,stats_player_week_2021.csv.gz
00-0035710,Daniel Jones,QB,NYG,2021,4,REG,NO,28,40,402,2,1,0,0,0,0,17,4,27,0,0,0,1,16.37866639,0.2789828,40,0,0,108.541667,10.05,0.025,0,0,0.675,stats_player_week_2021.csv.gz
00-0036355,Justin Herbert,QB,LAC,2021,4,REG,LV,25,38,222,3,0,2,-10,0,0,13,3,4,0,0,0,0,5.05537531,-3.43746014,40,0,0,107.565789,5.84210526,0,0.05,0,0.1,stats_player_week_2021.csv.gz
00-0036389,Jalen Hurts,QB,PHI,2021,4,REG,KC,32,48,387,2,0,3,-29,1,0,19,8,47,0,0,0,5,13.82048541,1.94012435,51,1,0,105.121528,8.0625,0,0.05882353,0.01960784,0.92156863,stats_player_week_2021.csv.gz
00-0036442,Joe Burrow,QB,CIN,2021,4,REG,JAX,25,32,348,2,0,1,-6,0,0,16,3,4,0,0,0,0,17.5895028,-0.11556474,33,0,0,132.8125,10.875,0,0.03030303,0,0.12121212,stats_player_week_2021.csv.gz
00-0036898,Davis Mills,QB,HOU,2021,4,REG,BUF,11,21,87,0,4,3,-26,1,0,4,1,2,0,0,0,0,-22.92913499,-0.51864138,24,1,0,23.412698,4.14285714,0.19047619,0.125,0.04166667,0.08333333,stats_player_week_2021.csv.gz
00-0036945,Justin Fields,QB,CHI,2021,4,REG,DET,11,17,209,0,1,1,-24,1,0,5,3,9,0,0,0,1,3.21526142,-0.18740373,18,1,0,82.720588,12.29411765,0.05882353,0.05555556,0.05555556,0.5,stats_player_week_2021.csv.gz
00-0036971,Trevor Lawrence,QB,JAX,2021,4,REG,CIN,17,24,204,0,0,1,-2,0,0,8,8,36,1,0,0,4,6.40644838,1.01779572,25,0,0,96.527778,8.5,0,0.04,0,1.44,stats_player_week_2021.csv.gz
00-0036972,Mac Jones,QB,NE,2021,4,REG,TB,31,40,275,2,1,4,-25,0,0,15,1,-1,0,0,0,0,2.51835744,0,44,0,0,101.5625,6.875,0.025,0.09090909,0,-0.02272727,stats_player_week_2021.csv.gz
00-0037012,Trey Lance,QB,SF,2021,4,REG,SEA,9,18,157,2,0,1,-1,0,0,7,7,41,0,0,0,2,7.87609646,1.42335342,19,0,0,117.12963,8.72222222,0,0.05263158,0,2.15789474,stats_player_week_2021.csv.gz
00-0037013,Zach Wilson,QB,NYJ,2021,4,REG,TEN,21,34,297,2,1,1,-8,0,0,11,3,-2,0,0,0,0,9.0912562,-3.87498444,35,0,0,97.303922,8.73529412,0.02941176,0.02857143,0,-0.05714286,stats_player_week_2021.csv.gz
00-0019596,Tom Brady,QB,TB,2021,5,REG,MIA,30,41,411,5,0,2,-15,0,0,24,1,13,0,0,0,1,28.32359363,0.86539093,43,0,0,144.410569,10.02439024,0,0.04651163,0,0.30232558,stats_player_week_2021.csv.gz
00-0022924,Ben Roethlisberger,QB,PIT,2021,5,REG,DEN,15,25,253,2,0,1,-9,1,1,12,1,-1,0,0,0,0,9.34852732,0,26,1,1,120.916667,10.12,0,0.03846154,0.03846154,-0.03846154,stats_player_week_2021.csv.gz
00-0023459,Aaron Rodgers,QB,GB,2021,5,REG,CIN,27,39,344,2,1,2,-11,0,0,16,0,0,0,0,0,0,9.05295175,0,41,0,0,102.938034,8.82051282,0.02564103,0.04878049,0,0,stats_player_week_2021.csv.gz
00-0026143,Matt Ryan,QB,ATL,2021,5,REG,NYJ,33,45,342,2,0,0,0,0,0,19,1,-1,0,0,0,0,21.30797904,-1.09165498,45,0,0,109.675926,7.6,0,0,0,-0.02222222,stats_player_week_2021.csv.gz
00-0026498,Matthew Stafford,QB,LA,2021,5,REG,SEA,25,37,365,1,1,1,-7,0,0,16,1,-1,0,0,0,0,14.05562874,0,38,0,0,97.240991,9.86486486,0.02702703,0.02631579,0,-0.02631579,stats_player_week_2021.csv.gz
00-0027948,Blaine Gabbert,QB,TB,2021,5,REG,MIA,3,3,41,0,0,0,0,0,0,2,3,-1,0,0,0,0,3.94753904,-5.71625137,3,0,0,118.75,13.66666667,0,0,0,-0.33333333,stats_player_week_2021.csv.gz
00-0027973,Andy Dalton,QB,CHI,2021,5,REG,LV,1,1,8,0,0,0,0,0,0,1,0,0,0,0,0,0,1.59228012,0,1,0,0,100,8,0,0,0,0,stats_player_week_2021.csv.gz
00-0029263,Russell Wilson,QB,SEA,2021,5,REG,LA,11,16,152,1,1,2,-21,0,0,6,2,10,0,0,0,1,-2.1738863,0.92874384,18,0,0,93.75,9.5,0.0625,0.11111111,0,0.55555556,stats_player_week_2021.csv.gz
00-0029604,Kirk Cousins,QB,MIN,2021,5,REG,DET,25,34,275,1,1,2,-11,0,0,12,1,4,0,0,0,1,5.68429545,0.02377721,36,0,0,94.607843,8.08823529,0.02941176,0.05555556,0,0.11111111,stats_player_week_2021.csv.gz
00-0029701,Ryan Tannehill,QB,TEN,2021,5,REG,JAX,14,22,197,1,0,3,-13,0,0,10,3,21,0,0,0,2,6.57895509,4.56226585,25,0,0,107.575758,8.95454545,0,0.12,0,0.84,stats_player_week_2021.csv.gz
00-0030520,Mike Glennon,QB,NYG,2021,5,REG,DAL,16,25,196,1,2,0,0,0,0,11,2,2,0,1,0,0,-2.85832725,-2.56633359,25,1,0,68.083333,7.84,0.08,0,0.04,0.08,stats_player_week_2021.csv.gz
00-0030565,Geno Smith,QB,SEA,2021,5,REG,LA,10,17,131,1,1,0,0,0,0,7,3,23,0,0,0,0,4.3804068,0.24840068,17,0,0,78.308824,7.70588235,0.05882353,0,0,1.35294118,stats_player_week_2021.csv.gz
00-0031237,Teddy Bridgewater,QB,DEN,2021,5,REG,PIT,24,38,288,2,1,2,-20,0,0,14,1,11,0,0,0,0,7.27228222,0.8894282,40,0,0,92.872807,7.57894737,0.02631579,0.05,0,0.275,stats_player_week_2021.csv.gz
00-0031280,Derek Carr,QB,LV,2021,5,REG,CHI,22,35,206,0,1,3,-18,0,0,7,3,10,0,0,0,1,-9.29569615,-0.46969921,38,0,0,67.083333,5.88571429,0.02857143,0.07894737,0,0.26315789,stats_player_week_2021.csv.gz
00-0031503,Jameis Winston,QB,NO,2021,5,REG,WAS,15,30,279,4,1,2,-8,1,1,12,6,26,0,0,0,3,7.17835359,0.95770167,32,1,1,108.194444,9.3,0.03333333,0.0625,0.03125,0.8125,stats_player_week_2021.csv.gz
00-0031800,Taylor Heinicke,QB,WAS,2021,5,REG,NO,20,41,248,0,2,2,-6,0,0,11,5,40,0,0,0,2,-13.3092672,2.72052991,43,0,0,47.611789,6.04878049,0.04878049,0.04651163,0,0.93023256,stats_player_week_2021.csv.gz
00-0032950,Carson Wentz,QB,IND,2021,5,REG,BAL,25,35,402,2,0,2,-12,1,1,16,2,5,0,0,0,0,16.51927671,-0.04972267,37,1,1,128.511905,11.48571429,0,0.05405405,0.02702703,0.13513514,stats_player_week_2021.csv.gz
00-0033077,Dak Prescott,QB,DAL,2021,5,REG,NYG,22,32,302,3,1,2,-10,0,0,12,2,6,0,1,1,0,10.3440274,-5.28516967,34,1,1,116.927083,9.4375,0.03125,0.05882353,0.02941176,0.17647059,stats_player_week_2021.csv.gz
00-0033106,Jared Goff,QB,DET,2021,5,REG,MIN,21,35,203,0,1,4,-23,1,1,11,0,0,0,0,0,0,-14.08202784,0,39,1,1,64.345238,5.8,0.02857143,0.1025641,0.02564103,0,stats_player_week_2021.csv.gz
00-0033119,Jacoby Brissett,QB,MIA,2021,5,REG,TB,27,39,275,2,1,3,-13,1,1,13,0,0,0,0,0,0,-1.0711509,0,42,1,1,95.566239,7.05128205,0.02564103,0.07142857,0.02380952,0,stats_player_week_2021.csv.gz
00-0033873,Patrick Mahomes,QB,KC,2021,5,REG,BUF,33,54,272,2,2,2,0,0,0,16,8,61,0,1,1,5,-9.87495678,-0.82788066,56,1,1,70.910494,5.03703704,0.03703704,0.03571429,0.01785714,1.08928571,stats_player_week_2021.csv.gz
00-0033958,Nathan Peterman,QB,LV,2021,5,REG,CHI,0,0,0,0,0,0,0,0,0,0,2,2,0,0,0,1,0,0.75348011,0,0,0,,,,,,,stats_player_week_2021.csv.gz
00-0034796,Lamar Jackson,QB,BAL,2021,5,REG,IND,37,43,442,4,0,2,-5,0,0,22,14,62,0,1,1,5,32.47428803,-7.25138144,45,1,1,140.503876,10.27906977,0,0.04444444,0.02222222,1.37777778,stats_player_week_2021.csv.gz
00-0034855,Baker Mayfield,QB,CLE,2021,5,REG,LAC,23,32,305,2,0,1,-4,1,0,12,2,8,0,0,0,0,10.91524916,-0.36816641,33,1,0,122.526042,9.53125,0,0.03030303,0.03030303,0.24242424,stats_player_week_2021.csv.gz
00-0034857,Josh Allen,QB,BUF,2021,5,REG,KC,15,26,315,3,0,0,0,0,0,12,11,59,1,0,0,5,14.43471152,4.8743722,26,0,0,139.102564,12.11538462,0,0,0,2.26923077,stats_player_week_2021.csv.gz
00-0034869,Sam Darnold,QB,CAR,2021,5,REG,PHI,21,37,177,1,3,3,-19,0,0,9,2,10,0,0,0,1,-17.94983266,1.02100354,40,0,0,44.538288,4.78378378,0.08108108,0.075,0,0.25,stats_player_week_2021.csv.gz
00-0035228,Kyler Murray,QB,ARI,2021,5,REG,SF,22,31,239,1,0,2,-29,0,0,11,7,1,0,2,0,1,4.36363601,-2.2901219,33,2,0,104.099462,7.70967742,0,0.06060606,0.06060606,0.03030303,stats_player_week_2021.csv.gz
00-0035710,Daniel Jones,QB,NYG,2021,5,REG,DAL,5,13,98,0,0,0,0,0,0,4,3,9,0,0,0,1,0.88744133,-0.78084998,13,0,0,65.544872,7.53846154,0,0,0,0.69230769,stats_player_week_2021.csv.gz
00-0036355,Justin Herbert,QB,LAC,2021,5,REG,CLE,26,43,398,4,0,2,-17,0,0,14,4,29,1,0,0,3,17.25795209,2.70165959,45,0,0,122.044574,9.25581395,0,0.04444444,0,0.64444444,stats_player_week_2021.csv.gz
00-0036389,Jalen Hurts,QB,PHI,2021,5,REG,CAR,22,37,198,0,1,2,-16,0,0,8,9,30,2,1,0,4,-9.48057453,-2.9440881,39,1,0,62.668919,5.35135135,0.02702703,0.05128205,0.02564103,0.76923077,stats_player_week_2021.csv.gz
00-0036442,Joe Burrow,QB,CIN,2021,5,REG,GB,26,38,281,2,2,3,-17,0,0,12,3,11,0,0,0,1,2.400176,0.1936711,41,0,0,85.526316,7.39473684,0.05263158,0.07317073,0,0.26829268,stats_player_week_2021.csv.gz
00-0036898,Davis Mills,QB,HOU,2021,5,REG,NE,21,29,312,3,0,3,-19,0,0,10,1,2,0,0,0,1,17.91204634,0.49145576,32,0,0,141.738506,10.75862069,0,0.09375,0,0.0625,stats_player_week_2021.csv.gz
00-0036945,Justin Fields,QB,CHI,2021,5,REG,LV,12,20,111,1,0,2,-10,0,0,7,3,4,0,1,0,0,4.61181135,-3.71303844,22,1,0,91.875,5.55,0,0.09090909,0.04545455,0.18181818,stats_player_week_2021.csv.gz
00-0036971,Trevor Lawrence,QB,JAX,2021,5,REG,TEN,23,33,273,1,1,2,-17,0,0,12,7,28,1,0,0,1,-1.56729367,1.29357018,35,0,0,92.108586,8.27272727,0.03030303,0.05714286,0,0.8,stats_player_week_2021.csv.gz
00-0036972,Mac Jones,QB,NE,2021,5,REG,HOU,23,30,231,1,1,1,-5,0,0,12,1,3,0,0,0,1,8.84062672,0.16408498,31,0,0,95.277778,7.7,0.03333333,0.03225806,0,0.09677419,stats_player_week_2021.csv.gz
00-0037012,Trey Lance,QB,SF,2021,5,REG,ARI,15,29,192,0,1,2,-6,0,0,9,16,89,0,0,0,3,-6.80204299,-1.61245608,31,0,0,58.405172,6.62068966,0.03448276,0.06451613,0,2.87096774,stats_player_week_2021.csv.gz
00-0037013,Zach Wilson,QB,NYJ,2021,5,REG,ATL,19,32,192,0,1,2,-26,0,0,9,1,3,0,0,0,0,-4.80241122,-0.20702701,34,0,0,63.541667,6,0.03125,0.05882353,0,0.08823529,stats_player_week_2021.csv.gz
00-0019596,Tom Brady,QB,TB,2021,6,REG,PHI,34,42,297,2,1,0,0,0,0,17,4,1,0,0,0,1,13.49577043,-3.68973216,42,0,0,102.083333,7.07142857,0.02380952,0,0,0.02380952,stats_player_week_2021.csv.gz
00-0022924,Ben Roethlisberger,QB,PIT,2021,6,REG,SEA,29,40,229,1,0,1,-3,1,1,14,2,-3,0,0,0,0,-1.09611506,-1.98872161,41,1,1,94.6875,5.725,0,0.02439024,0.02439024,-0.07317073,stats_player_week_2021.csv.gz
00-0023459,Aaron Rodgers,QB,GB,2021,6,REG,CHI,17,23,195,2,0,3,-26,0,0,10,7,19,1,0,0,3,6.7924257,2.15651318,26,0,0,127.98913,8.47826087,0,0.11538462,0,0.73076923,stats_player_week_2021.csv.gz
00-0026498,Matthew Stafford,QB,LA,2021,6,REG,NYG,22,28,251,4,1,2,-17,0,0,15,2,12,0,0,0,1,18.57217658,0.11917763,30,0,0,128.720238,8.96428571,0.03571429,0.06666667,0,0.4,stats_player_week_2021.csv.gz
00-0027688,Colt McCoy,QB,ARI,2021,6,REG,CLE,0,0,0,0,0,0,0,0,0,0,3,-3,0,0,0,0,0,-4.33353801,0,0,0,,,,,,,stats_player_week_2021.csv.gz
00-0028986,Case Keenum,QB,CLE,2021,6,REG,ARI,1,3,6,0,0,0,0,0,0,0,0,0,0,0,0,0,-3.92578827,0,3,0,0,42.361111,2,0,0,0,0,stats_player_week_2021.csv.gz
00-0029604,Kirk Cousins,QB,MIN,2021,6,REG,CAR,33,48,373,3,0,0,0,0,0,16,2,16,0,1,0,1,13.88402841,-0.77740264,48,1,0,112.586806,7.77083333,0,0,0.02083333,0.33333333,stats_player_week_2021.csv.gz
00-0029701,Ryan Tannehill,QB,TEN,2021,6,REG,BUF,18,29,216,0,1,0,0,0,0,9,2,3,1,0,0,1,7.00812211,1.47073224,29,0,0,70.474138,7.44827586,0.03448276,0,0,0.10344828,stats_player_week_2021.csv.gz
00-0030565,Geno Smith,QB,SEA,2021,6,REG,PIT,23,32,209,1,0,5,-44,1,1,9,1,-1,0,0,0,0,-7.98443693,0,37,1,1,99.609375,6.53125,0,0.13513514,0.02702703,-0.02702703,stats_player_week_2021.csv.gz
00-0031237,Teddy Bridgewater,QB,DEN,2021,6,REG,LV,35,49,334,3,3,5,-25,0,0,18,2,9,0,1,1,1,3.86105539,-4.13196291,54,1,1,84.906463,6.81632653,0.06122449,0.09259259,0.01851852,0.16666667,stats_player_week_2021.csv.gz
00-0031280,Derek Carr,QB,LV,2021,6,REG,DEN,18,27,341,2,0,2,-1,0,0,11,2,-1,0,1,0,0,16.49432042,-2.01255164,29,1,0,134.41358,12.62962963,0,0.06896552,0.03448276,-0.03448276,stats_player_week_2021.csv.gz
00-0031800,Taylor Heinicke,QB,WAS,2021,6,REG,KC,24,39,182,1,1,0,0,0,0,8,0,0,0,0,0,0,-5.71605499,0,39,0,0,70.673077,4.66666667,0.02564103,0,0,0,stats_player_week_2021.csv.gz
00-0032434,Brandon Allen,QB,CIN,2021,6,REG,DET,1,1,7,1,0,0,0,0,0,1,3,-3,0,0,0,0,1.67702806,-2.89904786,1,0,0,135.416667,7,0,0,0,-3,stats_player_week_2021.csv.gz
00-0032950,Carson Wentz,QB,IND,2021,6,REG,HOU,11,20,223,2,0,2,-9,0,0,8,2,1,0,0,0,0,6.66180201,-0.62145604,22,0,0,127.708333,11.15,0,0.09090909,0,0.04545455,stats_player_week_2021.csv.gz
00-0033077,Dak Prescott,QB,DAL,2021,6,REG,NE,36,51,445,3,1,0,0,0,0,25,3,10,0,1,1,0,22.49562361,-5.85582521,51,1,1,108.70098,8.7254902,0.01960784,0,0.01960784,0.19607843,stats_player_week_2021.csv.gz
00-0033106,Jared Goff,QB,DET,2021,6,REG,CIN,28,42,202,0,1,1,-10,0,0,12,1,1,0,0,0,0,-7.01182378,-0.81792273,43,0,0,67.757937,4.80952381,0.02380952,0.02325581,0,0.02325581,stats_player_week_2021.csv.gz
00-0033119,Jacoby Brissett,QB,MIA,2021,6,REG,JAX,1,1,25,0,0,0,0,0,0,1,0,0,0,0,0,0,2.22779868,0,1,0,0,118.75,25,0,0,0,0,stats_player_week_2021.csv.gz
00-0033873,Patrick Mahomes,QB,KC,2021,6,REG,WAS,32,47,397,2,2,3,-7,0,0,21,3,31,0,0,0,2,12.3344062,3.50954458,50,0,0,90.469858,8.44680851,0.04255319,0.06,0,0.62,stats_player_week_2021.csv.gz
00-0034796,Lamar Jackson,QB,BAL,2021,6,REG,LAC,19,27,167,1,2,3,-27,0,0,12,8,51,0,0,0,4,-3.38580295,2.55253205,30,0,0,67.978395,6.18518519,0.07407407,0.1,0,1.7,stats_player_week_2021.csv.gz
00-0034855,Baker Mayfield,QB,CLE,2021,6,REG,ARI,19,28,234,2,1,5,-23,2,2,11,3,8,0,0,0,0,-6.05378773,-1.87250556,33,2,2,102.380952,8.35714286,0.03571429,0.15151515,0.06060606,0.24242424,stats_player_week_2021.csv.gz
00-0034857,Josh Allen,QB,BUF,2021,6,REG,TEN,35,47,353,3,1,3,-18,0,0,22,9,26,0,0,0,1,13.9570065,-5.16354064,50,0,0,107.845745,7.5106383,0.0212766,0.06,0,0.52,stats_player_week_2021.csv.gz
00-0034869,Sam Darnold,QB,CAR,2021,6,REG,MIN,17,41,207,1,1,4,-19,1,1,8,4,48,0,0,0,3,-16.06418267,3.49417376,45,1,1,55.640244,5.04878049,0.02439024,0.08888889,0.02222222,1.06666667,stats_player_week_2021.csv.gz
00-0034899,John Wolford,QB,LA,2021,6,REG,NYG,0,2,0,0,1,0,0,0,0,0,2,-1,0,0,0,0,-3.58801715,-1.03255195,2,0,0,0,0,0.5,0,0,-0.5,stats_player_week_2021.csv.gz
00-0035228,Kyler Murray,QB,ARI,2021,6,REG,CLE,20,30,229,4,0,2,-21,0,0,11,7,6,0,4,0,1,14.57690682,-5.46999812,32,4,0,129.027778,7.63333333,0,0.0625,0.125,0.1875,stats_player_week_2021.csv.gz
00-0035710,Daniel Jones,QB,NYG,2021,6,REG,LA,29,51,242,0,3,4,-41,2,1,15,3,4,0,0,0,1,-14.70168645,-1.50954428,55,2,1,44.730392,4.74509804,0.05882353,0.07272727,0.03636364,0.07272727,stats_player_week_2021.csv.gz
00-0035993,Tyler Huntley,QB,BAL,2021,6,REG,LAC,0,0,0,0,0,0,0,0,0,0,3,10,0,0,0,1,0,-0.5857774,0,0,0,,,,,,,stats_player_week_2021.csv.gz
00-0036212,Tua Tagovailoa,QB,MIA,2021,6,REG,JAX,33,47,329,2,1,0,0,0,0,17,3,22,0,0,0,2,8.57509772,2.44609176,47,0,0,95.079787,7,0.0212766,0,0,0.46808511,stats_player_week_2021.csv.gz
00-0036355,Justin Herbert,QB,LAC,2021,6,REG,BAL,22,39,195,1,1,2,-13,0,0,11,2,12,0,0,0,2,-14.14300257,1.99636607,41,0,0,67.788462,5,0.02564103,0.04878049,0,0.29268293,stats_player_week_2021.csv.gz
00-0036389,Jalen Hurts,QB,PHI,2021,6,REG,TB,12,26,115,1,1,2,-2,0,0,5,10,44,2,0,0,3,-6.57584939,5.26100476,28,0,0,55.769231,4.42307692,0.03846154,0.07142857,0,1.57142857,stats_player_week_2021.csv.gz
00-0036442,Joe Burrow,QB,CIN,2021,6,REG,DET,19,29,271,3,1,2,-22,0,0,9,5,20,0,0,0,2,10.47985067,1.82207267,31,0,0,115.732759,9.34482759,0.03448276,0.06451613,0,0.64516129,stats_player_week_2021.csv.gz
00-0036898,Davis Mills,QB,HOU,2021,6,REG,IND,29,43,243,0,2,2,-14,0,0,12,2,5,0,0,0,1,-8.9993809,0.03339105,45,0,0,62.45155,5.65116279,0.04651163,0.04444444,0,0.11111111,stats_player_week_2021.csv.gz
00-0036945,Justin Fields,QB,CHI,2021,6,REG,GB,16,27,174,1,1,4,-37,0,0,10,6,43,0,0,0,3,-4.22477095,0.637184,31,0,0,75.231481,6.44444444,0.03703704,0.12903226,0,1.38709677,stats_player_week_2021.csv.gz
00-0036971,Trevor Lawrence,QB,JAX,2021,6,REG,MIA,25,41,319,1,0,2,-7,1,1,16,2,11,0,0,0,1,9.38640698,0.33055645,43,1,1,93.445122,7.7804878,0,0.04651163,0.02325581,0.25581395,stats_player_week_2021.csv.gz
00-0036972,Mac Jones,QB,NE,2021,6,REG,DAL,15,21,229,2,1,2,-14,1,1,9,2,-4,0,0,0,0,-3.24495537,0,23,1,1,118.948413,10.9047619,0.04761905,0.08695652,0.04347826,-0.17391304,stats_player_week_2021.csv.gz
00-0019596,Tom Brady,QB,TB,2021,7,REG,CHI,20,36,211,4,0,0,0,0,0,12,0,0,0,0,0,0,9.26258948,0,36,0,0,109.837963,5.86111111,0,0,0,0,stats_player_week_2021.csv.gz
00-0023459,Aaron Rodgers,QB,GB,2021,7,REG,WAS,27,35,274,3,0,3,-27,0,0,16,2,17,0,0,0,1,10.89263342,2.40219922,38,0,0,127.559524,7.82857143,0,0.07894737,0,0.44736842,stats_player_week_2021.csv.gz
00-0026143,Matt Ryan,QB,ATL,2021,7,REG,MIA,25,40,336,2,1,1,-11,0,0,15,3,0,0,1,1,0,11.17717597,-4.06352359,41,1,1,95.416667,8.4,0.025,0.02439024,0.02439024,0,stats_player_week_2021.csv.gz
00-0026197,Chad Henne,QB,KC,2021,7,REG,TEN,11,16,82,0,0,0,0,0,0,6,1,4,0,0,0,0,4.04798453,0.12575498,16,0,0,80.729167,5.125,0,0,0,0.25,stats_player_week_2021.csv.gz
00-0026498,Matthew Stafford,QB,LA,2021,7,REG,DET,28,41,334,3,0,1,-7,0,0,17,2,-2,0,0,0,0,15.09159823,-1.56785642,42,0,0,117.327236,8.14634146,0,0.02380952,0,-0.04761905,stats_player_week_2021.csv.gz
00-0026625,Brian Hoyer,QB,NE,2021,7,REG,NYJ,3,4,79,0,0,0,0,0,0,3,3,-3,0,0,0,0,8.09603849,0,4,0,0,116.666667,19.75,0,0,0,-0.75,stats_player_week_2021.csv.gz
00-0027688,Colt McCoy,QB,ARI,2021,7,REG,HOU,0,0,0,0,0,0,0,0,0,0,2,-1,0,0,0,0,0,-3.25293219,0,0,0,,,,,,,stats_player_week_2021.csv.gz
00-0027948,Blaine Gabbert,QB,TB,2021,7,REG,CHI,2,3,15,0,0,0,0,0,0,1,0,0,0,0,0,0,-0.65267477,0,3,0,0,78.472222,5,0,0,0,0,stats_player_week_2021.csv.gz
00-0028986,Case Keenum,QB,CLE,2021,7,REG,DEN,21,33,199,1,0,1,-5,0,0,11,4,7,0,0,0,2,4.76444103,-0.97122132,34,0,0,90.340909,6.03030303,0,0.02941176,0,0.20588235,stats_player_week_2021.csv.gz
00-0029701,Ryan Tannehill,QB,TEN,2021,7,REG,KC,21,27,270,1,1,1,-9,0,0,12,2,6,1,0,0,2,14.0390828,2.94685247,28,0,0,105.246914,10,0.03703704,0.03571429,0,0.21428571,stats_player_week_2021.csv.gz
00-0030565,Geno Smith,QB,SEA,2021,7,REG,NO,12,22,167,1,0,5,-38,0,0,6,3,12,0,0,0,2,-3.94107901,1.01110585,27,0,0,94.318182,7.59090909,0,0.18518519,0,0.44444444,stats_player_week_2021.csv.gz
00-0031237,Teddy Bridgewater,QB,DEN,2021,7,REG,CLE,23,33,187,2,1,2,-5,0,0,11,2,3,0,0,0,2,6.3265546,1.84101609,35,0,0,91.35101,5.66666667,0.03030303,0.05714286,0,0.08571429,stats_player_week_2021.csv.gz
00-0031280,Derek Carr,QB,LV,2021,7,REG,PHI,31,34,323,2,1,0,0,0,0,16,2,1,0,0,0,0,18.34277857,-2.66481372,34,0,0,113.602941,9.5,0.02941176,0,0,0.02941176,stats_player_week_2021.csv.gz
00-0031345,Jimmy Garoppolo,QB,SF,2021,7,REG,IND,16,27,181,1,2,2,-12,1,1,8,2,0,0,1,0,0,-10.67397791,-0.4693826,29,2,1,60.87963,6.7037037,0.07407407,0.06896552,0.06896552,0,stats_player_week_2021.csv.gz
00-0031503,Jameis Winston,QB,NO,2021,7,REG,SEA,19,35,222,1,0,2,-12,0,0,10,8,40,0,0,0,5,-0.30584227,1.46724295,37,0,0,83.27381,6.34285714,0,0.05405405,0,1.08108108,stats_player_week_2021.csv.gz
00-0031800,Taylor Heinicke,QB,WAS,2021,7,REG,GB,25,37,268,1,1,4,-33,1,1,15,10,95,0,1,0,5,-10.54509391,-0.67028291,41,2,1,86.317568,7.24324324,0.02702703,0.09756098,0.04878049,2.31707317,stats_player_week_2021.csv.gz
00-0032268,Marcus Mariota,QB,LV,2021,7,REG,PHI,0,0,0,0,0,0,0,0,0,0,1,4,0,0,0,0,0,-0.1866025,0,0,0,,,,,,,stats_player_week_2021.csv.gz
00-0032950,Carson Wentz,QB,IND,2021,7,REG,SF,17,26,150,2,0,1,-3,1,1,6,4,23,1,1,0,2,-4.17399013,2.58954298,27,2,1,106.25,5.76923077,0,0.03703704,0.07407407,0.85185185,stats_player_week_2021.csv.gz
00-0033106,Jared Goff,QB,DET,2021,7,REG,LA,22,36,268,1,2,2,-7,0,0,10,1,3,0,0,0,0,-1.55726402,-0.20638201,38,0,0,70.138889,7.44444444,0.05555556,0.05263158,0,0.07894737,stats_player_week_2021.csv.gz
00-0033275,PJ Walker,QB,CAR,2021,7,REG,NYG,3,14,33,0,0,3,-16,0,0,2,1,13,0,0,0,1,-13.29019393,3.04647186,17,0,0,39.583333,2.35714286,0,0.17647059,0,0.76470588,stats_player_week_2021.csv.gz
00-0033873,Patrick Mahomes,QB,KC,2021,7,REG,TEN,20,35,206,0,1,4,-31,1,0,10,6,35,0,1,1,1,-6.78465076,-0.52623653,39,2,1,62.321429,5.88571429,0.02857143,0.1025641,0.05128205,0.8974359,stats_player_week_2021.csv.gz
00-0034401,Mike White,QB,NYJ,2021,7,REG,NE,20,32,202,1,2,1,-8,0,0,9,0,0,0,0,0,0,-0.18972307,0,33,0,0,64.84375,6.3125,0.0625,0.03030303,0,0,stats_player_week_2021.csv.gz
00-0034438,Logan Woodside,QB,TEN,2021,7,REG,KC,0,0,0,0,0,0,0,0,0,0,1,-1,0,0,0,0,0,0,0,0,0,,,,,,,stats_player_week_2021.csv.gz
00-0034796,Lamar Jackson,QB,BAL,2021,7,REG,CIN,15,31,257,1,0,5,-18,0,0,9,12,88,0,0,0,5,-9.33194479,6.41260618,36,0,0,87.701613,8.29032258,0,0.13888889,0,2.44444444,stats_player_week_2021.csv.gz
00-0034869,Sam Darnold,QB,CAR,2021,7,REG,NYG,16,25,112,0,1,3,-12,0,0,6,0,0,0,0,0,0,-10.54107619,0,28,0,0,57.416667,4.48,0.04,0.10714286,0,0,stats_player_week_2021.csv.gz
00-0035228,Kyler Murray,QB,ARI,2021,7,REG,HOU,20,28,261,3,1,4,-36,0,0,15,6,10,0,0,0,0,8.62684973,-1.58839044,32,0,0,121.279762,9.32142857,0.03571429,0.125,0,0.3125,stats_player_week_2021.csv.gz
00-0035710,Daniel Jones,QB,NYG,2021,7,REG,CAR,23,33,203,1,0,2,-20,0,0,10,8,28,0,0,0,1,-2.00063994,0.59654934,35,0,0,95.896465,6.15151515,0,0.05714286,0,0.8,stats_player_week_2021.csv.gz
00-0035993,Tyler Huntley,QB,BAL,2021,7,REG,CIN,5,11,39,0,0,0,0,0,0,3,0,0,0,0,0,0,-4.21886647,0,11,0,0,54.734848,3.54545455,0,0,0,0,stats_player_week_2021.csv.gz
00-0036212,Tua Tagovailoa,QB,MIA,2021,7,REG,ATL,32,40,291,4,2,1,-10,0,0,17,4,29,0,0,0,2,5.60238028,2.27302501,41,0,0,109.479167,7.275,0.05,0.02439024,0,0.70731707,stats_player_week_2021.csv.gz
00-0036389,Jalen Hurts,QB,PHI,2021,7,REG,LV,18,34,236,2,0,2,-13,0,0,12,13,61,0,1,1,4,4.16096662,-0.66917797,36,1,1,94.730392,6.94117647,0,0.05555556,0.02777778,1.69444444,stats_player_week_2021.csv.gz
00-0036442,Joe Burrow,QB,CIN,2021,7,REG,BAL,23,38,416,3,1,1,-7,0,0,15,1,0,0,0,0,0,19.7626912,-0.66721733,39,0,0,113.486842,10.94736842,0.02631579,0.02564103,0,0,stats_player_week_2021.csv.gz
00-0036898,Davis Mills,QB,HOU,2021,7,REG,ARI,23,32,135,0,0,2,-17,1,1,6,0,0,0,0,0,0,-16.3959692,0,34,1,1,79.557292,4.21875,0,0.05882353,0.02941176,0,stats_player_week_2021.csv.gz
00-0036945,Justin Fields,QB,CHI,2021,7,REG,TB,22,32,184,0,3,4,-16,3,2,11,8,38,0,0,0,1,-25.48926304,-2.15787067,36,3,2,44.270833,5.75,0.09375,0.11111111,0.08333333,1.05555556,stats_player_week_2021.csv.gz
00-0036972,Mac Jones,QB,NE,2021,7,REG,NYJ,24,36,307,2,0,1,-8,0,0,13,3,19,0,0,0,2,15.44272062,2.23386723,37,0,0,111.689815,8.52777778,0,0.02702703,0,0.51351351,stats_player_week_2021.csv.gz
00-0037013,Zach Wilson,QB,NYJ,2021,7,REG,NE,6,10,51,0,0,1,-8,0,0,4,0,0,0,0,0,0,0.29194483,0,11,0,0,73.333333,5.1,0,0.09090909,0,0,stats_player_week_2021.csv.gz
00-0019596,Tom Brady,QB,TB,2021,8,REG,NO,28,40,375,4,2,3,-25,1,1,13,1,2,0,0,0,1,0.96268995,0.50131132,43,1,1,111.979167,9.375,0.05,0.06976744,0.02325581,0.04651163,stats_player_week_2021.csv.gz
00-0022924,Ben Roethlisberger,QB,PIT,2021,8,REG,CLE,22,34,266,1,0,2,-11,0,0,13,1,0,0,0,0,0,5.65536761,0,36,0,0,98.406863,7.82352941,0,0.05555556,0,0,stats_player_week_2021.csv.gz
00-0023459,Aaron Rodgers,QB,GB,2021,8,REG,ARI,22,37,184,2,0,1,0,0,0,10,2,3,0,0,0,0,1.42966461,0.51773529,38,0,0,90.371622,4.97297297,0,0.02631579,0,0.07894737,stats_player_week_2021.csv.gz
00-0026143,Matt Ryan,QB,ATL,2021,8,REG,CAR,20,27,146,1,2,3,-15,0,0,11,2,3,0,1,0,0,-8.30121702,-1.61095393,30,1,0,67.824074,5.40740741,0.07407407,0.1,0.03333333,0.1,stats_player_week_2021.csv.gz
00-0026300,Josh Johnson,QB,NYJ,2021,8,REG,CIN,2,4,17,0,0,0,0,0,0,1,0,0,0,0,0,0,-1.3434381,0,4,0,0,61.458333,4.25,0,0,0,0,stats_player_week_2021.csv.gz
00-0026498,Matthew Stafford,QB,LA,2021,8,REG,HOU,21,32,305,3,0,0,0,0,0,16,0,0,0,0,0,0,16.18919794,0,32,0,0,127.734375,9.53125,0,0,0,0,stats_player_week_2021.csv.gz
00-0029604,Kirk Cousins,QB,MIN,2021,8,REG,DAL,23,35,184,1,0,1,-7,1,0,6,3,18,0,0,0,1,-9.92563795,-0.11929298,36,1,0,88.27381,5.25714286,0,0.02777778,0.02777778,0.5,stats_player_week_2021.csv.gz
00-0029701,Ryan Tannehill,QB,TEN,2021,8,REG,IND,23,33,265,3,2,3,-18,0,0,10,2,26,0,0,0,2,7.83414426,4.76722591,36,0,0,98.674242,8.03030303,0.06060606,0.08333333,0,0.72222222,stats_player_week_2021.csv.gz
00-0030565,Geno Smith,QB,SEA,2021,8,REG,JAX,20,24,195,2,0,3,-35,0,0,9,2,8,1,0,0,1,6.30836886,2.40739629,27,0,0,128.298611,8.125,0,0.11111111,0,0.2962963,stats_player_week_2021.csv.gz
00-0031237,Teddy Bridgewater,QB,DEN,2021,8,REG,WAS,19,26,213,1,0,4,-23,0,0,10,1,1,0,0,0,1,3.60679265,0.51491798,30,0,0,109.935897,8.19230769,0,0.13333333,0,0.03333333,stats_player_week_2021.csv.gz
00-0031345,Jimmy Garoppolo,QB,SF,2021,8,REG,CHI,17,28,322,0,0,0,0,0,0,12,5,4,2,0,0,2,15.70810424,2.27626223,28,0,0,100.595238,11.5,0,0,0,0.14285714,stats_player_week_2021.csv.gz
00-0031503,Jameis Winston,QB,NO,2021,8,REG,TB,6,10,56,1,0,0,0,0,0,2,4,40,0,0,0,3,0.87328677,6.49886991,10,0,0,108.75,5.6,0,0,0,4,stats_player_week_2021.csv.gz
00-0031800,Taylor Heinicke,QB,WAS,2021,8,REG,DEN,24,39,270,1,2,5,-40,2,0,14,1,10,0,0,0,1,-2.63409601,1.31975588,44,2,0,69.391026,6.92307692,0.05128205,0.11363636,0.04545455,0.22727273,stats_player_week_2021.csv.gz
00-0032156,Trevor Siemian,QB,NO,2021,8,REG,TB,16,29,159,1,0,1,-6,0,0,10,2,2,0,0,0,0,-0.75072254,-4.16054837,30,0,0,82.399425,5.48275862,0,0.03333333,0,0.06666667,stats_player_week_2021.csv.gz
00-0032950,Carson Wentz,QB,IND,2021,8,REG,TEN,27,51,231,3,2,1,-7,0,0,10,3,11,0,1,0,2,-13.00844963,1.17547241,52,1,0,68.341503,4.52941176,0.03921569,0.01923077,0.01923077,0.21153846,stats_player_week_2021.csv.gz
00-0033106,Jared Goff,QB,DET,2021,8,REG,PHI,25,34,222,0,0,5,-45,1,0,11,0,0,0,0,0,0,-11.52825735,0,39,1,0,90.563725,6.52941176,0,0.12820513,0.02564103,0,stats_player_week_2021.csv.gz
00-0033275,PJ Walker,QB,CAR,2021,8,REG,ATL,0,1,0,0,0,0,0,0,0,0,1,-1,0,0,0,0,-0.25755701,-0.97552765,1,0,0,39.583333,0,0,0,0,-1,stats_player_week_2021.csv.gz
00-0033662,Cooper Rush,QB,DAL,2021,8,REG,MIN,24,40,325,2,1,3,-19,1,1,16,1,2,0,0,0,0,2.22198598,-0.45042473,43,1,1,92.1875,8.125,0.025,0.06976744,0.02325581,0.04651163,stats_player_week_2021.csv.gz
00-0033873,Patrick Mahomes,QB,KC,2021,8,REG,NYG,29,48,275,1,1,2,-14,1,0,17,3,10,0,0,0,1,2.69456822,-2.48500343,50,1,0,74.565972,5.72916667,0.02083333,0.04,0.02,0.2,stats_player_week_2021.csv.gz
00-0034401,Mike White,QB,NYJ,2021,8,REG,CIN,37,45,405,3,2,2,-8,0,0,22,5,-1,0,0,0,2,8.04435671,-0.67021958,47,0,0,107.87037,9,0.04444444,0.04255319,0,-0.0212766,stats_player_week_2021.csv.gz
00-0034438,Logan Woodside,QB,TEN,2021,8,REG,IND,0,0,0,0,0,0,0,0,0,0,1,-1,0,0,0,0,0,0,0,0,0,,,,,,,stats_player_week_2021.csv.gz
00-0034855,Baker Mayfield,QB,CLE,2021,8,REG,PIT,20,31,225,0,0,4,-15,0,0,10,1,5,0,0,0,1,2.9156137,0.991922,35,0,0,86.08871,7.25806452,0,0.11428571,0,0.14285714,stats_player_week_2021.csv.gz
00-0034857,Josh Allen,QB,BUF,2021,8,REG,MIA,29,42,249,2,0,0,0,0,0,15,8,55,1,1,0,4,5.60495963,4.10449459,42,1,0,100.198413,5.92857143,0,0,0.02380952,1.30952381,stats_player_week_2021.csv.gz
00-0034869,Sam Darnold,QB,CAR,2021,8,REG,ATL,13,24,129,0,0,0,0,0,0,7,8,66,0,0,0,6,1.32276497,6.5908455,24,0,0,69.618056,5.375,0,0,0,2.75,stats_player_week_2021.csv.gz
00-0034899,John Wolford,QB,LA,2021,8,REG,HOU,1,2,5,0,0,1,-8,0,0,0,0,0,0,0,0,0,-2.77246184,0,3,0,0,56.25,2.5,0,0.33333333,0,0,stats_player_week_2021.csv.gz
00-0035040,David Blough,QB,DET,2021,8,REG,PHI,0,0,0,0,0,1,-6,1,0,0,1,6,0,0,0,0,-0.93051237,0.34443785,1,1,0,,,,1,1,6,stats_player_week_2021.csv.gz
00-0035228,Kyler Murray,QB,ARI,2021,8,REG,GB,22,33,274,0,2,2,-14,0,0,12,6,21,0,1,0,2,0.63801135,0.73070056,35,1,0,66.982323,8.3030303,0.06060606,0.05714286,0.02857143,0.6,stats_player_week_2021.csv.gz
00-0035289,Gardner Minshew,QB,PHI,2021,8,REG,DET,2,2,11,0,0,0,0,0,0,0,0,0,0,0,0,0,-0.67308804,0,2,0,0,89.583333,5.5,0,0,0,0,stats_player_week_2021.csv.gz
00-0035710,Daniel Jones,QB,NYG,2021,8,REG,KC,22,32,222,2,1,3,-13,1,0,9,5,12,0,0,0,0,-1.74362107,-1.74701359,35,1,0,96.09375,6.9375,0.03125,0.08571429,0.02857143,0.34285714,stats_player_week_2021.csv.gz
00-0036212,Tua Tagovailoa,QB,MIA,2021,8,REG,BUF,21,39,205,0,1,2,-11,1,0,10,4,10,1,0,0,1,-1.5882956,-2.63405334,41,1,0,58.173077,5.25641026,0.02564103,0.04878049,0.02439024,0.24390244,stats_player_week_2021.csv.gz
00-0036355,Justin Herbert,QB,LAC,2021,8,REG,NE,18,35,223,2,2,3,-17,0,0,12,2,9,0,0,0,0,-7.73470094,-0.32256705,38,0,0,66.72619,6.37142857,0.05714286,0.07894737,0,0.23684211,stats_player_week_2021.csv.gz
00-0036389,Jalen Hurts,QB,PHI,2021,8,REG,DET,9,14,103,0,0,0,0,0,0,6,7,71,0,0,0,4,2.14450923,7.77966836,14,0,0,86.309524,7.35714286,0,0,0,5.07142857,stats_player_week_2021.csv.gz
00-0036442,Joe Burrow,QB,CIN,2021,8,REG,NYJ,21,34,259,3,1,3,-28,1,0,12,1,-1,0,0,0,0,-0.31674929,0,37,1,0,102.45098,7.61764706,0.02941176,0.08108108,0.02702703,-0.02702703,stats_player_week_2021.csv.gz
00-0036898,Davis Mills,QB,HOU,2021,8,REG,LA,29,38,310,2,1,5,-31,0,0,13,0,0,0,0,0,0,-6.86876271,1.053,43,0,0,106.25,8.15789474,0.02631579,0.11627907,0,0,stats_player_week_2021.csv.gz
00-0036945,Justin Fields,QB,CHI,2021,8,REG,SF,19,27,175,1,1,4,-27,0,0,10,10,103,1,2,0,5,2.71543545,11.06069742,31,2,0,84.645062,6.48148148,0.03703704,0.12903226,0.06451613,3.32258065,stats_player_week_2021.csv.gz
00-0036971,Trevor Lawrence,QB,JAX,2021,8,REG,SEA,32,54,238,1,1,1,-11,0,0,17,3,11,0,0,0,0,-7.69988174,-1.2923082,55,0,0,68.287037,4.40740741,0.01851852,0.01818182,0,0.2,stats_player_week_2021.csv.gz
00-0036972,Mac Jones,QB,NE,2021,8,REG,LAC,18,35,217,0,0,1,-7,0,0,10,4,10,0,0,0,2,-1.09344847,3.07708255,36,0,0,70.77381,6.2,0,0.02777778,0,0.27777778,stats_player_week_2021.csv.gz
00-0022924,Ben Roethlisberger,QB,PIT,2021,9,REG,CHI,21,30,205,2,0,4,-30,0,0,8,2,0,0,0,0,0,3.90036664,-0.45941967,34,0,0,111.111111,6.83333333,0,0.11764706,0,0,stats_player_week_2021.csv.gz
00-0026143,Matt Ryan,QB,ATL,2021,9,REG,NO,23,30,343,2,0,2,-11,0,0,14,5,8,1,0,0,2,17.32623187,0.9513176,32,0,0,135.833333,11.43333333,0,0.0625,0,0.25,stats_player_week_2021.csv.gz
00-0026300,Josh Johnson,QB,NYJ,2021,9,REG,IND,27,41,317,3,1,2,-14,0,0,19,4,18,0,0,0,1,14.42969221,0.91306276,43,0,0,103.404472,7.73170732,0.02439024,0.04651163,0,0.41860465,stats_player_week_2021.csv.gz
00-0026498,Matthew Stafford,QB,LA,2021,9,REG,TEN,31,48,294,1,2,5,-41,0,0,16,2,13,0,0,0,1,-20.00367111,1.73697189,53,0,0,71.006944,6.125,0.04166667,0.09433962,0,0.24528302,stats_player_week_2021.csv.gz
00-0026625,Brian Hoyer,QB,NE,2021,9,REG,CAR,0,0,0,0,0,0,0,0,0,0,3,-3,0,0,0,0,0,-2.60699495,0,0,0,,,,,,,stats_player_week_2021.csv.gz
00-0027688,Colt McCoy,QB,ARI,2021,9,REG,SF,22,26,249,1,0,2,-8,0,0,10,7,23,0,0,0,3,13.32175265,3.30992436,28,0,0,119.391026,9.57692308,0,0.07142857,0,0.82142857,stats_player_week_2021.csv.gz
00-0028118,Tyrod Taylor,QB,HOU,2021,9,REG,MIA,24,43,240,0,3,5,-41,0,0,11,3,23,0,0,0,0,-14.54743935,0.16731569,48,0,0,42.781008,5.58139535,0.06976744,0.10416667,0,0.47916667,stats_player_week_2021.csv.gz
00-0029604,Kirk Cousins,QB,MIN,2021,9,REG,BAL,17,28,187,2,0,0,0,0,0,6,1,1,1,0,0,1,7.66657485,0.90243714,28,0,0,104.315476,6.67857143,0,0,0,0.03571429,stats_player_week_2021.csv.gz
00-0029701,Ryan Tannehill,QB,TEN,2021,9,REG,LA,19,27,143,1,1,3,-18,0,0,9,2,3,1,0,0,2,-4.23888744,4.02866133,30,0,0,79.70679,5.2962963,0.03703704,0.1,0,0.1,stats_player_week_2021.csv.gz
00-0031237,Teddy Bridgewater,QB,DEN,2021,9,REG,DAL,19,28,249,1,0,4,-32,0,0,9,3,-1,1,0,0,1,9.05598281,-0.7002521,32,0,0,107.589286,8.89285714,0,0.125,0,-0.03125,stats_player_week_2021.csv.gz
00-0031280,Derek Carr,QB,LV,2021,9,REG,NYG,30,46,296,1,2,1,-10,1,1,15,2,5,0,0,0,1,-7.34011042,0.23190347,47,1,1,72.373188,6.43478261,0.04347826,0.0212766,0.0212766,0.10638298,stats_player_week_2021.csv.gz
00-0031345,Jimmy Garoppolo,QB,SF,2021,9,REG,ARI,28,40,326,2,1,5,-28,0,0,17,1,3,0,0,0,0,5.56575039,-0.39668509,45,0,0,100.625,8.15,0.025,0.11111111,0,0.06666667,stats_player_week_2021.csv.gz
00-0032156,Trevor Siemian,QB,NO,2021,9,REG,ATL,25,41,249,2,0,1,-15,1,1,15,0,0,0,0,0,0,-5.93113235,0,42,1,1,94.461382,6.07317073,0,0.02380952,0.02380952,0,stats_player_week_2021.csv.gz
00-0032268,Marcus Mariota,QB,LV,2021,9,REG,NYG,0,0,0,0,0,0,0,0,0,0,1,6,0,0,0,1,0,2.05431813,0,0,0,,,,,,,stats_player_week_2021.csv.gz
00-0032434,Brandon Allen,QB,CIN,2021,9,REG,CLE,1,2,6,0,0,0,0,0,0,0,1,0,0,0,0,0,-0.48278475,-1.47919613,2,0,0,56.25,3,0,0,0,0,stats_player_week_2021.csv.gz
00-0032950,Carson Wentz,QB,IND,2021,9,REG,NYJ,22,30,272,3,0,1,0,0,0,17,4,13,0,0,0,1,15.9122455,1.52264602,31,0,0,134.305556,9.06666667,0,0.03225806,0,0.41935484,stats_player_week_2021.csv.gz
00-0033077,Dak Prescott,QB,DAL,2021,9,REG,DEN,19,39,232,2,1,2,-20,0,0,11,2,16,0,0,0,0,-8.32238529,1.03972208,41,0,0,73.878205,5.94871795,0.02564103,0.04878049,0,0.3902439,stats_player_week_2021.csv.gz
00-0033119,Jacoby Brissett,QB,MIA,2021,9,REG,HOU,26,43,244,1,2,4,-29,1,1,16,1,7,0,0,0,1,-3.20861918,1.6012195,47,1,1,64.486434,5.6744186,0.04651163,0.08510638,0.0212766,0.14893617,stats_player_week_2021.csv.gz
00-0033873,Patrick Mahomes,QB,KC,2021,9,REG,GB,20,37,166,1,0,1,-6,0,0,9,2,-2,0,0,0,0,-8.95169535,-1.72241131,38,0,0,74.831081,4.48648649,0,0.02631579,0,-0.05263158,stats_player_week_2021.csv.gz
00-0033936,C.J. Beathard,QB,JAX,2021,9,REG,BUF,2,2,33,0,0,0,0,0,0,1,0,0,0,0,0,0,1.82905437,0,2,0,0,118.75,16.5,0,0,0,0,stats_player_week_2021.csv.gz
00-0034401,Mike White,QB,NYJ,2021,9,REG,IND,7,11,95,1,0,0,0,0,0,6,0,0,0,0,0,0,6.3413588,0,11,0,0,121.401515,8.63636364,0,0,0,0,stats_player_week_2021.csv.gz
00-0034438,Logan Woodside,QB,TEN,2021,9,REG,LA,0,0,0,0,0,0,0,0,0,0,1,-1,0,0,0,0,0,-1.59413784,0,0,0,,,,,,,stats_player_week_2021.csv.gz
00-0034796,Lamar Jackson,QB,BAL,2021,9,REG,MIN,27,41,266,3,2,3,-13,0,0,15,21,120,0,0,0,7,-1.76898937,3.73020709,44,0,0,88.058943,6.48780488,0.04878049,0.06818182,0,2.72727273,stats_player_week_2021.csv.gz
00-0034855,Baker Mayfield,QB,CLE,2021,9,REG,CIN,14,21,218,2,0,2,-10,0,0,7,0,0,0,0,0,0,10.44078161,0,23,0,0,132.638889,10.38095238,0,0.08695652,0,0,stats_player_week_2021.csv.gz
00-0034857,Josh Allen,QB,BUF,2021,9,REG,JAX,31,47,264,0,2,4,-35,0,0,15,5,50,0,1,1,2,-8.69711769,0.6056927,51,1,1,62.721631,5.61702128,0.04255319,0.07843137,0.01960784,0.98039216,stats_player_week_2021.csv.gz
00-0034869,Sam Darnold,QB,CAR,2021,9,REG,NE,16,33,172,0,3,1,-10,0,0,8,3,9,0,0,0,0,-24.50282597,-1.02996279,34,0,0,26.325758,5.21212121,0.09090909,0.02941176,0,0.26470588,stats_player_week_2021.csv.gz
00-0035710,Daniel Jones,QB,NYG,2021,9,REG,LV,15,20,110,1,0,2,-6,1,1,6,4,17,0,0,0,1,-1.19487782,1.50172011,22,1,1,104.166667,5.5,0,0.09090909,0.04545455,0.77272727,stats_player_week_2021.csv.gz
00-0035752,Chris Streveler,QB,ARI,2021,9,REG,SF,0,0,0,0,0,0,0,0,0,0,1,2,0,0,0,0,0,-0.58369187,0,0,0,,,,,,,stats_player_week_2021.csv.gz
00-0036264,Jordan Love,QB,GB,2021,9,REG,KC,19,34,190,1,1,1,-11,0,0,11,5,23,0,1,0,0,-0.7970237,-0.93118144,35,1,0,69.485294,5.58823529,0.02941176,0.02857143,0.02857143,0.65714286,stats_player_week_2021.csv.gz
00-0036355,Justin Herbert,QB,LAC,2021,9,REG,PHI,32,38,356,2,0,0,0,0,0,17,5,14,1,0,0,3,22.86348068,1.90306124,38,0,0,123.245614,9.36842105,0,0,0,0.36842105,stats_player_week_2021.csv.gz
00-0036389,Jalen Hurts,QB,PHI,2021,9,REG,LAC,11,17,162,1,0,1,-7,0,0,7,10,62,0,0,0,6,5.61331863,6.78118217,18,0,0,115.318627,9.52941176,0,0.05555556,0,3.44444444,stats_player_week_2021.csv.gz
00-0036442,Joe Burrow,QB,CIN,2021,9,REG,CLE,28,40,282,0,2,5,-25,0,0,15,2,1,0,1,0,0,-14.34141705,-1.08530945,45,1,0,68.958333,7.05,0.05,0.11111111,0.02222222,0.02222222,stats_player_week_2021.csv.gz
00-0036879,Sam Ehlinger,QB,IND,2021,9,REG,NYJ,0,0,0,0,0,0,0,0,0,0,1,1,0,0,0,0,0,-0.02455959,0,0,0,,,,,,,stats_player_week_2021.csv.gz
00-0036945,Justin Fields,QB,CHI,2021,9,REG,PIT,17,29,291,1,1,3,-13,0,0,11,8,45,0,0,0,2,4.49082301,0.93423498,32,0,0,89.87069,10.03448276,0.03448276,0.09375,0,1.40625,stats_player_week_2021.csv.gz
00-0036971,Trevor Lawrence,QB,JAX,2021,9,REG,BUF,15,26,118,0,0,2,-12,0,0,4,3,4,0,0,0,1,-3.91341369,0.72482868,28,0,0,69.070513,4.53846154,0,0.07142857,0,0.14285714,stats_player_week_2021.csv.gz
00-0036972,Mac Jones,QB,NE,2021,9,REG,CAR,12,18,139,1,1,2,-17,1,1,5,2,4,0,0,0,2,-3.61083624,0.53303267,20,1,1,85.185185,7.72222222,0.05555556,0.1,0.05,0.2,stats_player_week_2021.csv.gz
00-0019596,Tom Brady,QB,TB,2021,10,REG,WAS,23,34,220,2,2,0,0,0,0,8,1,2,0,0,0,1,-2.89373657,2.03817099,34,0,0,80.514706,6.47058824,0.05882353,0,0,0.05882353,stats_player_week_2021.csv.gz
00-0023459,Aaron Rodgers,QB,GB,2021,10,REG,SEA,23,37,292,0,1,1,-5,0,0,10,2,8,0,1,0,1,1.70573701,0.29403525,38,1,0,75.506757,7.89189189,0.02702703,0.02631579,0.02631579,0.21052632,stats_player_week_2021.csv.gz
00-0026143,Matt Ryan,QB,ATL,2021,10,REG,DAL,9,21,117,0,2,2,-20,1,0,7,0,0,0,0,0,0,-14.91030587,0,23,1,0,21.428571,5.57142857,0.0952381,0.08695652,0.04347826,0,stats_player_week_2021.csv.gz
00-0026158,Joe Flacco,QB,NYJ,2021,10,REG,BUF,3,3,47,1,0,0,0,0,0,2,0,0,0,0,0,0,5.358929,0,3,0,0,158.333333,15.66666667,0,0,0,0,stats_player_week_2021.csv.gz
00-0026197,Chad Henne,QB,KC,2021,10,REG,LV,0,0,0,0,0,0,0,0,0,0,2,-2,0,0,0,0,0,0,0,0,0,,,,,,,stats_player_week_2021.csv.gz
00-0026498,Matthew Stafford,QB,LA,2021,10,REG,SF,26,41,243,1,2,2,-19,0,0,11,1,1,0,0,0,0,-8.78972561,-1.17422293,43,0,0,67.428862,5.92682927,0.04878049,0.04651163,0,0.02325581,stats_player_week_2021.csv.gz
00-0026625,Brian Hoyer,QB,NE,2021,10,REG,CLE,3,3,85,1,0,0,0,0,0,3,2,-2,0,0,0,0,7.70560754,0,3,0,0,158.333333,28.33333333,0,0,0,-0.66666667,stats_player_week_2021.csv.gz
00-0027688,Colt McCoy,QB,ARI,2021,10,REG,CAR,11,20,107,0,1,2,-22,1,1,5,1,-1,0,0,0,0,-15.4398568,-3.60764171,22,1,1,49.375,5.35,0.05,0.09090909,0.04545455,-0.04545455,stats_player_week_2021.csv.gz
00-0027939,Cam Newton,QB,CAR,2021,10,REG,ARI,3,4,8,1,0,0,0,0,0,1,3,14,1,0,0,2,-0.90265293,1.87132551,4,0,0,116.666667,2,0,0,0,3.5,stats_player_week_2021.csv.gz
00-0028986,Case Keenum,QB,CLE,2021,10,REG,NE,8,12,81,0,0,3,-19,0,0,6,0,0,0,0,0,0,-4.33374819,0,15,0,0,85.763889,6.75,0,0.2,0,0,stats_player_week_2021.csv.gz
00-0029263,Russell Wilson,QB,SEA,2021,10,REG,GB,20,40,161,0,2,3,-28,0,0,8,5,32,0,0,0,2,-20.46697875,1.40550962,43,0,0,39.6875,4.025,0.05,0.06976744,0,0.74418605,stats_player_week_2021.csv.gz
00-0029604,Kirk Cousins,QB,MIN,2021,10,REG,LAC,25,37,294,2,0,2,-16,1,1,14,4,-3,0,0,0,0,6.64150452,-2.60956809,39,1,1,109.515766,7.94594595,0,0.05128205,0.02564103,-0.07692308,stats_player_week_2021.csv.gz
00-0029701,Ryan Tannehill,QB,TEN,2021,10,REG,NO,19,27,213,1,0,2,-15,0,0,10,5,1,1,1,0,2,2.43841719,-1.30446587,29,1,0,105.941358,7.88888889,0,0.06896552,0.03448276,0.03448276,stats_player_week_2021.csv.gz
00-0031237,Teddy Bridgewater,QB,DEN,2021,10,REG,PHI,22,36,226,0,0,1,-14,0,0,9,0,0,0,0,0,0,-5.26481622,0,37,0,0,79.166667,6.27777778,0,0.02702703,0,0,stats_player_week_2021.csv.gz
00-0031280,Derek Carr,QB,LV,2021,10,REG,KC,25,35,261,2,1,2,-12,0,0,11,3,18,0,0,0,0,-0.01898514,0.69839428,37,0,0,99.821429,7.45714286,0.02857143,0.05405405,0,0.48648649,stats_player_week_2021.csv.gz
00-0031345,Jimmy Garoppolo,QB,SF,2021,10,REG,LA,15,19,182,2,0,1,-3,0,0,9,2,1,0,0,0,1,15.41012719,0.53503805,20,0,0,141.666667,9.57894737,0,0.05,0,0.05,stats_player_week_2021.csv.gz
00-0031800,Taylor Heinicke,QB,WAS,2021,10,REG,TB,26,32,256,1,0,5,-30,0,0,13,3,15,0,0,0,1,8.65961016,-0.70336665,37,0,0,110.416667,8,0,0.13513514,0,0.40540541,stats_player_week_2021.csv.gz
00-0032156,Trevor Siemian,QB,NO,2021,10,REG,TEN,19,34,298,2,0,4,-22,0,0,13,0,0,0,0,0,0,5.74647385,0,38,0,0,104.779412,8.76470588,0,0.10526316,0,0,stats_player_week_2021.csv.gz
00-0032950,Carson Wentz,QB,IND,2021,10,REG,JAX,22,34,180,0,0,1,-12,0,0,9,4,-1,0,0,0,0,-3.16656169,-0.56160128,35,0,0,78.063725,5.29411765,0,0.02857143,0,-0.02857143,stats_player_week_2021.csv.gz
00-0033077,Dak Prescott,QB,DAL,2021,10,REG,ATL,24,31,296,2,0,0,0,0,0,14,2,5,1,0,0,1,22.65943549,3.58478351,31,0,0,127.889785,9.5483871,0,0,0,0.16129032,stats_player_week_2021.csv.gz
00-0033106,Jared Goff,QB,DET,2021,10,REG,PIT,14,25,114,0,0,4,-37,0,0,5,0,0,0,0,0,0,-12.15679707,0,29,0,0,67.75,4.56,0,0.13793103,0,0,stats_player_week_2021.csv.gz
00-0033119,Jacoby Brissett,QB,MIA,2021,10,REG,BAL,11,23,156,0,0,2,-17,1,0,7,1,4,0,0,0,0,-1.9951431,-0.18808077,25,1,0,70.199275,6.7826087,0,0.08,0.04,0.16,stats_player_week_2021.csv.gz
00-0033275,PJ Walker,QB,CAR,2021,10,REG,ARI,22,29,167,0,1,0,0,0,0,9,3,6,0,1,1,1,5.42834727,-5.31589128,29,1,1,74.928161,5.75862069,0.03448276,0,0.03448276,0.20689655,stats_player_week_2021.csv.gz
00-0033550,Davis Webb,QB,BUF,2021,10,REG,NYJ,0,0,0,0,0,0,0,0,0,0,2,-3,0,0,0,0,0,0,0,0,0,,,,,,,stats_player_week_2021.csv.gz
00-0033662,Cooper Rush,QB,DAL,2021,10,REG,ATL,3,3,17,0,0,0,0,0,0,0,3,-6,0,0,0,0,-1.07049122,0,3,0,0,90.277778,5.66666667,0,0,0,-2,stats_player_week_2021.csv.gz
00-0033873,Patrick Mahomes,QB,KC,2021,10,REG,LV,35,50,406,5,0,0,0,0,0,22,0,0,0,0,0,0,24.89287959,0,50,0,0,127.583333,8.12,0,0,0,0,stats_player_week_2021.csv.gz
00-0034343,Josh Rosen,QB,ATL,2021,10,REG,DAL,1,6,14,0,1,0,0,0,0,1,0,0,0,0,0,0,-7.65803461,0,6,0,0,0,2.33333333,0.16666667,0,0,0,stats_player_week_2021.csv.gz
00-0034401,Mike White,QB,NYJ,2021,10,REG,BUF,24,44,251,0,4,1,-2,0,0,12,0,0,0,0,0,0,-12.20281391,0,45,0,0,33.42803,5.70454545,0.09090909,0.02222222,0,0,stats_player_week_2021.csv.gz
00-0034771,Mason Rudolph,QB,PIT,2021,10,REG,DET,30,50,242,1,1,0,0,0,0,13,4,36,0,0,0,2,-6.43933285,2.09846699,50,0,0,70.583333,4.84,0.02,0,0,0.72,stats_player_week_2021.csv.gz
00-0034796,Lamar Jackson,QB,BAL,2021,10,REG,MIA,26,43,238,1,1,4,-28,0,0,12,9,39,0,0,0,3,-8.58982513,-1.00838093,47,0,0,73.594961,5.53488372,0.02325581,0.08510638,0,0.82978723,stats_player_week_2021.csv.gz
00-0034855,Baker Mayfield,QB,CLE,2021,10,REG,NE,11,21,73,1,1,2,-17,1,0,6,0,0,0,0,0,0,-5.17847343,0,23,1,0,56.25,3.47619048,0.04761905,0.08695652,0.04347826,0,stats_player_week_2021.csv.gz
00-0034857,Josh Allen,QB,BUF,2021,10,REG,NYJ,21,28,366,2,1,2,-16,0,0,15,2,3,0,0,0,0,18.95633665,-0.08701896,30,0,0,125.595238,13.07142857,0.03571429,0.06666667,0,0.1,stats_player_week_2021.csv.gz
00-0035752,Chris Streveler,QB,ARI,2021,10,REG,CAR,6,9,36,0,0,2,-17,0,0,1,2,4,0,1,0,0,-4.25655592,-5.12257659,11,1,0,74.305556,4,0,0.18181818,0.09090909,0.36363636,stats_player_week_2021.csv.gz
00-0036212,Tua Tagovailoa,QB,MIA,2021,10,REG,BAL,8,13,158,0,0,1,-6,1,0,5,3,0,1,0,0,1,2.26135067,1.14960263,14,1,0,104.00641,12.15384615,0,0.07142857,0.07142857,0,stats_player_week_2021.csv.gz
00-0036355,Justin Herbert,QB,LAC,2021,10,REG,MIN,20,34,195,1,1,2,-24,0,0,13,2,22,0,0,0,1,-6.69845349,0.98998648,36,0,0,72.54902,5.73529412,0.02941176,0.05555556,0,0.61111111,stats_player_week_2021.csv.gz
00-0036389,Jalen Hurts,QB,PHI,2021,10,REG,DEN,16,23,178,2,1,2,-8,1,0,10,13,55,0,0,0,3,5.07154279,-0.02749089,25,1,0,103.17029,7.73913043,0.04347826,0.08,0.04,2.2,stats_player_week_2021.csv.gz
00-0036971,Trevor Lawrence,QB,JAX,2021,10,REG,IND,16,35,162,0,0,3,-10,1,1,7,5,33,0,0,0,0,-6.55529377,0.41593806,38,1,1,59.464286,4.62857143,0,0.07894737,0.02631579,0.86842105,stats_player_week_2021.csv.gz
00-0036972,Mac Jones,QB,NE,2021,10,REG,CLE,19,23,198,3,0,2,-15,0,0,14,0,0,0,0,0,0,16.1847508,0,25,0,0,142.119565,8.60869565,0,0.08,0,0,stats_player_week_2021.csv.gz
00-0019596,Tom Brady,QB,TB,2021,11,REG,NYG,30,46,307,2,1,0,0,0,0,16,1,10,0,0,0,1,6.53957731,1.53038119,46,0,0,89.673913,6.67391304,0.02173913,0,0,0.2173913,stats_player_week_2021.csv.gz
00-0022924,Ben Roethlisberger,QB,PIT,2021,11,REG,LAC,28,44,273,3,0,3,-28,1,0,14,0,0,0,0,0,0,0.52423624,0,47,1,0,103.693182,6.20454545,0,0.06382979,0.0212766,0,stats_player_week_2021.csv.gz
00-0023459,Aaron Rodgers,QB,GB,2021,11,REG,MIN,23,33,385,4,0,2,-13,1,0,16,2,21,0,0,0,1,23.26036726,1.06441294,35,1,0,148.358586,11.66666667,0,0.05714286,0.02857143,0.6,stats_player_week_2021.csv.gz
00-0026143,Matt Ryan,QB,ATL,2021,11,REG,NE,19,28,153,0,2,4,-33,0,0,7,0,0,0,0,0,0,-12.23300183,0,32,0,0,51.636905,5.46428571,0.07142857,0.125,0,0,stats_player_week_2021.csv.gz
00-0026158,Joe Flacco,QB,NYJ,2021,11,REG,MIA,24,39,291,2,0,2,-13,1,1,12,2,3,0,0,0,1,0.93519008,0.16710712,41,1,1,101.549145,7.46153846,0,0.04878049,0.02439024,0.07317073,stats_player_week_2021.csv.gz
00-0027688,Colt McCoy,QB,ARI,2021,11,REG,SEA,35,44,328,2,0,2,-10,1,0,21,6,18,0,1,0,2,15.77433405,-2.00014187,46,2,0,112.878788,7.45454545,0,0.04347826,0.04347826,0.39130435,stats_player_week_2021.csv.gz
00-0027939,Cam Newton,QB,CAR,2021,11,REG,WAS,21,27,189,2,0,1,-3,0,0,10,10,46,1,0,0,3,2.64378959,-1.12734682,28,0,0,120.524691,7,0,0.03571429,0,1.64285714,stats_player_week_2021.csv.gz
00-0027948,Blaine Gabbert,QB,TB,2021,11,REG,NYG,2,2,11,0,0,1,-10,0,0,1,2,-2,0,0,0,0,0.14687333,-3.58290015,3,0,0,89.583333,5.5,0,0.33333333,0,-0.66666667,stats_player_week_2021.csv.gz
00-0027973,Andy Dalton,QB,CHI,2021,11,REG,BAL,11,23,201,2,0,1,-18,0,0,6,0,0,0,0,0,0,5.97370194,0,24,0,0,107.336957,8.73913043,0,0.04166667,0,0,stats_player_week_2021.csv.gz
00-0028118,Tyrod Taylor,QB,HOU,2021,11,REG,TEN,14,24,107,0,0,0,0,0,0,5,6,28,2,1,0,3,-0.29663901,5.47953293,24,1,0,69.270833,4.45833333,0,0,0.04166667,1.16666667,stats_player_week_2021.csv.gz
00-0029263,Russell Wilson,QB,SEA,2021,11,REG,ARI,14,26,207,0,0,4,-27,1,0,9,2,2,0,1,0,1,-4.86776156,-1.78177041,30,2,0,80.128205,7.96153846,0,0.13333333,0.06666667,0.06666667,stats_player_week_2021.csv.gz
00-0029604,Kirk Cousins,QB,MIN,2021,11,REG,GB,24,35,341,3,0,2,-23,1,0,17,2,-4,0,0,0,0,20.6933892,-2.21504715,37,1,0,128.392857,9.74285714,0,0.05405405,0.02702703,-0.10810811,stats_player_week_2021.csv.gz
00-0029701,Ryan Tannehill,QB,TEN,2021,11,REG,HOU,35,52,323,1,4,2,-6,1,0,19,2,3,0,1,0,1,-9.98898211,0.80780601,54,2,0,58.413462,6.21153846,0.07692308,0.03703704,0.03703704,0.05555556,stats_player_week_2021.csv.gz
00-0031280,Derek Carr,QB,LV,2021,11,REG,CIN,19,27,215,1,1,2,-9,1,1,8,0,0,0,0,0,0,-8.89541859,0,29,1,1,90.817901,7.96296296,0.03703704,0.06896552,0.03448276,0,stats_player_week_2021.csv.gz
00-0031345,Jimmy Garoppolo,QB,SF,2021,11,REG,JAX,16,22,176,2,0,2,-14,0,0,8,2,6,0,0,0,1,10.03780623,0.4227359,24,0,0,126.325758,8,0,0.08333333,0,0.25,stats_player_week_2021.csv.gz
00-0031800,Taylor Heinicke,QB,WAS,2021,11,REG,CAR,16,22,206,3,0,3,-27,0,0,10,6,29,0,1,0,3,13.53531279,2.77118391,25,1,0,141.287879,9.36363636,0,0.12,0.04,1.16,stats_player_week_2021.csv.gz
00-0032156,Trevor Siemian,QB,NO,2021,11,REG,PHI,22,40,214,3,2,0,0,0,0,12,2,16,1,0,0,1,-8.25510371,2.77817358,40,0,0,74.375,5.35,0.05,0,0,0.4,stats_player_week_2021.csv.gz
00-0032950,Carson Wentz,QB,IND,2021,11,REG,BUF,11,20,106,1,0,0,0,0,0,6,2,18,0,1,0,1,5.54510736,0.59434518,20,1,0,86.666667,5.3,0,0,0.05,0.9,stats_player_week_2021.csv.gz
00-0033077,Dak Prescott,QB,DAL,2021,11,REG,KC,28,43,216,0,2,5,-22,2,1,14,0,0,0,0,0,0,-15.43738358,0,48,2,1,57.897287,5.02325581,0.04651163,0.10416667,0.04166667,0,stats_player_week_2021.csv.gz
00-0033869,Mitchell Trubisky,QB,BUF,2021,11,REG,IND,3,5,19,0,1,0,0,0,0,1,0,0,0,0,0,0,-3.28508039,0,5,0,0,28.333333,3.8,0.2,0,0,0,stats_player_week_2021.csv.gz
00-0033873,Patrick Mahomes,QB,KC,2021,11,REG,DAL,23,37,260,0,1,3,-16,1,1,12,7,11,0,0,0,2,-7.57090541,-0.74642334,40,1,1,71.903153,7.02702703,0.02702703,0.075,0.025,0.275,stats_player_week_2021.csv.gz
00-0034177,Tim Boyle,QB,DET,2021,11,REG,CLE,15,23,77,0,2,0,0,0,0,5,0,0,0,0,0,0,-12.21895705,0,23,0,0,34.148551,3.34782609,0.08695652,0,0,0,stats_player_week_2021.csv.gz
00-0034343,Josh Rosen,QB,ATL,2021,11,REG,NE,1,3,5,0,1,0,0,0,0,0,0,0,0,0,0,0,-8.20612667,0,3,0,0,2.777778,1.66666667,0.33333333,0,0,0,stats_player_week_2021.csv.gz
00-0034855,Baker Mayfield,QB,CLE,2021,11,REG,DET,15,29,176,1,2,1,-11,0,0,8,4,9,0,0,0,0,-7.14228327,-1.31691668,30,0,0,53.232759,6.06896552,0.06896552,0.03333333,0,0.3,stats_player_week_2021.csv.gz
00-0034857,Josh Allen,QB,BUF,2021,11,REG,IND,21,35,209,2,2,1,-8,1,0,12,2,18,0,0,0,2,-1.27348953,2.47471884,36,1,0,72.202381,5.97142857,0.05714286,0.02777778,0.02777778,0.5,stats_player_week_2021.csv.gz
00-0035710,Daniel Jones,QB,NYG,2021,11,REG,TB,23,38,167,1,2,2,-18,0,0,8,3,10,0,0,0,0,-21.36183015,-0.49351518,40,0,0,57.675439,4.39473684,0.05263158,0.05,0,0.25,stats_player_week_2021.csv.gz
00-0035993,Tyler Huntley,QB,BAL,2021,11,REG,CHI,26,36,219,0,1,6,-43,1,0,12,7,40,0,0,0,2,-6.94021424,1.96872214,42,1,0,76.041667,6.08333333,0.02777778,0.14285714,0.02380952,0.95238095,stats_player_week_2021.csv.gz
00-0036212,Tua Tagovailoa,QB,MIA,2021,11,REG,NYJ,27,33,273,2,1,0,0,0,0,13,3,6,0,0,0,0,16.51952872,-2.51888731,33,0,0,108.712121,8.27272727,0.03030303,0,0,0.18181818,stats_player_week_2021.csv.gz
00-0036264,Jordan Love,QB,GB,2021,11,REG,MIN,0,0,0,0,0,0,0,0,0,0,1,-1,0,0,0,0,0,0,0,0,0,,,,,,,stats_player_week_2021.csv.gz
00-0036355,Justin Herbert,QB,LAC,2021,11,REG,PIT,30,41,382,3,1,2,-8,0,0,19,9,90,0,0,0,4,15.11507687,3.26804109,43,0,0,116.107724,9.31707317,0.02439024,0.04651163,0,2.09302326,stats_player_week_2021.csv.gz
00-0036389,Jalen Hurts,QB,PHI,2021,11,REG,NO,13,24,147,0,0,3,-9,0,0,7,18,69,3,0,0,7,0.52866627,5.09762597,27,0,0,72.743056,6.125,0,0.11111111,0,2.55555556,stats_player_week_2021.csv.gz
00-0036442,Joe Burrow,QB,CIN,2021,11,REG,LV,20,29,148,1,0,3,-19,1,1,10,3,11,0,0,0,2,2.787292,1.58097918,32,1,1,92.313218,5.10344828,0,0.09375,0.03125,0.34375,stats_player_week_2021.csv.gz
00-0036879,Sam Ehlinger,QB,IND,2021,11,REG,BUF,0,0,0,0,0,0,0,0,0,0,1,9,0,0,0,1,0,1.2396232,0,0,0,,,,,,,stats_player_week_2021.csv.gz
00-0036945,Justin Fields,QB,CHI,2021,11,REG,BAL,4,11,79,0,0,2,-1,1,1,4,4,23,0,0,0,0,-4.91360354,-0.58729574,13,1,1,62.310606,7.18181818,0,0.15384615,0.07692308,1.76923077,stats_player_week_2021.csv.gz
00-0036971,Trevor Lawrence,QB,JAX,2021,11,REG,SF,16,25,158,0,0,3,-12,0,0,8,3,23,0,0,0,2,1.8280812,1.21115352,28,0,0,81.75,6.32,0,0.10714286,0,0.82142857,stats_player_week_2021.csv.gz
00-0036972,Mac Jones,QB,NE,2021,11,REG,ATL,22,26,207,1,1,3,-33,0,0,7,6,1,0,0,0,2,-2.64828379,-3.69771322,29,0,0,96.634615,7.96153846,0.03846154,0.10344828,0,0.03448276,stats_player_week_2021.csv.gz
00-0037012,Trey Lance,QB,SF,2021,11,REG,JAX,0,0,0,0,0,0,0,0,0,0,3,4,0,0,0,1,0,-0.34148921,0,0,0,,,,,,,stats_player_week_2021.csv.gz
00-0019596,Tom Brady,QB,TB,2021,12,REG,IND,25,34,226,1,1,2,-9,0,0,11,2,2,0,0,0,1,-1.31553955,0.0663432,36,0,0,88.602941,6.64705882,0.02941176,0.05555556,0,0.05555556,stats_player_week_2021.csv.gz
00-0022924,Ben Roethlisberger,QB,PIT,2021,12,REG,CIN,24,41,263,1,2,3,-13,1,1,15,0,0,0,0,0,0,-14.61787166,0,44,1,1,65.396341,6.41463415,0.04878049,0.06818182,0.02272727,0,stats_player_week_2021.csv.gz
00-0023459,Aaron Rodgers,QB,GB,2021,12,REG,LA,28,45,307,2,0,1,0,0,0,14,2,0,1,0,0,1,8.40270875,0.08289016,46,0,0,97.175926,6.82222222,0,0.02173913,0,0,stats_player_week_2021.csv.gz
00-0026143,Matt Ryan,QB,ATL,2021,12,REG,JAX,19,29,190,1,1,1,-7,0,0,12,4,6,0,0,0,0,4.87377263,-3.30658026,30,0,0,81.106322,6.55172414,0.03448276,0.03333333,0,0.2,stats_player_week_2021.csv.gz
00-0026300,Josh Johnson,QB,NYJ,2021,12,REG,HOU,0,0,0,0,0,0,0,0,0,0,0,0,0,0,0,0,0,1.053,0,0,0,,,,,,,stats_player_week_2021.csv.gz
00-0026498,Matthew Stafford,QB,LA,2021,12,REG,GB,21,38,302,3,1,2,-17,1,1,10,1,-1,0,0,0,0,-2.32533441,0,40,1,1,96.600877,7.94736842,0.02631579,0.05,0.025,-0.025,stats_player_week_2021.csv.gz
00-0026625,Brian Hoyer,QB,NE,2021,12,REG,TEN,0,0,0,0,0,0,0,0,0,0,1,-1,0,0,0,0,0,0,0,0,0,,,,,,,stats_player_week_2021.csv.gz
00-0027939,Cam Newton,QB,CAR,2021,12,REG,MIA,5,21,92,0,2,1,-14,0,0,2,3,5,1,0,0,2,-13.05935813,1.54005143,22,0,0,5.753968,4.38095238,0.0952381,0.04545455,0,0.22727273,stats_player_week_2021.csv.gz
00-0027973,Andy Dalton,QB,CHI,2021,12,REG,DET,24,39,317,1,1,1,-7,0,0,18,6,11,0,0,0,0,11.95444737,-3.1714274,40,0,0,85.096154,8.12820513,0.02564103,0.025,0,0.275,stats_player_week_2021.csv.gz
00-0028118,Tyrod Taylor,QB,HOU,2021,12,REG,NYJ,17,26,158,2,1,5,-52,0,0,7,2,30,0,1,0,1,-12.88044334,0.86276173,31,1,0,91.50641,6.07692308,0.03846154,0.16129032,0.03225806,0.96774194,stats_player_week_2021.csv.gz
00-0029263,Russell Wilson,QB,SEA,2021,12,REG,WAS,20,31,247,2,0,2,-14,0,0,8,2,16,0,0,0,1,3.76792011,0.47427586,33,0,0,110.551075,7.96774194,0,0.06060606,0,0.48484848,stats_player_week_2021.csv.gz
00-0029604,Kirk Cousins,QB,MIN,2021,12,REG,SF,20,32,238,2,1,1,-6,0,0,12,0,0,0,0,0,0,-1.37386802,0,33,0,0,92.96875,7.4375,0.03125,0.03030303,0,0,stats_player_week_2021.csv.gz
00-0029701,Ryan Tannehill,QB,TEN,2021,12,REG,NE,11,21,93,1,1,2,-8,1,0,6,5,24,0,0,0,3,-9.41110761,3.48637486,23,1,0,60.218254,4.42857143,0.04761905,0.08695652,0.04347826,1.04347826,stats_player_week_2021.csv.gz
00-0031237,Teddy Bridgewater,QB,DEN,2021,12,REG,LAC,11,18,129,1,0,0,0,0,0,8,2,10,1,0,0,1,7.75381462,1.1160025,18,0,0,101.388889,7.16666667,0,0,0,0.55555556,stats_player_week_2021.csv.gz
00-0031280,Derek Carr,QB,LV,2021,12,REG,DAL,24,39,373,1,0,3,-7,1,0,14,2,21,0,0,0,1,7.77053394,3.3145546,42,1,0,101.762821,9.56410256,0,0.07142857,0.02380952,0.5,stats_player_week_2021.csv.gz
00-0031345,Jimmy Garoppolo,QB,SF,2021,12,REG,MIN,17,26,230,1,1,2,-15,0,0,10,3,0,0,0,0,1,3.25681961,0.43425547,28,0,0,90.224359,8.84615385,0.03846154,0.07142857,0,0,stats_player_week_2021.csv.gz
00-0031800,Taylor Heinicke,QB,WAS,2021,12,REG,SEA,27,35,223,1,1,1,-4,0,0,13,4,3,0,0,0,0,6.28883772,-2.72973822,36,0,0,90.535714,6.37142857,0.02857143,0.02777778,0,0.08333333,stats_player_week_2021.csv.gz
00-0032156,Trevor Siemian,QB,NO,2021,12,REG,BUF,17,29,163,1,1,2,-17,0,0,7,3,3,0,0,0,1,-5.10524453,0.88497832,31,0,0,71.479885,5.62068966,0.03448276,0.06451613,0,0.09677419,stats_player_week_2021.csv.gz
00-0032268,Marcus Mariota,QB,LV,2021,12,REG,DAL,0,0,0,0,0,0,0,0,0,0,2,4,1,0,0,1,0,0.42769673,0,0,0,,,,,,,stats_player_week_2021.csv.gz
00-0032434,Brandon Allen,QB,CIN,2021,12,REG,PIT,0,1,0,0,0,0,0,0,0,0,1,-1,0,0,0,0,-1.08877994,-0.52314555,1,0,0,39.583333,0,0,0,0,-1,stats_player_week_2021.csv.gz
00-0032950,Carson Wentz,QB,IND,2021,12,REG,TB,27,44,306,3,2,3,-21,1,1,15,3,21,0,0,0,2,0.98793982,2.57275025,47,1,1,85.984848,6.95454545,0.04545455,0.06382979,0.0212766,0.44680851,stats_player_week_2021.csv.gz
00-0033077,Dak Prescott,QB,DAL,2021,12,REG,LV,32,47,375,2,0,1,-2,0,0,13,1,3,0,0,0,0,8.09633386,-0.14625471,48,0,0,106.25,7.9787234,0,0.02083333,0,0.0625,stats_player_week_2021.csv.gz
00-0033106,Jared Goff,QB,DET,2021,12,REG,CHI,21,25,171,2,0,1,-8,1,1,8,0,0,0,0,0,0,0.96173286,0,26,1,1,121.833333,6.84,0,0.03846154,0.03846154,0,stats_player_week_2021.csv.gz
00-0033275,PJ Walker,QB,CAR,2021,12,REG,MIA,5,10,87,0,1,4,-31,0,0,3,0,0,0,0,0,0,-5.33240071,0,14,0,0,40.416667,8.7,0.1,0.28571429,0,0,stats_player_week_2021.csv.gz
00-0034796,Lamar Jackson,QB,BAL,2021,12,REG,CLE,20,32,165,1,4,2,-10,0,0,6,17,68,0,0,0,5,-10.95532736,0.65737,34,0,0,46.484375,5.15625,0.125,0.05882353,0,2,stats_player_week_2021.csv.gz
00-0034855,Baker Mayfield,QB,CLE,2021,12,REG,BAL,18,37,247,1,0,2,-24,1,1,10,2,4,0,0,0,1,-2.22353113,-0.05541251,39,1,1,79.448198,6.67567568,0,0.05128205,0.02564103,0.1025641,stats_player_week_2021.csv.gz
00-0034857,Josh Allen,QB,BUF,2021,12,REG,NO,23,28,260,4,2,2,-12,0,0,11,8,43,0,0,0,4,11.4161082,4.75262769,30,0,0,115.178571,9.28571429,0.07142857,0.06666667,0,1.43333333,stats_player_week_2021.csv.gz
00-0035704,Drew Lock,QB,DEN,2021,12,REG,LAC,4,7,26,0,1,1,0,1,0,1,0,0,0,0,0,0,-5.19554433,0,8,1,0,25.595238,3.71428571,0.14285714,0.125,0.125,0,stats_player_week_2021.csv.gz
00-0035710,Daniel Jones,QB,NYG,2021,12,REG,PHI,19,30,202,1,0,1,-8,0,0,12,9,30,0,0,0,2,3.57562867,0.66490658,31,0,0,94.027778,6.73333333,0,0.03225806,0,0.96774194,stats_player_week_2021.csv.gz
00-0036212,Tua Tagovailoa,QB,MIA,2021,12,REG,CAR,27,31,230,1,0,2,-26,1,0,11,4,0,0,0,0,1,6.39963568,-3.49175493,33,1,0,108.333333,7.41935484,0,0.06060606,0.03030303,0,stats_player_week_2021.csv.gz
00-0036355,Justin Herbert,QB,LAC,2021,12,REG,DEN,28,44,303,2,2,3,-18,0,0,15,4,36,0,0,0,2,-1.95974819,3.65886674,47,0,0,80.018939,6.88636364,0.04545455,0.06382979,0,0.76595745,stats_player_week_2021.csv.gz
00-0036389,Jalen Hurts,QB,PHI,2021,12,REG,NYG,14,31,129,0,3,1,-5,0,0,8,8,77,0,0,0,5,-17.63160762,4.71989989,32,0,0,17.473118,4.16129032,0.09677419,0.03125,0,2.40625,stats_player_week_2021.csv.gz
00-0036442,Joe Burrow,QB,CIN,2021,12,REG,PIT,20,24,190,1,1,2,-18,0,0,11,1,8,1,0,0,1,2.28441901,1.87380174,26,0,0,96.180556,7.91666667,0.04166667,0.07692308,0,0.30769231,stats_player_week_2021.csv.gz
00-0036971,Trevor Lawrence,QB,JAX,2021,12,REG,ATL,23,42,228,1,1,1,-12,1,0,13,5,39,0,0,0,2,-2.03988064,3.53089118,43,1,0,68.353175,5.42857143,0.02380952,0.02325581,0.02325581,0.90697674,stats_player_week_2021.csv.gz
00-0036972,Mac Jones,QB,NE,2021,12,REG,TEN,23,32,310,2,0,2,-21,0,0,15,2,11,0,0,0,1,14.34158473,-1.05915552,34,0,0,123.177083,9.6875,0,0.05882353,0,0.32352941,stats_player_week_2021.csv.gz
00-0037013,Zach Wilson,QB,NYJ,2021,12,REG,HOU,14,24,145,0,1,4,-36,1,0,6,2,3,1,0,0,1,-9.37784219,0.97439728,28,1,0,58.506944,6.04166667,0.04166667,0.14285714,0.03571429,0.10714286,stats_player_week_2021.csv.gz
00-0019596,Tom Brady,QB,TB,2021,13,REG,ATL,38,51,368,4,1,0,0,0,0,22,1,-1,0,0,0,0,15.67890961,0,51,0,0,112.214052,7.21568627,0.01960784,0,0,-0.01960784,stats_player_week_2021.csv.gz
00-0022924,Ben Roethlisberger,QB,PIT,2021,13,REG,BAL,21,31,236,2,0,1,0,0,0,11,1,-1,0,0,0,0,9.28384562,-0.90520415,32,0,0,111.760753,7.61290323,0,0.03125,0,-0.03125,stats_player_week_2021.csv.gz
00-0026143,Matt Ryan,QB,ATL,2021,13,REG,TB,30,41,297,0,0,5,-38,0,0,14,3,2,0,2,0,0,-0.68340381,-0.17402248,46,2,0,93.24187,7.24390244,0,0.10869565,0.04347826,0.04347826,stats_player_week_2021.csv.gz
00-0026498,Matthew Stafford,QB,LA,2021,13,REG,JAX,26,38,295,3,0,1,-5,0,0,15,1,2,0,0,0,1,13.03600023,1.56592966,39,0,0,117.763158,7.76315789,0,0.02564103,0,0.05128205,stats_player_week_2021.csv.gz
00-0027973,Andy Dalton,QB,CHI,2021,13,REG,ARI,26,41,229,2,4,3,-12,0,0,14,2,6,0,0,0,0,-15.30161285,-0.42349858,44,0,0,54.878049,5.58536585,0.09756098,0.06818182,0,0.13636364,stats_player_week_2021.csv.gz
00-0028118,Tyrod Taylor,QB,HOU,2021,13,REG,IND,5,13,45,0,1,2,-24,0,0,3,3,15,0,0,0,1,-10.10804099,0.42662491,15,0,0,16.50641,3.46153846,0.07692308,0.13333333,0,1,stats_player_week_2021.csv.gz
00-0029263,Russell Wilson,QB,SEA,2021,13,REG,SF,30,37,231,2,1,4,-50,1,0,12,3,15,0,0,0,0,-0.12678349,-1.65935235,41,1,0,99.436937,6.24324324,0.02702703,0.09756098,0.02439024,0.36585366,stats_player_week_2021.csv.gz
00-0029604,Kirk Cousins,QB,MIN,2021,13,REG,DET,30,40,340,2,0,3,-14,1,1,19,2,6,0,0,0,0,4.4395087,0.59123592,43,1,1,116.666667,8.5,0,0.06976744,0.02325581,0.13953488,stats_player_week_2021.csv.gz
00-0030520,Mike Glennon,QB,NYG,2021,13,REG,MIA,23,44,187,0,1,3,-28,0,0,10,0,0,0,0,0,0,-12.70580754,0,47,0,0,53.882576,4.25,0.02272727,0.06382979,0,0,stats_player_week_2021.csv.gz
00-0031237,Teddy Bridgewater,QB,DEN,2021,13,REG,KC,22,40,257,1,2,1,-7,0,0,10,4,17,0,0,0,2,-10.93029817,2.65444687,41,0,0,62.1875,6.425,0.05,0.02439024,0,0.41463415,stats_player_week_2021.csv.gz
00-0031280,Derek Carr,QB,LV,2021,13,REG,WAS,28,38,249,0,0,2,-15,0,0,14,2,24,0,0,0,1,-0.60473591,1.3480854,40,0,0,90.789474,6.55263158,0,0.05,0,0.6,stats_player_week_2021.csv.gz
00-0031345,Jimmy Garoppolo,QB,SF,2021,13,REG,SEA,20,30,299,2,2,1,-5,0,0,11,2,0,0,0,0,1,1.74571358,2.12462697,31,0,0,93.611111,9.96666667,0.06666667,0.03225806,0,0,stats_player_week_2021.csv.gz
00-0031800,Taylor Heinicke,QB,WAS,2021,13,REG,LV,23,30,196,2,1,1,-10,0,0,12,3,10,0,0,0,1,5.52968287,0.35039661,31,0,0,101.527778,6.53333333,0.03333333,0.03225806,0,0.32258065,stats_player_week_2021.csv.gz
00-0032950,Carson Wentz,QB,IND,2021,13,REG,HOU,16,22,158,1,0,1,-7,0,0,8,3,8,0,0,0,1,2.60864736,1.56275567,23,0,0,107.765152,7.18181818,0,0.04347826,0,0.34782609,stats_player_week_2021.csv.gz
00-0033077,Dak Prescott,QB,DAL,2021,13,REG,NO,26,40,238,1,1,1,-7,0,0,10,3,-3,0,0,0,0,-8.35630328,-2.2497262,41,0,0,78.958333,5.95,0.025,0.02439024,0,-0.07317073,stats_player_week_2021.csv.gz
00-0033106,Jared Goff,QB,DET,2021,13,REG,MIN,25,41,296,3,1,3,-24,1,1,14,2,1,0,0,0,0,3.67849512,-4.27227827,44,1,1,97.205285,7.2195122,0.02439024,0.06818182,0.02272727,0.02272727,stats_player_week_2021.csv.gz
00-0033873,Patrick Mahomes,QB,KC,2021,13,REG,DEN,15,29,184,0,1,1,-6,0,0,8,4,12,1,0,0,1,-2.58519199,0.64076207,30,0,0,57.255747,6.34482759,0.03448276,0.03333333,0,0.4,stats_player_week_2021.csv.gz
00-0033936,C.J. Beathard,QB,JAX,2021,13,REG,LA,0,0,0,0,0,0,0,0,0,0,1,2,0,0,0,0,0,-0.55041191,0,0,0,,,,,,,stats_player_week_2021.csv.gz
00-0034796,Lamar Jackson,QB,BAL,2021,13,REG,PIT,23,37,253,1,1,7,-34,1,0,12,8,55,0,0,0,4,2.60453451,3.81229533,44,1,0,80.123874,6.83783784,0.02702703,0.15909091,0.02272727,1.25,stats_player_week_2021.csv.gz
00-0034857,Josh Allen,QB,BUF,2021,13,REG,NE,15,30,145,1,0,2,-14,0,0,9,6,39,0,1,1,2,-7.0569002,-0.67226981,32,1,1,75,4.83333333,0,0.0625,0.03125,1.21875,stats_player_week_2021.csv.gz
00-0035228,Kyler Murray,QB,ARI,2021,13,REG,CHI,11,15,123,2,0,1,-3,1,0,6,10,59,2,1,0,3,7.65407614,4.77069675,16,2,0,136.944444,8.2,0,0.0625,0.125,3.6875,stats_player_week_2021.csv.gz
00-0035289,Gardner Minshew,QB,PHI,2021,13,REG,NYJ,20,25,242,2,0,2,-9,1,0,13,4,11,0,0,0,1,14.20106352,-0.49099994,27,1,0,133.666667,9.68,0,0.07407407,0.03703704,0.40740741,stats_player_week_2021.csv.gz
00-0036212,Tua Tagovailoa,QB,MIA,2021,13,REG,NYG,30,41,244,2,0,2,-15,0,0,17,2,1,0,0,0,0,4.14596947,-0.48577308,43,0,0,104.115854,5.95121951,0,0.04651163,0,0.02325581,stats_player_week_2021.csv.gz
00-0036355,Justin Herbert,QB,LAC,2021,13,REG,CIN,26,35,317,3,1,4,-33,0,0,13,1,6,0,0,0,1,11.11207457,0.56691634,39,0,0,118.392857,9.05714286,0.02857143,0.1025641,0,0.15384615,stats_player_week_2021.csv.gz
00-0036442,Joe Burrow,QB,CIN,2021,13,REG,LAC,24,40,300,1,2,6,-40,1,1,14,1,6,1,0,0,1,-5.9916519,2.1509912,46,1,1,70.833333,7.5,0.05,0.13043478,0.02173913,0.13043478,stats_player_week_2021.csv.gz
00-0036879,Sam Ehlinger,QB,IND,2021,13,REG,HOU,0,0,0,0,0,0,0,0,0,0,1,-1,0,0,0,0,0,-1.1731451,0,0,0,,,,,,,stats_player_week_2021.csv.gz
00-0036898,Davis Mills,QB,HOU,2021,13,REG,IND,6,14,49,0,0,2,-13,0,0,3,2,11,0,0,0,1,-12.2744708,0.13814051,16,0,0,52.380952,3.5,0,0.125,0,0.6875,stats_player_week_2021.csv.gz
00-0036971,Trevor Lawrence,QB,JAX,2021,13,REG,LA,16,28,145,0,0,2,-9,0,0,7,4,10,0,1,0,1,-2.92069991,-1.46274911,30,1,0,71.279762,5.17857143,0,0.06666667,0.03333333,0.33333333,stats_player_week_2021.csv.gz
00-0036972,Mac Jones,QB,NE,2021,13,REG,BUF,2,3,19,0,0,0,0,0,0,1,5,-3,0,1,0,1,0.03559474,-0.77359998,3,1,0,84.027778,6.33333333,0,0,0.33333333,-1,stats_player_week_2021.csv.gz
00-0037013,Zach Wilson,QB,NYJ,2021,13,REG,PHI,23,38,226,2,1,2,-15,0,0,15,3,0,1,0,0,1,1.00646085,0.49754893,40,0,0,83.881579,5.94736842,0.02631579,0.05,0,0,stats_player_week_2021.csv.gz
00-0019596,Tom Brady,QB,TB,2021,14,REG,BUF,31,46,363,2,0,2,-12,0,0,13,7,16,1,0,0,4,10.00394182,1.44939071,48,0,0,105.615942,7.89130435,0,0.04166667,0,0.33333333,stats_player_week_2021.csv.gz
00-0022924,Ben Roethlisberger,QB,PIT,2021,14,REG,MIN,28,40,308,3,1,5,-39,1,0,11,1,5,0,0,0,1,-7.87734491,3.88783605,45,1,0,107.083333,7.7,0.025,0.11111111,0.02222222,0.11111111,stats_player_week_2021.csv.gz
00-0023459,Aaron Rodgers,QB,GB,2021,14,REG,CHI,29,37,341,4,0,3,-21,0,0,19,1,0,0,1,0,0,15.84523712,-0.96787514,40,1,0,141.103604,9.21621622,0,0.075,0.025,0,stats_player_week_2021.csv.gz
00-0026143,Matt Ryan,QB,ATL,2021,14,REG,CAR,19,28,190,1,0,0,0,0,0,10,4,3,0,0,0,2,5.20124482,-0.26507122,28,0,0,98.809524,6.78571429,0,0,0,0.10714286,stats_player_week_2021.csv.gz
00-0026197,Chad Henne,QB,KC,2021,14,REG,LV,0,0,0,0,0,0,0,0,0,0,3,-2,0,0,0,0,0,0,0,0,0,,,,,,,stats_player_week_2021.csv.gz
00-0026498,Matthew Stafford,QB,LA,2021,14,REG,ARI,23,30,287,3,0,3,-20,1,0,12,0,0,0,0,0,0,14.54005126,0,33,1,0,139.166667,9.56666667,0,0.09090909,0.03030303,0,stats_player_week_2021.csv.gz
00-0026544,Chase Daniel,QB,LAC,2021,14,REG,NYG,0,0,0,0,0,0,0,0,0,0,2,-2,0,0,0,0,0,0,0,0,0,,,,,,,stats_player_week_2021.csv.gz
00-0027939,Cam Newton,QB,CAR,2021,14,REG,ATL,15,23,178,0,1,1,-10,0,0,8,10,47,1,2,1,5,-3.53357099,-2.37012121,24,2,1,70.561594,7.73913043,0.04347826,0.04166667,0.08333333,1.95833333,stats_player_week_2021.csv.gz
00-0029263,Russell Wilson,QB,SEA,2021,14,REG,HOU,17,28,260,2,0,0,0,0,0,11,2,8,0,1,0,1,15.85632353,0.00742346,28,1,0,115.178571,9.28571429,0,0,0.03571429,0.28571429,stats_player_week_2021.csv.gz
00-0029604,Kirk Cousins,QB,MIN,2021,14,REG,PIT,14,31,216,2,2,0,0,0,0,8,2,14,0,0,0,2,-9.67746232,3.79168337,31,0,0,63.373656,6.96774194,0.06451613,0,0,0.4516129,stats_player_week_2021.csv.gz
00-0029701,Ryan Tannehill,QB,TEN,2021,14,REG,JAX,20,31,191,0,0,4,-30,0,0,10,4,29,1,0,0,3,0.75653337,7.26583213,35,0,0,81.518817,6.16129032,0,0.11428571,0,0.82857143,stats_player_week_2021.csv.gz
00-0030520,Mike Glennon,QB,NYG,2021,14,REG,LAC,17,36,191,2,1,2,-10,1,1,8,1,7,1,0,0,1,-11.39036415,1.65486499,38,1,1,70.486111,5.30555556,0.02777778,0.05263158,0.02631579,0.18421053,stats_player_week_2021.csv.gz
00-0031237,Teddy Bridgewater,QB,DEN,2021,14,REG,DET,18,25,179,2,0,1,-5,0,0,10,0,0,0,0,0,0,8.90160441,0,26,0,0,118.583333,7.16,0,0.03846154,0,0,stats_player_week_2021.csv.gz
00-0031280,Derek Carr,QB,LV,2021,14,REG,KC,33,45,263,1,1,4,-17,1,1,13,0,0,0,0,0,0,-3.00442757,0,49,1,1,85.694444,5.84444444,0.02222222,0.08163265,0.02040816,0,stats_player_week_2021.csv.gz
00-0031345,Jimmy Garoppolo,QB,SF,2021,14,REG,CIN,27,41,296,2,0,5,-41,1,0,14,1,3,0,0,0,1,6.74263097,0.6880316,46,1,0,103.302846,7.2195122,0,0.10869565,0.02173913,0.06521739,stats_player_week_2021.csv.gz
00-0031800,Taylor Heinicke,QB,WAS,2021,14,REG,DAL,11,25,122,1,1,4,-46,1,1,5,3,8,0,0,0,0,-23.94232537,0.93788485,29,1,1,55.75,4.88,0.04,0.13793103,0.03448276,0.27586207,stats_player_week_2021.csv.gz
00-0033077,Dak Prescott,QB,DAL,2021,14,REG,WAS,22,39,211,1,2,4,-10,0,0,11,7,15,0,1,0,2,-11.26613469,-2.51434111,43,1,0,58.814103,5.41025641,0.05128205,0.09302326,0.02325581,0.34883721,stats_player_week_2021.csv.gz
00-0033106,Jared Goff,QB,DET,2021,14,REG,DEN,24,39,215,1,1,2,-17,0,0,9,2,10,0,0,0,1,-8.54875752,0.41330255,41,0,0,74.198718,5.51282051,0.02564103,0.04878049,0,0.24390244,stats_player_week_2021.csv.gz
00-0033275,PJ Walker,QB,CAR,2021,14,REG,ATL,6,12,75,1,1,0,0,0,0,5,2,-5,0,1,0,0,-0.99732153,-2.34656256,12,1,0,62.847222,6.25,0.08333333,0,0.08333333,-0.41666667,stats_player_week_2021.csv.gz
00-0033873,Patrick Mahomes,QB,KC,2021,14,REG,LV,20,24,258,2,0,3,-18,0,0,11,4,20,0,1,0,1,15.49891183,1.61561523,27,1,0,139.236111,10.75,0,0.11111111,0.03703704,0.74074074,stats_player_week_2021.csv.gz
00-0034131,Kurt Benkert,QB,GB,2021,14,REG,CHI,0,0,0,0,0,0,0,0,0,0,2,-1,0,0,0,0,0,0,0,0,0,,,,,,,stats_player_week_2021.csv.gz
00-0034438,Logan Woodside,QB,TEN,2021,14,REG,JAX,0,0,0,0,0,0,0,0,0,0,3,-3,0,0,0,0,0,-2.9677291,0,0,0,,,,,,,stats_player_week_2021.csv.gz
00-0034577,Kyle Allen,QB,WAS,2021,14,REG,DAL,4,9,53,0,0,1,-5,1,1,2,2,11,0,0,0,1,-4.53064968,-0.23591408,10,1,1,63.657407,5.88888889,0,0.1,0.1,1.1,stats_player_week_2021.csv.gz
00-0034796,Lamar Jackson,QB,BAL,2021,14,REG,CLE,4,4,17,0,0,1,0,0,0,1,2,5,0,0,0,0,-1.50121736,-2.54517613,5,0,0,84.375,4.25,0,0.2,0,1,stats_player_week_2021.csv.gz
00-0034855,Baker Mayfield,QB,CLE,2021,14,REG,BAL,22,32,190,2,1,0,0,0,0,10,6,14,0,0,0,3,-1.86941237,1.2500724,32,0,0,91.927083,5.9375,0.03125,0,0,0.4375,stats_player_week_2021.csv.gz
00-0034857,Josh Allen,QB,BUF,2021,14,REG,TB,36,54,308,2,1,3,-15,0,0,16,12,109,1,0,0,6,-3.40172793,8.13931532,57,0,0,86.033951,5.7037037,0.01851852,0.05263158,0,1.9122807,stats_player_week_2021.csv.gz
00-0035228,Kyler Murray,QB,ARI,2021,14,REG,LA,32,49,383,0,2,4,-39,0,0,17,7,61,0,1,0,3,-1.3022323,0.62328619,53,1,0,72.066327,7.81632653,0.04081633,0.0754717,0.01886792,1.1509434,stats_player_week_2021.csv.gz
00-0035993,Tyler Huntley,QB,BAL,2021,14,REG,CLE,27,38,270,1,0,3,-16,2,2,14,6,45,0,0,0,2,-4.75459669,2.61269703,41,2,2,99.671053,7.10526316,0,0.07317073,0.04878049,1.09756098,stats_player_week_2021.csv.gz
00-0036355,Justin Herbert,QB,LAC,2021,14,REG,NYG,23,31,275,3,0,2,-4,0,0,15,4,19,0,0,0,3,14.33943089,2.82835921,33,0,0,133.13172,8.87096774,0,0.06060606,0,0.57575758,stats_player_week_2021.csv.gz
00-0036442,Joe Burrow,QB,CIN,2021,14,REG,SF,25,34,348,2,0,5,-37,1,0,16,2,3,0,0,0,0,10.85194161,-0.21918171,39,1,0,125.612745,10.23529412,0,0.12820513,0.02564103,0.07692308,stats_player_week_2021.csv.gz
00-0036898,Davis Mills,QB,HOU,2021,14,REG,SEA,33,49,331,1,0,2,-14,0,0,16,2,8,0,0,0,1,-2.10996095,-2.753715,51,0,0,93.154762,6.75510204,0,0.03921569,0,0.15686275,stats_player_week_2021.csv.gz
00-0036945,Justin Fields,QB,CHI,2021,14,REG,GB,18,33,224,2,2,2,-14,1,1,7,9,74,0,0,0,4,-11.28820056,3.88402556,35,1,1,70.770202,6.78787879,0.06060606,0.05714286,0.02857143,2.11428571,stats_player_week_2021.csv.gz
00-0036971,Trevor Lawrence,QB,JAX,2021,14,REG,TEN,24,40,221,0,4,3,-37,0,0,9,1,2,0,0,0,0,-16.26578626,-0.87073187,43,0,0,35.520833,5.525,0.1,0.06976744,0,0.04651163,stats_player_week_2021.csv.gz
00-0037013,Zach Wilson,QB,NYJ,2021,14,REG,NO,19,42,202,0,0,3,-24,0,0,9,4,33,0,0,0,1,-15.4053883,-2.54086628,45,0,0,59.821429,4.80952381,0,0.06666667,0,0.73333333,stats_player_week_2021.csv.gz
00-0019596,Tom Brady,QB,TB,2021,15,REG,NO,26,48,214,0,1,4,-30,0,0,13,1,2,0,1,1,0,-16.39121954,-3.79953075,52,1,1,57.118056,4.45833333,0.02083333,0.07692308,0.01923077,0.03846154,stats_player_week_2021.csv.gz
00-0022924,Ben Roethlisberger,QB,PIT,2021,15,REG,TEN,16,25,148,0,0,3,-15,0,0,7,3,0,1,0,0,1,-7.64989353,0.72414581,28,0,0,80.083333,5.92,0,0.10714286,0,0,stats_player_week_2021.csv.gz
00-0023459,Aaron Rodgers,QB,GB,2021,15,REG,BAL,23,31,268,3,0,3,-18,0,0,20,4,11,0,0,0,0,19.1741822,-1.43286114,34,0,0,132.19086,8.64516129,0,0.08823529,0,0.32352941,stats_player_week_2021.csv.gz
00-0026143,Matt Ryan,QB,ATL,2021,15,REG,SF,19,32,236,1,0,3,-23,1,1,8,5,20,0,0,0,2,-6.92069237,0.72762512,35,1,1,92.708333,7.375,0,0.08571429,0.02857143,0.57142857,stats_player_week_2021.csv.gz
00-0026498,Matthew Stafford,QB,LA,2021,15,REG,SEA,21,29,244,2,1,4,-35,0,0,11,3,-3,0,0,0,0,-2.4432693,0,33,0,0,106.106322,8.4137931,0.03448276,0.12121212,0,-0.09090909,stats_player_week_2021.csv.gz
00-0027688,Colt McCoy,QB,ARI,2021,15,REG,DET,6,9,56,0,0,0,0,0,0,3,1,3,0,0,0,1,0.65726186,-2.70159265,9,0,0,83.564815,6.22222222,0,0,0,0.33333333,stats_player_week_2021.csv.gz
00-0027939,Cam Newton,QB,CAR,2021,15,REG,BUF,18,38,156,1,1,4,-32,0,0,8,15,71,1,2,0,7,-15.16441406,1.49889946,42,2,0,56.469298,4.10526316,0.02631579,0.0952381,0.04761905,1.69047619,stats_player_week_2021.csv.gz
00-0029263,Russell Wilson,QB,SEA,2021,15,REG,LA,17,31,156,0,1,3,-22,0,0,7,0,0,0,0,0,0,-11.61274202,0,34,0,0,55.30914,5.03225806,0.03225806,0.08823529,0,0,stats_player_week_2021.csv.gz
00-0029604,Kirk Cousins,QB,MIN,2021,15,REG,CHI,12,24,87,2,1,4,-26,1,0,5,2,10,0,0,0,0,-6.6956801,-0.45466479,28,1,0,69.270833,3.625,0.04166667,0.14285714,0.03571429,0.35714286,stats_player_week_2021.csv.gz
00-0029701,Ryan Tannehill,QB,TEN,2021,15,REG,PIT,23,32,153,0,1,4,-36,1,0,8,5,18,1,1,1,4,-8.64682836,-3.07475829,36,2,1,68.880208,4.78125,0.03125,0.11111111,0.05555556,0.5,stats_player_week_2021.csv.gz
00-0030520,Mike Glennon,QB,NYG,2021,15,REG,DAL,13,24,99,0,3,0,0,0,0,6,1,0,0,0,0,0,-14.41463948,-3.80227731,24,0,0,24.826389,4.125,0.125,0,0,0,stats_player_week_2021.csv.gz
00-0031237,Teddy Bridgewater,QB,DEN,2021,15,REG,CIN,12,22,98,0,0,2,-18,0,0,4,3,10,0,0,0,3,-10.70831696,1.69819776,24,0,0,66.098485,4.45454545,0,0.08333333,0,0.41666667,stats_player_week_2021.csv.gz
00-0031280,Derek Carr,QB,LV,2021,15,REG,CLE,25,38,236,1,1,2,-6,1,1,14,3,7,0,1,0,0,-0.51745245,-2.43470014,40,2,1,80.592105,6.21052632,0.02631579,0.05,0.05,0.175,stats_player_week_2021.csv.gz
00-0031345,Jimmy Garoppolo,QB,SF,2021,15,REG,ATL,18,23,235,1,0,0,0,0,0,11,3,4,0,1,0,1,12.07135891,-0.9818965,23,1,0,123.731884,10.2173913,0,0,0.04347826,0.17391304,stats_player_week_2021.csv.gz
00-0031395,Garrett Gilbert,QB,WAS,2021,15,REG,PHI,20,31,194,0,0,2,-20,1,0,8,0,0,0,0,0,0,-2.75039311,0,33,1,0,81.922043,6.25806452,0,0.06060606,0.03030303,0,stats_player_week_2021.csv.gz
00-0032268,Marcus Mariota,QB,LV,2021,15,REG,CLE,0,0,0,0,0,0,0,0,0,0,1,3,0,0,0,0,0,0.01592837,0,0,0,,,,,,,stats_player_week_2021.csv.gz
00-0032950,Carson Wentz,QB,IND,2021,15,REG,NE,5,12,57,1,1,1,-8,0,0,3,8,17,0,0,0,4,-7.86901887,3.91122233,13,0,0,49.652778,4.75,0.08333333,0.07692308,0,1.30769231,stats_player_week_2021.csv.gz
00-0033077,Dak Prescott,QB,DAL,2021,15,REG,NYG,28,37,217,1,0,3,-14,1,1,14,2,-1,0,0,0,0,0.35440873,0,40,1,1,98.592342,5.86486486,0,0.075,0.025,-0.025,stats_player_week_2021.csv.gz
00-0033106,Jared Goff,QB,DET,2021,15,REG,ARI,21,26,216,3,0,2,-4,0,0,13,0,0,0,0,0,0,13.53759341,0,28,0,0,139.74359,8.30769231,0,0.07142857,0,0,stats_player_week_2021.csv.gz
00-0033119,Jacoby Brissett,QB,MIA,2021,15,REG,NYJ,0,0,0,0,0,0,0,0,0,0,1,2,0,0,0,1,0,1.43072707,0,0,0,,,,,,,stats_player_week_2021.csv.gz
00-0033319,Nick Mullens,QB,CLE,2021,15,REG,LV,20,30,147,1,0,0,0,0,0,9,0,0,0,0,0,0,2.16466211,0,30,0,0,89.166667,4.9,0,0,0,0,stats_player_week_2021.csv.gz
00-0033873,Patrick Mahomes,QB,KC,2021,15,REG,LAC,31,47,410,3,1,1,0,1,1,20,3,32,0,0,0,1,9.33286005,2.26595034,48,1,1,105.806738,8.72340426,0.0212766,0.02083333,0.02083333,0.66666667,stats_player_week_2021.csv.gz
00-0034857,Josh Allen,QB,BUF,2021,15,REG,CAR,19,34,210,3,1,4,-17,1,0,12,3,24,0,0,0,1,6.89075549,3.06371407,38,1,0,91.544118,6.17647059,0.02941176,0.10526316,0.02631579,0.63157895,stats_player_week_2021.csv.gz
00-0035228,Kyler Murray,QB,ARI,2021,15,REG,DET,23,41,257,1,1,2,-20,0,0,13,4,3,0,1,0,0,-14.39508265,-1.97081883,43,1,0,72.916667,6.26829268,0.02439024,0.04651163,0.02325581,0.06976744,stats_player_week_2021.csv.gz
00-0035704,Drew Lock,QB,DEN,2021,15,REG,CIN,6,12,88,1,0,1,-9,0,0,4,1,-2,0,1,1,0,2.61164074,-4.93126354,13,1,1,102.083333,7.33333333,0,0.07692308,0.07692308,-0.15384615,stats_player_week_2021.csv.gz
00-0035993,Tyler Huntley,QB,BAL,2021,15,REG,GB,28,40,215,2,0,1,-4,0,0,12,13,73,2,0,0,7,3.84808739,9.50729521,41,0,0,99.479167,5.375,0,0.02439024,0,1.7804878,stats_player_week_2021.csv.gz
00-0036197,Jake Fromm,QB,NYG,2021,15,REG,DAL,6,12,82,0,0,1,-3,0,0,4,0,0,0,0,0,0,-0.62460309,0,13,0,0,72.222222,6.83333333,0,0.07692308,0,0,stats_player_week_2021.csv.gz
00-0036212,Tua Tagovailoa,QB,MIA,2021,15,REG,NYJ,16,27,196,2,2,1,0,0,0,10,7,19,0,1,0,0,-1.7591318,-1.6594177,28,1,0,75.540123,7.25925926,0.07407407,0.03571429,0.03571429,0.67857143,stats_player_week_2021.csv.gz
00-0036355,Justin Herbert,QB,LAC,2021,15,REG,KC,22,38,236,2,1,0,0,0,0,13,5,16,1,0,0,3,-3.72060342,2.80245245,38,0,0,82.785088,6.21052632,0.02631579,0,0,0.42105263,stats_player_week_2021.csv.gz
00-0036389,Jalen Hurts,QB,PHI,2021,15,REG,WAS,20,26,296,1,1,3,-15,1,1,12,8,38,2,1,0,4,6.01286763,0.82729229,29,2,1,110.416667,11.38461538,0.03846154,0.10344828,0.06896552,1.31034483,stats_player_week_2021.csv.gz
00-0036442,Joe Burrow,QB,CIN,2021,15,REG,DEN,15,22,157,1,0,3,-21,0,0,5,5,25,0,0,0,3,-5.72400637,3.23286212,25,0,0,103.787879,7.13636364,0,0.12,0,1,stats_player_week_2021.csv.gz
00-0036898,Davis Mills,QB,HOU,2021,15,REG,JAX,19,30,209,2,1,1,-3,0,0,8,1,2,0,0,0,1,3.50347043,0.56141103,31,0,0,92.222222,6.96666667,0.03333333,0.03225806,0,0.06451613,stats_player_week_2021.csv.gz
00-0036945,Justin Fields,QB,CHI,2021,15,REG,MIN,26,39,285,1,0,3,-30,1,0,13,7,35,0,1,1,3,-2.95171042,-0.92744433,42,2,1,96.634615,7.30769231,0,0.07142857,0.04761905,0.83333333,stats_player_week_2021.csv.gz
00-0036971,Trevor Lawrence,QB,JAX,2021,15,REG,HOU,22,38,210,0,0,3,-21,0,0,12,5,21,0,0,0,2,-5.29926231,0.04207921,41,0,0,73.355263,5.52631579,0,0.07317073,0,0.51219512,stats_player_week_2021.csv.gz
00-0036972,Mac Jones,QB,NE,2021,15,REG,IND,26,45,299,2,2,1,-15,0,0,15,1,12,0,0,0,1,-0.75692193,0.81906576,46,0,0,74.212963,6.64444444,0.04444444,0.02173913,0,0.26086957,stats_player_week_2021.csv.gz
00-0037013,Zach Wilson,QB,NYJ,2021,15,REG,MIA,13,23,170,0,0,6,-44,1,1,8,4,12,1,0,0,2,-11.63998819,1.22154955,29,1,1,79.981884,7.39130435,0,0.20689655,0.03448276,0.4137931,stats_player_week_2021.csv.gz
00-0019596,Tom Brady,QB,TB,2021,16,REG,CAR,18,30,232,1,0,0,0,0,0,12,1,11,0,0,0,1,10.02219163,1.37972659,30,0,0,95.416667,7.73333333,0,0,0,0.36666667,stats_player_week_2021.csv.gz
00-0022924,Ben Roethlisberger,QB,PIT,2021,16,REG,KC,23,35,159,1,1,2,-21,1,1,10,0,0,0,0,0,0,-10.63002582,0,37,1,1,73.392857,4.54285714,0.02857143,0.05405405,0.02702703,0,stats_player_week_2021.csv.gz
00-0023459,Aaron Rodgers,QB,GB,2021,16,REG,CLE,24,34,202,3,0,0,0,0,0,10,1,-1,0,0,0,0,5.71987515,-1.99770894,34,0,0,115.073529,5.94117647,0,0,0,-0.02941176,stats_player_week_2021.csv.gz
00-0026143,Matt Ryan,QB,ATL,2021,16,REG,DET,18,24,215,1,0,3,-8,0,0,10,4,5,0,0,0,2,8.47338604,-1.61932799,27,0,0,115.798611,8.95833333,0,0.11111111,0,0.18518519,stats_player_week_2021.csv.gz
00-0026197,Chad Henne,QB,KC,2021,16,REG,PIT,0,0,0,0,0,0,0,0,0,0,2,0,0,2,0,0,0,-2.11304996,0,2,0,,,,,,,stats_player_week_2021.csv.gz
00-0026300,Josh Johnson,QB,BAL,2021,16,REG,CIN,28,40,304,2,1,1,-9,0,0,19,5,10,0,2,0,0,14.30122282,-5.05141081,41,2,0,98.333333,7.6,0.025,0.02439024,0.04878049,0.24390244,stats_player_week_2021.csv.gz
00-0026498,Matthew Stafford,QB,LA,2021,16,REG,MIN,21,37,197,1,3,0,0,0,0,11,3,8,0,1,0,2,-9.77174132,1.40793852,37,1,0,46.790541,5.32432432,0.08108108,0,0.02702703,0.21621622,stats_player_week_2021.csv.gz
00-0027939,Cam Newton,QB,CAR,2021,16,REG,TB,7,13,61,0,1,3,-24,0,0,3,5,42,0,0,0,1,-9.71221407,0.30486282,16,0,0,34.455128,4.69230769,0.07692308,0.1875,0,2.625,stats_player_week_2021.csv.gz
00-0027948,Blaine Gabbert,QB,TB,2021,16,REG,CAR,0,1,0,0,0,0,0,0,0,0,0,0,0,0,0,0,-1.08044291,0,1,0,0,39.583333,0,0,0,0,0,stats_player_week_2021.csv.gz
00-0029263,Russell Wilson,QB,SEA,2021,16,REG,CHI,16,27,181,2,0,2,-20,0,0,9,2,13,0,0,0,1,1.83510386,0.10693506,29,0,0,104.089506,6.7037037,0,0.06896552,0,0.44827586,stats_player_week_2021.csv.gz
00-0029567,Nick Foles,QB,CHI,2021,16,REG,SEA,24,35,250,1,0,4,-21,1,0,14,4,8,0,0,0,1,5.53918238,-0.01544391,39,1,0,98.511905,7.14285714,0,0.1025641,0.02564103,0.20512821,stats_player_week_2021.csv.gz
00-0029604,Kirk Cousins,QB,MIN,2021,16,REG,LA,27,38,315,1,1,3,-20,2,0,14,4,17,0,1,0,0,2.08424379,-1.59243492,41,3,0,93.640351,8.28947368,0.02631579,0.07317073,0.07317073,0.41463415,stats_player_week_2021.csv.gz
00-0029701,Ryan Tannehill,QB,TEN,2021,16,REG,SF,22,29,209,1,0,4,-21,0,0,11,3,22,0,0,0,1,7.75670957,1.14297965,33,0,0,106.824713,7.20689655,0,0.12121212,0,0.66666667,stats_player_week_2021.csv.gz
00-0030520,Mike Glennon,QB,NYG,2021,16,REG,PHI,17,27,93,1,1,0,0,0,0,6,2,11,0,0,0,0,-4.85400537,-0.09965652,27,0,0,65.817901,3.44444444,0.03703704,0,0,0.40740741,stats_player_week_2021.csv.gz
00-0031280,Derek Carr,QB,LV,2021,16,REG,DEN,20,25,201,1,1,2,-19,1,1,11,7,5,0,0,0,2,-5.20797342,1.31323898,27,1,1,96.833333,8.04,0.04,0.07407407,0.03703704,0.18518519,stats_player_week_2021.csv.gz
00-0031345,Jimmy Garoppolo,QB,SF,2021,16,REG,TEN,26,35,322,1,2,2,-16,0,0,14,1,3,0,0,0,1,3.37379844,-0.1682432,37,0,0,88.035714,9.2,0.05714286,0.05405405,0,0.08108108,stats_player_week_2021.csv.gz
00-0031800,Taylor Heinicke,QB,WAS,2021,16,REG,DAL,7,22,121,1,2,4,-16,0,0,5,1,-1,0,0,0,0,-22.93075954,0,26,0,0,28.787879,5.5,0.09090909,0.15384615,0,-0.03846154,stats_player_week_2021.csv.gz
00-0032950,Carson Wentz,QB,IND,2021,16,REG,ARI,18,28,225,2,0,2,-5,0,0,11,2,4,0,0,0,1,8.96076779,-1.16002895,30,0,0,112.946429,8.03571429,0,0.06666667,0,0.13333333,stats_player_week_2021.csv.gz
00-0033077,Dak Prescott,QB,DAL,2021,16,REG,WAS,28,39,330,4,0,3,-11,0,0,18,4,21,0,1,0,2,18.80310145,1.06673685,42,1,0,131.356838,8.46153846,0,0.07142857,0.02380952,0.5,stats_player_week_2021.csv.gz
00-0033119,Jacoby Brissett,QB,MIA,2021,16,REG,NO,0,0,0,0,0,1,0,0,0,0,0,0,0,0,0,0,-1.7549947,0,1,0,0,,,,1,0,0,stats_player_week_2021.csv.gz
00-0033662,Cooper Rush,QB,DAL,2021,16,REG,WAS,2,3,70,1,0,0,0,0,0,2,2,0,0,0,0,0,6.13948033,-0.16730134,3,0,0,149.305556,23.33333333,0,0,0,0,stats_player_week_2021.csv.gz
00-0033873,Patrick Mahomes,QB,KC,2021,16,REG,PIT,23,30,258,3,0,2,-4,1,0,16,0,0,0,0,0,0,15.89298749,0,32,1,0,135.138889,8.6,0,0.0625,0.03125,0,stats_player_week_2021.csv.gz
00-0034177,Tim Boyle,QB,DET,2021,16,REG,ATL,24,34,187,1,1,0,0,0,0,11,0,0,0,0,0,0,0.9762948,0,34,0,0,81.372549,5.5,0.02941176,0,0,0,stats_player_week_2021.csv.gz
00-0034577,Kyle Allen,QB,WAS,2021,16,REG,DAL,8,10,67,1,0,1,0,0,0,4,0,0,0,0,0,0,4.92325187,0,11,0,0,127.916667,6.7,0,0.09090909,0,0,stats_player_week_2021.csv.gz
00-0034771,Mason Rudolph,QB,PIT,2021,16,REG,KC,5,8,35,0,0,0,0,0,0,3,1,17,0,0,0,1,-2.31404732,0.95747531,8,0,0,72.395833,4.375,0,0,0,2.125,stats_player_week_2021.csv.gz
00-0034855,Baker Mayfield,QB,CLE,2021,16,REG,GB,21,36,222,2,4,5,-33,0,0,15,2,11,0,0,0,1,-1.8507969,1.51640778,41,0,0,55.324074,6.16666667,0.11111111,0.12195122,0,0.26829268,stats_player_week_2021.csv.gz
00-0034857,Josh Allen,QB,BUF,2021,16,REG,NE,30,47,314,3,0,0,0,0,0,20,12,64,0,0,0,4,20.62603154,2.11782529,47,0,0,104.388298,6.68085106,0,0,0,1.36170213,stats_player_week_2021.csv.gz
00-0034869,Sam Darnold,QB,CAR,2021,16,REG,TB,15,32,190,0,0,4,-21,1,0,7,1,11,0,0,0,1,-11.50703465,0.73310126,36,1,0,65.885417,5.9375,0,0.11111111,0.02777778,0.30555556,stats_player_week_2021.csv.gz
00-0035228,Kyler Murray,QB,ARI,2021,16,REG,IND,27,43,245,1,0,0,0,0,0,12,4,74,0,0,0,2,-3.76740436,4.37993947,43,0,0,85.901163,5.69767442,0,0,0,1.72093023,stats_player_week_2021.csv.gz
00-0035704,Drew Lock,QB,DEN,2021,16,REG,LV,15,22,153,0,0,2,-13,0,0,4,2,10,0,0,0,1,-2.26685081,-0.08432476,24,0,0,87.878788,6.95454545,0,0.08333333,0,0.41666667,stats_player_week_2021.csv.gz
00-0036197,Jake Fromm,QB,NYG,2021,16,REG,PHI,6,17,25,0,1,2,-10,1,0,2,3,12,0,0,0,1,-15.2502328,0.09753596,19,1,0,19.485294,1.47058824,0.05882353,0.10526316,0.05263158,0.63157895,stats_player_week_2021.csv.gz
00-0036212,Tua Tagovailoa,QB,MIA,2021,16,REG,NO,19,26,198,1,1,2,-25,1,0,10,1,1,0,0,0,0,4.91348009,-1.48960008,28,1,0,91.50641,7.61538462,0.03846154,0.07142857,0.03571429,0.03571429,stats_player_week_2021.csv.gz
00-0036355,Justin Herbert,QB,LAC,2021,16,REG,HOU,27,35,336,1,2,1,-8,0,0,19,4,15,0,0,0,0,9.0694775,-0.19191074,36,0,0,92.083333,9.6,0.05714286,0.02777778,0,0.41666667,stats_player_week_2021.csv.gz
00-0036389,Jalen Hurts,QB,PHI,2021,16,REG,NYG,17,29,199,2,0,1,-5,1,0,9,2,7,0,0,0,0,1.30484908,0.99250945,30,1,0,102.514368,6.86206897,0,0.03333333,0.03333333,0.23333333,stats_player_week_2021.csv.gz
00-0036442,Joe Burrow,QB,CIN,2021,16,REG,BAL,37,46,525,4,0,3,-27,0,0,26,2,11,0,0,0,1,32.462339,-2.97033242,49,0,0,143.206522,11.41304348,0,0.06122449,0,0.2244898,stats_player_week_2021.csv.gz
00-0036898,Davis Mills,QB,HOU,2021,16,REG,LAC,21,27,254,2,0,1,-6,0,0,14,1,-1,0,0,0,0,16.02542243,-1.09715087,28,0,0,130.555556,9.40740741,0,0.03571429,0,-0.03571429,stats_player_week_2021.csv.gz
00-0036929,Ian Book,QB,NO,2021,16,REG,MIA,12,20,135,0,2,8,-54,0,0,5,3,6,0,0,0,1,-29.72980994,1.01957315,28,0,0,40.625,6.75,0.1,0.28571429,0,0.21428571,stats_player_week_2021.csv.gz
00-0036971,Trevor Lawrence,QB,JAX,2021,16,REG,NYJ,26,39,280,0,0,1,-28,1,1,16,6,37,0,1,0,2,2.9387837,2.48389323,40,2,1,87.553419,7.17948718,0,0.025,0.05,0.925,stats_player_week_2021.csv.gz
00-0036972,Mac Jones,QB,NE,2021,16,REG,BUF,14,32,145,0,2,1,-6,0,0,7,6,33,0,1,0,3,-3.09696323,1.57545793,33,1,0,31.380208,4.53125,0.0625,0.03030303,0.03030303,1,stats_player_week_2021.csv.gz
00-0037013,Zach Wilson,QB,NYJ,2021,16,REG,JAX,14,22,102,1,0,1,-2,0,0,7,4,91,1,0,0,3,-0.76091131,9.18379057,23,0,0,89.583333,4.63636364,0,0.04347826,0,3.95652174,stats_player_week_2021.csv.gz
00-0019596,Tom Brady,QB,TB,2021,17,REG,NYJ,34,50,410,3,1,1,-5,0,0,21,0,0,0,0,0,0,21.96752644,0,51,0,0,104.583333,8.2,0.02,0.01960784,0,0,stats_player_week_2021.csv.gz
00-0022924,Ben Roethlisberger,QB,PIT,2021,17,REG,CLE,24,46,123,1,1,2,-14,1,0,10,1,-1,0,0,0,0,-17.46313985,-1.44426558,48,1,0,56.25,2.67391304,0.02173913,0.04166667,0.02083333,-0.02083333,stats_player_week_2021.csv.gz
00-0023459,Aaron Rodgers,QB,GB,2021,17,REG,MIN,29,38,288,2,0,0,0,0,0,15,2,8,0,0,0,2,10.00866048,1.21157356,38,0,0,114.802632,7.57894737,0,0,0,0.21052632,stats_player_week_2021.csv.gz
00-0026143,Matt Ryan,QB,ATL,2021,17,REG,BUF,13,23,197,0,0,5,-28,1,1,9,2,7,0,0,0,0,-9.71194876,-3.16426941,28,1,1,84.873188,8.56521739,0,0.17857143,0.03571429,0.25,stats_player_week_2021.csv.gz
00-0026498,Matthew Stafford,QB,LA,2021,17,REG,BAL,26,35,309,2,2,1,-9,1,1,14,1,-1,0,0,0,0,6.0349957,0,36,1,1,96.011905,8.82857143,0.05714286,0.02777778,0.02777778,-0.02777778,stats_player_week_2021.csv.gz
00-0026625,Brian Hoyer,QB,NE,2021,17,REG,JAX,3,4,63,0,0,0,0,0,0,2,2,1,0,0,0,1,5.0754884,-1.44150995,4,0,0,116.666667,15.75,0,0,0,0.25,stats_player_week_2021.csv.gz
00-0027939,Cam Newton,QB,CAR,2021,17,REG,NO,0,0,0,0,0,0,0,0,0,0,1,5,0,0,0,0,0,0.04698949,0,0,0,,,,,,,stats_player_week_2021.csv.gz
00-0027973,Andy Dalton,QB,CHI,2021,17,REG,NYG,18,35,173,1,1,2,-11,0,0,10,3,14,0,0,0,0,-4.84885123,-0.22935486,37,0,0,63.154762,4.94285714,0.02857143,0.05405405,0,0.37837838,stats_player_week_2021.csv.gz
00-0029263,Russell Wilson,QB,SEA,2021,17,REG,DET,20,29,236,4,0,1,-4,0,0,13,6,24,0,0,0,3,15.2365462,-2.33063013,30,0,0,133.045977,8.13793103,0,0.03333333,0,0.8,stats_player_week_2021.csv.gz
00-0029701,Ryan Tannehill,QB,TEN,2021,17,REG,MIA,13,18,120,2,0,1,-10,0,0,7,4,7,0,1,0,2,1.50836457,1.53946254,19,1,0,127.083333,6.66666667,0,0.05263158,0.05263158,0.36842105,stats_player_week_2021.csv.gz
00-0030520,Mike Glennon,QB,NYG,2021,17,REG,CHI,4,11,24,0,2,4,-30,3,2,2,1,13,0,0,0,1,-35.56481964,1.10615155,15,3,2,5.30303,2.18181818,0.18181818,0.26666667,0.2,0.86666667,stats_player_week_2021.csv.gz
00-0031280,Derek Carr,QB,LV,2021,17,REG,IND,24,31,255,1,2,2,-14,0,0,13,0,0,0,0,0,0,5.65745003,0,33,0,0,84.744624,8.22580645,0.06451613,0.06060606,0,0,stats_player_week_2021.csv.gz
00-0031800,Taylor Heinicke,QB,WAS,2021,17,REG,PHI,27,36,247,0,1,3,-29,0,0,14,2,14,0,0,0,1,-4.65078784,0.60561317,39,0,0,81.597222,6.86111111,0.02777778,0.07692308,0,0.35897436,stats_player_week_2021.csv.gz
00-0032245,Sean Mannion,QB,MIN,2021,17,REG,GB,22,36,189,1,0,2,-15,0,0,8,2,14,0,0,0,2,-10.91159546,2.50176164,38,0,0,84.143519,5.25,0,0.05263158,0,0.36842105,stats_player_week_2021.csv.gz
00-0032268,Marcus Mariota,QB,LV,2021,17,REG,IND,0,1,0,0,0,0,0,0,0,0,3,16,0,1,0,2,-0.56126195,2.83698207,1,1,0,39.583333,0,0,0,1,16,stats_player_week_2021.csv.gz
00-0032434,Brandon Allen,QB,CIN,2021,17,REG,KC,0,1,0,0,0,0,0,0,0,0,1,0,0,0,0,0,-0.43665925,-2.3407807,1,0,0,39.583333,0,0,0,0,0,stats_player_week_2021.csv.gz
00-0032950,Carson Wentz,QB,IND,2021,17,REG,LV,16,27,148,1,0,1,-8,0,0,6,3,10,0,0,0,2,-5.40274001,2.60674543,28,0,0,86.651235,5.48148148,0,0.03571429,0,0.35714286,stats_player_week_2021.csv.gz
00-0033077,Dak Prescott,QB,DAL,2021,17,REG,ARI,24,38,226,3,0,1,-1,0,0,14,5,20,0,2,1,1,12.98728181,-4.32351788,39,2,1,105.811404,5.94736842,0,0.02564103,0.05128205,0.51282051,stats_player_week_2021.csv.gz
00-0033873,Patrick Mahomes,QB,KC,2021,17,REG,CIN,26,35,259,2,0,0,0,0,0,11,2,25,0,0,0,1,11.34278496,2.997554,35,0,0,113.869048,7.4,0,0,0,0.71428571,stats_player_week_2021.csv.gz
00-0034177,Tim Boyle,QB,DET,2021,17,REG,SEA,22,37,262,2,3,0,0,0,0,12,1,14,0,0,0,1,7.39715158,1.87784463,37,0,0,65.371622,7.08108108,0.08108108,0,0,0.37837838,stats_player_week_2021.csv.gz
00-0034855,Baker Mayfield,QB,CLE,2021,17,REG,PIT,16,38,185,2,2,9,-46,0,0,8,2,16,0,0,0,2,-15.74576943,1.64475976,47,0,0,53.070175,4.86842105,0.05263158,0.19148936,0,0.34042553,stats_player_week_2021.csv.gz
00-0034857,Josh Allen,QB,BUF,2021,17,REG,ATL,11,26,120,0,3,0,0,0,0,8,15,81,2,0,0,8,-6.79658867,10.74450219,26,0,0,16.987179,4.61538462,0.11538462,0,0,3.11538462,stats_player_week_2021.csv.gz
00-0034869,Sam Darnold,QB,CAR,2021,17,REG,NO,17,26,132,0,1,7,-42,1,1,8,2,7,0,0,0,1,-16.21966668,0.12953968,33,1,1,61.698718,5.07692308,0.03846154,0.21212121,0.03030303,0.21212121,stats_player_week_2021.csv.gz
00-0034955,Brett Rypien,QB,DEN,2021,17,REG,LAC,0,2,0,0,0,0,0,0,0,0,0,0,0,0,0,0,-2.05911779,0,2,0,0,39.583333,0,0,0,0,0,stats_player_week_2021.csv.gz
00-0035228,Kyler Murray,QB,ARI,2021,17,REG,DAL,26,38,263,2,0,1,-14,0,0,11,9,44,0,0,0,4,9.42146457,-1.10181729,39,0,0,105.482456,6.92105263,0,0.02564103,0,1.12820513,stats_player_week_2021.csv.gz
00-0035704,Drew Lock,QB,DEN,2021,17,REG,LAC,18,25,245,1,0,1,-10,0,0,11,3,10,0,0,0,1,2.24418323,-0.53808202,26,0,0,116.25,9.8,0,0.03846154,0,0.38461538,stats_player_week_2021.csv.gz
00-0035993,Tyler Huntley,QB,BAL,2021,17,REG,LA,20,32,197,0,1,5,-35,0,0,9,6,54,0,0,0,4,-3.93689492,4.78177597,37,0,0,66.796875,6.15625,0.03125,0.13513514,0,1.45945946,stats_player_week_2021.csv.gz
00-0036212,Tua Tagovailoa,QB,MIA,2021,17,REG,TEN,18,38,205,0,1,4,-23,2,1,11,2,1,0,1,0,0,-15.09340105,-3.31306537,42,3,1,53.070175,5.39473684,0.02631579,0.0952381,0.07142857,0.02380952,stats_player_week_2021.csv.gz
00-0036264,Jordan Love,QB,GB,2021,17,REG,MIN,2,4,19,0,0,0,0,0,0,2,2,9,0,0,0,1,-0.1468964,1.58561764,4,0,0,63.541667,4.75,0,0,0,2.25,stats_player_week_2021.csv.gz
00-0036355,Justin Herbert,QB,LAC,2021,17,REG,DEN,22,31,237,2,0,0,0,0,0,13,4,2,0,0,0,2,14.8815509,-2.26344942,31,0,0,114.583333,7.64516129,0,0,0,0.06451613,stats_player_week_2021.csv.gz
00-0036389,Jalen Hurts,QB,PHI,2021,17,REG,WAS,17,26,214,0,0,1,-2,0,0,9,7,44,0,0,0,2,7.54944144,4.82803802,27,0,0,90.865385,8.23076923,0,0.03703704,0,1.62962963,stats_player_week_2021.csv.gz
00-0036442,Joe Burrow,QB,CIN,2021,17,REG,KC,30,39,446,4,0,4,-31,0,0,12,5,10,0,0,0,1,23.90923191,-1.88714004,43,0,0,148.023504,11.43589744,0,0.09302326,0,0.23255814,stats_player_week_2021.csv.gz
00-0036898,Davis Mills,QB,HOU,2021,17,REG,SF,21,32,163,1,1,3,-27,1,0,6,1,4,0,0,0,0,-16.03667815,-0.18672422,35,1,0,75.390625,5.09375,0.03125,0.08571429,0.02857143,0.11428571,stats_player_week_2021.csv.gz
00-0036946,Kellen Mond,QB,MIN,2021,17,REG,GB,2,3,5,0,0,0,0,0,0,0,0,0,0,0,0,0,-1.75755254,0,3,0,0,70.138889,1.66666667,0,0,0,0,stats_player_week_2021.csv.gz
00-0036971,Trevor Lawrence,QB,JAX,2021,17,REG,NE,17,27,193,1,3,2,-20,0,0,8,2,16,0,0,0,1,-12.07515657,1.667167,29,0,0,57.098765,7.14814815,0.11111111,0.06896552,0,0.55172414,stats_player_week_2021.csv.gz
00-0036972,Mac Jones,QB,NE,2021,17,REG,JAX,22,30,227,3,0,0,0,0,0,13,2,12,0,0,0,2,17.21168744,0.72562648,30,0,0,128.055556,7.56666667,0,0,0,0.4,stats_player_week_2021.csv.gz
00-0037012,Trey Lance,QB,SF,2021,17,REG,HOU,16,23,249,2,1,1,-8,0,0,10,8,31,0,0,0,1,8.45800033,-1.95925074,24,0,0,116.032609,10.82608696,0.04347826,0.04166667,0,1.29166667,stats_player_week_2021.csv.gz
00-0037013,Zach Wilson,QB,NYJ,2021,17,REG,TB,19,33,234,1,0,1,-10,0,0,14,2,0,0,0,0,0,8.40235671,-3.43152418,34,0,0,89.709596,7.09090909,0,0.02941176,0,0,stats_player_week_2021.csv.gz
00-0019596,Tom Brady,QB,TB,2021,18,REG,CAR,29,37,326,3,0,1,-2,0,0,15,0,0,0,0,0,0,17.84172734,0,38,0,0,130.405405,8.81081081,0,0.02631579,0,0,stats_player_week_2021.csv.gz
00-0022924,Ben Roethlisberger,QB,PIT,2021,18,REG,BAL,30,44,244,1,1,1,-9,0,0,14,3,-4,0,0,0,0,2.88527785,-1.24292959,45,0,0,80.113636,5.54545455,0.02272727,0.02222222,0,-0.08888889,stats_player_week_2021.csv.gz
00-0023459,Aaron Rodgers,QB,GB,2021,18,REG,DET,14,18,138,2,0,3,-8,0,0,9,1,7,0,0,0,0,3.72359395,0.37481582,21,0,0,135.648148,7.66666667,0,0.14285714,0,0.33333333,stats_player_week_2021.csv.gz
00-0026143,Matt Ryan,QB,ATL,2021,18,REG,NO,20,33,216,1,1,3,-21,1,0,9,1,2,0,0,0,0,-4.42985377,-0.46834478,36,1,0,77.335859,6.54545455,0.03030303,0.08333333,0.02777778,0.05555556,stats_player_week_2021.csv.gz
00-0026498,Matthew Stafford,QB,LA,2021,18,REG,SF,21,32,238,3,2,5,-37,0,0,12,0,0,0,0,0,0,12.57333645,0,37,0,0,92.96875,7.4375,0.0625,0.13513514,0,0,stats_player_week_2021.csv.gz
00-0027948,Blaine Gabbert,QB,TB,2021,18,REG,CAR,0,2,0,0,0,0,0,0,0,0,1,-1,0,0,0,0,-2.16945957,-2.72327843,2,0,0,39.583333,0,0,0,0,-0.5,stats_player_week_2021.csv.gz
00-0027973,Andy Dalton,QB,CHI,2021,18,REG,MIN,33,48,325,1,2,7,-59,0,0,17,1,7,0,0,0,0,-21.10012535,0.61919026,55,0,0,77.170139,6.77083333,0.04166667,0.12727273,0,0.12727273,stats_player_week_2021.csv.gz
00-0028986,Case Keenum,QB,CLE,2021,18,REG,CIN,17,24,176,2,1,1,-5,1,1,8,5,15,0,0,0,3,-4.78115775,1.00784428,25,1,1,102.083333,7.33333333,0.04166667,0.04,0.04,0.6,stats_player_week_2021.csv.gz
00-0029263,Russell Wilson,QB,SEA,2021,18,REG,ARI,15,26,238,3,1,1,-9,1,1,10,4,5,1,0,0,2,2.62513557,-0.35434035,27,1,1,110.737179,9.15384615,0.03846154,0.03703704,0.03703704,0.18518519,stats_player_week_2021.csv.gz
00-0029604,Kirk Cousins,QB,MIN,2021,18,REG,CHI,14,22,250,3,0,3,-23,1,0,8,1,-1,0,0,0,0,8.12157513,-3.61564772,25,1,0,142.045455,11.36363636,0,0.12,0.04,-0.04,stats_player_week_2021.csv.gz
00-0029701,Ryan Tannehill,QB,TEN,2021,18,REG,HOU,23,32,287,4,0,1,-6,0,0,16,2,-2,0,0,0,0,18.73554542,-1.83065829,33,0,0,138.932292,8.96875,0,0.03030303,0,-0.06060606,stats_player_week_2021.csv.gz
00-0031280,Derek Carr,QB,LV,2021,18,REG,LAC,20,36,186,2,0,3,-18,1,0,10,1,-1,0,0,0,0,-5.2086777,0,39,1,0,88.425926,5.16666667,0,0.07692308,0.02564103,-0.02564103,stats_player_week_2021.csv.gz
00-0031345,Jimmy Garoppolo,QB,SF,2021,18,REG,LA,23,32,316,1,2,3,-26,1,0,14,1,1,0,0,0,1,3.69302979,0.62508127,35,1,0,87.5,9.875,0.0625,0.08571429,0.02857143,0.02857143,stats_player_week_2021.csv.gz
00-0031800,Taylor Heinicke,QB,WAS,2021,18,REG,NYG,9,18,120,0,0,3,-21,0,0,4,2,3,0,1,0,1,-8.29740807,-0.27288895,21,1,0,71.527778,6.66666667,0,0.14285714,0.04761905,0.14285714,stats_player_week_2021.csv.gz
00-0032156,Trevor Siemian,QB,NO,2021,18,REG,ATL,9,15,71,2,0,1,-4,1,0,4,2,-1,0,0,0,0,3.80342359,-3.27418865,16,1,0,111.388889,4.73333333,0,0.0625,0.0625,-0.0625,stats_player_week_2021.csv.gz
00-0032268,Marcus Mariota,QB,LV,2021,18,REG,LAC,1,1,4,0,0,0,0,0,0,0,4,23,0,0,0,1,-0.15916647,-0.0089924,1,0,0,83.333333,4,0,0,0,23,stats_player_week_2021.csv.gz
00-0032434,Brandon Allen,QB,CIN,2021,18,REG,CLE,15,29,136,1,0,4,-33,1,0,4,1,3,0,0,0,1,-11.26088958,0.41661672,33,1,0,76.221264,4.68965517,0,0.12121212,0.03030303,0.09090909,stats_player_week_2021.csv.gz
00-0032950,Carson Wentz,QB,IND,2021,18,REG,JAX,17,29,185,1,1,6,-46,1,1,8,3,17,0,0,0,1,-10.9028386,-0.37781017,35,1,1,74.640805,6.37931034,0.03448276,0.17142857,0.02857143,0.48571429,stats_player_week_2021.csv.gz
00-0033077,Dak Prescott,QB,DAL,2021,18,REG,PHI,21,27,295,5,0,1,-1,0,0,13,0,0,0,0,0,0,25.24415017,0,28,0,0,151.774691,10.92592593,0,0.03571429,0,0,stats_player_week_2021.csv.gz
00-0033106,Jared Goff,QB,DET,2021,18,REG,GB,21,30,238,2,0,1,-8,0,0,11,0,0,0,0,0,0,10.66966269,0,31,0,0,115.694444,7.93333333,0,0.03225806,0,0,stats_player_week_2021.csv.gz
00-0033662,Cooper Rush,QB,DAL,2021,18,REG,PHI,1,1,10,0,0,0,0,0,0,0,3,-4,0,0,0,0,0.7347194,0,1,0,0,108.333333,10,0,0,0,-4,stats_player_week_2021.csv.gz
00-0033869,Mitchell Trubisky,QB,BUF,2021,18,REG,NYJ,1,1,15,0,0,0,0,0,0,1,3,-3,0,0,0,0,1.36905521,-2.52648616,1,0,0,118.75,15,0,0,0,-3,stats_player_week_2021.csv.gz
00-0033873,Patrick Mahomes,QB,KC,2021,18,REG,DEN,27,44,270,2,0,1,-15,0,0,19,9,54,0,0,0,3,12.13285448,-0.89434059,45,0,0,93.939394,6.13636364,0,0.02222222,0,1.2,stats_player_week_2021.csv.gz
00-0034177,Tim Boyle,QB,DET,2021,18,REG,GB,0,0,0,0,0,0,0,0,0,0,1,-1,0,0,0,0,0,0,0,0,0,,,,,,,stats_player_week_2021.csv.gz
00-0034857,Josh Allen,QB,BUF,2021,18,REG,NYJ,24,45,239,2,0,0,0,0,0,14,5,63,0,0,0,3,-1.69349968,5.81435042,45,0,0,83.472222,5.31111111,0,0,0,1.4,stats_player_week_2021.csv.gz
00-0034869,Sam Darnold,QB,CAR,2021,18,REG,TB,29,42,219,2,1,2,-12,0,0,10,8,19,0,1,1,0,-5.45924066,-9.66749713,44,1,1,87.301587,5.21428571,0.02380952,0.04545455,0.02272727,0.43181818,stats_player_week_2021.csv.gz
00-0035228,Kyler Murray,QB,ARI,2021,18,REG,SEA,28,39,240,1,0,5,-53,0,0,10,5,35,0,0,0,1,-3.55602683,0.88250515,44,0,0,96.100427,6.15384615,0,0.11363636,0,0.79545455,stats_player_week_2021.csv.gz
00-0035289,Gardner Minshew,QB,PHI,2021,18,REG,DAL,19,33,186,2,1,3,-22,0,0,11,5,10,0,0,0,1,2.35362204,-0.59174682,36,0,0,81.123737,5.63636364,0.03030303,0.08333333,0,0.27777778,stats_player_week_2021.csv.gz
00-0035704,Drew Lock,QB,DEN,2021,18,REG,KC,12,24,162,0,0,1,-5,0,0,8,4,35,2,0,0,3,2.82074664,5.69201597,25,0,0,71.875,6.75,0,0.04,0,1.4,stats_player_week_2021.csv.gz
00-0035993,Tyler Huntley,QB,BAL,2021,18,REG,PIT,16,31,141,0,2,3,-9,0,0,5,12,72,0,1,1,6,-14.6947271,-2.56396199,34,1,1,37.163978,4.5483871,0.06451613,0.08823529,0.02941176,2.11764706,stats_player_week_2021.csv.gz
00-0036197,Jake Fromm,QB,NYG,2021,18,REG,WAS,15,31,103,1,2,3,-20,1,1,4,5,53,0,0,0,3,-19.28174487,4.50238116,34,1,1,40.120968,3.32258065,0.06451613,0.08823529,0.02941176,1.55882353,stats_player_week_2021.csv.gz
00-0036212,Tua Tagovailoa,QB,MIA,2021,18,REG,NE,15,22,109,1,0,1,-6,0,0,7,5,38,0,0,0,5,-2.75334947,3.42436701,23,0,0,94.69697,4.95454545,0,0.04347826,0,1.65217391,stats_player_week_2021.csv.gz
00-0036264,Jordan Love,QB,GB,2021,18,REG,DET,10,17,134,1,2,1,-8,1,0,6,1,-1,0,0,0,0,-4.21621162,1.053,18,1,0,63.970588,7.88235294,0.11764706,0.05555556,0.05555556,-0.05555556,stats_player_week_2021.csv.gz
00-0036355,Justin Herbert,QB,LAC,2021,18,REG,LV,34,64,383,3,1,3,-28,0,0,20,2,1,0,0,0,0,15.89109954,-0.94712425,67,0,0,80.403646,5.984375,0.015625,0.04477612,0,0.01492537,stats_player_week_2021.csv.gz
00-0036898,Davis Mills,QB,HOU,2021,18,REG,TEN,23,33,301,3,0,2,-12,0,0,11,4,12,0,0,0,0,10.66909436,-1.39802778,35,0,0,128.472222,9.12121212,0,0.05714286,0,0.34285714,stats_player_week_2021.csv.gz
00-0036971,Trevor Lawrence,QB,JAX,2021,18,REG,IND,23,32,223,2,0,1,-6,0,0,11,10,17,0,0,0,3,8.11245211,-0.52116681,33,0,0,111.848958,6.96875,0,0.03030303,0,0.51515152,stats_player_week_2021.csv.gz
00-0036972,Mac Jones,QB,NE,2021,18,REG,MIA,20,30,261,1,1,2,-16,0,0,8,3,4,0,1,1,1,1.48003376,-6.05349283,32,1,1,91.111111,8.7,0.03333333,0.0625,0.03125,0.125,stats_player_week_2021.csv.gz
00-0037013,Zach Wilson,QB,NYJ,2021,18,REG,BUF,7,20,87,1,0,8,-79,1,0,3,2,24,0,0,0,0,-16.87274702,0.60196568,28,1,0,66.041667,4.35,0,0.28571429,0.03571429,0.85714286,stats_player_week_2021.csv.gz
00-0019596,Tom Brady,QB,TB,2022,1,REG,DAL,18,27,212,1,1,2,-17,0,0,9,2,-1,0,0,0,0,1.05085355,-1.43716751,29,0,0,87.268519,7.85185185,0.03703704,0.06896552,0,-0.03448276,stats_player_week_2022.csv.gz
00-0023459,Aaron Rodgers,QB,GB,2022,1,REG,MIN,22,34,195,0,1,4,-33,1,1,9,1,-1,0,0,0,0,-11.62754464,0,38,1,1,67.647059,5.73529412,0.02941176,0.10526316,0.02631579,-0.02631579,stats_player_week_2022.csv.gz
00-0026143,Matt Ryan,QB,IND,2022,1,REG,HOU,32,50,352,1,1,2,-12,1,0,20,4,12,0,2,1,2,3.00478438,-4.41795103,52,3,1,83.083333,7.04,0.02,0.03846154,0.05769231,0.23076923,stats_player_week_2022.csv.gz
00-0026158,Joe Flacco,QB,NYJ,2022,1,REG,BAL,37,59,309,1,1,3,-12,0,0,18,1,0,0,0,0,0,-7.11291639,-1.23062673,62,0,0,74.752825,5.23728814,0.01694915,0.0483871,0,0,stats_player_week_2022.csv.gz
00-0026197,Chad Henne,QB,KC,2022,1,REG,ARI,0,0,0,0,0,0,0,0,0,0,0,0,0,0,0,0,0,0,0,0,0,,,,,,,stats_player_week_2022.csv.gz
00-0026498,Matthew Stafford,QB,LA,2022,1,REG,BUF,29,41,240,1,3,7,-49,1,0,14,1,2,0,0,0,1,-16.74545283,0.15880791,48,1,0,63.058943,5.85365854,0.07317073,0.14583333,0.02083333,0.04166667,stats_player_week_2022.csv.gz
00-0029263,Russell Wilson,QB,DEN,2022,1,REG,SEA,29,42,340,1,0,2,-10,0,0,13,1,2,0,0,0,0,15.1618857,-0.43221655,44,0,0,101.289683,8.0952381,0,0.04545455,0,0.04545455,stats_player_week_2022.csv.gz
00-0029604,Kirk Cousins,QB,MIN,2022,1,REG,GB,23,32,277,2,0,1,-8,0,0,12,0,0,0,0,0,0,9.27219856,0,33,0,0,118.880208,8.65625,0,0.03030303,0,0,stats_player_week_2022.csv.gz
00-0029701,Ryan Tannehill,QB,TEN,2022,1,REG,NYG,20,33,266,2,0,1,0,0,0,13,2,7,0,0,0,1,7.81907605,1.43725097,34,0,0,106.376263,8.06060606,0,0.02941176,0,0.20588235,stats_player_week_2022.csv.gz
00-0030565,Geno Smith,QB,SEA,2022,1,REG,DEN,23,28,195,2,0,2,-18,1,0,9,6,14,0,0,0,1,8.27417397,-2.87951385,30,1,0,119.494048,6.96428571,0,0.06666667,0.03333333,0.46666667,stats_player_week_2022.csv.gz
00-0031280,Derek Carr,QB,LV,2022,1,REG,LAC,22,37,295,2,3,5,-29,2,0,17,0,0,0,0,0,0,-5.49295887,0,42,2,0,69.087838,7.97297297,0.08108108,0.11904762,0.04761905,0,stats_player_week_2022.csv.gz
00-0031503,Jameis Winston,QB,NO,2022,1,REG,ATL,23,34,269,2,0,4,-35,0,0,12,2,9,0,0,0,0,2.28877284,-0.97752956,38,0,0,111.029412,7.91176471,0,0.10526316,0,0.23684211,stats_player_week_2022.csv.gz
00-0032268,Marcus Mariota,QB,ATL,2022,1,REG,NO,20,33,215,0,0,0,0,0,0,8,12,72,1,2,1,3,5.02130333,-1.74504734,33,2,1,79.734848,6.51515152,0,0,0.06060606,2.18181818,stats_player_week_2022.csv.gz
00-0032436,Jeff Driskel,QB,HOU,2022,1,REG,IND,0,0,0,0,0,0,0,0,0,0,1,5,0,0,0,1,0,1.0369469,0,0,0,,,,,,,stats_player_week_2022.csv.gz
00-0032950,Carson Wentz,QB,WAS,2022,1,REG,JAX,27,41,313,4,2,1,-8,0,0,16,6,12,0,0,0,0,8.64984822,0.31438824,42,0,0,100.965447,7.63414634,0.04878049,0.02380952,0,0.28571429,stats_player_week_2022.csv.gz
00-0033077,Dak Prescott,QB,DAL,2022,1,REG,TB,14,29,134,0,1,2,-13,0,0,6,2,11,0,0,0,1,-12.48292489,1.28272136,31,0,0,47.198276,4.62068966,0.03448276,0.06451613,0,0.35483871,stats_player_week_2022.csv.gz
00-0033106,Jared Goff,QB,DET,2022,1,REG,PHI,21,37,215,2,1,1,-10,1,0,12,2,9,0,0,0,1,-2.11207604,1.54892839,38,1,0,80.349099,5.81081081,0.02702703,0.02631579,0.02631579,0.23684211,stats_player_week_2022.csv.gz
00-0033119,Jacoby Brissett,QB,CLE,2022,1,REG,CAR,18,34,147,1,0,1,-9,0,0,7,4,10,0,0,0,1,-7.34691729,1.60133951,35,0,0,74.019608,4.32352941,0,0.02857143,0,0.28571429,stats_player_week_2022.csv.gz
00-0033662,Cooper Rush,QB,DAL,2022,1,REG,TB,7,13,64,0,0,2,-12,0,0,2,0,0,0,0,0,0,-7.56040465,0,15,0,0,67.467949,4.92307692,0,0.13333333,0,0,stats_player_week_2022.csv.gz
00-0033869,Mitchell Trubisky,QB,PIT,2022,1,REG,CIN,21,38,194,1,0,1,-2,0,0,8,3,9,0,0,0,1,-5.62461298,1.22918967,39,0,0,78.179825,5.10526316,0,0.02564103,0,0.23076923,stats_player_week_2022.csv.gz
00-0033873,Patrick Mahomes,QB,KC,2022,1,REG,ARI,30,39,360,5,0,0,0,0,0,22,3,5,0,1,0,1,33.18852514,-0.84983989,39,1,0,144.230769,9.23076923,0,0,0.02564103,0.12820513,stats_player_week_2022.csv.gz
00-0034796,Lamar Jackson,QB,BAL,2022,1,REG,NYJ,17,30,213,3,1,2,-2,0,0,8,6,17,0,0,0,2,4.2396524,0.25962441,32,0,0,98.333333,7.1,0.03333333,0.0625,0,0.53125,stats_player_week_2022.csv.gz
00-0034855,Baker Mayfield,QB,CAR,2022,1,REG,CLE,16,27,235,1,1,4,-28,1,0,7,5,6,1,2,0,2,-1.61862191,2.30085763,31,3,0,84.645062,8.7037037,0.03703704,0.12903226,0.09677419,0.19354839,stats_player_week_2022.csv.gz
00-0034857,Josh Allen,QB,BUF,2022,1,REG,LA,26,31,297,3,2,2,-5,0,0,15,10,56,1,0,0,4,13.64645761,5.86753079,33,0,0,111.962366,9.58064516,0.06451613,0.06060606,0,1.6969697,stats_player_week_2022.csv.gz
00-0035146,Trace McSorley,QB,ARI,2022,1,REG,KC,2,4,12,0,0,1,-8,0,0,1,3,20,0,0,0,1,-1.50987532,0.74503617,5,0,0,56.25,3,0,0.2,0,4,stats_player_week_2022.csv.gz
00-0035228,Kyler Murray,QB,ARI,2022,1,REG,KC,22,34,193,2,0,2,-18,0,0,11,5,29,0,0,0,1,0.35166082,0.52365837,36,0,0,99.264706,5.67647059,0,0.05555556,0,0.80555556,stats_player_week_2022.csv.gz
00-0035710,Daniel Jones,QB,NYG,2022,1,REG,TEN,17,21,188,2,1,5,-32,1,1,7,6,25,0,0,0,2,-6.83176793,-0.32528685,26,1,1,115.873016,8.95238095,0.04761905,0.19230769,0.03846154,0.96153846,stats_player_week_2022.csv.gz
00-0036212,Tua Tagovailoa,QB,MIA,2022,1,REG,NE,23,33,270,1,0,3,-28,1,0,13,2,0,0,0,0,0,5.85633123,-4.34027224,36,1,0,104.356061,8.18181818,0,0.08333333,0.02777778,0,stats_player_week_2022.csv.gz
00-0036264,Jordan Love,QB,GB,2022,1,REG,MIN,4,5,65,0,0,0,0,0,0,4,0,0,0,0,0,0,-0.30960213,0,5,0,0,118.75,13,0,0,0,0,stats_player_week_2022.csv.gz
00-0036355,Justin Herbert,QB,LAC,2022,1,REG,LV,26,34,279,3,0,0,0,0,0,12,4,1,0,0,0,0,14.94356692,-4.44939951,34,0,0,129.411765,8.20588235,0,0,0,0.02941176,stats_player_week_2022.csv.gz
00-0036389,Jalen Hurts,QB,PHI,2022,1,REG,DET,18,32,243,0,0,1,-4,0,0,12,17,90,1,0,0,6,3.58032453,9.8776551,33,0,0,80.598958,7.59375,0,0.03030303,0,2.72727273,stats_player_week_2022.csv.gz
00-0036442,Joe Burrow,QB,CIN,2022,1,REG,PIT,33,53,338,2,4,7,-39,2,1,22,6,47,0,0,0,3,-16.12569245,1.62904719,60,2,1,61.674528,6.37735849,0.0754717,0.11666667,0.03333333,0.78333333,stats_player_week_2022.csv.gz
00-0036898,Davis Mills,QB,HOU,2022,1,REG,IND,23,37,240,2,0,3,-18,1,1,12,2,-1,0,0,0,0,-6.4648379,-0.30294267,40,1,1,98.93018,6.48648649,0,0.075,0.025,-0.025,stats_player_week_2022.csv.gz
00-0036945,Justin Fields,QB,CHI,2022,1,REG,SF,8,17,121,2,1,2,-16,0,0,4,11,28,0,0,0,3,-1.69568546,2.58986058,19,0,0,85.661765,7.11764706,0.05882353,0.10526316,0,1.47368421,stats_player_week_2022.csv.gz
00-0036971,Trevor Lawrence,QB,JAX,2022,1,REG,WAS,24,42,275,1,1,2,-15,0,0,13,2,4,0,0,0,0,-0.8246543,-0.31638915,44,0,0,75,6.54761905,0.02380952,0.04545455,0,0.09090909,stats_player_week_2022.csv.gz
00-0036972,Mac Jones,QB,NE,2022,1,REG,MIA,21,30,213,1,1,2,-20,1,1,10,2,0,0,0,0,0,-4.49352062,-0.93216352,32,1,1,87.222222,7.1,0.03333333,0.0625,0.03125,0,stats_player_week_2022.csv.gz
00-0037012,Trey Lance,QB,SF,2022,1,REG,CHI,13,28,164,0,1,2,-9,0,0,5,13,54,0,1,0,6,-9.12234196,3.83034433,30,1,0,50.297619,5.85714286,0.03571429,0.06666667,0.03333333,1.8,stats_player_week_2022.csv.gz
00-0019596,Tom Brady,QB,TB,2022,2,REG,NO,18,34,190,1,0,1,-2,0,0,8,3,-2,0,1,1,0,2.42870698,-7.11540678,35,1,1,79.289216,5.58823529,0,0.02857143,0.02857143,-0.05714286,stats_player_week_2022.csv.gz
00-0023459,Aaron Rodgers,QB,GB,2022,2,REG,CHI,19,25,234,2,0,3,-23,0,0,10,5,10,0,1,1,1,11.53207095,-7.8255223,28,1,1,131.083333,9.36,0,0.10714286,0.03571429,0.35714286,stats_player_week_2022.csv.gz
00-0026143,Matt Ryan,QB,IND,2022,2,REG,JAX,16,30,195,0,3,5,-31,1,0,6,0,0,0,0,0,0,-20.34919357,0,35,1,0,34.027778,6.5,0.1,0.14285714,0.02857143,0,stats_player_week_2022.csv.gz
00-0026158,Joe Flacco,QB,NYJ,2022,2,REG,CLE,26,44,307,4,0,2,-15,1,1,15,2,6,0,0,0,1,12.34418096,1.09370566,46,1,1,110.700758,6.97727273,0,0.04347826,0.02173913,0.13043478,stats_player_week_2022.csv.gz
00-0026498,Matthew Stafford,QB,LA,2022,2,REG,ATL,27,36,272,3,2,1,0,0,0,16,0,0,0,0,0,0,6.49020743,0,37,0,0,100.694444,7.55555556,0.05555556,0.02702703,0,0,stats_player_week_2022.csv.gz
00-0028986,Case Keenum,QB,BUF,2022,2,REG,TEN,0,2,0,0,0,0,0,0,0,0,3,2,0,0,0,0,-1.89314064,-5.39154764,2,0,0,39.583333,0,0,0,0,1,stats_player_week_2022.csv.gz
00-0029263,Russell Wilson,QB,DEN,2022,2,REG,HOU,14,31,219,1,1,3,-18,0,0,11,2,3,0,0,0,0,0.30989936,-2.22258976,34,0,0,66.465054,7.06451613,0.03225806,0.08823529,0,0.08823529,stats_player_week_2022.csv.gz
00-0029604,Kirk Cousins,QB,MIN,2022,2,REG,PHI,27,46,221,1,3,2,-19,1,0,16,2,20,0,0,0,1,-14.01214217,1.37401666,48,1,0,51.086957,4.80434783,0.06521739,0.04166667,0.02083333,0.41666667,stats_player_week_2022.csv.gz
00-0029701,Ryan Tannehill,QB,TEN,2022,2,REG,BUF,11,20,117,0,2,2,-16,0,0,6,1,2,0,0,0,1,-11.53609452,0.48861601,22,0,0,32.708333,5.85,0.1,0.09090909,0,0.09090909,stats_player_week_2022.csv.gz
00-0030565,Geno Smith,QB,SEA,2022,2,REG,SF,24,30,197,0,1,2,-17,0,0,10,2,2,0,0,0,0,-7.91788778,-1.95352804,32,0,0,80.138889,6.56666667,0.03333333,0.0625,0,0.0625,stats_player_week_2022.csv.gz
00-0031280,Derek Carr,QB,LV,2022,2,REG,ARI,25,39,252,2,0,1,-8,0,0,14,1,9,0,0,0,0,4.55940554,-0.11170209,40,0,0,99.519231,6.46153846,0,0.025,0,0.225,stats_player_week_2022.csv.gz
00-0031345,Jimmy Garoppolo,QB,SF,2022,2,REG,SEA,13,21,154,1,0,1,0,0,0,7,4,5,1,0,0,2,2.21442435,1.62695529,22,0,0,100.099206,7.33333333,0,0.04545455,0,0.22727273,stats_player_week_2022.csv.gz
00-0031503,Jameis Winston,QB,NO,2022,2,REG,TB,25,40,236,1,3,6,-28,1,0,9,1,2,0,0,0,0,-16.17383506,-0.46809827,46,1,0,55.833333,5.9,0.075,0.13043478,0.02173913,0.04347826,stats_player_week_2022.csv.gz
00-0032268,Marcus Mariota,QB,ATL,2022,2,REG,LA,17,26,196,2,2,3,-25,1,1,11,6,16,0,0,0,1,-1.66718945,-1.08552808,29,1,1,81.570513,7.53846154,0.07692308,0.10344828,0.03448276,0.55172414,stats_player_week_2022.csv.gz
00-0032436,Jeff Driskel,QB,HOU,2022,2,REG,DEN,0,0,0,0,0,0,0,0,0,0,1,10,0,0,0,1,0,1.28756827,0,0,0,,,,,,,stats_player_week_2022.csv.gz
00-0032950,Carson Wentz,QB,WAS,2022,2,REG,DET,30,46,337,3,1,5,-29,1,0,15,2,23,0,0,0,2,2.4470758,2.77092208,51,1,0,99.637681,7.32608696,0.02173913,0.09803922,0.01960784,0.45098039,stats_player_week_2022.csv.gz
00-0033106,Jared Goff,QB,DET,2022,2,REG,WAS,20,34,256,4,0,3,-22,0,0,12,2,-2,0,0,0,0,1.22053312,-2.09799098,37,0,0,121.691176,7.52941176,0,0.08108108,0,-0.05405405,stats_player_week_2022.csv.gz
00-0033119,Jacoby Brissett,QB,CLE,2022,2,REG,NYJ,22,27,229,1,1,1,-8,0,0,15,6,43,0,0,0,3,13.85183965,1.90088855,28,0,0,98.919753,8.48148148,0.03703704,0.03571429,0,1.53571429,stats_player_week_2022.csv.gz
00-0033662,Cooper Rush,QB,DAL,2022,2,REG,CIN,19,31,235,1,0,1,-5,0,0,11,1,2,0,0,0,0,8.25257628,-0.44522446,32,0,0,95.497312,7.58064516,0,0.03125,0,0.0625,stats_player_week_2022.csv.gz
00-0033869,Mitchell Trubisky,QB,PIT,2022,2,REG,NE,21,33,168,1,1,3,-16,0,0,11,1,7,0,0,0,0,-4.77456093,0.1987591,36,0,0,73.800505,5.09090909,0.03030303,0.08333333,0,0.19444444,stats_player_week_2022.csv.gz
00-0033873,Patrick Mahomes,QB,KC,2022,2,REG,LAC,24,35,235,2,0,1,-9,0,0,11,2,-1,0,0,0,0,4.84298326,-2.1553385,36,0,0,106.25,6.71428571,0,0.02777778,0,-0.02777778,stats_player_week_2022.csv.gz
00-0034796,Lamar Jackson,QB,BAL,2022,2,REG,MIA,21,29,318,3,0,0,0,0,0,13,9,119,1,1,0,3,17.83052906,0.38096853,29,1,0,142.600575,10.96551724,0,0,0.03448276,4.10344828,stats_player_week_2022.csv.gz
00-0034855,Baker Mayfield,QB,CAR,2022,2,REG,NYG,14,29,145,1,0,2,-16,0,0,7,6,35,0,1,0,2,-7.69874525,-0.1632466,31,1,0,74.640805,5,0,0.06451613,0.03225806,1.12903226,stats_player_week_2022.csv.gz
00-0034857,Josh Allen,QB,BUF,2022,2,REG,TEN,26,38,317,4,0,1,-4,0,0,13,1,10,0,0,0,1,16.22335421,1.97472877,39,0,0,128.947368,8.34210526,0,0.02564103,0,0.25641026,stats_player_week_2022.csv.gz
00-0035228,Kyler Murray,QB,ARI,2022,2,REG,LV,31,49,277,1,1,1,-7,0,0,13,5,28,1,0,0,4,-7.86471992,7.83012289,50,0,0,76.658163,5.65306122,0.02040816,0.02,0,0.56,stats_player_week_2022.csv.gz
00-0035710,Daniel Jones,QB,NYG,2022,2,REG,CAR,22,34,176,1,0,3,-14,0,0,8,10,21,0,0,0,4,-2.66261677,-1.147975,37,0,0,87.377451,5.17647059,0,0.08108108,0,0.56756757,stats_player_week_2022.csv.gz
00-0036212,Tua Tagovailoa,QB,MIA,2022,2,REG,BAL,36,50,469,6,2,1,-8,0,0,22,1,1,0,0,0,1,26.893468,1.22493464,51,0,0,124.083333,9.38,0.04,0.01960784,0,0.01960784,stats_player_week_2022.csv.gz
00-0036355,Justin Herbert,QB,LAC,2022,2,REG,KC,33,48,334,3,1,2,-8,0,0,15,2,1,0,0,0,1,-0.92189839,2.3427793,50,0,0,100.520833,6.95833333,0.02083333,0.04,0,0.02,stats_player_week_2022.csv.gz
00-0036389,Jalen Hurts,QB,PHI,2022,2,REG,MIN,26,31,333,1,1,3,-10,0,0,13,11,57,2,1,0,3,11.8501953,3.05460502,34,1,0,108.736559,10.74193548,0.03225806,0.08823529,0.02941176,1.67647059,stats_player_week_2022.csv.gz
00-0036442,Joe Burrow,QB,CIN,2022,2,REG,DAL,24,36,199,1,0,6,-34,1,0,13,4,26,0,0,0,1,0.9298977,6.24370678,42,1,0,89.930556,5.52777778,0,0.14285714,0.02380952,0.61904762,stats_player_week_2022.csv.gz
00-0036898,Davis Mills,QB,HOU,2022,2,REG,DEN,19,38,177,0,0,3,-23,2,0,6,2,1,0,0,0,0,-11.45492896,-0.48427422,41,2,0,63.157895,4.65789474,0,0.07317073,0.04878049,0.02439024,stats_player_week_2022.csv.gz
00-0036945,Justin Fields,QB,CHI,2022,2,REG,GB,7,11,70,0,1,3,-22,0,0,2,8,20,1,1,0,2,-6.42409041,-5.14148893,14,1,0,43.75,6.36363636,0.09090909,0.21428571,0.07142857,1.42857143,stats_player_week_2022.csv.gz
00-0036971,Trevor Lawrence,QB,JAX,2022,2,REG,IND,25,30,235,2,0,0,0,0,0,14,3,11,0,0,0,0,17.55709814,0.80612475,30,0,0,121.527778,7.83333333,0,0,0,0.36666667,stats_player_week_2022.csv.gz
00-0036972,Mac Jones,QB,NE,2022,2,REG,PIT,21,35,252,1,1,0,0,0,0,10,7,6,0,0,0,2,5.17392922,-2.94989916,35,0,0,79.702381,7.2,0.02857143,0,0,0.17142857,stats_player_week_2022.csv.gz
00-0037012,Trey Lance,QB,SF,2022,2,REG,SEA,2,3,30,0,0,0,0,0,0,1,3,13,0,0,0,1,-0.60337033,1.03971122,3,0,0,99.305556,10,0,0,0,4.33333333,stats_player_week_2022.csv.gz
00-0038128,Malik Willis,QB,TEN,2022,2,REG,BUF,1,4,6,0,0,0,0,0,0,0,4,16,0,1,1,1,-1.93819506,-5.58909802,4,1,1,39.583333,1.5,0,0,0.25,4,stats_player_week_2022.csv.gz
00-0019596,Tom Brady,QB,TB,2022,3,REG,GB,31,42,271,1,0,3,-20,0,0,15,1,-1,0,0,0,0,0.1297493,0,45,0,0,98.412698,6.45238095,0,0.06666667,0,-0.02222222,stats_player_week_2022.csv.gz
00-0023459,Aaron Rodgers,QB,GB,2022,3,REG,TB,27,35,255,2,1,1,-7,0,0,11,1,-1,0,0,0,0,4.507948,-0.80551944,36,0,0,103.869048,7.28571429,0.02857143,0.02777778,0,-0.02777778,stats_player_week_2022.csv.gz
00-0026143,Matt Ryan,QB,IND,2022,3,REG,KC,27,37,222,2,0,5,-45,2,1,12,3,4,0,0,0,1,-4.03599119,1.7106795,42,2,1,105.912162,6,0,0.11904762,0.04761905,0.0952381,stats_player_week_2022.csv.gz
00-0026158,Joe Flacco,QB,NYJ,2022,3,REG,CIN,28,52,285,0,2,4,-33,3,2,13,0,0,0,0,0,0,-23.43870592,0,56,3,2,53.766026,5.48076923,0.03846154,0.07142857,0.05357143,0,stats_player_week_2022.csv.gz
00-0026498,Matthew Stafford,QB,LA,2022,3,REG,ARI,18,25,249,0,0,1,-10,0,0,10,3,2,0,0,0,1,10.10467059,-1.58765582,26,0,0,103.583333,9.96,0,0.03846154,0,0.07692308,stats_player_week_2022.csv.gz
00-0029263,Russell Wilson,QB,DEN,2022,3,REG,SF,20,33,184,0,0,4,-24,0,0,8,6,17,0,0,0,1,-11.76986991,-3.15232977,37,0,0,75.820707,5.57575758,0,0.10810811,0,0.45945946,stats_player_week_2022.csv.gz
00-0029604,Kirk Cousins,QB,MIN,2022,3,REG,DET,24,41,260,2,0,1,-10,0,0,16,1,-1,0,0,0,0,-1.38924862,0,42,0,0,93.546748,6.34146341,0,0.02380952,0,-0.02380952,stats_player_week_2022.csv.gz
00-0029701,Ryan Tannehill,QB,TEN,2022,3,REG,LV,19,27,264,1,1,1,-12,1,0,13,4,2,1,0,0,1,12.19978118,-0.77108891,28,1,0,98.37963,9.77777778,0.03703704,0.03571429,0.03571429,0.07142857,stats_player_week_2022.csv.gz
00-0030565,Geno Smith,QB,SEA,2022,3,REG,ATL,32,44,325,2,1,2,-17,0,0,15,2,-1,0,0,0,1,11.88252925,-0.90010525,46,0,0,99.147727,7.38636364,0.02272727,0.04347826,0,-0.02173913,stats_player_week_2022.csv.gz
00-0031237,Teddy Bridgewater,QB,MIA,2022,3,REG,BUF,0,2,0,0,0,1,-8,0,0,0,0,0,0,0,0,0,-1.85615801,0,3,0,0,39.583333,0,0,0.33333333,0,0,stats_player_week_2022.csv.gz
00-0031280,Derek Carr,QB,LV,2022,3,REG,TEN,26,44,303,2,1,1,-7,0,0,14,2,17,0,0,0,2,5.37609628,2.1122536,45,0,0,85.700758,6.88636364,0.02272727,0.02222222,0,0.37777778,stats_player_week_2022.csv.gz
00-0031345,Jimmy Garoppolo,QB,SF,2022,3,REG,DEN,18,29,211,1,1,4,-32,0,0,9,1,0,0,1,1,0,-5.71836523,-5.11401,33,1,1,81.25,7.27586207,0.03448276,0.12121212,0.03030303,0,stats_player_week_2022.csv.gz
00-0031503,Jameis Winston,QB,NO,2022,3,REG,CAR,25,41,353,1,2,1,-11,0,0,14,2,5,0,2,0,0,7.92513924,-1.77370289,42,2,0,76.575203,8.6097561,0.04878049,0.02380952,0.04761905,0.11904762,stats_player_week_2022.csv.gz
00-0032268,Marcus Mariota,QB,ATL,2022,3,REG,SEA,13,20,229,1,1,3,-22,1,0,13,7,4,1,1,1,1,14.93165073,-5.0302106,23,2,1,99.791667,11.45,0.05,0.13043478,0.08695652,0.17391304,stats_player_week_2022.csv.gz
00-0032950,Carson Wentz,QB,WAS,2022,3,REG,PHI,25,43,211,0,0,9,-58,2,1,11,3,22,0,0,0,0,-21.6391631,1.43342741,52,2,1,70.978682,4.90697674,0,0.17307692,0.03846154,0.42307692,stats_player_week_2022.csv.gz
00-0033106,Jared Goff,QB,DET,2022,3,REG,MIN,25,41,277,1,1,0,0,0,0,14,2,8,0,0,0,0,7.57338234,-1.32426617,41,0,0,79.014228,6.75609756,0.02439024,0,0,0.19512195,stats_player_week_2022.csv.gz
00-0033119,Jacoby Brissett,QB,CLE,2022,3,REG,PIT,21,31,220,2,0,2,-15,0,0,12,3,11,0,0,0,3,1.45533193,3.23152365,33,0,0,109.610215,7.09677419,0,0.06060606,0,0.33333333,stats_player_week_2022.csv.gz
00-0033662,Cooper Rush,QB,DAL,2022,3,REG,NYG,21,31,215,1,0,0,0,0,0,12,2,-2,0,0,0,0,3.38709458,-1.91412567,31,0,0,98.185484,6.93548387,0,0,0,-0.06451613,stats_player_week_2022.csv.gz
00-0033869,Mitchell Trubisky,QB,PIT,2022,3,REG,CLE,20,32,207,0,0,1,-3,0,0,10,2,7,1,0,0,1,-1.41433359,1.18249648,33,0,0,81.119792,6.46875,0,0.03030303,0,0.21212121,stats_player_week_2022.csv.gz
00-0033873,Patrick Mahomes,QB,KC,2022,3,REG,IND,20,35,262,1,1,1,-5,0,0,12,4,26,0,0,0,3,7.72039969,2.05407786,36,0,0,78.511905,7.48571429,0.02857143,0.02777778,0,0.72222222,stats_player_week_2022.csv.gz
00-0033936,C.J. Beathard,QB,JAX,2022,3,REG,LAC,0,0,0,0,0,0,0,0,0,0,1,-1,0,0,0,0,0,0,0,0,0,,,,,,,stats_player_week_2022.csv.gz
00-0034796,Lamar Jackson,QB,BAL,2022,3,REG,NE,18,29,218,4,1,4,-12,0,0,11,11,107,1,0,0,6,7.16528469,11.27889238,33,0,0,110.344828,7.51724138,0.03448276,0.12121212,0,3.24242424,stats_player_week_2022.csv.gz
00-0034855,Baker Mayfield,QB,CAR,2022,3,REG,NO,12,25,170,1,0,3,-22,0,0,5,1,-1,0,0,0,0,-4.78453874,-0.40748865,28,0,0,83.75,6.8,0,0.10714286,0,-0.03571429,stats_player_week_2022.csv.gz
00-0034857,Josh Allen,QB,BUF,2022,3,REG,MIA,42,63,400,2,0,4,-18,2,1,21,8,47,0,1,0,5,6.24445755,4.69475003,67,3,1,94.675926,6.34920635,0,0.05970149,0.04477612,0.70149254,stats_player_week_2022.csv.gz
00-0035228,Kyler Murray,QB,ARI,2022,3,REG,LA,37,58,314,0,0,2,-19,0,0,15,2,8,0,0,0,0,-4.84738846,-1.12974198,60,0,0,77.801724,5.4137931,0,0.03333333,0,0.13333333,stats_player_week_2022.csv.gz
00-0035710,Daniel Jones,QB,NYG,2022,3,REG,DAL,20,37,196,0,1,5,-27,0,0,8,9,79,0,0,0,7,-11.68832605,6.7412222,42,0,0,57.939189,5.2972973,0.02702703,0.11904762,0,1.88095238,stats_player_week_2022.csv.gz
00-0036212,Tua Tagovailoa,QB,MIA,2022,3,REG,BUF,13,18,186,1,0,1,-7,0,0,8,1,0,0,0,0,0,8.66038145,-0.3458781,19,0,0,123.842593,10.33333333,0,0.05263158,0,0,stats_player_week_2022.csv.gz
00-0036355,Justin Herbert,QB,LAC,2022,3,REG,JAX,25,45,297,1,1,1,-11,1,1,13,1,7,0,0,0,1,-9.05781717,1.46817882,46,1,1,74.027778,6.6,0.02222222,0.02173913,0.02173913,0.15217391,stats_player_week_2022.csv.gz
00-0036389,Jalen Hurts,QB,PHI,2022,3,REG,WAS,22,35,340,3,0,3,-12,0,0,16,9,20,0,0,0,1,15.40606782,-4.12575339,38,0,0,123.511905,9.71428571,0,0.07894737,0,0.52631579,stats_player_week_2022.csv.gz
00-0036442,Joe Burrow,QB,CIN,2022,3,REG,NYJ,23,36,275,3,0,2,-14,0,0,12,5,0,0,0,0,1,16.39132057,-0.94194721,38,0,0,114.930556,7.63888889,0,0.05263158,0,0,stats_player_week_2022.csv.gz
00-0036898,Davis Mills,QB,HOU,2022,3,REG,CHI,20,32,245,1,2,1,-8,0,0,9,0,0,0,0,0,0,-5.73888187,0,33,0,0,70.442708,7.65625,0.0625,0.03030303,0,0,stats_player_week_2022.csv.gz
00-0036945,Justin Fields,QB,CHI,2022,3,REG,HOU,8,17,106,0,2,5,-24,0,0,5,8,47,0,1,0,2,-7.72509968,2.16441937,22,1,0,27.696078,6.23529412,0.11764706,0.22727273,0.04545455,2.13636364,stats_player_week_2022.csv.gz
00-0036971,Trevor Lawrence,QB,JAX,2022,3,REG,LAC,28,39,262,3,0,0,0,0,0,16,3,7,0,0,0,1,14.72659971,1.57265643,39,0,0,115.544872,6.71794872,0,0,0,0.17948718,stats_player_week_2022.csv.gz
00-0036972,Mac Jones,QB,NE,2022,3,REG,BAL,22,32,321,0,3,3,-19,0,0,12,5,31,1,0,0,2,-0.0665207,1.59392569,35,0,0,62.109375,10.03125,0.09375,0.08571429,0,0.88571429,stats_player_week_2022.csv.gz
00-0019596,Tom Brady,QB,TB,2022,4,REG,KC,39,52,385,3,0,1,-12,1,1,23,0,0,0,0,0,0,9.51133413,0,53,1,1,114.663462,7.40384615,0,0.01886792,0.01886792,0,stats_player_week_2022.csv.gz
00-0023459,Aaron Rodgers,QB,GB,2022,4,REG,NE,21,35,251,2,1,1,-7,0,0,12,1,1,0,0,0,0,0.42575618,-0.24470692,36,0,0,89.107143,7.17142857,0.02857143,0.02777778,0,0.02777778,stats_player_week_2022.csv.gz
00-0026143,Matt Ryan,QB,IND,2022,4,REG,TEN,27,37,356,2,1,3,-29,2,1,17,2,-4,0,0,0,0,8.75144995,-1.63873651,40,2,1,109.740991,9.62162162,0.02702703,0.075,0.05,-0.1,stats_player_week_2022.csv.gz
00-0026498,Matthew Stafford,QB,LA,2022,4,REG,SF,32,48,254,0,1,7,-54,1,1,16,2,6,0,0,0,0,-12.83555859,-0.30429175,55,1,1,71.006944,5.29166667,0.02083333,0.12727273,0.01818182,0.10909091,stats_player_week_2022.csv.gz
00-0026625,Brian Hoyer,QB,NE,2022,4,REG,GB,5,6,37,0,0,1,-8,0,0,2,0,0,0,0,0,0,-2.12652387,0,7,0,0,92.361111,6.16666667,0,0.14285714,0,0,stats_player_week_2022.csv.gz
00-0027973,Andy Dalton,QB,NO,2022,4,REG,MIN,20,28,236,1,0,2,-9,1,1,11,1,3,0,0,0,0,7.58701799,0.21899255,30,1,1,108.630952,8.42857143,0,0.06666667,0.03333333,0.1,stats_player_week_2022.csv.gz
00-0028118,Tyrod Taylor,QB,NYG,2022,4,REG,CHI,1,3,11,0,1,0,0,0,0,1,3,30,0,1,0,3,-0.72545099,4.62737562,3,1,0,5.555556,3.66666667,0.33333333,0,0.33333333,10,stats_player_week_2022.csv.gz
00-0029263,Russell Wilson,QB,DEN,2022,4,REG,LV,17,25,237,2,0,3,-23,0,0,7,4,29,1,0,0,2,-1.02582998,2.35315733,28,0,0,124.916667,9.48,0,0.10714286,0,1.03571429,stats_player_week_2022.csv.gz
00-0029604,Kirk Cousins,QB,MIN,2022,4,REG,NO,25,38,273,1,1,3,-23,0,0,14,0,0,0,0,0,0,-1.4547618,0,41,0,0,84.649123,7.18421053,0.02631579,0.07317073,0,0,stats_player_week_2022.csv.gz
00-0029701,Ryan Tannehill,QB,TEN,2022,4,REG,IND,17,21,137,2,0,3,-21,0,0,9,5,9,0,0,0,1,-0.25513169,-1.01662986,24,0,0,125.595238,6.52380952,0,0.125,0,0.375,stats_player_week_2022.csv.gz
00-0030565,Geno Smith,QB,SEA,2022,4,REG,DET,23,30,320,2,0,0,0,0,0,14,7,49,1,0,0,4,21.01796353,4.20172072,30,0,0,132.638889,10.66666667,0,0,0,1.63333333,stats_player_week_2022.csv.gz
00-0031237,Teddy Bridgewater,QB,MIA,2022,4,REG,CIN,14,23,193,1,1,0,0,0,0,8,1,11,0,0,0,1,-0.65288118,2.22741161,23,0,0,84.148551,8.39130435,0.04347826,0,0,0.47826087,stats_player_week_2022.csv.gz
00-0031280,Derek Carr,QB,LV,2022,4,REG,DEN,21,34,188,0,0,2,-15,0,0,11,7,40,0,0,0,5,-3.31265865,0.20445021,36,0,0,76.593137,5.52941176,0,0.05555556,0,1.11111111,stats_player_week_2022.csv.gz
00-0031345,Jimmy Garoppolo,QB,SF,2022,4,REG,LA,16,27,239,1,0,0,0,0,0,9,1,3,0,0,0,1,10.70971516,0.80407829,27,0,0,100.694444,8.85185185,0,0,0,0.11111111,stats_player_week_2022.csv.gz
00-0032268,Marcus Mariota,QB,ATL,2022,4,REG,CLE,7,19,139,0,1,1,-8,0,0,6,5,3,0,0,0,1,-5.13430581,0.76538163,20,0,0,41.337719,7.31578947,0.05263158,0.05,0,0.15,stats_player_week_2022.csv.gz
00-0032950,Carson Wentz,QB,WAS,2022,4,REG,DAL,25,42,170,1,2,2,-15,0,0,10,1,5,0,0,0,0,-17.39812575,-0.00412641,44,0,0,56.646825,4.04761905,0.04761905,0.04545455,0,0.11363636,stats_player_week_2022.csv.gz
00-0033106,Jared Goff,QB,DET,2022,4,REG,SEA,26,39,378,4,1,1,-9,0,0,18,1,1,0,0,0,0,14.7581667,0.63170974,40,0,0,121.527778,9.69230769,0.02564103,0.025,0,0.025,stats_player_week_2022.csv.gz
00-0033119,Jacoby Brissett,QB,CLE,2022,4,REG,ATL,21,35,234,0,1,1,-8,0,0,9,5,16,1,0,0,4,-1.0042162,7.27329333,36,0,0,68.035714,6.68571429,0.02857143,0.02777778,0,0.44444444,stats_player_week_2022.csv.gz
00-0033662,Cooper Rush,QB,DAL,2022,4,REG,WAS,15,27,223,2,0,1,-6,0,0,9,2,7,0,0,0,1,1.64572771,-0.0896535,28,0,0,107.484568,8.25925926,0,0.03571429,0,0.25,stats_player_week_2022.csv.gz
00-0033869,Mitchell Trubisky,QB,PIT,2022,4,REG,NYJ,7,13,84,0,1,3,-26,0,0,5,1,1,0,0,0,0,-6.63285033,-1.61547541,16,0,0,41.826923,6.46153846,0.07692308,0.1875,0,0.0625,stats_player_week_2022.csv.gz
00-0033873,Patrick Mahomes,QB,KC,2022,4,REG,TB,23,37,249,3,1,3,-21,0,0,17,4,34,0,0,0,2,8.59586897,4.19504979,40,0,0,97.691441,6.72972973,0.02702703,0.075,0,0.85,stats_player_week_2022.csv.gz
00-0034796,Lamar Jackson,QB,BAL,2022,4,REG,BUF,20,29,144,1,2,2,-10,0,0,7,11,73,0,0,0,4,-9.21559666,6.6243938,31,0,0,63.002874,4.96551724,0.06896552,0.06451613,0,2.35483871,stats_player_week_2022.csv.gz
00-0034855,Baker Mayfield,QB,CAR,2022,4,REG,ARI,22,36,197,1,2,2,-17,0,0,8,2,0,0,1,1,0,-13.31296698,-7.06486561,38,1,1,61.921296,5.47222222,0.05555556,0.05263158,0.02631579,0,stats_player_week_2022.csv.gz
00-0034857,Josh Allen,QB,BUF,2022,4,REG,BAL,19,36,213,1,1,1,-12,0,0,14,11,70,1,1,0,5,2.05722214,4.5808507,37,1,0,68.402778,5.91666667,0.02777778,0.02702703,0.02702703,1.89189189,stats_player_week_2022.csv.gz
00-0035228,Kyler Murray,QB,ARI,2022,4,REG,CAR,23,32,207,2,1,1,-1,0,0,10,12,26,1,1,0,3,-1.52538382,-1.74428738,33,1,0,96.744792,6.46875,0.03125,0.03030303,0.03030303,0.78787879,stats_player_week_2022.csv.gz
00-0035710,Daniel Jones,QB,NYG,2022,4,REG,CHI,8,13,71,0,0,1,-11,0,0,4,6,68,2,0,0,5,-1.95446686,7.00286315,14,0,0,76.121795,5.46153846,0,0.07142857,0,4.85714286,stats_player_week_2022.csv.gz
00-0036212,Tua Tagovailoa,QB,MIA,2022,4,REG,CIN,8,14,110,0,1,1,-10,0,0,5,0,0,0,0,0,0,-0.61818704,0,15,0,0,52.678571,7.85714286,0.07142857,0.06666667,0,0,stats_player_week_2022.csv.gz
00-0036355,Justin Herbert,QB,LAC,2022,4,REG,HOU,27,39,340,2,0,1,-2,0,0,15,4,-5,0,0,0,0,16.72019482,-4.05656177,40,0,0,113.194444,8.71794872,0,0.025,0,-0.125,stats_player_week_2022.csv.gz
00-0036389,Jalen Hurts,QB,PHI,2022,4,REG,JAX,16,25,204,0,1,2,-13,0,0,8,16,38,1,1,0,4,-12.09029439,0.73228671,27,1,0,72.75,8.16,0.04,0.07407407,0.03703704,1.40740741,stats_player_week_2022.csv.gz
00-0036442,Joe Burrow,QB,CIN,2022,4,REG,MIA,20,31,287,2,0,1,-6,0,0,10,5,6,0,0,0,0,13.15618832,-0.3200768,32,0,0,115.927419,9.25806452,0,0.03125,0,0.1875,stats_player_week_2022.csv.gz
00-0036898,Davis Mills,QB,HOU,2022,4,REG,LAC,26,35,246,2,2,4,-31,1,0,11,0,0,0,0,0,0,-8.71395696,0,39,1,0,88.511905,7.02857143,0.05714286,0.1025641,0.02564103,0,stats_player_week_2022.csv.gz
00-0036945,Justin Fields,QB,CHI,2022,4,REG,NYG,11,22,174,0,0,6,-19,1,1,6,7,52,0,0,0,4,-5.69261886,6.15894472,28,1,1,76.704545,7.90909091,0,0.21428571,0.03571429,1.85714286,stats_player_week_2022.csv.gz
00-0036971,Trevor Lawrence,QB,JAX,2022,4,REG,PHI,11,23,174,2,1,4,-26,3,3,9,2,7,0,1,1,1,-8.89225993,-3.55034337,27,4,4,84.32971,7.56521739,0.04347826,0.14814815,0.14814815,0.25925926,stats_player_week_2022.csv.gz
00-0037013,Zach Wilson,QB,NYJ,2022,4,REG,PIT,18,36,252,1,2,1,-4,0,0,11,2,15,0,0,0,0,1.16286887,-0.30090781,37,0,0,59.027778,7,0.05555556,0.02702703,0,0.40540541,stats_player_week_2022.csv.gz
00-0038102,Kenny Pickett,QB,PIT,2022,4,REG,NYJ,10,13,120,0,3,0,0,0,0,6,6,15,2,1,0,4,1.42546471,4.03889166,13,1,0,65.064103,9.23076923,0.23076923,0,0.07692308,1.15384615,stats_player_week_2022.csv.gz
00-0038108,Bailey Zappe,QB,NE,2022,4,REG,GB,10,15,99,1,0,3,-24,1,1,4,0,0,0,0,0,0,-4.759013,0,18,1,1,107.361111,6.6,0,0.16666667,0.05555556,0,stats_player_week_2022.csv.gz
00-0019596,Tom Brady,QB,TB,2022,5,REG,ATL,35,52,351,1,0,0,0,0,0,17,3,-3,0,0,0,0,14.0425898,-3.33603642,52,0,0,92.708333,6.75,0,0,0,-0.05769231,stats_player_week_2022.csv.gz
00-0023459,Aaron Rodgers,QB,GB,2022,5,REG,NYG,25,39,222,2,0,2,-15,1,0,15,0,0,0,0,0,0,2.82049052,0,41,1,0,96.314103,5.69230769,0,0.04878049,0.02439024,0,stats_player_week_2022.csv.gz
00-0026143,Matt Ryan,QB,IND,2022,5,REG,DEN,26,41,251,0,2,6,-51,2,0,14,1,1,0,0,0,0,-11.32144201,-1.34227014,47,2,0,60.111789,6.12195122,0.04878049,0.12765957,0.04255319,0.0212766,stats_player_week_2022.csv.gz
00-0026498,Matthew Stafford,QB,LA,2022,5,REG,DAL,28,42,308,1,1,5,-35,2,2,9,0,0,0,0,0,0,-14.38316647,0,47,2,2,86.210317,7.33333333,0.02380952,0.10638298,0.04255319,0,stats_player_week_2022.csv.gz
00-0027973,Andy Dalton,QB,NO,2022,5,REG,SEA,16,24,187,1,1,1,-6,0,0,8,7,4,0,0,0,1,0.01449557,-1.35309941,25,0,0,86.631944,7.79166667,0.04166667,0.04,0,0.16,stats_player_week_2022.csv.gz
00-0028986,Case Keenum,QB,BUF,2022,5,REG,PIT,2,5,8,0,0,0,0,0,0,0,2,-2,0,0,0,0,-3.89313328,0,5,0,0,47.916667,1.6,0,0,0,-0.4,stats_player_week_2022.csv.gz
00-0029263,Russell Wilson,QB,DEN,2022,5,REG,IND,21,39,274,0,2,4,-24,1,0,11,4,22,0,0,0,1,-13.00493354,1.77157781,43,1,0,54.861111,7.02564103,0.05128205,0.09302326,0.02325581,0.51162791,stats_player_week_2022.csv.gz
00-0029604,Kirk Cousins,QB,MIN,2022,5,REG,CHI,32,41,296,1,1,1,-7,0,0,17,4,4,1,0,0,2,11.9743295,0.18590364,42,0,0,94.715447,7.2195122,0.02439024,0.02380952,0,0.0952381,stats_player_week_2022.csv.gz
00-0029701,Ryan Tannehill,QB,TEN,2022,5,REG,WAS,15,25,181,1,0,5,-45,0,0,6,3,3,0,0,0,0,-0.58351383,-1.77092839,30,0,0,95.583333,7.24,0,0.16666667,0,0.1,stats_player_week_2022.csv.gz
00-0030565,Geno Smith,QB,SEA,2022,5,REG,NO,16,25,268,3,0,3,-23,0,0,9,3,13,0,0,0,1,7.87946832,-1.50791176,28,0,0,139.666667,10.72,0,0.10714286,0,0.46428571,stats_player_week_2022.csv.gz
00-0031237,Teddy Bridgewater,QB,MIA,2022,5,REG,NYJ,0,1,0,0,0,0,0,0,0,0,0,0,0,0,0,0,-1.61112357,0,1,0,0,39.583333,0,0,0,0,0,stats_player_week_2022.csv.gz
00-0031280,Derek Carr,QB,LV,2022,5,REG,KC,19,30,241,2,0,2,-18,0,0,6,1,3,0,0,0,0,6.78373363,-0.3019342,32,0,0,110.555556,8.03333333,0,0.0625,0,0.09375,stats_player_week_2022.csv.gz
00-0031345,Jimmy Garoppolo,QB,SF,2022,5,REG,CAR,18,30,253,2,0,2,-9,0,0,12,1,-1,0,0,0,0,18.33808822,0,32,0,0,109.444444,8.43333333,0,0.0625,0,-0.03125,stats_player_week_2022.csv.gz
00-0032268,Marcus Mariota,QB,ATL,2022,5,REG,TB,14,25,147,1,0,5,-37,1,0,7,7,61,0,0,0,4,-1.42704994,5.52657909,30,1,0,86.583333,5.88,0,0.16666667,0.03333333,2.03333333,stats_player_week_2022.csv.gz
00-0032950,Carson Wentz,QB,WAS,2022,5,REG,TEN,25,38,359,2,1,3,-17,0,0,11,5,15,0,2,0,1,0.65367567,-1.65889057,41,2,0,102.850877,9.44736842,0.02631579,0.07317073,0.04878049,0.36585366,stats_player_week_2022.csv.gz
00-0033106,Jared Goff,QB,DET,2022,5,REG,NE,19,35,229,0,1,2,-18,1,1,9,3,7,0,0,0,0,-20.69597457,-0.84182332,37,1,1,62.678571,6.54285714,0.02857143,0.05405405,0.02702703,0.18918919,stats_player_week_2022.csv.gz
00-0033119,Jacoby Brissett,QB,CLE,2022,5,REG,LAC,21,34,230,1,1,0,0,0,0,15,3,32,0,0,0,2,6.98748358,3.42110685,34,0,0,79.289216,6.76470588,0.02941176,0,0,0.94117647,stats_player_week_2022.csv.gz
00-0033275,PJ Walker,QB,CAR,2022,5,REG,SF,5,6,60,0,0,2,-15,0,0,3,0,0,0,0,0,0,-1.04479778,0,8,0,0,108.333333,10,0,0.25,0,0,stats_player_week_2022.csv.gz
00-0033662,Cooper Rush,QB,DAL,2022,5,REG,LA,10,16,102,0,0,3,-26,2,0,4,4,-1,0,0,0,0,-6.66760451,-0.84013027,19,2,0,80.729167,6.375,0,0.15789474,0.10526316,-0.05263158,stats_player_week_2022.csv.gz
00-0033873,Patrick Mahomes,QB,KC,2022,5,REG,LV,29,43,292,4,0,3,-27,0,0,18,4,28,0,0,0,1,13.87772584,0.96991729,46,0,0,117.587209,6.79069767,0,0.06521739,0,0.60869565,stats_player_week_2022.csv.gz
00-0034796,Lamar Jackson,QB,BAL,2022,5,REG,CIN,19,32,174,1,1,1,-4,0,0,7,12,58,0,0,0,5,-5.67332983,-0.10039164,33,0,0,71.614583,5.4375,0.03125,0.03030303,0,1.75757576,stats_player_week_2022.csv.gz
00-0034855,Baker Mayfield,QB,CAR,2022,5,REG,SF,20,36,215,0,1,4,-16,0,0,7,0,0,0,0,0,0,-10.82744056,0,40,0,0,61.689815,5.97222222,0.02777778,0.1,0,0,stats_player_week_2022.csv.gz
00-0034857,Josh Allen,QB,BUF,2022,5,REG,PIT,20,31,424,4,1,0,0,0,0,15,5,42,0,0,0,2,24.8546405,2.8632337,31,0,0,134.072581,13.67741935,0.03225806,0,0,1.35483871,stats_player_week_2022.csv.gz
00-0035228,Kyler Murray,QB,ARI,2022,5,REG,PHI,28,42,250,1,1,1,-11,0,0,16,4,42,0,0,0,2,6.1096678,1.83379413,43,0,0,80.456349,5.95238095,0.02380952,0.02325581,0,0.97674419,stats_player_week_2022.csv.gz
00-0035710,Daniel Jones,QB,NYG,2022,5,REG,GB,21,27,217,0,0,1,-4,0,0,12,10,37,0,0,0,3,13.38700838,1.99753581,28,0,0,100.154321,8.03703704,0,0.03571429,0,1.32142857,stats_player_week_2022.csv.gz
00-0036355,Justin Herbert,QB,LAC,2022,5,REG,CLE,22,34,228,1,0,1,-1,0,0,13,5,13,0,0,0,1,4.42516109,3.71160723,35,0,0,93.75,6.70588235,0,0.02857143,0,0.37142857,stats_player_week_2022.csv.gz
00-0036389,Jalen Hurts,QB,PHI,2022,5,REG,ARI,26,36,239,0,0,2,-21,0,0,12,15,61,2,0,0,8,3.75434206,5.40959282,38,0,0,89.930556,6.63888889,0,0.05263158,0,1.60526316,stats_player_week_2022.csv.gz
00-0036442,Joe Burrow,QB,CIN,2022,5,REG,BAL,24,35,217,1,1,2,-15,0,0,10,3,6,1,0,0,2,-4.3481294,0.46838875,37,0,0,82.678571,6.2,0.02857143,0.05405405,0,0.16216216,stats_player_week_2022.csv.gz
00-0036898,Davis Mills,QB,HOU,2022,5,REG,JAX,16,24,140,0,0,1,-8,0,0,6,2,2,0,0,0,0,-2.51898731,-0.17983206,25,0,0,81.944444,5.83333333,0,0.04,0,0.08,stats_player_week_2022.csv.gz
00-0036945,Justin Fields,QB,CHI,2022,5,REG,MIN,15,21,208,1,0,2,-15,1,0,9,8,47,0,1,0,3,7.49708184,3.62054782,23,2,0,118.75,9.9047619,0,0.08695652,0.08695652,2.04347826,stats_player_week_2022.csv.gz
00-0036971,Trevor Lawrence,QB,JAX,2022,5,REG,HOU,25,47,286,0,2,0,0,0,0,15,4,29,0,0,0,2,-7.78248485,3.25099701,47,0,0,54.033688,6.08510638,0.04255319,0,0,0.61702128,stats_player_week_2022.csv.gz
00-0037013,Zach Wilson,QB,NYJ,2022,5,REG,MIA,14,21,210,0,0,2,-23,0,0,9,4,2,1,0,0,1,0.87822149,2.74777536,23,0,0,99.305556,10,0,0.08695652,0,0.08695652,stats_player_week_2022.csv.gz
00-0037327,Skylar Thompson,QB,MIA,2022,5,REG,NYJ,19,33,166,0,1,2,-8,1,1,8,0,0,0,0,0,0,-16.29022281,0,35,1,1,58.396465,5.03030303,0.03030303,0.05714286,0.02857143,0,stats_player_week_2022.csv.gz
00-0037834,Brock Purdy,QB,SF,2022,5,REG,CAR,0,0,0,0,0,0,0,0,0,0,1,-1,0,0,0,0,0,0,0,0,0,,,,,,,stats_player_week_2022.csv.gz
00-0038102,Kenny Pickett,QB,PIT,2022,5,REG,BUF,34,52,327,0,1,3,-17,0,0,19,1,10,0,0,0,0,-2.23764642,-1.54862492,55,0,0,74.759615,6.28846154,0.01923077,0.05454545,0,0.18181818,stats_player_week_2022.csv.gz
00-0038108,Bailey Zappe,QB,NE,2022,5,REG,DET,17,21,188,1,1,0,0,0,0,11,5,5,0,1,0,0,6.55634071,-1.56269864,21,1,0,100,8.95238095,0.04761905,0,0.04761905,0.23809524,stats_player_week_2022.csv.gz
00-0019596,Tom Brady,QB,TB,2022,6,REG,PIT,25,40,243,1,0,2,-14,1,0,11,1,0,0,0,0,0,7.77279103,-1.11836946,42,1,0,87.8125,6.075,0,0.04761905,0.02380952,0,stats_player_week_2022.csv.gz
00-0023459,Aaron Rodgers,QB,GB,2022,6,REG,NYJ,26,41,246,1,0,4,-36,1,0,9,1,0,0,1,1,0,-13.29324944,-4.7918689,45,2,1,88.058943,6,0,0.08888889,0.04444444,0,stats_player_week_2022.csv.gz
00-0026143,Matt Ryan,QB,IND,2022,6,REG,JAX,42,58,389,3,0,0,0,0,0,22,1,-4,0,0,0,0,16.71037501,-0.78160686,58,0,0,107.614943,6.70689655,0,0,0,-0.06896552,stats_player_week_2022.csv.gz
00-0026498,Matthew Stafford,QB,LA,2022,6,REG,CAR,26,33,253,1,1,1,-4,0,0,16,2,-3,0,0,0,0,3.05017495,0,34,0,0,96.085859,7.66666667,0.03030303,0.02941176,0,-0.08823529,stats_player_week_2022.csv.gz
00-0027973,Andy Dalton,QB,NO,2022,6,REG,CIN,17,32,162,1,0,1,-7,0,0,10,0,0,0,0,0,0,3.34224871,0,33,0,0,77.864583,5.0625,0,0.03030303,0,0,stats_player_week_2022.csv.gz
00-0029263,Russell Wilson,QB,DEN,2022,6,REG,LAC,15,28,188,1,0,4,-28,0,0,8,4,23,0,0,0,1,-6.82664254,0.93187887,32,0,0,86.607143,6.71428571,0,0.125,0,0.71875,stats_player_week_2022.csv.gz
00-0029604,Kirk Cousins,QB,MIN,2022,6,REG,MIA,20,30,175,2,0,3,-19,0,0,7,2,-5,0,0,0,0,-4.47448619,-1.50505609,33,0,0,104.166667,5.83333333,0,0.09090909,0,-0.15151515,stats_player_week_2022.csv.gz
00-0030565,Geno Smith,QB,SEA,2022,6,REG,ARI,20,31,197,0,0,5,-37,0,0,10,6,48,0,1,0,1,-6.30471404,1.8116868,36,1,0,82.325269,6.35483871,0,0.13888889,0.02777778,1.33333333,stats_player_week_2022.csv.gz
00-0031237,Teddy Bridgewater,QB,MIA,2022,6,REG,MIN,23,34,329,2,2,5,-25,0,0,15,1,10,0,0,0,1,2.87471098,1.28993526,39,0,0,93.872549,9.67647059,0.05882353,0.12820513,0,0.25641026,stats_player_week_2022.csv.gz
00-0031345,Jimmy Garoppolo,QB,SF,2022,6,REG,ATL,29,41,296,2,2,0,0,0,0,15,3,11,0,0,0,2,3.56417408,0.40835683,41,0,0,87.042683,7.2195122,0.04878049,0,0,0.26829268,stats_player_week_2022.csv.gz
00-0032268,Marcus Mariota,QB,ATL,2022,6,REG,SF,13,14,129,2,0,2,-8,0,0,7,6,50,1,0,0,4,5.20914246,4.09845548,16,0,0,144.642857,9.21428571,0,0.125,0,3.125,stats_player_week_2022.csv.gz
00-0032950,Carson Wentz,QB,WAS,2022,6,REG,CHI,12,22,99,0,0,3,-13,0,0,5,2,2,0,0,0,0,-8.91880236,-0.4532866,25,0,0,66.287879,4.5,0,0.12,0,0.08,stats_player_week_2022.csv.gz
00-0033119,Jacoby Brissett,QB,CLE,2022,6,REG,NE,21,45,266,1,2,4,-8,2,1,12,1,0,0,0,0,0,-11.61160891,-3.87160768,49,2,1,54.490741,5.91111111,0.04444444,0.08163265,0.04081633,0,stats_player_week_2022.csv.gz
00-0033275,PJ Walker,QB,CAR,2022,6,REG,LA,10,16,60,0,0,2,-9,0,0,3,1,-1,0,0,0,0,-10.68625136,0,18,0,0,69.791667,3.75,0,0.11111111,0,-0.05555556,stats_player_week_2022.csv.gz
00-0033662,Cooper Rush,QB,DAL,2022,6,REG,PHI,18,38,181,1,3,0,0,0,0,12,0,0,0,0,0,0,-8.3820479,0,38,0,0,37.280702,4.76315789,0.07894737,0,0,0,stats_player_week_2022.csv.gz
00-0033869,Mitchell Trubisky,QB,PIT,2022,6,REG,TB,9,12,144,1,0,1,-6,0,0,6,6,5,0,0,0,1,10.284818,-5.32750787,13,0,0,142.361111,12,0,0.07692308,0,0.38461538,stats_player_week_2022.csv.gz
00-0033873,Patrick Mahomes,QB,KC,2022,6,REG,BUF,25,40,338,2,2,3,-19,0,0,16,4,21,0,0,0,2,4.38072527,2.3036933,43,0,0,85.208333,8.45,0.05,0.06976744,0,0.48837209,stats_player_week_2022.csv.gz
00-0034796,Lamar Jackson,QB,BAL,2022,6,REG,NYG,17,32,210,1,1,2,-15,1,1,13,7,77,0,0,0,4,-1.59189143,5.25569086,34,1,1,71.09375,6.5625,0.03125,0.05882353,0.02941176,2.26470588,stats_player_week_2022.csv.gz
00-0034857,Josh Allen,QB,BUF,2022,6,REG,KC,27,40,329,3,0,1,-11,0,0,18,12,32,0,1,1,4,11.16020658,-4.50413557,41,1,1,117.604167,8.225,0,0.02439024,0.02439024,0.7804878,stats_player_week_2022.csv.gz
00-0035228,Kyler Murray,QB,ARI,2022,6,REG,SEA,23,37,222,0,1,6,-51,1,0,10,10,100,0,1,1,4,-11.67277624,2.94778447,43,2,1,67.623874,6,0.02702703,0.13953488,0.04651163,2.3255814,stats_player_week_2022.csv.gz
00-0035710,Daniel Jones,QB,NYG,2022,6,REG,BAL,19,27,173,2,0,4,-18,1,1,11,6,6,0,0,0,1,10.19028512,-5.76154326,31,1,1,112.114198,6.40740741,0,0.12903226,0.03225806,0.19354839,stats_player_week_2022.csv.gz
00-0036226,Jacob Eason,QB,CAR,2022,6,REG,LA,3,5,59,0,1,0,0,0,0,2,0,0,0,0,0,0,-2.2612818,0,5,0,0,61.666667,11.8,0.2,0,0,0,stats_player_week_2022.csv.gz
00-0036264,Jordan Love,QB,GB,2022,6,REG,NYJ,2,4,8,0,0,0,0,0,0,0,0,0,0,0,0,0,-3.06638959,0,4,0,0,56.25,2,0,0,0,0,stats_player_week_2022.csv.gz
00-0036355,Justin Herbert,QB,LAC,2022,6,REG,DEN,37,57,238,0,1,2,-14,0,0,10,2,9,0,0,0,0,-15.72718713,-0.13039126,59,0,0,66.26462,4.1754386,0.01754386,0.03389831,0,0.15254237,stats_player_week_2022.csv.gz
00-0036389,Jalen Hurts,QB,PHI,2022,6,REG,DAL,15,25,155,2,0,4,-23,0,0,9,9,27,0,1,0,3,3.23787808,-3.01071661,29,1,0,104.583333,6.2,0,0.13793103,0.03448276,0.93103448,stats_player_week_2022.csv.gz
00-0036442,Joe Burrow,QB,CIN,2022,6,REG,NO,28,37,300,3,0,3,-27,0,0,13,4,25,1,0,0,2,9.79153576,3.60888123,40,0,0,125.957207,8.10810811,0,0.075,0,0.625,stats_player_week_2022.csv.gz
00-0036945,Justin Fields,QB,CHI,2022,6,REG,WAS,14,27,190,1,1,5,-36,1,0,9,12,88,0,0,0,4,-14.37897989,6.19932048,32,1,0,71.527778,7.03703704,0.03703704,0.15625,0.03125,2.75,stats_player_week_2022.csv.gz
00-0036971,Trevor Lawrence,QB,JAX,2022,6,REG,IND,20,22,165,1,0,4,-29,0,0,8,6,23,2,0,0,5,0.62601139,5.96185068,26,0,0,113.068182,7.5,0,0.15384615,0,0.88461538,stats_player_week_2022.csv.gz
00-0037013,Zach Wilson,QB,NYJ,2022,6,REG,GB,10,18,110,0,0,2,-11,0,0,4,5,1,0,0,0,0,-3.81834974,-4.46108549,20,0,0,73.842593,6.11111111,0,0.1,0,0.05,stats_player_week_2022.csv.gz
00-0037327,Skylar Thompson,QB,MIA,2022,6,REG,MIN,7,13,89,0,0,1,-8,0,0,3,1,9,0,0,0,1,-2.39965361,1.89099014,14,0,0,75.480769,6.84615385,0,0.07142857,0,0.64285714,stats_player_week_2022.csv.gz
00-0038102,Kenny Pickett,QB,PIT,2022,6,REG,TB,11,18,67,1,0,1,-12,0,0,5,2,16,0,0,0,0,-2.7079404,0.77610299,19,0,0,87.037037,3.72222222,0,0.05263158,0,0.84210526,stats_player_week_2022.csv.gz
00-0038108,Bailey Zappe,QB,NE,2022,6,REG,CLE,24,34,309,2,0,2,-8,1,1,14,3,-4,0,0,0,0,8.40883939,0,36,1,1,118.382353,9.08823529,0,0.05555556,0.02777778,-0.11111111,stats_player_week_2022.csv.gz
00-0019596,Tom Brady,QB,TB,2022,7,REG,CAR,32,49,290,0,0,1,-14,0,0,14,1,1,0,0,0,0,-2.37553233,-0.56958218,50,0,0,81.164966,5.91836735,0,0.02,0,0.02,stats_player_week_2022.csv.gz
00-0023459,Aaron Rodgers,QB,GB,2022,7,REG,WAS,23,35,194,2,0,0,0,0,0,10,0,0,0,0,0,0,-2.83983381,0,35,0,0,98.988095,5.54285714,0,0,0,0,stats_player_week_2022.csv.gz
00-0026143,Matt Ryan,QB,IND,2022,7,REG,TEN,33,44,243,1,2,3,-16,0,0,12,1,2,0,0,0,0,-9.11060296,-1.34775577,47,0,0,76.231061,5.52272727,0.04545455,0.06382979,0,0.04255319,stats_player_week_2022.csv.gz
00-0026197,Chad Henne,QB,KC,2022,7,REG,SF,0,2,0,0,0,0,0,0,0,0,3,-3,0,0,0,0,-1.89151387,0,2,0,0,39.583333,0,0,0,0,-1.5,stats_player_week_2022.csv.gz
00-0027973,Andy Dalton,QB,NO,2022,7,REG,ARI,30,47,361,4,3,0,0,0,0,15,4,21,0,0,0,2,-1.34563724,1.76142093,47,0,0,89.051418,7.68085106,0.06382979,0,0,0.44680851,stats_player_week_2022.csv.gz
00-0029701,Ryan Tannehill,QB,TEN,2022,7,REG,IND,13,20,132,0,0,2,-16,0,0,6,4,6,0,1,1,1,3.51317874,-7.22043643,22,1,1,83.75,6.6,0,0.09090909,0.04545455,0.27272727,stats_player_week_2022.csv.gz
00-0030565,Geno Smith,QB,SEA,2022,7,REG,LAC,20,27,210,2,1,2,-19,0,0,10,4,7,0,1,1,1,4.56637059,-7.59959381,29,1,1,105.478395,7.77777778,0.03703704,0.06896552,0.03448276,0.24137931,stats_player_week_2022.csv.gz
00-0031280,Derek Carr,QB,LV,2022,7,REG,HOU,21,27,241,1,0,1,-5,0,0,13,3,-1,0,1,0,0,12.19001444,-1.70364229,28,1,0,116.203704,8.92592593,0,0.03571429,0.03571429,-0.03571429,stats_player_week_2022.csv.gz
00-0031345,Jimmy Garoppolo,QB,SF,2022,7,REG,KC,25,37,303,2,1,5,-26,1,1,14,2,2,0,0,0,1,2.41191119,0.42613223,42,1,1,99.268018,8.18918919,0.02702703,0.11904762,0.02380952,0.04761905,stats_player_week_2022.csv.gz
00-0031800,Taylor Heinicke,QB,WAS,2022,7,REG,GB,20,33,201,2,1,1,-3,0,0,11,2,4,0,0,0,0,-1.09270444,-1.15669287,34,0,0,85.542929,6.09090909,0.03030303,0.02941176,0,0.11764706,stats_player_week_2022.csv.gz
00-0032268,Marcus Mariota,QB,ATL,2022,7,REG,CIN,8,13,124,1,0,3,-17,0,0,5,6,31,0,1,0,2,1.10483158,0.38686651,16,1,0,118.75,9.53846154,0,0.1875,0.0625,1.9375,stats_player_week_2022.csv.gz
00-0033077,Dak Prescott,QB,DAL,2022,7,REG,DET,19,25,207,1,0,2,-16,0,0,10,3,0,0,0,0,0,9.68336563,-2.28343218,27,0,0,113.25,8.28,0,0.07407407,0,0,stats_player_week_2022.csv.gz
00-0033106,Jared Goff,QB,DET,2022,7,REG,DAL,21,26,228,0,2,5,-33,2,2,11,1,4,0,0,0,0,-6.63723237,-1.12892805,31,2,2,71.153846,8.76923077,0.07692308,0.16129032,0.06451613,0.12903226,stats_player_week_2022.csv.gz
00-0033119,Jacoby Brissett,QB,CLE,2022,7,REG,BAL,22,27,258,0,0,5,-35,2,1,8,3,18,0,0,0,2,0.48328263,1.58209255,32,2,1,106.481481,9.55555556,0,0.15625,0.0625,0.5625,stats_player_week_2022.csv.gz
00-0033275,PJ Walker,QB,CAR,2022,7,REG,TB,16,22,177,2,0,1,-7,0,0,8,0,0,0,0,0,0,5.2688745,0,23,0,0,126.515152,8.04545455,0,0.04347826,0,0,stats_player_week_2022.csv.gz
00-0033873,Patrick Mahomes,QB,KC,2022,7,REG,SF,25,34,423,3,1,1,-6,0,0,19,0,0,0,0,0,0,29.82754326,0,35,0,0,132.352941,12.44117647,0.02941176,0.02857143,0,0,stats_player_week_2022.csv.gz
00-0034796,Lamar Jackson,QB,BAL,2022,7,REG,CLE,9,16,120,0,0,3,-26,0,0,5,10,59,0,0,0,5,-4.27126269,5.15581813,19,0,0,80.208333,7.5,0,0.15789474,0,3.10526316,stats_player_week_2022.csv.gz
00-0034955,Brett Rypien,QB,DEN,2022,7,REG,NYJ,24,46,225,0,1,1,-6,0,0,10,3,9,0,0,0,2,-12.78068191,2.1820584,47,0,0,56.884058,4.89130435,0.02173913,0.0212766,0,0.19148936,stats_player_week_2022.csv.gz
00-0035228,Kyler Murray,QB,ARI,2022,7,REG,NO,20,29,204,1,0,2,-15,0,0,9,7,30,0,0,0,3,2.85247338,1.70100858,31,0,0,100.359195,7.03448276,0,0.06451613,0,0.96774194,stats_player_week_2022.csv.gz
00-0035710,Daniel Jones,QB,NYG,2022,7,REG,JAX,19,30,202,1,0,1,-2,0,0,11,11,107,1,0,0,7,1.84632921,10.78157212,31,0,0,94.027778,6.73333333,0,0.03225806,0,3.4516129,stats_player_week_2022.csv.gz
00-0036212,Tua Tagovailoa,QB,MIA,2022,7,REG,PIT,21,35,261,1,0,0,0,0,0,12,4,15,0,0,0,0,5.57193164,-0.61446068,35,0,0,92.678571,7.45714286,0,0,0,0.42857143,stats_player_week_2022.csv.gz
00-0036355,Justin Herbert,QB,LAC,2022,7,REG,SEA,33,51,293,2,1,3,-17,1,1,17,3,22,0,0,0,1,-10.38935123,1.23436152,54,1,1,84.844771,5.74509804,0.01960784,0.05555556,0.01851852,0.40740741,stats_player_week_2022.csv.gz
00-0036442,Joe Burrow,QB,CIN,2022,7,REG,ATL,34,42,481,3,0,3,-22,0,0,22,3,20,1,0,0,2,27.02563995,-2.6748499,45,0,0,138.194444,11.45238095,0,0.06666667,0,0.44444444,stats_player_week_2022.csv.gz
00-0036898,Davis Mills,QB,HOU,2022,7,REG,LV,28,41,302,2,1,1,-6,0,0,12,0,0,0,0,0,0,3.07251018,0,42,0,0,95.78252,7.36585366,0.02439024,0.02380952,0,0,stats_player_week_2022.csv.gz
00-0036945,Justin Fields,QB,CHI,2022,7,REG,NE,13,21,179,1,1,4,-32,2,0,10,14,82,1,2,0,7,2.39129168,3.52747356,25,4,0,85.218254,8.52380952,0.04761905,0.16,0.16,3.28,stats_player_week_2022.csv.gz
00-0036971,Trevor Lawrence,QB,JAX,2022,7,REG,NYG,22,43,310,0,0,0,0,0,0,15,4,3,1,0,0,2,11.34437677,-3.74172783,43,0,0,74.757752,7.20930233,0,0,0,0.06976744,stats_player_week_2022.csv.gz
00-0036972,Mac Jones,QB,NE,2022,7,REG,CHI,3,6,13,0,1,0,0,0,0,1,3,24,0,0,0,1,-5.62255707,1.57842833,6,0,0,16.666667,2.16666667,0.16666667,0,0,4,stats_player_week_2022.csv.gz
00-0037013,Zach Wilson,QB,NYJ,2022,7,REG,DEN,16,26,121,0,0,3,-16,0,0,5,4,24,0,0,0,1,-10.71221008,0.92798798,29,0,0,72.75641,4.65384615,0,0.10344828,0,0.82758621,stats_player_week_2022.csv.gz
00-0037834,Brock Purdy,QB,SF,2022,7,REG,KC,4,9,66,0,1,0,0,0,0,4,1,1,0,0,0,0,0.11195083,-0.3868607,9,0,0,30.092593,7.33333333,0.11111111,0,0,0.11111111,stats_player_week_2022.csv.gz
00-0038102,Kenny Pickett,QB,PIT,2022,7,REG,MIA,32,44,257,1,3,2,-11,0,0,14,3,20,0,0,0,1,-5.82045541,0.5477818,46,0,0,66.193182,5.84090909,0.06818182,0.04347826,0,0.43478261,stats_player_week_2022.csv.gz
00-0038108,Bailey Zappe,QB,NE,2022,7,REG,CHI,14,22,185,1,2,1,-8,0,0,8,2,-1,0,1,1,0,-2.5211492,-4.53702433,23,1,1,67.424242,8.40909091,0.09090909,0.04347826,0.04347826,-0.04347826,stats_player_week_2022.csv.gz
00-0019596,Tom Brady,QB,TB,2022,8,REG,BAL,26,44,325,1,0,3,-20,0,0,13,1,1,0,0,0,0,4.88281207,-1.0151767,47,0,0,89.67803,7.38636364,0,0.06382979,0,0.0212766,stats_player_week_2022.csv.gz
00-0023459,Aaron Rodgers,QB,GB,2022,8,REG,BUF,19,30,203,2,1,2,-13,0,0,8,1,11,0,0,0,1,-1.40002751,1.19154267,32,0,0,91.388889,6.76666667,0.03333333,0.0625,0,0.34375,stats_player_week_2022.csv.gz
00-0026498,Matthew Stafford,QB,LA,2022,8,REG,SF,22,33,187,1,0,2,-20,0,0,11,2,-1,1,0,0,1,0.43298314,1.05054645,35,0,0,91.35101,5.66666667,0,0.05714286,0,-0.02857143,stats_player_week_2022.csv.gz
00-0027973,Andy Dalton,QB,NO,2022,8,REG,LV,22,30,229,2,0,0,0,0,0,12,0,0,0,0,0,0,9.86151559,0,30,0,0,117.222222,7.63333333,0,0,0,0,stats_player_week_2022.csv.gz
00-0029263,Russell Wilson,QB,DEN,2022,8,REG,JAX,18,30,252,1,1,3,-22,0,0,11,4,17,0,0,0,3,2.68317556,1.73959482,33,0,0,84.305556,8.4,0.03333333,0.09090909,0,0.51515152,stats_player_week_2022.csv.gz
00-0029604,Kirk Cousins,QB,MIN,2022,8,REG,ARI,24,36,232,2,0,3,-24,1,1,11,4,22,1,0,0,2,-3.19101154,1.99054552,39,1,1,103.009259,6.44444444,0,0.07692308,0.02564103,0.56410256,stats_player_week_2022.csv.gz
00-0030565,Geno Smith,QB,SEA,2022,8,REG,NYG,23,34,212,2,0,3,-22,0,0,14,5,26,0,0,0,1,2.98014313,-0.64114441,37,0,0,104.044118,6.23529412,0,0.08108108,0,0.7027027,stats_player_week_2022.csv.gz
00-0031280,Derek Carr,QB,LV,2022,8,REG,NO,15,26,101,0,1,3,-20,0,0,5,1,-1,0,0,0,0,-11.87031459,0,29,0,0,50.320513,3.88461538,0.03846154,0.10344828,0,-0.03448276,stats_player_week_2022.csv.gz
00-0031345,Jimmy Garoppolo,QB,SF,2022,8,REG,LA,21,25,235,2,0,3,-12,0,0,11,1,3,0,0,0,1,14.54981272,0.72630955,28,0,0,132.5,9.4,0,0.10714286,0,0.10714286,stats_player_week_2022.csv.gz
00-0031800,Taylor Heinicke,QB,WAS,2022,8,REG,IND,23,31,279,1,1,2,-13,0,0,13,6,29,1,0,0,2,1.6814208,0.66369592,33,0,0,98.723118,9,0.03225806,0.06060606,0,0.87878788,stats_player_week_2022.csv.gz
00-0032156,Trevor Siemian,QB,CHI,2022,8,REG,DAL,1,1,5,0,0,0,0,0,0,0,0,0,0,0,0,0,-0.10554144,0,1,0,0,87.5,5,0,0,0,0,stats_player_week_2022.csv.gz
00-0032268,Marcus Mariota,QB,ATL,2022,8,REG,CAR,20,28,253,3,2,2,-14,0,0,14,6,43,0,0,0,2,6.23405898,1.13524012,30,0,0,105.208333,9.03571429,0.07142857,0.06666667,0,1.43333333,stats_player_week_2022.csv.gz
00-0033077,Dak Prescott,QB,DAL,2022,8,REG,CHI,21,27,250,2,1,1,-8,0,0,15,5,34,1,0,0,2,14.72568729,3.78257988,28,0,0,114.506173,9.25925926,0.03703704,0.03571429,0,1.21428571,stats_player_week_2022.csv.gz
00-0033106,Jared Goff,QB,DET,2022,8,REG,MIA,27,37,321,1,0,1,-10,0,0,13,1,3,0,0,0,0,8.69099907,-0.37058644,38,0,0,108.051802,8.67567568,0,0.02631579,0,0.07894737,stats_player_week_2022.csv.gz
00-0033119,Jacoby Brissett,QB,CLE,2022,8,REG,CIN,17,22,278,1,0,2,-10,1,1,12,6,12,1,0,0,4,13.87252427,-1.95921985,24,1,1,133.712121,12.63636364,0,0.08333333,0.04166667,0.5,stats_player_week_2022.csv.gz
00-0033275,PJ Walker,QB,CAR,2022,8,REG,ATL,19,36,317,1,1,1,-8,0,0,12,1,20,0,0,0,1,1.35389394,-0.14346002,37,0,0,80.439815,8.80555556,0.02777778,0.02702703,0,0.54054054,stats_player_week_2022.csv.gz
00-0034796,Lamar Jackson,QB,BAL,2022,8,REG,TB,27,38,238,2,0,3,-16,0,0,15,9,43,0,0,0,2,0.89435041,-0.53525468,41,0,0,104.934211,6.26315789,0,0.07317073,0,1.04878049,stats_player_week_2022.csv.gz
00-0034857,Josh Allen,QB,BUF,2022,8,REG,GB,13,25,218,2,2,2,-2,0,0,8,6,49,0,0,0,3,0.61061764,5.40373694,27,0,0,75.083333,8.72,0.08,0.07407407,0,1.81481481,stats_player_week_2022.csv.gz
00-0035228,Kyler Murray,QB,ARI,2022,8,REG,MIN,31,44,326,3,2,4,-29,0,0,17,6,36,0,1,0,0,-2.15921179,-0.65017186,48,1,0,95.454545,7.40909091,0.04545455,0.08333333,0.02083333,0.75,stats_player_week_2022.csv.gz
00-0035264,Jarrett Stidham,QB,LV,2022,8,REG,NO,8,13,72,0,0,1,-8,0,0,4,0,0,0,0,0,0,-1.89162439,0,14,0,0,76.442308,5.53846154,0,0.07142857,0,0,stats_player_week_2022.csv.gz
00-0035289,Gardner Minshew,QB,PHI,2022,8,REG,PIT,1,2,23,0,0,0,0,0,0,1,1,-1,0,0,0,0,1.23396883,-2.01743985,2,0,0,91.666667,11.5,0,0,0,-0.5,stats_player_week_2022.csv.gz
00-0035710,Daniel Jones,QB,NYG,2022,8,REG,SEA,17,31,176,0,0,5,-29,1,0,9,6,20,0,0,0,0,0.10138624,-2.21968635,36,1,0,71.438172,5.67741935,0,0.13888889,0.02777778,0.55555556,stats_player_week_2022.csv.gz
00-0036212,Tua Tagovailoa,QB,MIA,2022,8,REG,DET,29,36,382,3,0,2,-13,0,0,18,5,19,0,0,0,1,25.07334288,-0.60667833,38,0,0,138.657407,10.61111111,0,0.05263158,0,0.5,stats_player_week_2022.csv.gz
00-0036389,Jalen Hurts,QB,PHI,2022,8,REG,PIT,19,28,285,4,0,3,-18,0,0,12,2,10,0,0,0,0,15.62257496,0.04930911,31,0,0,140.625,10.17857143,0,0.09677419,0,0.32258065,stats_player_week_2022.csv.gz
00-0036442,Joe Burrow,QB,CIN,2022,8,REG,CLE,25,35,232,2,1,5,-39,1,1,9,1,2,0,0,0,1,-9.24788562,0.42275103,40,1,1,96.369048,6.62857143,0.02857143,0.125,0.025,0.05,stats_player_week_2022.csv.gz
00-0036879,Sam Ehlinger,QB,IND,2022,8,REG,WAS,17,23,201,0,0,2,-12,1,1,8,6,15,0,0,0,1,1.2021074,-0.62651606,25,1,1,100.09058,8.73913043,0,0.08,0.04,0.6,stats_player_week_2022.csv.gz
00-0036898,Davis Mills,QB,HOU,2022,8,REG,TEN,17,29,152,1,1,3,-34,0,0,5,3,8,0,0,0,0,-12.08761767,-1.07663191,32,0,0,69.899425,5.24137931,0.03448276,0.09375,0,0.25,stats_player_week_2022.csv.gz
00-0036945,Justin Fields,QB,CHI,2022,8,REG,DAL,17,23,151,2,0,4,-25,0,0,4,8,60,1,0,0,5,-4.86957366,5.65511229,27,0,0,120.018116,6.56521739,0,0.14814815,0,2.22222222,stats_player_week_2022.csv.gz
00-0036971,Trevor Lawrence,QB,JAX,2022,8,REG,DEN,18,31,133,1,2,2,-19,1,0,6,3,15,0,0,0,1,-13.94851822,-0.26189266,33,1,0,52.217742,4.29032258,0.06451613,0.06060606,0.03030303,0.45454545,stats_player_week_2022.csv.gz
00-0036972,Mac Jones,QB,NE,2022,8,REG,NYJ,24,35,194,1,1,6,-33,1,0,9,7,19,0,0,0,2,-7.04423769,3.07782578,41,1,0,79.940476,5.54285714,0.02857143,0.14634146,0.02439024,0.46341463,stats_player_week_2022.csv.gz
00-0037013,Zach Wilson,QB,NYJ,2022,8,REG,NE,20,41,355,2,3,2,-19,0,0,15,1,2,0,0,0,0,-2.31006737,-0.44040097,43,0,0,64.583333,8.65853659,0.07317073,0.04651163,0,0.04651163,stats_player_week_2022.csv.gz
00-0038102,Kenny Pickett,QB,PIT,2022,8,REG,PHI,25,38,191,0,1,6,-38,1,1,8,7,37,0,1,0,4,-15.69745935,2.54386568,44,2,1,66.885965,5.02631579,0.02631579,0.13636364,0.04545455,0.84090909,stats_player_week_2022.csv.gz
00-0038128,Malik Willis,QB,TEN,2022,8,REG,HOU,6,10,55,0,1,3,-15,0,0,3,5,12,0,0,0,0,-10.61827318,-1.70685805,13,0,0,35.416667,5.5,0.1,0.23076923,0,0.92307692,stats_player_week_2022.csv.gz
00-0019596,Tom Brady,QB,TB,2022,9,REG,LA,36,58,280,1,0,1,-8,0,0,15,0,0,0,0,0,0,-4.88304229,0,59,0,0,79.66954,4.82758621,0,0.01694915,0,0,stats_player_week_2022.csv.gz
00-0023459,Aaron Rodgers,QB,GB,2022,9,REG,DET,23,43,291,1,3,1,-8,0,0,11,4,40,0,0,0,2,-13.54264039,7.77330516,44,0,0,53.536822,6.76744186,0.06976744,0.02272727,0,0.90909091,stats_player_week_2022.csv.gz
00-0026498,Matthew Stafford,QB,LA,2022,9,REG,TB,13,27,165,1,0,4,-27,0,0,6,2,-1,0,1,0,0,-4.68223866,-1.18199927,31,1,0,80.015432,6.11111111,0,0.12903226,0.03225806,-0.03225806,stats_player_week_2022.csv.gz
00-0027973,Andy Dalton,QB,NO,2022,9,REG,BAL,19,29,210,1,1,4,-28,0,0,9,2,5,0,0,0,1,-4.55619734,-0.0052583,33,0,0,83.979885,7.24137931,0.03448276,0.12121212,0,0.15151515,stats_player_week_2022.csv.gz
00-0029604,Kirk Cousins,QB,MIN,2022,9,REG,WAS,22,40,265,2,1,2,-17,0,0,12,2,-2,0,0,0,1,0.8858901,-0.12619527,42,0,0,81.770833,6.625,0.025,0.04761905,0,-0.04761905,stats_player_week_2022.csv.gz
00-0030565,Geno Smith,QB,SEA,2022,9,REG,ARI,26,34,275,2,1,2,-12,0,0,14,6,38,0,0,0,3,-1.26040899,0.14210704,36,0,0,106.862745,8.08823529,0.02941176,0.05555556,0,1.05555556,stats_player_week_2022.csv.gz
00-0031280,Derek Carr,QB,LV,2022,9,REG,JAX,21,36,259,2,0,2,-11,0,0,11,0,0,0,0,0,0,7.94007166,0,38,0,0,99.189815,7.19444444,0,0.05263158,0,0,stats_player_week_2022.csv.gz
00-0031800,Taylor Heinicke,QB,WAS,2022,9,REG,MIN,15,28,149,2,1,3,-23,0,0,9,4,17,0,0,0,0,-11.00584169,-0.76956019,31,0,0,77.827381,5.32142857,0.03571429,0.09677419,0,0.5483871,stats_player_week_2022.csv.gz
00-0032268,Marcus Mariota,QB,ATL,2022,9,REG,LAC,12,23,129,0,0,2,-15,0,0,7,5,24,0,0,0,3,-0.44220906,0.66759472,25,0,0,68.931159,5.60869565,0,0.08,0,0.96,stats_player_week_2022.csv.gz
00-0032434,Brandon Allen,QB,CIN,2022,9,REG,CAR,3,3,22,0,0,1,0,0,0,1,3,-1,0,0,0,1,-0.68825393,0.46789629,4,0,0,97.222222,7.33333333,0,0.25,0,-0.25,stats_player_week_2022.csv.gz
00-0033106,Jared Goff,QB,DET,2022,9,REG,GB,14,26,137,2,1,0,0,0,0,10,1,-1,0,0,0,0,-1.46377222,0,26,0,0,78.525641,5.26923077,0.03846154,0,0,-0.03846154,stats_player_week_2022.csv.gz
00-0033275,PJ Walker,QB,CAR,2022,9,REG,CIN,3,10,9,0,2,0,0,0,0,0,1,6,0,0,0,0,-13.38681173,-0.10088201,10,0,0,0,0.9,0.2,0,0,0.6,stats_player_week_2022.csv.gz
00-0033319,Nick Mullens,QB,MIN,2022,9,REG,WAS,1,1,-3,0,0,0,0,0,0,0,0,0,0,0,0,0,-1.01253695,0,1,0,0,79.166667,-3,0,0,0,0,stats_player_week_2022.csv.gz
00-0033873,Patrick Mahomes,QB,KC,2022,9,REG,TEN,43,68,446,1,1,4,-24,0,0,23,6,63,1,0,0,3,1.67042684,8.58719157,72,0,0,80.882353,6.55882353,0.01470588,0.05555556,0,0.875,stats_player_week_2022.csv.gz
00-0034796,Lamar Jackson,QB,BAL,2022,9,REG,NO,12,22,133,1,0,3,-2,0,0,7,11,82,0,0,0,7,4.45918378,7.15496175,25,0,0,87.878788,6.04545455,0,0.12,0,3.28,stats_player_week_2022.csv.gz
00-0034855,Baker Mayfield,QB,CAR,2022,9,REG,CIN,14,20,155,2,0,0,0,0,0,8,0,0,0,0,0,0,11.83189404,0,20,0,0,126.041667,7.75,0,0,0,0,stats_player_week_2022.csv.gz
00-0034857,Josh Allen,QB,BUF,2022,9,REG,NYJ,18,34,205,0,2,5,-22,2,0,10,9,86,2,0,0,7,-12.69921877,12.58127176,39,2,0,46.813725,6.02941176,0.05882353,0.12820513,0.05128205,2.20512821,stats_player_week_2022.csv.gz
00-0035228,Kyler Murray,QB,ARI,2022,9,REG,SEA,25,35,175,2,0,5,-35,1,0,8,8,60,0,1,1,2,-7.64520307,-2.40391026,40,2,1,101.488095,5,0,0.125,0.05,1.5,stats_player_week_2022.csv.gz
00-0036212,Tua Tagovailoa,QB,MIA,2022,9,REG,CHI,21,30,302,3,0,0,0,0,0,15,5,0,0,1,0,0,18.97643672,-4.36410538,30,1,0,135.694444,10.06666667,0,0,0.03333333,0,stats_player_week_2022.csv.gz
00-0036355,Justin Herbert,QB,LAC,2022,9,REG,ATL,30,43,245,1,1,0,0,0,0,16,1,3,0,0,0,0,4.97871571,-0.7178867,43,0,0,82.025194,5.69767442,0.02325581,0,0,0.06976744,stats_player_week_2022.csv.gz
00-0036389,Jalen Hurts,QB,PHI,2022,9,REG,HOU,21,27,243,2,0,4,-26,1,1,14,9,23,0,1,0,3,7.07121247,0.23891862,31,2,1,128.858025,9,0,0.12903226,0.06451613,0.74193548,stats_player_week_2022.csv.gz
00-0036442,Joe Burrow,QB,CIN,2022,9,REG,CAR,22,28,206,1,0,1,-5,0,0,9,4,9,1,0,0,3,10.73769141,2.08305593,29,0,0,109.22619,7.35714286,0,0.03448276,0,0.31034483,stats_player_week_2022.csv.gz
00-0036879,Sam Ehlinger,QB,IND,2022,9,REG,NE,15,29,103,0,1,9,-60,0,0,3,5,39,0,0,0,2,-29.42915181,1.4082519,38,0,0,45.617816,3.55172414,0.03448276,0.23684211,0,1.02631579,stats_player_week_2022.csv.gz
00-0036898,Davis Mills,QB,HOU,2022,9,REG,PHI,13,22,154,2,2,3,-19,0,0,8,3,18,0,0,0,1,-7.14601022,-0.13278463,25,0,0,72.916667,7,0.09090909,0.12,0,0.72,stats_player_week_2022.csv.gz
00-0036945,Justin Fields,QB,CHI,2022,9,REG,MIA,17,28,123,3,0,2,-7,0,0,7,15,178,1,0,0,12,0.42344198,17.35653684,30,0,0,106.696429,4.39285714,0,0.06666667,0,5.93333333,stats_player_week_2022.csv.gz
00-0036971,Trevor Lawrence,QB,JAX,2022,9,REG,LV,25,31,235,1,0,0,0,0,0,12,6,53,0,1,1,2,13.69990938,-3.13664307,31,1,1,109.005376,7.58064516,0,0,0.03225806,1.70967742,stats_player_week_2022.csv.gz
00-0036972,Mac Jones,QB,NE,2022,9,REG,IND,20,30,147,1,0,4,-14,0,0,6,1,-2,0,0,0,0,-8.34834139,0,34,0,0,89.166667,4.9,0,0.11764706,0,-0.05882353,stats_player_week_2022.csv.gz
00-0037013,Zach Wilson,QB,NYJ,2022,9,REG,BUF,18,25,154,1,0,2,-18,1,1,9,5,24,0,0,0,3,-1.78402634,0.20802656,27,1,1,101.083333,6.16,0,0.07407407,0.03703704,0.88888889,stats_player_week_2022.csv.gz
00-0038128,Malik Willis,QB,TEN,2022,9,REG,KC,5,16,80,0,0,3,-23,0,0,3,8,40,0,0,0,1,-5.5610518,-0.96632943,19,0,0,48.958333,5,0,0.15789474,0,2.10526316,stats_player_week_2022.csv.gz
00-0019596,Tom Brady,QB,TB,2022,10,REG,SEA,22,29,258,2,1,0,0,0,0,15,6,-3,0,0,0,0,15.30845232,-2.94423849,29,0,0,110.991379,8.89655172,0.03448276,0,0,-0.10344828,stats_player_week_2022.csv.gz
00-0023459,Aaron Rodgers,QB,GB,2022,10,REG,DAL,14,20,224,3,0,2,-16,1,1,8,2,4,0,0,0,1,6.87732358,-1.02952938,22,1,1,146.666667,11.2,0,0.09090909,0.04545455,0.18181818,stats_player_week_2022.csv.gz
00-0026143,Matt Ryan,QB,IND,2022,10,REG,LV,21,28,222,1,0,1,-14,0,0,10,4,38,1,0,0,2,7.446534,3.62739978,29,0,0,109.52381,7.92857143,0,0.03448276,0,1.31034483,stats_player_week_2022.csv.gz
00-0026544,Chase Daniel,QB,LAC,2022,10,REG,SF,0,2,0,0,0,1,-1,0,0,0,0,0,0,0,0,0,-1.29777161,0,3,0,0,39.583333,0,0,0.33333333,0,0,stats_player_week_2022.csv.gz
00-0027688,Colt McCoy,QB,ARI,2022,10,REG,LA,26,37,238,1,0,2,-18,0,0,11,4,4,0,1,0,2,2.80184721,2.93294874,39,1,0,96.452703,6.43243243,0,0.05128205,0.02564103,0.1025641,stats_player_week_2022.csv.gz
00-0027973,Andy Dalton,QB,NO,2022,10,REG,PIT,17,27,174,1,2,2,-17,1,0,8,3,1,0,1,0,0,-1.41140235,-5.21112092,29,2,0,62.885802,6.44444444,0.07407407,0.06896552,0.06896552,0.03448276,stats_player_week_2022.csv.gz
00-0029263,Russell Wilson,QB,DEN,2022,10,REG,TEN,21,42,286,1,1,6,-38,1,0,10,7,8,0,2,0,2,-6.2718932,-0.62303264,48,3,0,70.138889,6.80952381,0.02380952,0.125,0.0625,0.16666667,stats_player_week_2022.csv.gz
00-0029604,Kirk Cousins,QB,MIN,2022,10,REG,BUF,30,50,357,1,2,4,-23,1,0,14,6,12,0,1,0,1,4.85680225,-5.43464879,54,2,0,71.833333,7.14,0.04,0.07407407,0.03703704,0.22222222,stats_player_week_2022.csv.gz
00-0029701,Ryan Tannehill,QB,TEN,2022,10,REG,DEN,19,36,255,2,0,1,-11,0,0,11,2,12,0,0,0,1,4.79247971,1.32356625,37,0,0,94.097222,7.08333333,0,0.02702703,0,0.32432432,stats_player_week_2022.csv.gz
00-0030565,Geno Smith,QB,SEA,2022,10,REG,TB,23,33,275,2,0,3,-31,1,1,15,4,22,0,0,0,0,3.93414918,1.78656024,36,1,1,115.088384,8.33333333,0,0.08333333,0.02777778,0.61111111,stats_player_week_2022.csv.gz
00-0031280,Derek Carr,QB,LV,2022,10,REG,IND,24,38,248,2,0,2,-16,0,0,10,0,0,0,0,0,0,1.98616407,0,40,0,0,99.451754,6.52631579,0,0.05,0,0,stats_player_week_2022.csv.gz
00-0031345,Jimmy Garoppolo,QB,SF,2022,10,REG,LAC,19,28,240,0,0,1,-10,0,0,10,5,3,1,0,0,2,10.09997538,-0.67081975,29,0,0,94.345238,8.57142857,0,0.03448276,0,0.10344828,stats_player_week_2022.csv.gz
00-0031800,Taylor Heinicke,QB,WAS,2022,10,REG,PHI,17,29,211,0,1,3,-33,1,1,9,5,10,0,0,0,2,2.61369978,0.20581332,32,1,1,66.882184,7.27586207,0.03448276,0.09375,0.03125,0.3125,stats_player_week_2022.csv.gz
00-0032268,Marcus Mariota,QB,ATL,2022,10,REG,CAR,19,30,186,2,1,5,-33,0,0,11,3,43,0,0,0,2,-7.50526938,3.8083522,35,0,0,89.027778,6.2,0.03333333,0.14285714,0,1.22857143,stats_player_week_2022.csv.gz
00-0033077,Dak Prescott,QB,DAL,2022,10,REG,GB,27,46,265,3,2,2,-3,0,0,13,4,6,0,0,0,4,-6.6972864,4.44131895,48,0,0,78.623188,5.76086957,0.04347826,0.04166667,0,0.125,stats_player_week_2022.csv.gz
00-0033106,Jared Goff,QB,DET,2022,10,REG,CHI,19,26,236,1,0,2,-8,0,0,12,4,14,0,1,0,1,17.63670287,-4.04118385,28,1,0,113.621795,9.07692308,0,0.07142857,0.03571429,0.5,stats_player_week_2022.csv.gz
00-0033119,Jacoby Brissett,QB,CLE,2022,10,REG,MIA,22,35,212,1,0,3,-27,0,0,10,7,40,0,0,0,4,-5.99962724,6.92677611,38,0,0,89.22619,6.05714286,0,0.07894737,0,1.05263158,stats_player_week_2022.csv.gz
00-0033275,PJ Walker,QB,CAR,2022,10,REG,ATL,10,16,108,0,0,1,-7,0,0,4,3,14,0,0,0,2,-1.4368196,1.67619765,17,0,0,82.291667,6.75,0,0.05882353,0,0.82352941,stats_player_week_2022.csv.gz
00-0033873,Patrick Mahomes,QB,KC,2022,10,REG,JAX,26,35,331,4,1,0,0,0,0,17,7,39,0,1,0,2,20.04489135,0.48639282,35,1,0,129.583333,9.45714286,0.02857143,0,0.02857143,1.11428571,stats_player_week_2022.csv.gz
00-0034857,Josh Allen,QB,BUF,2022,10,REG,MIN,29,43,330,1,2,2,-19,0,0,17,6,84,0,1,1,4,2.76202609,-0.805198,45,1,1,78.633721,7.6744186,0.04651163,0.04444444,0.02222222,1.86666667,stats_player_week_2022.csv.gz
00-0034899,John Wolford,QB,LA,2022,10,REG,ARI,24,36,212,1,1,3,-19,1,1,12,3,3,0,1,0,1,-11.77788516,0.88309867,39,2,1,79.861111,5.88888889,0.02777778,0.07692308,0.05128205,0.07692308,stats_player_week_2022.csv.gz
00-0035710,Daniel Jones,QB,NYG,2022,10,REG,HOU,13,17,197,2,0,3,-21,0,0,8,5,24,0,0,0,2,11.87755569,0.84997301,20,0,0,153.308824,11.58823529,0,0.15,0,1.2,stats_player_week_2022.csv.gz
00-0035939,Bryce Perkins,QB,LA,2022,10,REG,ARI,1,1,-3,0,0,0,0,0,0,0,3,4,0,0,0,0,-1.1198842,-2.23342835,1,0,0,79.166667,-3,0,0,0,4,stats_player_week_2022.csv.gz
00-0036212,Tua Tagovailoa,QB,MIA,2022,10,REG,CLE,25,32,285,3,0,0,0,0,0,16,1,0,0,0,0,0,17.95212741,-1.21312753,32,0,0,135.026042,8.90625,0,0,0,0,stats_player_week_2022.csv.gz
00-0036355,Justin Herbert,QB,LAC,2022,10,REG,SF,21,35,196,1,1,2,-8,1,0,7,5,22,0,0,0,2,-6.68053121,3.19053179,37,1,0,73.035714,5.6,0.02857143,0.05405405,0.02702703,0.59459459,stats_player_week_2022.csv.gz
00-0036389,Jalen Hurts,QB,PHI,2022,10,REG,WAS,17,26,175,2,1,1,-5,0,0,10,6,28,1,0,0,4,6.53700288,2.28784547,27,0,0,94.230769,6.73076923,0.03846154,0.03703704,0,1.03703704,stats_player_week_2022.csv.gz
00-0036898,Davis Mills,QB,HOU,2022,10,REG,NYG,22,37,319,1,1,4,-33,0,0,15,0,0,0,0,0,0,5.21063843,0,41,0,0,85.304054,8.62162162,0.02702703,0.09756098,0,0,stats_player_week_2022.csv.gz
00-0036945,Justin Fields,QB,CHI,2022,10,REG,DET,12,20,167,2,1,3,-17,0,0,6,13,147,2,1,0,6,-3.74856204,8.95994617,23,1,0,99.375,8.35,0.05,0.13043478,0.04347826,6.39130435,stats_player_week_2022.csv.gz
00-0036971,Trevor Lawrence,QB,JAX,2022,10,REG,KC,29,40,259,2,0,5,-19,0,0,14,4,26,0,0,0,1,7.03349981,-0.852269,45,0,0,106.145833,6.475,0,0.11111111,0,0.57777778,stats_player_week_2022.csv.gz
00-0037327,Skylar Thompson,QB,MIA,2022,10,REG,CLE,1,1,17,0,0,0,0,0,0,1,3,0,0,0,0,0,0.91623614,-2.98452562,1,0,0,118.75,17,0,0,0,0,stats_player_week_2022.csv.gz
00-0038102,Kenny Pickett,QB,PIT,2022,10,REG,NO,18,30,199,0,0,6,-37,0,0,9,8,51,1,0,0,4,-2.62797337,1.14049973,36,0,0,79.722222,6.63333333,0,0.16666667,0,1.41666667,stats_player_week_2022.csv.gz
00-0038128,Malik Willis,QB,TEN,2022,10,REG,DEN,0,0,0,0,0,0,0,0,0,0,1,-4,0,1,1,0,0,-4.875684,0,1,1,,,,,,,stats_player_week_2022.csv.gz
00-0023459,Aaron Rodgers,QB,GB,2022,11,REG,TEN,24,39,227,2,0,1,-12,0,0,11,0,0,0,0,0,0,2.71008367,0,40,0,0,94.711538,5.82051282,0,0.025,0,0,stats_player_week_2022.csv.gz
00-0026143,Matt Ryan,QB,IND,2022,11,REG,PHI,23,32,213,0,0,4,-28,0,0,9,1,1,0,0,0,1,-3.33715235,0.28770882,36,0,0,89.713542,6.65625,0,0.11111111,0,0.02777778,stats_player_week_2022.csv.gz
00-0026498,Matthew Stafford,QB,LA,2022,11,REG,NO,11,18,159,2,0,1,-9,0,0,7,1,4,0,0,0,0,4.53103362,-0.63804684,19,0,0,126.851852,8.83333333,0,0.05263158,0,0.21052632,stats_player_week_2022.csv.gz
00-0027688,Colt McCoy,QB,ARI,2022,11,REG,SF,24,34,218,0,1,3,-30,0,0,8,3,6,0,0,0,1,-4.42068532,-1.04437905,37,0,0,75.367647,6.41176471,0.02941176,0.08108108,0,0.16216216,stats_player_week_2022.csv.gz
00-0027973,Andy Dalton,QB,NO,2022,11,REG,LA,21,25,260,3,0,3,-32,0,0,13,2,-2,0,0,0,0,10.6767135,-0.83078997,28,0,0,149.583333,10.4,0,0.10714286,0,-0.07142857,stats_player_week_2022.csv.gz
00-0029263,Russell Wilson,QB,DEN,2022,11,REG,LV,24,31,247,0,0,3,-21,0,0,11,1,8,0,0,0,0,1.46256006,2.42829493,34,0,0,99.798387,7.96774194,0,0.08823529,0,0.23529412,stats_player_week_2022.csv.gz
00-0029604,Kirk Cousins,QB,MIN,2022,11,REG,DAL,12,23,105,0,0,7,-49,1,1,7,0,0,0,0,0,0,-18.25417926,0,30,1,1,64.583333,4.56521739,0,0.23333333,0.03333333,0,stats_player_week_2022.csv.gz
00-0029701,Ryan Tannehill,QB,TEN,2022,11,REG,GB,22,27,333,2,1,3,-17,0,0,14,3,-3,0,0,0,0,16.86616978,-4.94967826,30,0,0,127.314815,12.33333333,0.03703704,0.1,0,-0.1,stats_player_week_2022.csv.gz
00-0031280,Derek Carr,QB,LV,2022,11,REG,DEN,23,37,307,2,0,1,-9,0,0,10,0,0,0,0,0,0,7.10710814,0,38,0,0,106.475225,8.2972973,0,0.02631579,0,0,stats_player_week_2022.csv.gz
00-0031345,Jimmy Garoppolo,QB,SF,2022,11,REG,ARI,20,29,228,4,0,0,0,0,0,13,1,3,0,0,0,1,16.2385746,0.52827625,29,0,0,131.896552,7.86206897,0,0,0,0.10344828,stats_player_week_2022.csv.gz
00-0031800,Taylor Heinicke,QB,WAS,2022,11,REG,HOU,15,27,191,0,0,0,0,0,0,10,3,2,0,1,0,0,1.14299169,-2.52876127,27,1,0,77.854938,7.07407407,0,0,0.03703704,0.07407407,stats_player_week_2022.csv.gz
00-0032268,Marcus Mariota,QB,ATL,2022,11,REG,CHI,13,20,131,1,0,0,0,0,0,7,13,25,1,0,0,3,1.54531688,-4.05534931,20,0,0,100.208333,6.55,0,0,0,1.25,stats_player_week_2022.csv.gz
00-0033077,Dak Prescott,QB,DAL,2022,11,REG,MIN,22,25,276,2,0,0,0,0,0,9,3,16,0,0,0,1,18.39916209,1.07552531,25,0,0,139.333333,11.04,0,0,0,0.64,stats_player_week_2022.csv.gz
00-0033106,Jared Goff,QB,DET,2022,11,REG,NYG,17,26,165,0,0,0,0,0,0,9,4,-1,0,0,0,1,2.79655323,-1.55894679,26,0,0,83.012821,6.34615385,0,0,0,-0.03846154,stats_player_week_2022.csv.gz
00-0033119,Jacoby Brissett,QB,CLE,2022,11,REG,BUF,28,41,324,3,0,1,-8,0,0,19,7,29,0,1,1,1,17.76622392,-7.19081823,42,1,1,116.310976,7.90243902,0,0.02380952,0.02380952,0.69047619,stats_player_week_2022.csv.gz
00-0033319,Nick Mullens,QB,MIN,2022,11,REG,DAL,5,7,54,0,0,0,0,0,0,3,0,0,0,0,0,0,2.15433672,0,7,0,0,93.75,7.71428571,0,0,0,0,stats_player_week_2022.csv.gz
00-0033662,Cooper Rush,QB,DAL,2022,11,REG,MIN,4,5,31,0,0,0,0,0,0,2,0,0,0,0,0,0,1.25835128,0,5,0,0,92.5,6.2,0,0,0,0,stats_player_week_2022.csv.gz
00-0033873,Patrick Mahomes,QB,KC,2022,11,REG,LAC,20,34,329,3,0,1,-7,0,0,15,4,23,0,1,0,1,17.98529261,-1.23811752,35,1,0,120.833333,9.67647059,0,0.02857143,0.02857143,0.65714286,stats_player_week_2022.csv.gz
00-0034796,Lamar Jackson,QB,BAL,2022,11,REG,CAR,24,33,209,0,1,3,-16,0,0,9,11,31,1,0,0,4,-5.45715548,-0.43296981,36,0,0,76.45202,6.33333333,0.03030303,0.08333333,0,0.86111111,stats_player_week_2022.csv.gz
00-0034855,Baker Mayfield,QB,CAR,2022,11,REG,BAL,21,33,196,0,2,4,-27,0,0,7,2,12,0,0,0,1,-14.26777505,1.32149084,37,0,0,54.608586,5.93939394,0.06060606,0.10810811,0,0.32432432,stats_player_week_2022.csv.gz
00-0034857,Josh Allen,QB,BUF,2022,11,REG,CLE,18,27,197,1,0,2,-11,0,0,9,3,7,0,0,0,1,6.95573125,-0.29852266,29,0,0,100.385802,7.2962963,0,0.06896552,0,0.24137931,stats_player_week_2022.csv.gz
00-0035146,Trace McSorley,QB,ARI,2022,11,REG,SF,6,10,59,0,1,0,0,0,0,4,1,6,0,0,0,0,-2.31948876,0.0363821,10,0,0,37.083333,5.9,0.1,0,0,0.6,stats_player_week_2022.csv.gz
00-0035710,Daniel Jones,QB,NYG,2022,11,REG,DET,27,44,341,1,2,2,-17,0,0,17,7,50,1,0,0,5,2.52414683,7.38810804,46,0,0,74.147727,7.75,0.04545455,0.04347826,0,1.08695652,stats_player_week_2022.csv.gz
00-0035939,Bryce Perkins,QB,LA,2022,11,REG,NO,5,10,64,0,0,3,-26,0,0,3,5,39,0,0,0,2,-4.43100966,2.33219129,13,0,0,70.416667,6.4,0,0.23076923,0,3,stats_player_week_2022.csv.gz
00-0036355,Justin Herbert,QB,LAC,2022,11,REG,KC,23,30,280,2,1,5,-30,0,0,12,5,17,0,0,0,3,6.73790742,3.95546529,35,0,0,113.194444,9.33333333,0.03333333,0.14285714,0,0.48571429,stats_player_week_2022.csv.gz
00-0036389,Jalen Hurts,QB,PHI,2022,11,REG,IND,18,25,190,1,0,3,-17,2,1,6,16,86,1,0,0,8,-5.43837238,5.89647913,28,2,1,107.083333,7.6,0,0.10714286,0.07142857,3.07142857,stats_player_week_2022.csv.gz
00-0036442,Joe Burrow,QB,CIN,2022,11,REG,PIT,24,39,355,4,2,2,-9,0,0,18,4,5,0,0,0,0,12.71626268,-1.65629241,41,0,0,104.113248,9.1025641,0.05128205,0.04878049,0,0.12195122,stats_player_week_2022.csv.gz
00-0036898,Davis Mills,QB,HOU,2022,11,REG,WAS,19,33,169,0,2,5,-42,0,0,6,5,10,1,0,0,3,-18.63728263,4.04143086,38,0,0,46.14899,5.12121212,0.06060606,0.13157895,0,0.26315789,stats_player_week_2022.csv.gz
00-0036945,Justin Fields,QB,CHI,2022,11,REG,ATL,14,21,153,1,1,4,-25,0,0,7,18,85,1,1,0,7,1.47231945,2.83264558,25,1,0,84.027778,7.28571429,0.04761905,0.16,0.04,3.4,stats_player_week_2022.csv.gz
00-0036972,Mac Jones,QB,NE,2022,11,REG,NYJ,23,27,246,0,0,6,-48,0,0,8,2,3,0,0,0,1,-1.28733945,0.4511208,33,0,0,104.62963,9.11111111,0,0.18181818,0,0.09090909,stats_player_week_2022.csv.gz
00-0037013,Zach Wilson,QB,NYJ,2022,11,REG,NE,9,22,77,0,0,4,-33,0,0,3,3,26,0,0,0,1,-12.39690188,2.3209083,26,0,0,50.757576,3.5,0,0.15384615,0,1,stats_player_week_2022.csv.gz
00-0037834,Brock Purdy,QB,SF,2022,11,REG,ARI,0,0,0,0,0,0,0,0,0,0,3,3,0,0,0,0,0,0.31484606,0,0,0,,,,,,,stats_player_week_2022.csv.gz
00-0038102,Kenny Pickett,QB,PIT,2022,11,REG,CIN,25,42,265,1,0,2,-16,0,0,10,2,14,0,0,0,1,-2.2171213,0.90596292,44,0,0,85.912698,6.30952381,0,0.04545455,0,0.31818182,stats_player_week_2022.csv.gz
00-0019596,Tom Brady,QB,TB,2022,12,REG,CLE,29,43,246,2,0,3,-17,0,0,9,1,2,0,0,0,1,-1.70760845,1.53526953,46,0,0,97.625969,5.72093023,0,0.06521739,0,0.04347826,stats_player_week_2022.csv.gz
00-0023459,Aaron Rodgers,QB,GB,2022,12,REG,PHI,11,16,140,2,2,3,-17,0,0,8,1,-1,0,0,0,0,0.24754999,0,19,0,0,95.833333,8.75,0.125,0.15789474,0,-0.05263158,stats_player_week_2022.csv.gz
00-0026143,Matt Ryan,QB,IND,2022,12,REG,PIT,22,34,199,1,1,3,-19,1,0,11,4,22,0,1,1,2,-5.06927882,-3.51590008,37,2,1,77.941176,5.85294118,0.02941176,0.08108108,0.05405405,0.59459459,stats_player_week_2022.csv.gz
00-0027973,Andy Dalton,QB,NO,2022,12,REG,SF,18,29,204,0,0,1,-7,0,0,8,4,21,0,0,0,0,0.33072027,-0.18040728,30,0,0,83.117816,7.03448276,0,0.03333333,0,0.7,stats_player_week_2022.csv.gz
00-0029263,Russell Wilson,QB,DEN,2022,12,REG,CAR,19,35,142,1,0,3,-17,1,1,8,2,8,0,0,0,0,-14.19139914,0.15166699,38,1,1,73.75,4.05714286,0,0.07894737,0.02631579,0.21052632,stats_player_week_2022.csv.gz
00-0029604,Kirk Cousins,QB,MIN,2022,12,REG,NE,30,37,299,3,1,1,-9,0,0,15,1,-1,0,0,0,0,11.62973163,0,38,0,0,116.103604,8.08108108,0.02702703,0.02631579,0,-0.02631579,stats_player_week_2022.csv.gz
00-0029701,Ryan Tannehill,QB,TEN,2022,12,REG,CIN,22,34,291,0,0,1,-10,0,0,12,2,9,0,0,0,1,6.65835987,1.1532552,35,0,0,91.666667,8.55882353,0,0.02857143,0,0.25714286,stats_player_week_2022.csv.gz
00-0030565,Geno Smith,QB,SEA,2022,12,REG,LV,27,37,328,2,1,3,-21,0,0,15,5,22,0,1,1,3,8.04267646,-2.56547162,40,1,1,106.587838,8.86486486,0.02702703,0.075,0.025,0.55,stats_player_week_2022.csv.gz
00-0031280,Derek Carr,QB,LV,2022,12,REG,SEA,25,36,295,3,2,1,-2,0,0,14,2,10,0,0,0,1,13.62871907,0.55166935,37,0,0,98.726852,8.19444444,0.05555556,0.02702703,0,0.27027027,stats_player_week_2022.csv.gz
00-0031345,Jimmy Garoppolo,QB,SF,2022,12,REG,NO,26,37,222,1,0,1,-1,0,0,12,4,4,0,0,0,1,1.29837118,-1.80167077,38,0,0,94.650901,6,0,0.02631579,0,0.10526316,stats_player_week_2022.csv.gz
00-0031800,Taylor Heinicke,QB,WAS,2022,12,REG,ATL,14,23,138,2,1,0,0,0,0,8,1,-1,0,0,0,0,2.36639114,0,23,0,0,88.677536,6,0.04347826,0,0,-0.04347826,stats_player_week_2022.csv.gz
00-0032156,Trevor Siemian,QB,CHI,2022,12,REG,NYJ,14,25,179,1,1,2,-14,0,0,7,4,8,0,0,0,1,-7.0488499,-0.86651877,27,0,0,75.25,7.16,0.04,0.07407407,0,0.2962963,stats_player_week_2022.csv.gz
00-0032268,Marcus Mariota,QB,ATL,2022,12,REG,WAS,15,25,174,1,1,1,-9,0,0,6,6,49,0,0,0,3,-4.72027476,3.38032703,26,0,0,77.75,6.96,0.04,0.03846154,0,1.88461538,stats_player_week_2022.csv.gz
00-0033077,Dak Prescott,QB,DAL,2022,12,REG,NYG,21,30,261,2,2,0,0,0,0,13,2,4,0,0,0,0,11.65160347,-0.75257328,30,0,0,91.111111,8.7,0.06666667,0,0,0.13333333,stats_player_week_2022.csv.gz
00-0033106,Jared Goff,QB,DET,2022,12,REG,BUF,23,37,240,2,0,2,-10,0,0,13,0,0,0,0,0,0,5.66123009,0,39,0,0,98.93018,6.48648649,0,0.05128205,0,0,stats_player_week_2022.csv.gz
00-0033119,Jacoby Brissett,QB,CLE,2022,12,REG,TB,23,37,210,1,1,4,-32,0,0,10,2,27,0,0,0,2,-5.77900337,2.73794379,41,0,0,75.281532,5.67567568,0.02702703,0.09756098,0,0.65853659,stats_player_week_2022.csv.gz
00-0033873,Patrick Mahomes,QB,KC,2022,12,REG,LA,27,42,320,1,1,0,0,0,0,20,4,36,0,0,0,3,7.43544787,4.31728574,42,0,0,85.416667,7.61904762,0.02380952,0,0,0.85714286,stats_player_week_2022.csv.gz
00-0034401,Mike White,QB,NYJ,2022,12,REG,CHI,22,28,315,3,0,1,-7,0,0,14,3,2,0,0,0,1,17.47224735,-0.66557722,29,0,0,149.255952,11.25,0,0.03448276,0,0.06896552,stats_player_week_2022.csv.gz
00-0034577,Kyle Allen,QB,HOU,2022,12,REG,MIA,26,39,215,1,2,5,-41,2,0,9,4,12,0,0,0,2,-16.71981244,2.02031043,44,2,0,67.788462,5.51282051,0.05128205,0.11363636,0.04545455,0.27272727,stats_player_week_2022.csv.gz
00-0034796,Lamar Jackson,QB,BAL,2022,12,REG,JAX,16,32,254,1,0,1,-1,0,0,10,14,89,0,1,1,5,8.0499621,3.9785131,33,1,1,87.239583,7.9375,0,0.03030303,0.03030303,2.6969697,stats_player_week_2022.csv.gz
00-0034857,Josh Allen,QB,BUF,2022,12,REG,DET,24,42,253,2,1,3,-16,0,0,16,10,78,1,1,0,5,-0.73839826,8.06693974,45,1,0,80.753968,6.02380952,0.02380952,0.06666667,0.02222222,1.73333333,stats_player_week_2022.csv.gz
00-0034869,Sam Darnold,QB,CAR,2022,12,REG,DEN,11,19,164,1,0,0,0,0,0,9,3,3,1,1,0,1,5.22265047,-2.0323816,19,1,0,103.837719,8.63157895,0,0,0.05263158,0.15789474,stats_player_week_2022.csv.gz
00-0035228,Kyler Murray,QB,ARI,2022,12,REG,LAC,18,29,191,2,1,1,-6,0,0,10,7,56,1,0,0,4,7.67626856,3.81621433,30,0,0,89.87069,6.5862069,0.03448276,0.03333333,0,1.86666667,stats_player_week_2022.csv.gz
00-0035710,Daniel Jones,QB,NYG,2022,12,REG,DAL,21,35,228,1,0,3,-18,0,0,11,3,14,0,1,0,0,-4.72033451,0.20521784,38,1,0,88.75,6.51428571,0,0.07894737,0.02631579,0.36842105,stats_player_week_2022.csv.gz
00-0035939,Bryce Perkins,QB,LA,2022,12,REG,KC,13,23,100,1,2,3,-24,0,0,7,9,44,0,0,0,3,-13.10003746,1.85794558,26,0,0,45.561594,4.34782609,0.08695652,0.11538462,0,1.69230769,stats_player_week_2022.csv.gz
00-0036212,Tua Tagovailoa,QB,MIA,2022,12,REG,HOU,22,36,299,1,0,4,-26,0,0,17,0,0,0,0,0,0,8.28872592,0,40,0,0,96.875,8.30555556,0,0.1,0,0,stats_player_week_2022.csv.gz
00-0036264,Jordan Love,QB,GB,2022,12,REG,PHI,6,9,113,1,0,0,0,0,0,4,0,0,0,0,0,0,7.29547355,0,9,0,0,146.759259,12.55555556,0,0,0,0,stats_player_week_2022.csv.gz
00-0036355,Justin Herbert,QB,LAC,2022,12,REG,ARI,35,47,274,3,0,4,-28,0,0,18,4,38,0,0,0,3,3.16204973,3.2877037,51,0,0,109.707447,5.82978723,0,0.07843137,0,0.74509804,stats_player_week_2022.csv.gz
00-0036389,Jalen Hurts,QB,PHI,2022,12,REG,GB,16,28,153,2,0,2,-16,0,0,6,17,157,0,1,0,10,1.65857593,9.64982239,30,1,0,96.279762,5.46428571,0,0.06666667,0.03333333,5.23333333,stats_player_week_2022.csv.gz
00-0036442,Joe Burrow,QB,CIN,2022,12,REG,TEN,22,37,270,1,0,1,-4,0,0,11,9,32,0,0,0,2,5.7198941,-1.53228675,38,0,0,91.047297,7.2972973,0,0.02631579,0,0.84210526,stats_player_week_2022.csv.gz
00-0036971,Trevor Lawrence,QB,JAX,2022,12,REG,BAL,29,37,321,3,0,4,-27,2,1,16,2,1,0,0,0,0,14.8545373,-3.88259215,41,2,1,129.842342,8.67567568,0,0.09756098,0.04878049,0.02439024,stats_player_week_2022.csv.gz
00-0036972,Mac Jones,QB,NE,2022,12,REG,MIN,28,39,382,2,0,3,-18,0,0,14,0,0,0,0,0,0,5.79995363,0,42,0,0,119.818376,9.79487179,0,0.07142857,0,0,stats_player_week_2022.csv.gz
00-0037327,Skylar Thompson,QB,MIA,2022,12,REG,HOU,1,5,6,0,0,1,-6,0,0,1,6,5,0,1,1,0,-3.24835484,-6.82758992,6,1,1,39.583333,1.2,0,0.16666667,0.16666667,0.83333333,stats_player_week_2022.csv.gz
00-0038102,Kenny Pickett,QB,PIT,2022,12,REG,IND,20,28,174,0,0,3,-23,0,0,10,6,32,0,0,0,2,-0.00576427,2.62728075,31,0,0,87.5,6.21428571,0,0.09677419,0,1.03225806,stats_player_week_2022.csv.gz
00-0019596,Tom Brady,QB,TB,2022,13,REG,NO,36,54,281,2,1,1,-7,0,0,19,1,-1,0,0,0,0,0.43490685,0,55,0,0,83.950617,5.2037037,0.01851852,0.01818182,0,-0.01818182,stats_player_week_2022.csv.gz
00-0023459,Aaron Rodgers,QB,GB,2022,13,REG,CHI,18,31,182,1,0,0,0,0,0,11,3,4,0,0,0,0,4.58596481,0.06114578,31,0,0,85.685484,5.87096774,0,0,0,0.12903226,stats_player_week_2022.csv.gz
00-0026143,Matt Ryan,QB,IND,2022,13,REG,DAL,21,37,233,2,3,3,-30,1,1,12,3,-2,0,0,0,1,-9.0655978,-0.47666231,40,1,1,59.853604,6.2972973,0.08108108,0.075,0.025,-0.05,stats_player_week_2022.csv.gz
00-0027973,Andy Dalton,QB,NO,2022,13,REG,TB,20,28,229,1,0,2,-18,0,0,11,1,1,0,0,0,0,3.65522359,-0.40661286,30,0,0,107.589286,8.17857143,0,0.06666667,0,0.03333333,stats_player_week_2022.csv.gz
00-0029263,Russell Wilson,QB,DEN,2022,13,REG,BAL,17,22,189,0,0,2,-5,0,0,7,2,21,0,0,0,1,0.79765408,0.78746626,24,0,0,102.272727,8.59090909,0,0.08333333,0,0.875,stats_player_week_2022.csv.gz
00-0029604,Kirk Cousins,QB,MIN,2022,13,REG,NYJ,21,35,173,1,0,2,-14,0,0,12,3,9,0,0,0,1,-1.88730072,1.87743933,37,0,0,82.202381,4.94285714,0,0.05405405,0,0.24324324,stats_player_week_2022.csv.gz
00-0029701,Ryan Tannehill,QB,TEN,2022,13,REG,PHI,14,22,141,1,0,6,-35,0,0,5,3,34,0,0,0,3,-8.72192531,5.40757007,28,0,0,96.969697,6.40909091,0,0.21428571,0,1.21428571,stats_player_week_2022.csv.gz
00-0030565,Geno Smith,QB,SEA,2022,13,REG,LA,28,39,367,3,1,4,-19,1,1,18,2,3,0,0,0,0,10.56147777,-2.5153217,43,1,1,116.07906,9.41025641,0.02564103,0.09302326,0.02325581,0.06976744,stats_player_week_2022.csv.gz
00-0031280,Derek Carr,QB,LV,2022,13,REG,LAC,16,30,250,2,1,0,0,0,0,11,0,0,0,0,0,0,-2.44148148,0,30,0,0,89.583333,8.33333333,0.03333333,0,0,0,stats_player_week_2022.csv.gz
00-0031345,Jimmy Garoppolo,QB,SF,2022,13,REG,MIA,2,4,56,0,0,1,-10,0,0,2,0,0,0,0,0,0,1.79973886,0,5,0,0,95.833333,14,0,0.2,0,0,stats_player_week_2022.csv.gz
00-0031800,Taylor Heinicke,QB,WAS,2022,13,REG,NYG,27,41,275,2,0,5,-29,2,1,13,2,6,0,0,0,0,-0.30665938,0.34844273,46,2,1,101.168699,6.70731707,0,0.10869565,0.04347826,0.13043478,stats_player_week_2022.csv.gz
00-0032268,Marcus Mariota,QB,ATL,2022,13,REG,PIT,13,24,167,1,1,1,-7,0,0,9,3,17,0,0,0,1,-4.99037006,2.041112,25,0,0,72.743056,6.95833333,0.04166667,0.04,0,0.68,stats_player_week_2022.csv.gz
00-0032792,Nate Sudfeld,QB,DET,2022,13,REG,JAX,0,0,0,0,0,0,0,0,0,0,2,-1,0,0,0,0,0,-3.48128269,0,0,0,,,,,,,stats_player_week_2022.csv.gz
00-0033077,Dak Prescott,QB,DAL,2022,13,REG,IND,20,30,170,3,1,1,-5,0,0,11,0,0,0,0,0,0,3.40314791,0,31,0,0,100.694444,5.66666667,0.03333333,0.03225806,0,0,stats_player_week_2022.csv.gz
00-0033106,Jared Goff,QB,DET,2022,13,REG,JAX,31,41,340,2,0,2,-3,0,0,21,0,0,0,0,0,0,21.61648145,0,43,0,0,115.904472,8.29268293,0,0.04651163,0,0,stats_player_week_2022.csv.gz
00-0033537,Deshaun Watson,QB,CLE,2022,13,REG,HOU,12,22,131,0,1,1,-1,0,0,6,7,21,0,0,0,0,-4.55952468,-2.84627536,23,0,0,53.409091,5.95454545,0.04545455,0.04347826,0,0.91304348,stats_player_week_2022.csv.gz
00-0033873,Patrick Mahomes,QB,KC,2022,13,REG,CIN,16,27,223,1,0,2,-12,0,0,11,2,9,1,0,0,1,7.47184197,4.18140597,29,0,0,98.225309,8.25925926,0,0.06896552,0,0.31034483,stats_player_week_2022.csv.gz
00-0033936,C.J. Beathard,QB,JAX,2022,13,REG,DET,2,3,6,0,0,0,0,0,0,0,0,0,0,0,0,0,-4.18464639,0,3,0,0,70.138889,2,0,0,0,0,stats_player_week_2022.csv.gz
00-0034401,Mike White,QB,NYJ,2022,13,REG,MIN,31,57,369,0,2,1,-3,0,0,15,3,7,1,0,0,2,-8.0559987,3.24139851,58,0,0,59.758772,6.47368421,0.03508772,0.01724138,0,0.12068966,stats_player_week_2022.csv.gz
00-0034577,Kyle Allen,QB,HOU,2022,13,REG,CLE,20,39,201,1,2,0,0,0,0,10,2,1,0,2,1,0,-19.17875327,-8.16327906,39,2,1,53.472222,5.15384615,0.05128205,0,0.05128205,0.02564103,stats_player_week_2022.csv.gz
00-0034796,Lamar Jackson,QB,BAL,2022,13,REG,DEN,3,4,11,0,0,2,-10,0,0,0,1,9,0,0,0,0,-5.94939082,0.75185427,6,0,0,77.083333,2.75,0,0.33333333,0,1.5,stats_player_week_2022.csv.gz
00-0034857,Josh Allen,QB,BUF,2022,13,REG,NE,22,33,223,2,0,2,0,1,1,15,8,20,0,0,0,1,11.7515938,-1.2265031,35,1,1,105.997475,6.75757576,0,0.05714286,0.02857143,0.57142857,stats_player_week_2022.csv.gz
00-0034899,John Wolford,QB,LA,2022,13,REG,SEA,14,26,178,0,2,4,-30,1,0,7,5,29,0,0,0,1,-7.9708539,1.17259936,30,1,0,43.429487,6.84615385,0.07692308,0.13333333,0.03333333,0.96666667,stats_player_week_2022.csv.gz
00-0035289,Gardner Minshew,QB,PHI,2022,13,REG,TEN,1,2,11,0,0,0,0,0,0,1,0,0,0,0,0,0,0.74134087,0,2,0,0,66.666667,5.5,0,0,0,0,stats_player_week_2022.csv.gz
00-0035710,Daniel Jones,QB,NYG,2022,13,REG,WAS,25,31,200,1,0,4,-18,0,0,9,12,71,0,1,1,6,-2.26391171,-1.24229361,35,1,1,104.301075,6.4516129,0,0.11428571,0.02857143,2.02857143,stats_player_week_2022.csv.gz
00-0035939,Bryce Perkins,QB,LA,2022,13,REG,SEA,0,0,0,0,0,0,0,0,0,0,1,5,0,0,0,1,0,0.50985722,0,0,0,,,,,,,stats_player_week_2022.csv.gz
00-0035993,Tyler Huntley,QB,BAL,2022,13,REG,DEN,27,32,187,0,1,2,-6,0,0,8,10,41,1,0,0,5,-1.14024293,4.79806024,34,0,0,77.994792,5.84375,0.03125,0.05882353,0,1.20588235,stats_player_week_2022.csv.gz
00-0036212,Tua Tagovailoa,QB,MIA,2022,13,REG,SF,18,33,295,2,2,3,-20,1,1,11,0,0,0,0,0,0,-11.28804257,0,36,1,1,79.734848,8.93939394,0.06060606,0.08333333,0.02777778,0,stats_player_week_2022.csv.gz
00-0036355,Justin Herbert,QB,LAC,2022,13,REG,LV,28,47,335,1,0,5,-21,0,0,16,5,7,0,1,0,1,-0.53630829,-2.31532687,52,1,0,88.519504,7.12765957,0,0.09615385,0.01923077,0.13461538,stats_player_week_2022.csv.gz
00-0036389,Jalen Hurts,QB,PHI,2022,13,REG,TEN,29,39,380,3,0,2,-5,1,0,15,5,12,1,0,0,3,18.35439367,4.84084278,41,1,0,130.288462,9.74358974,0,0.04878049,0.02439024,0.29268293,stats_player_week_2022.csv.gz
00-0036442,Joe Burrow,QB,CIN,2022,13,REG,KC,25,31,286,2,0,1,-7,0,0,15,11,46,1,0,0,4,19.75341488,-3.71639478,32,0,0,126.612903,9.22580645,0,0.03125,0,1.4375,stats_player_week_2022.csv.gz
00-0036945,Justin Fields,QB,CHI,2022,13,REG,GB,20,25,254,0,2,0,0,0,0,8,6,71,1,0,0,2,4.4160444,4.73437382,25,0,0,75.666667,10.16,0.08,0,0,2.84,stats_player_week_2022.csv.gz
00-0036971,Trevor Lawrence,QB,JAX,2022,13,REG,DET,17,31,179,1,0,2,-14,0,0,9,4,32,0,0,0,2,-1.24050125,3.7065008,33,0,0,82.594086,5.77419355,0,0.06060606,0,0.96969697,stats_player_week_2022.csv.gz
00-0036972,Mac Jones,QB,NE,2022,13,REG,BUF,22,36,195,1,0,1,-13,0,0,7,3,7,0,1,0,1,0.76935331,-1.79147003,37,1,0,84.837963,5.41666667,0,0.02702703,0.02702703,0.18918919,stats_player_week_2022.csv.gz
00-0037327,Skylar Thompson,QB,MIA,2022,13,REG,SF,0,1,0,0,1,0,0,0,0,0,0,0,0,0,0,0,-3.02408298,0,1,0,0,0,0,1,0,0,0,stats_player_week_2022.csv.gz
00-0037834,Brock Purdy,QB,SF,2022,13,REG,MIA,25,37,210,2,1,3,-26,0,0,13,4,-1,0,0,0,1,0.63621475,-0.49908699,40,0,0,88.795045,5.67567568,0.02702703,0.075,0,-0.025,stats_player_week_2022.csv.gz
00-0038102,Kenny Pickett,QB,PIT,2022,13,REG,ATL,16,28,197,1,0,0,0,0,0,10,7,14,0,0,0,1,9.12690552,-5.38305576,28,0,0,90.922619,7.03571429,0,0,0,0.5,stats_player_week_2022.csv.gz
00-0038128,Malik Willis,QB,TEN,2022,13,REG,PHI,2,4,16,0,0,0,0,0,0,0,1,8,0,0,0,1,-3.09277524,1.1242901,4,0,0,60.416667,4,0,0,0,2,stats_player_week_2022.csv.gz
00-0019596,Tom Brady,QB,TB,2022,14,REG,SF,34,55,253,1,2,0,0,0,0,14,2,0,0,0,0,0,-9.4667413,-1.85083113,55,0,0,63.674242,4.6,0.03636364,0,0,0,stats_player_week_2022.csv.gz
00-0026158,Joe Flacco,QB,NYJ,2022,14,REG,BUF,1,3,1,0,0,1,-6,1,1,0,0,0,0,0,0,0,-7.21795376,0,4,1,1,42.361111,0.33333333,0,0.25,0.25,0,stats_player_week_2022.csv.gz
00-0026300,Josh Johnson,QB,SF,2022,14,REG,TB,1,2,10,0,0,0,0,0,0,1,2,3,0,0,0,0,-0.83584912,-3.61532552,2,0,0,64.583333,5,0,0,0,1.5,stats_player_week_2022.csv.gz
00-0027688,Colt McCoy,QB,ARI,2022,14,REG,NE,27,40,246,0,1,6,-45,0,0,11,5,24,0,1,0,1,-20.41902439,-0.64396293,46,1,0,73.541667,6.15,0.025,0.13043478,0.02173913,0.52173913,stats_player_week_2022.csv.gz
00-0028118,Tyrod Taylor,QB,NYG,2022,14,REG,PHI,5,5,47,1,0,3,-18,1,1,2,2,40,0,0,0,2,-2.60688592,4.5097187,8,1,1,145.416667,9.4,0,0.375,0.125,5,stats_player_week_2022.csv.gz
00-0029263,Russell Wilson,QB,DEN,2022,14,REG,KC,23,36,247,3,1,6,-49,0,0,9,4,57,0,0,0,3,-6.95625528,5.09443932,42,0,0,100.115741,6.86111111,0.02777778,0.14285714,0,1.35714286,stats_player_week_2022.csv.gz
00-0029604,Kirk Cousins,QB,MIN,2022,14,REG,DET,31,41,425,2,0,3,-26,0,0,18,0,0,0,0,0,0,21.62652402,0,44,0,0,124.542683,10.36585366,0,0.06818182,0,0,stats_player_week_2022.csv.gz
00-0029701,Ryan Tannehill,QB,TEN,2022,14,REG,JAX,25,38,254,2,1,4,-27,1,1,14,2,16,0,0,0,1,-3.60797355,1.69797924,42,1,1,91.337719,6.68421053,0.02631579,0.0952381,0.02380952,0.38095238,stats_player_week_2022.csv.gz
00-0030565,Geno Smith,QB,SEA,2022,14,REG,CAR,21,36,264,3,2,3,-23,0,0,13,3,20,0,0,0,1,-0.4600201,0.74689478,39,0,0,85.87963,7.33333333,0.05555556,0.07692308,0,0.51282051,stats_player_week_2022.csv.gz
00-0031280,Derek Carr,QB,LV,2022,14,REG,LA,11,20,137,0,2,0,0,0,0,6,4,11,0,0,0,1,-0.83244814,0.34287799,20,0,0,36.875,6.85,0.1,0,0,0.55,stats_player_week_2022.csv.gz
00-0032436,Jeff Driskel,QB,HOU,2022,14,REG,DAL,4,6,38,1,0,0,0,0,0,1,7,36,0,0,0,2,0.99981355,-0.89785019,6,0,0,123.611111,6.33333333,0,0,0,6,stats_player_week_2022.csv.gz
00-0033077,Dak Prescott,QB,DAL,2022,14,REG,HOU,24,39,284,1,2,1,-7,1,0,11,6,23,0,0,0,2,-3.663822,2.5762638,40,1,0,70.886752,7.28205128,0.05128205,0.025,0.025,0.575,stats_player_week_2022.csv.gz
00-0033106,Jared Goff,QB,DET,2022,14,REG,MIN,27,39,330,3,0,0,0,0,0,18,2,9,0,0,0,0,14.2893412,2.71713585,39,0,0,120.673077,8.46153846,0,0,0,0.23076923,stats_player_week_2022.csv.gz
00-0033119,Jacoby Brissett,QB,CLE,2022,14,REG,CIN,0,1,0,0,0,0,0,0,0,0,0,0,0,0,0,0,-3.92968064,0,1,0,0,39.583333,0,0,0,0,0,stats_player_week_2022.csv.gz
00-0033537,Deshaun Watson,QB,CLE,2022,14,REG,CIN,26,42,276,1,1,2,-3,0,0,12,6,33,0,0,0,4,-5.08314619,6.98705619,44,0,0,79.06746,6.57142857,0.02380952,0.04545455,0,0.75,stats_player_week_2022.csv.gz
00-0033869,Mitchell Trubisky,QB,PIT,2022,14,REG,BAL,22,30,276,1,3,1,-5,0,0,16,0,0,0,0,0,0,6.58124161,0,31,0,0,73.055556,9.2,0.1,0.03225806,0,0,stats_player_week_2022.csv.gz
00-0033873,Patrick Mahomes,QB,KC,2022,14,REG,DEN,28,42,352,3,3,2,-10,0,0,15,3,-3,0,0,0,0,5.76684766,-1.83494324,44,0,0,86.607143,8.38095238,0.07142857,0.04545455,0,-0.06818182,stats_player_week_2022.csv.gz
00-0034401,Mike White,QB,NYJ,2022,14,REG,BUF,27,44,268,0,0,3,-30,1,0,13,0,0,0,0,0,0,1.85891508,0,47,1,0,78.598485,6.09090909,0,0.06382979,0.0212766,0,stats_player_week_2022.csv.gz
00-0034855,Baker Mayfield,QB,LA,2022,14,REG,LV,22,35,230,1,0,4,-19,0,0,12,4,10,0,0,0,0,1.93089443,-1.4403916,39,0,0,91.369048,6.57142857,0,0.1025641,0,0.25641026,stats_player_week_2022.csv.gz
00-0034857,Josh Allen,QB,BUF,2022,14,REG,NYJ,16,27,147,1,0,3,-17,0,0,6,10,47,1,0,0,3,-4.78335844,-2.24359702,30,0,0,86.496914,5.44444444,0,0.1,0,1.56666667,stats_player_week_2022.csv.gz
00-0034869,Sam Darnold,QB,CAR,2022,14,REG,SEA,14,24,120,1,0,2,-15,0,0,8,4,30,0,0,0,1,-2.67631275,1.54088804,26,0,0,85.416667,5,0,0.07692308,0,1.15384615,stats_player_week_2022.csv.gz
00-0034955,Brett Rypien,QB,DEN,2022,14,REG,KC,4,8,16,1,1,0,0,0,0,1,1,0,0,1,0,0,-1.82878576,-0.9452289,8,1,0,56.25,2,0.125,0,0.125,0,stats_player_week_2022.csv.gz
00-0035228,Kyler Murray,QB,ARI,2022,14,REG,NE,1,1,9,0,0,0,0,0,0,0,1,3,0,0,0,0,0.79576947,-0.18772394,1,0,0,104.166667,9,0,0,0,3,stats_player_week_2022.csv.gz
00-0035289,Gardner Minshew,QB,PHI,2022,14,REG,NYG,0,0,0,0,0,0,0,0,0,0,1,-1,0,0,0,0,0,-1.23892774,0,0,0,,,,,,,stats_player_week_2022.csv.gz
00-0035710,Daniel Jones,QB,NYG,2022,14,REG,PHI,18,27,169,1,0,4,-17,0,0,9,4,26,1,0,0,3,-5.07268318,4.79445246,31,0,0,96.064815,6.25925926,0,0.12903226,0,0.83870968,stats_player_week_2022.csv.gz
00-0035993,Tyler Huntley,QB,BAL,2022,14,REG,PIT,8,12,88,0,0,1,-6,0,0,4,9,31,0,1,0,1,1.74832995,-3.04474041,13,1,0,88.194444,7.33333333,0,0.07692308,0.07692308,2.38461538,stats_player_week_2022.csv.gz
00-0036212,Tua Tagovailoa,QB,MIA,2022,14,REG,LAC,10,28,145,1,0,2,-18,0,0,6,3,28,0,0,0,2,-7.93217288,2.20865243,30,0,0,65.327381,5.17857143,0,0.06666667,0,0.93333333,stats_player_week_2022.csv.gz
00-0036355,Justin Herbert,QB,LAC,2022,14,REG,MIA,39,51,367,1,0,4,-17,0,0,16,4,8,0,1,0,1,1.68813288,0.57640516,55,1,0,102.328431,7.19607843,0,0.07272727,0.01818182,0.14545455,stats_player_week_2022.csv.gz
00-0036389,Jalen Hurts,QB,PHI,2022,14,REG,NYG,21,31,217,2,0,4,-33,0,0,10,7,77,1,0,0,6,5.48652125,8.85933866,35,0,0,109.206989,7,0,0.11428571,0,2.2,stats_player_week_2022.csv.gz
00-0036442,Joe Burrow,QB,CIN,2022,14,REG,CLE,18,33,239,2,1,1,-3,0,0,11,6,10,0,0,0,3,-1.49036806,1.64226541,34,0,0,85.290404,7.24242424,0.03030303,0.02941176,0,0.29411765,stats_player_week_2022.csv.gz
00-0036898,Davis Mills,QB,HOU,2022,14,REG,DAL,16,21,175,0,1,0,0,0,0,9,1,2,0,0,0,0,6.28543924,-0.52982627,21,0,0,80.456349,8.33333333,0.04761905,0,0,0.0952381,stats_player_week_2022.csv.gz
00-0036971,Trevor Lawrence,QB,JAX,2022,14,REG,TEN,30,42,368,3,0,0,0,0,0,18,3,7,1,0,0,1,18.16167795,0.2400926,42,0,0,121.924603,8.76190476,0,0,0,0.16666667,stats_player_week_2022.csv.gz
00-0036972,Mac Jones,QB,NE,2022,14,REG,ARI,24,35,235,0,1,1,-10,0,0,13,5,-1,0,1,0,0,-2.2350503,-5.03765061,36,1,0,75.297619,6.71428571,0.02857143,0.02777778,0.02777778,-0.02777778,stats_player_week_2022.csv.gz
00-0037175,Anthony Brown,QB,BAL,2022,14,REG,PIT,3,5,16,0,0,1,-4,0,0,1,3,-5,0,0,0,0,-1.50736963,0,6,0,0,65.416667,3.2,0,0.16666667,0,-0.83333333,stats_player_week_2022.csv.gz
00-0037834,Brock Purdy,QB,SF,2022,14,REG,TB,16,21,185,2,0,0,0,0,0,8,2,3,1,0,0,2,8.5551457,1.24557229,21,0,0,134.027778,8.80952381,0,0,0,0.14285714,stats_player_week_2022.csv.gz
00-0038102,Kenny Pickett,QB,PIT,2022,14,REG,BAL,0,1,0,0,0,1,-7,0,0,0,2,16,0,0,0,1,-3.89189103,1.19646744,2,0,0,39.583333,0,0,0.5,0,8,stats_player_week_2022.csv.gz
00-0019596,Tom Brady,QB,TB,2022,15,REG,CIN,30,44,312,3,2,1,-8,1,1,18,2,1,0,1,1,0,4.52105775,-7.36188648,45,2,2,92.234848,7.09090909,0.04545455,0.02222222,0.04444444,0.02222222,stats_player_week_2022.csv.gz
00-0023459,Aaron Rodgers,QB,GB,2022,15,REG,LA,22,30,229,1,1,3,-22,0,0,15,3,-3,0,0,0,0,1.02409861,-5.82320058,33,0,0,92.222222,7.63333333,0.03333333,0.09090909,0,-0.09090909,stats_player_week_2022.csv.gz
00-0026143,Matt Ryan,QB,IND,2022,15,REG,MIN,19,33,182,1,0,3,-12,1,0,11,3,0,0,0,0,0,-2.1718904,-3.14020566,36,1,0,83.143939,5.51515152,0,0.08333333,0.02777778,0,stats_player_week_2022.csv.gz
00-0027688,Colt McCoy,QB,ARI,2022,15,REG,DEN,13,21,78,0,1,2,-4,0,0,4,2,2,0,0,0,1,-8.04611841,-0.03371625,23,0,0,49.305556,3.71428571,0.04761905,0.08695652,0,0.08695652,stats_player_week_2022.csv.gz
00-0027973,Andy Dalton,QB,NO,2022,15,REG,ATL,11,17,151,2,0,2,-17,0,0,9,2,1,0,0,0,1,5.61978321,0.52562371,19,0,0,132.230392,8.88235294,0,0.10526316,0,0.05263158,stats_player_week_2022.csv.gz
00-0029604,Kirk Cousins,QB,MIN,2022,15,REG,IND,34,54,460,4,2,7,-34,0,0,22,2,0,0,0,0,0,6.15009247,-2.00871925,61,0,0,99.305556,8.51851852,0.03703704,0.1147541,0,0,stats_player_week_2022.csv.gz
00-0029701,Ryan Tannehill,QB,TEN,2022,15,REG,LAC,15,22,165,0,1,4,-28,0,0,7,3,1,1,0,0,1,-6.37425201,0.6665632,26,0,0,71.212121,7.5,0.04545455,0.15384615,0,0.03846154,stats_player_week_2022.csv.gz
00-0030565,Geno Smith,QB,SEA,2022,15,REG,SF,31,44,238,1,0,3,-31,1,0,12,1,18,0,0,0,1,-8.17253676,2.57641212,47,1,0,90.909091,5.40909091,0,0.06382979,0.0212766,0.38297872,stats_player_week_2022.csv.gz
00-0031280,Derek Carr,QB,LV,2022,15,REG,NE,20,38,231,3,1,3,-20,1,0,10,0,0,0,0,0,0,-3.91315233,0,41,1,0,86.622807,6.07894737,0.02631579,0.07317073,0.02439024,0,stats_player_week_2022.csv.gz
00-0031800,Taylor Heinicke,QB,WAS,2022,15,REG,NYG,17,29,249,1,0,3,-21,2,2,10,3,33,0,0,0,2,-10.52173361,3.62183757,32,2,2,98.204023,8.5862069,0,0.09375,0.0625,1.03125,stats_player_week_2022.csv.gz
00-0032436,Jeff Driskel,QB,HOU,2022,15,REG,KC,2,4,8,0,0,1,-4,0,0,1,4,8,0,0,0,0,-2.56181654,-1.50475729,5,0,0,56.25,2,0,0.2,0,1.6,stats_player_week_2022.csv.gz
00-0033077,Dak Prescott,QB,DAL,2022,15,REG,JAX,23,30,256,3,2,3,-13,0,0,14,5,20,0,0,0,3,4.0234044,1.33987302,33,0,0,107.083333,8.53333333,0.06666667,0.09090909,0,0.60606061,stats_player_week_2022.csv.gz
00-0033106,Jared Goff,QB,DET,2022,15,REG,NYJ,23,38,252,1,0,0,0,0,0,14,0,0,0,0,0,0,11.71898785,0,38,0,0,88.925439,6.63157895,0,0,0,0,stats_player_week_2022.csv.gz
00-0033119,Jacoby Brissett,QB,CLE,2022,15,REG,BAL,0,0,0,0,0,0,0,0,0,0,1,3,0,0,0,1,0,2.04085484,0,0,0,,,,,,,stats_player_week_2022.csv.gz
00-0033537,Deshaun Watson,QB,CLE,2022,15,REG,BAL,18,28,161,1,0,3,-21,0,0,10,6,22,0,0,0,2,-2.84372195,-1.07760016,31,0,0,91.517857,5.75,0,0.09677419,0,0.70967742,stats_player_week_2022.csv.gz
00-0033869,Mitchell Trubisky,QB,PIT,2022,15,REG,CAR,17,22,179,0,0,1,-10,0,0,9,6,9,1,0,0,4,10.36356659,1.06948637,23,0,0,100.378788,8.13636364,0,0.04347826,0,0.39130435,stats_player_week_2022.csv.gz
00-0033873,Patrick Mahomes,QB,KC,2022,15,REG,HOU,36,41,336,2,0,2,-23,0,0,20,5,33,1,1,0,3,16.48212939,2.5273682,43,1,0,117.073171,8.19512195,0,0.04651163,0.02325581,0.76744186,stats_player_week_2022.csv.gz
00-0033958,Nathan Peterman,QB,CHI,2022,15,REG,PHI,0,1,0,0,0,0,0,0,0,0,0,0,0,0,0,0,-0.88666503,0,1,0,0,39.583333,0,0,0,0,0,stats_player_week_2022.csv.gz
00-0034855,Baker Mayfield,QB,LA,2022,15,REG,GB,12,21,111,1,1,5,-27,1,0,6,1,1,0,0,0,0,-3.44118293,-1.11993213,26,1,0,67.757937,5.28571429,0.04761905,0.19230769,0.03846154,0.03846154,stats_player_week_2022.csv.gz
00-0034857,Josh Allen,QB,BUF,2022,15,REG,MIA,25,40,304,4,0,2,-8,1,1,16,10,77,0,1,0,3,12.61785103,1.94300858,42,2,1,119.166667,7.6,0,0.04761905,0.04761905,1.83333333,stats_player_week_2022.csv.gz
00-0034869,Sam Darnold,QB,CAR,2022,15,REG,PIT,14,23,225,1,0,4,-37,0,0,10,2,2,0,0,0,0,9.66421989,-1.33297584,27,0,0,108.061594,9.7826087,0,0.14814815,0,0.07407407,stats_player_week_2022.csv.gz
00-0034955,Brett Rypien,QB,DEN,2022,15,REG,ARI,21,26,197,1,1,7,-41,1,1,10,2,-2,0,0,0,0,-6.00404642,-1.77847594,33,1,1,95.032051,7.57692308,0.03846154,0.21212121,0.03030303,-0.06060606,stats_player_week_2022.csv.gz
00-0035146,Trace McSorley,QB,ARI,2022,15,REG,DEN,7,15,95,0,2,1,-2,0,0,4,1,8,0,0,0,0,-9.45550042,-0.30200228,16,0,0,27.777778,6.33333333,0.13333333,0.0625,0,0.5,stats_player_week_2022.csv.gz
00-0035710,Daniel Jones,QB,NYG,2022,15,REG,WAS,21,32,160,0,0,0,0,0,0,8,10,35,0,0,0,2,1.14763358,0.84633398,32,0,0,77.604167,5,0,0,0,1.09375,stats_player_week_2022.csv.gz
00-0035993,Tyler Huntley,QB,BAL,2022,15,REG,CLE,17,30,138,0,1,3,-12,0,0,6,6,15,0,1,0,1,-11.69402518,-1.62230818,33,1,0,54.583333,4.6,0.03333333,0.09090909,0.03030303,0.45454545,stats_player_week_2022.csv.gz
00-0036212,Tua Tagovailoa,QB,MIA,2022,15,REG,BUF,17,30,234,2,0,2,-17,1,0,9,1,7,0,0,0,0,-1.96551415,0.24308713,32,1,0,104.027778,7.8,0,0.0625,0.03125,0.21875,stats_player_week_2022.csv.gz
00-0036355,Justin Herbert,QB,LAC,2022,15,REG,TEN,28,42,313,0,2,3,-22,0,0,13,1,2,0,0,0,1,-7.53170571,2.14971273,45,0,0,68.849206,7.45238095,0.04761905,0.06666667,0,0.04444444,stats_player_week_2022.csv.gz
00-0036389,Jalen Hurts,QB,PHI,2022,15,REG,CHI,22,37,315,0,2,1,-6,0,0,11,17,61,3,0,0,5,0.81221042,6.41750722,38,0,0,64.583333,8.51351351,0.05405405,0.02631579,0,1.60526316,stats_player_week_2022.csv.gz
00-0036442,Joe Burrow,QB,CIN,2022,15,REG,TB,27,39,200,4,1,2,-16,1,0,14,3,8,0,0,0,1,2.88620378,-0.94181578,41,1,0,104.647436,5.12820513,0.02564103,0.04878049,0.02439024,0.19512195,stats_player_week_2022.csv.gz
00-0036898,Davis Mills,QB,HOU,2022,15,REG,KC,12,24,121,2,0,0,0,0,0,7,5,21,1,1,1,1,2.48531794,-2.18529146,24,1,1,92.534722,5.04166667,0,0,0.04166667,0.875,stats_player_week_2022.csv.gz
00-0036945,Justin Fields,QB,CHI,2022,15,REG,PHI,14,21,152,2,0,6,-61,1,0,8,15,95,0,1,0,5,-3.74878178,1.9402461,27,2,0,119.543651,7.23809524,0,0.22222222,0.07407407,3.51851852,stats_player_week_2022.csv.gz
00-0036971,Trevor Lawrence,QB,JAX,2022,15,REG,DAL,27,42,318,4,1,1,-7,0,0,13,3,21,0,1,1,1,10.66793153,-3.37424503,43,1,1,109.027778,7.57142857,0.02380952,0.02325581,0.02325581,0.48837209,stats_player_week_2022.csv.gz
00-0036972,Mac Jones,QB,NE,2022,15,REG,LV,13,31,112,0,0,0,0,0,0,6,4,10,0,0,0,1,-9.40950327,1.89148225,31,0,0,52.083333,3.61290323,0,0,0,0.32258065,stats_player_week_2022.csv.gz
00-0037013,Zach Wilson,QB,NYJ,2022,15,REG,DET,18,35,317,2,1,4,-30,0,0,14,3,7,0,0,0,1,0.72461982,-0.68215219,39,0,0,89.821429,9.05714286,0.02857143,0.1025641,0,0.17948718,stats_player_week_2022.csv.gz
00-0037834,Brock Purdy,QB,SF,2022,15,REG,SEA,17,26,217,2,0,1,-6,0,0,8,4,-2,0,0,0,1,6.70355041,-5.16229729,27,0,0,116.987179,8.34615385,0,0.03703704,0,-0.07407407,stats_player_week_2022.csv.gz
00-0038122,Desmond Ridder,QB,ATL,2022,15,REG,NO,13,26,97,0,0,4,-8,0,0,6,6,38,0,0,0,3,-5.82105707,0.16875605,30,0,0,59.294872,3.73076923,0,0.13333333,0,1.26666667,stats_player_week_2022.csv.gz
00-0038128,Malik Willis,QB,TEN,2022,15,REG,LAC,3,4,20,0,0,0,0,0,0,1,1,8,0,0,0,1,-0.4028946,0.91985379,4,0,0,85.416667,5,0,0,0,2,stats_player_week_2022.csv.gz
00-0019596,Tom Brady,QB,TB,2022,16,REG,ARI,32,48,281,1,2,0,0,0,0,15,2,1,0,0,0,1,-1.85597578,1.49323346,48,0,0,71.614583,5.85416667,0.04166667,0,0,0.02083333,stats_player_week_2022.csv.gz
00-0023459,Aaron Rodgers,QB,GB,2022,16,REG,MIA,24,38,238,1,1,2,-16,0,0,11,7,18,0,0,0,2,2.11559657,2.37725606,40,0,0,78.618421,6.26315789,0.02631579,0.05,0,0.45,stats_player_week_2022.csv.gz
00-0027973,Andy Dalton,QB,NO,2022,16,REG,CLE,8,15,92,0,1,0,0,0,0,5,1,-1,0,0,0,0,-5.01254336,0,15,0,0,44.305556,6.13333333,0.06666667,0,0,-0.06666667,stats_player_week_2022.csv.gz
00-0029263,Russell Wilson,QB,DEN,2022,16,REG,LA,15,27,214,1,3,6,-40,0,0,8,2,17,0,0,0,2,-8.86458943,1.03035075,33,0,0,54.166667,7.92592593,0.11111111,0.18181818,0,0.51515152,stats_player_week_2022.csv.gz
00-0029567,Nick Foles,QB,IND,2022,16,REG,LAC,17,29,144,0,3,7,-39,0,0,6,1,0,0,0,0,0,-24.71103253,-4.23477131,36,0,0,32.04023,4.96551724,0.10344828,0.19444444,0,0,stats_player_week_2022.csv.gz
00-0029604,Kirk Cousins,QB,MIN,2022,16,REG,NYG,34,48,299,3,0,4,-29,0,0,17,1,2,0,0,0,1,-0.45584884,0.67421735,52,0,0,107.899306,6.22916667,0,0.07692308,0,0.03846154,stats_player_week_2022.csv.gz
00-0030565,Geno Smith,QB,SEA,2022,16,REG,KC,25,40,215,1,1,2,-15,0,0,8,3,16,0,0,0,2,-18.17116548,4.85576754,42,0,0,74.479167,5.375,0.025,0.04761905,0,0.38095238,stats_player_week_2022.csv.gz
00-0031280,Derek Carr,QB,LV,2022,16,REG,PIT,16,30,174,1,3,3,-31,0,0,9,3,14,0,0,0,1,-5.25371492,0.63705135,33,0,0,42.222222,5.8,0.1,0.09090909,0,0.42424242,stats_player_week_2022.csv.gz
00-0031800,Taylor Heinicke,QB,WAS,2022,16,REG,SF,13,18,166,2,1,2,-19,1,1,10,2,-4,0,0,0,0,2.41144196,-4.77646221,20,1,1,114.583333,9.22222222,0.05555556,0.1,0.05,-0.2,stats_player_week_2022.csv.gz
00-0032436,Jeff Driskel,QB,HOU,2022,16,REG,TEN,3,4,40,0,0,0,0,0,0,2,2,2,0,0,0,0,2.99267584,-4.73743756,4,0,0,106.25,10,0,0,0,0.5,stats_player_week_2022.csv.gz
00-0032950,Carson Wentz,QB,WAS,2022,16,REG,SF,12,16,123,1,0,0,0,0,0,8,0,0,0,0,0,0,4.37710959,0,16,0,0,117.447917,7.6875,0,0,0,0,stats_player_week_2022.csv.gz
00-0033077,Dak Prescott,QB,DAL,2022,16,REG,PHI,27,35,347,3,1,6,-43,1,0,18,6,41,0,0,0,3,5.71144119,3.37047926,41,1,0,124.345238,9.91428571,0.02857143,0.14634146,0.02439024,1,stats_player_week_2022.csv.gz
00-0033106,Jared Goff,QB,DET,2022,16,REG,CAR,25,42,355,3,0,2,-19,0,0,15,3,15,0,1,1,1,13.72288606,-5.48927957,44,1,1,110.714286,8.45238095,0,0.04545455,0.02272727,0.34090909,stats_player_week_2022.csv.gz
00-0033537,Deshaun Watson,QB,CLE,2022,16,REG,NO,15,31,135,0,1,2,-10,0,0,7,3,24,1,0,0,1,-15.47252806,3.14128271,33,0,0,47.110215,4.35483871,0.03225806,0.06060606,0,0.72727273,stats_player_week_2022.csv.gz
00-0033873,Patrick Mahomes,QB,KC,2022,16,REG,SEA,16,28,224,2,0,1,-4,0,0,9,2,8,1,0,0,1,2.18579498,2.60758753,29,0,0,106.845238,8,0,0.03448276,0,0.27586207,stats_player_week_2022.csv.gz
00-0033936,C.J. Beathard,QB,JAX,2022,16,REG,NYJ,0,0,0,0,0,0,0,0,0,0,3,-3,0,0,0,0,0,0,0,0,0,,,,,,,stats_player_week_2022.csv.gz
00-0033958,Nathan Peterman,QB,CHI,2022,16,REG,BUF,3,5,25,0,1,0,0,0,0,2,0,0,0,0,0,0,-0.51827954,0,5,0,0,33.333333,5,0.2,0,0,0,stats_player_week_2022.csv.gz
00-0034855,Baker Mayfield,QB,LA,2022,16,REG,DEN,24,28,230,2,0,0,0,0,0,14,2,2,0,1,0,0,13.93819252,-2.19832709,28,1,0,124.702381,8.21428571,0,0,0.03571429,0.07142857,stats_player_week_2022.csv.gz
00-0034857,Josh Allen,QB,BUF,2022,16,REG,CHI,15,26,172,2,2,1,0,0,0,9,6,41,1,1,0,4,2.61066832,4.94965543,27,1,0,71.314103,6.61538462,0.07692308,0.03703704,0.03703704,1.51851852,stats_player_week_2022.csv.gz
00-0034869,Sam Darnold,QB,CAR,2022,16,REG,DET,15,22,250,1,0,0,0,0,0,11,6,19,1,0,0,3,14.30565838,0.68934365,22,0,0,121.401515,11.36363636,0,0,0,0.86363636,stats_player_week_2022.csv.gz
00-0034955,Brett Rypien,QB,DEN,2022,16,REG,LA,4,8,45,0,1,0,0,0,0,3,0,0,0,0,0,0,-8.61533398,0,8,0,0,27.604167,5.625,0.125,0,0,0,stats_player_week_2022.csv.gz
00-0035146,Trace McSorley,QB,ARI,2022,16,REG,TB,24,45,217,0,1,1,-17,1,1,7,7,14,0,1,1,1,-14.99194461,-7.87982664,46,2,2,57.361111,4.82222222,0.02222222,0.02173913,0.04347826,0.30434783,stats_player_week_2022.csv.gz
00-0035289,Gardner Minshew,QB,PHI,2022,16,REG,DAL,24,40,355,2,2,0,0,0,0,19,4,5,1,1,1,1,16.79771335,-5.03385189,40,1,1,84.895833,8.875,0.05,0,0.025,0.125,stats_player_week_2022.csv.gz
00-0035710,Daniel Jones,QB,NYG,2022,16,REG,MIN,30,42,334,1,1,3,-15,1,0,15,4,34,0,0,0,2,3.4195563,0.99971795,45,1,0,92.757937,7.95238095,0.02380952,0.06666667,0.02222222,0.75555556,stats_player_week_2022.csv.gz
00-0035752,Chris Streveler,QB,NYJ,2022,16,REG,JAX,10,15,90,0,0,0,0,0,0,5,9,54,0,1,0,1,1.72026075,1.49871271,15,1,0,82.638889,6,0,0,0.06666667,3.6,stats_player_week_2022.csv.gz
00-0035939,Bryce Perkins,QB,LA,2022,16,REG,DEN,0,0,0,0,0,0,0,0,0,0,1,-2,0,0,0,0,0,0,0,0,0,,,,,,,stats_player_week_2022.csv.gz
00-0035993,Tyler Huntley,QB,BAL,2022,16,REG,ATL,9,17,115,1,0,0,0,0,0,5,11,26,0,1,0,3,-0.68960642,-1.03865257,17,1,0,93.995098,6.76470588,0,0,0.05882353,1.52941176,stats_player_week_2022.csv.gz
00-0036212,Tua Tagovailoa,QB,MIA,2022,16,REG,GB,16,25,310,1,3,2,-16,1,0,10,1,0,0,1,0,0,0.9524048,-1.35663419,27,2,0,80.833333,12.4,0.12,0.07407407,0.07407407,0,stats_player_week_2022.csv.gz
00-0036355,Justin Herbert,QB,LAC,2022,16,REG,IND,24,31,235,0,1,4,-22,1,1,10,5,1,0,0,0,1,-2.95428074,0.47367333,35,1,1,84.744624,7.58064516,0.03225806,0.11428571,0.02857143,0.02857143,stats_player_week_2022.csv.gz
00-0036442,Joe Burrow,QB,CIN,2022,16,REG,NE,40,52,375,3,2,2,-6,0,0,18,4,5,0,0,0,2,9.30412299,-0.1022376,54,0,0,99.439103,7.21153846,0.03846154,0.03703704,0,0.09259259,stats_player_week_2022.csv.gz
00-0036898,Davis Mills,QB,HOU,2022,16,REG,TEN,17,28,178,1,1,1,-3,0,0,6,4,8,0,2,0,2,-3.33167485,3.52399056,29,2,0,76.190476,6.35714286,0.03571429,0.03448276,0.06896552,0.27586207,stats_player_week_2022.csv.gz
00-0036945,Justin Fields,QB,CHI,2022,16,REG,BUF,15,23,119,1,0,2,-15,0,0,4,7,11,0,0,0,0,-8.48086953,-4.62509525,25,0,0,92.481884,5.17391304,0,0.08,0,0.44,stats_player_week_2022.csv.gz
00-0036971,Trevor Lawrence,QB,JAX,2022,16,REG,NYJ,20,31,229,0,0,1,-11,1,1,10,7,51,1,0,0,6,1.9853812,5.44610257,32,1,1,86.626344,7.38709677,0,0.03125,0.03125,1.59375,stats_player_week_2022.csv.gz
00-0036972,Mac Jones,QB,NE,2022,16,REG,CIN,21,33,240,2,0,4,-16,0,0,9,1,-1,0,0,0,0,1.47636975,0,37,0,0,105.618687,7.27272727,0,0.10810811,0,-0.02702703,stats_player_week_2022.csv.gz
00-0037013,Zach Wilson,QB,NYJ,2022,16,REG,JAX,9,18,92,0,1,3,-21,0,0,3,1,1,0,0,0,0,-7.95520971,-0.42363818,21,0,0,41.898148,5.11111111,0.05555556,0.14285714,0,0.04761905,stats_player_week_2022.csv.gz
00-0037834,Brock Purdy,QB,SF,2022,16,REG,WAS,15,22,234,2,1,3,-16,0,0,8,1,6,0,0,0,0,6.72654998,-0.92936591,25,0,0,114.583333,10.63636364,0.04545455,0.12,0,0.24,stats_player_week_2022.csv.gz
00-0038102,Kenny Pickett,QB,PIT,2022,16,REG,LV,26,39,244,1,1,0,0,0,0,13,3,9,0,0,0,2,1.3714822,3.09173763,39,0,0,81.570513,6.25641026,0.02564103,0,0,0.23076923,stats_player_week_2022.csv.gz
00-0038122,Desmond Ridder,QB,ATL,2022,16,REG,BAL,22,33,218,0,0,2,-6,0,0,11,4,8,0,1,0,0,3.93662481,-3.2790606,35,1,0,85.164141,6.60606061,0,0.05714286,0.02857143,0.22857143,stats_player_week_2022.csv.gz
00-0038128,Malik Willis,QB,TEN,2022,16,REG,HOU,14,23,99,0,2,4,-11,0,0,4,7,43,1,0,0,4,-17.22449917,4.20752309,27,0,0,34.51087,4.30434783,0.08695652,0.14814815,0,1.59259259,stats_player_week_2022.csv.gz
00-0019596,Tom Brady,QB,TB,2022,17,REG,CAR,34,45,432,3,0,3,-21,0,0,17,3,4,1,0,0,3,17.43078252,3.25087142,48,0,0,127.268519,9.6,0,0.0625,0,0.08333333,stats_player_week_2022.csv.gz
00-0023459,Aaron Rodgers,QB,GB,2022,17,REG,MIN,15,24,159,1,0,1,-16,0,0,9,1,2,1,0,0,1,1.96334518,2.08382268,25,0,0,95.659722,6.625,0,0.04,0,0.08,stats_player_week_2022.csv.gz
00-0026544,Chase Daniel,QB,LAC,2022,17,REG,LA,3,3,27,0,0,0,0,0,0,1,0,0,0,0,0,0,1.36822701,0,3,0,0,104.166667,9,0,0,0,0,stats_player_week_2022.csv.gz
00-0027973,Andy Dalton,QB,NO,2022,17,REG,PHI,18,22,205,0,1,6,-38,0,0,9,2,-2,0,0,0,0,-4.76665326,-3.61884246,28,0,0,86.55303,9.31818182,0.04545455,0.21428571,0,-0.07142857,stats_player_week_2022.csv.gz
00-0029263,Russell Wilson,QB,DEN,2022,17,REG,KC,26,38,222,1,1,4,-32,1,1,12,4,27,2,0,0,3,-12.5004704,5.33957562,42,1,1,81.25,5.84210526,0.02631579,0.0952381,0.02380952,0.64285714,stats_player_week_2022.csv.gz
00-0029567,Nick Foles,QB,IND,2022,17,REG,NYG,8,13,81,0,1,1,-9,0,0,3,1,8,0,0,0,0,-9.46019441,-0.02087446,14,0,0,47.275641,6.23076923,0.07692308,0.07142857,0,0.57142857,stats_player_week_2022.csv.gz
00-0029604,Kirk Cousins,QB,MIN,2022,17,REG,GB,18,31,205,1,3,2,-18,1,1,10,3,37,0,1,0,2,-17.21103522,4.20010374,33,2,1,49.193548,6.61290323,0.09677419,0.06060606,0.06060606,1.12121212,stats_player_week_2022.csv.gz
00-0030565,Geno Smith,QB,SEA,2022,17,REG,NYJ,18,29,183,2,0,4,-35,1,0,10,5,18,0,0,0,2,-2.46024096,0.85018004,33,1,0,103.08908,6.31034483,0,0.12121212,0.03030303,0.54545455,stats_player_week_2022.csv.gz
00-0031237,Teddy Bridgewater,QB,MIA,2022,17,REG,NE,12,19,161,1,1,1,-12,0,0,9,1,6,0,0,0,0,0.68163423,-0.14710691,20,0,0,85.635965,8.47368421,0.05263158,0.05,0,0.3,stats_player_week_2022.csv.gz
00-0032436,Jeff Driskel,QB,HOU,2022,17,REG,JAX,3,4,9,0,0,1,-9,0,0,0,2,7,0,0,0,0,-3.81182676,-3.13083868,5,0,0,77.083333,2.25,0,0.2,0,1.4,stats_player_week_2022.csv.gz
00-0032792,Nate Sudfeld,QB,DET,2022,17,REG,CHI,0,0,0,0,0,1,-7,0,0,0,3,-3,0,0,0,0,-0.89872781,0,1,0,0,,,,1,0,-3,stats_player_week_2022.csv.gz
00-0032950,Carson Wentz,QB,WAS,2022,17,REG,CLE,16,28,143,0,3,3,-19,0,0,9,3,7,1,0,0,1,-8.09327023,3.67255156,31,0,0,31.39881,5.10714286,0.10714286,0.09677419,0,0.22580645,stats_player_week_2022.csv.gz
00-0033077,Dak Prescott,QB,DAL,2022,17,REG,TEN,29,41,282,2,2,1,-8,0,0,16,3,11,0,1,1,1,10.49919831,-4.53121816,42,1,1,85.619919,6.87804878,0.04878049,0.02380952,0.02380952,0.26190476,stats_player_week_2022.csv.gz
00-0033106,Jared Goff,QB,DET,2022,17,REG,CHI,21,29,255,3,0,1,-9,0,0,14,1,2,0,0,0,1,5.75041224,0.505224,30,0,0,133.548851,8.79310345,0,0.03333333,0,0.06666667,stats_player_week_2022.csv.gz
00-0033119,Jacoby Brissett,QB,CLE,2022,17,REG,WAS,0,0,0,0,0,0,0,0,0,0,1,2,0,0,0,1,0,2.14223585,0,0,0,,,,,,,stats_player_week_2022.csv.gz
00-0033319,Nick Mullens,QB,MIN,2022,17,REG,GB,4,4,57,1,0,0,0,0,0,3,0,0,0,0,0,0,5.71323434,0,4,0,0,158.333333,14.25,0,0,0,0,stats_player_week_2022.csv.gz
00-0033537,Deshaun Watson,QB,CLE,2022,17,REG,WAS,9,18,169,3,0,5,-14,0,0,7,8,31,0,0,0,2,7.91503272,-2.13228667,23,0,0,122.453704,9.38888889,0,0.2173913,0,1.34782609,stats_player_week_2022.csv.gz
00-0033873,Patrick Mahomes,QB,KC,2022,17,REG,DEN,29,42,328,3,1,0,0,0,0,18,4,8,0,0,0,0,10.64417207,-4.82505927,42,0,0,106.051587,7.80952381,0.02380952,0,0,0.19047619,stats_player_week_2022.csv.gz
00-0033936,C.J. Beathard,QB,JAX,2022,17,REG,HOU,5,8,29,0,1,1,-5,0,0,2,0,0,0,0,0,0,-7.41649434,0,9,0,0,29.6875,3.625,0.125,0.11111111,0,0,stats_player_week_2022.csv.gz
00-0033949,Joshua Dobbs,QB,TEN,2022,17,REG,DAL,20,39,232,1,1,2,-12,1,1,11,3,12,0,0,0,1,-8.40968523,-0.20653084,41,1,1,67.467949,5.94871795,0.02564103,0.04878049,0.02439024,0.29268293,stats_player_week_2022.csv.gz
00-0034401,Mike White,QB,NYJ,2022,17,REG,SEA,23,46,240,0,2,4,-36,1,1,14,0,0,0,0,0,0,-18.9030307,0,50,1,1,47.373188,5.2173913,0.04347826,0.08,0.02,0,stats_player_week_2022.csv.gz
00-0034855,Baker Mayfield,QB,LA,2022,17,REG,LAC,11,19,132,0,0,3,-21,1,1,6,3,8,0,0,0,1,-11.56261059,1.31278905,22,1,1,79.276316,6.94736842,0,0.13636364,0.04545455,0.36363636,stats_player_week_2022.csv.gz
00-0034869,Sam Darnold,QB,CAR,2022,17,REG,TB,23,37,341,3,1,2,-15,1,1,15,5,20,0,1,1,1,7.45213908,-6.00962027,39,2,2,108.051802,9.21621622,0.02702703,0.05128205,0.05128205,0.51282051,stats_player_week_2022.csv.gz
00-0035040,David Blough,QB,ARI,2022,17,REG,ATL,24,40,222,1,0,2,-9,0,0,13,2,7,0,0,0,0,1.75158521,-0.63652417,42,0,0,83.541667,5.55,0,0.04761905,0,0.16666667,stats_player_week_2022.csv.gz
00-0035264,Jarrett Stidham,QB,LV,2022,17,REG,SF,23,34,365,3,2,0,0,0,0,15,7,34,0,1,0,4,6.23259186,1.8589478,34,1,0,108.088235,10.73529412,0.05882353,0,0.02941176,1,stats_player_week_2022.csv.gz
00-0035289,Gardner Minshew,QB,PHI,2022,17,REG,NO,18,32,274,1,1,6,-28,1,0,9,1,0,0,0,0,0,-11.3474915,-3.08416534,38,1,0,82.03125,8.5625,0.03125,0.15789474,0.02631579,0,stats_player_week_2022.csv.gz
00-0035710,Daniel Jones,QB,NYG,2022,17,REG,IND,19,24,177,2,0,0,0,0,0,9,11,91,2,0,0,8,11.80845344,8.36618559,24,0,0,125.173611,7.375,0,0,0,3.79166667,stats_player_week_2022.csv.gz
00-0035993,Tyler Huntley,QB,BAL,2022,17,REG,PIT,14,21,130,1,1,1,-10,0,0,8,7,24,0,0,0,2,4.60521349,-1.88564072,22,0,0,79.464286,6.19047619,0.04761905,0.04545455,0,1.09090909,stats_player_week_2022.csv.gz
00-0036264,Jordan Love,QB,GB,2022,17,REG,MIN,2,3,9,0,0,0,0,0,0,1,1,-1,0,0,0,0,-0.38862183,0,3,0,0,70.138889,3,0,0,0,-0.33333333,stats_player_week_2022.csv.gz
00-0036355,Justin Herbert,QB,LAC,2022,17,REG,LA,21,28,212,2,0,0,0,0,0,11,1,2,0,0,0,1,10.22302156,0.38217521,28,0,0,119.940476,7.57142857,0,0,0,0.07142857,stats_player_week_2022.csv.gz
00-0036879,Sam Ehlinger,QB,IND,2022,17,REG,NYG,9,14,60,1,0,1,-8,0,0,4,1,12,0,0,0,1,0.6514081,1.30086342,15,0,0,97.321429,4.28571429,0,0.06666667,0,0.8,stats_player_week_2022.csv.gz
00-0036898,Davis Mills,QB,HOU,2022,17,REG,JAX,22,40,202,0,0,1,-9,1,1,9,4,33,0,0,0,1,-22.47215388,-0.24712663,41,1,1,68.958333,5.05,0,0.02439024,0.02439024,0.80487805,stats_player_week_2022.csv.gz
00-0036945,Justin Fields,QB,CHI,2022,17,REG,DET,7,21,75,1,1,7,-45,1,1,2,10,132,0,0,0,3,-26.99516715,9.21008461,28,1,1,40.77381,3.57142857,0.04761905,0.25,0.03571429,4.71428571,stats_player_week_2022.csv.gz
00-0036971,Trevor Lawrence,QB,JAX,2022,17,REG,HOU,17,21,152,0,1,1,-8,0,0,8,2,4,0,1,0,1,1.52746318,-1.63652156,22,1,0,76.984127,7.23809524,0.04761905,0.04545455,0.04545455,0.18181818,stats_player_week_2022.csv.gz
00-0036972,Mac Jones,QB,NE,2022,17,REG,MIA,20,33,204,2,0,3,-31,0,0,9,3,1,0,0,0,1,-3.19160102,-1.40661838,36,0,0,98.54798,6.18181818,0,0.08333333,0,0.02777778,stats_player_week_2022.csv.gz
00-0037327,Skylar Thompson,QB,MIA,2022,17,REG,NE,12,21,104,1,1,1,-6,0,0,6,1,4,0,0,0,0,-1.60107048,-0.14844795,22,0,0,66.369048,4.95238095,0.04761905,0.04545455,0,0.18181818,stats_player_week_2022.csv.gz
00-0037834,Brock Purdy,QB,SF,2022,17,REG,LV,22,35,284,2,1,0,0,0,0,15,2,-3,0,0,0,0,7.84575659,-3.13193896,35,0,0,95.416667,8.11428571,0.02857143,0,0,-0.08571429,stats_player_week_2022.csv.gz
00-0038102,Kenny Pickett,QB,PIT,2022,17,REG,BAL,15,27,168,1,0,2,-15,0,0,9,5,2,0,0,0,3,4.15913173,1.55877282,29,0,0,86.651235,6.22222222,0,0.06896552,0,0.06896552,stats_player_week_2022.csv.gz
00-0038122,Desmond Ridder,QB,ATL,2022,17,REG,ARI,19,26,169,0,0,1,-3,0,0,9,4,9,0,1,1,1,-0.18216361,-7.73913918,27,1,1,90.064103,6.5,0,0.03703704,0.03703704,0.33333333,stats_player_week_2022.csv.gz
00-0019596,Tom Brady,QB,TB,2022,18,REG,ATL,13,17,84,1,0,0,0,0,0,5,0,0,0,0,0,0,2.9991336,0,17,0,0,106.004902,4.94117647,0,0,0,0,stats_player_week_2022.csv.gz
00-0023459,Aaron Rodgers,QB,GB,2022,18,REG,DET,17,27,205,1,1,2,-17,0,0,9,3,10,0,0,0,1,-1.25787779,-0.78169871,29,0,0,83.101852,7.59259259,0.03703704,0.06896552,0,0.34482759,stats_player_week_2022.csv.gz
00-0026158,Joe Flacco,QB,NYJ,2022,18,REG,MIA,18,33,149,0,0,0,0,0,0,9,0,0,0,0,0,0,0.06368996,0,33,0,0,66.35101,4.51515152,0,0,0,0,stats_player_week_2022.csv.gz
00-0026197,Chad Henne,QB,KC,2022,18,REG,LV,0,0,0,0,0,0,0,0,0,0,2,-2,0,0,0,0,0,-5.12246437,0,0,0,,,,,,,stats_player_week_2022.csv.gz
00-0026544,Chase Daniel,QB,LAC,2022,18,REG,DEN,5,7,25,1,0,0,0,0,0,3,1,4,0,0,0,0,2.35858549,-0.80761555,7,0,0,116.071429,3.57142857,0,0,0,0.57142857,stats_player_week_2022.csv.gz
00-0027948,Blaine Gabbert,QB,TB,2022,18,REG,ATL,6,8,29,1,0,0,0,0,0,2,0,0,0,0,0,0,0.2152442,0,8,0,0,119.270833,3.625,0,0,0,0,stats_player_week_2022.csv.gz
00-0027973,Andy Dalton,QB,NO,2022,18,REG,CAR,15,25,171,1,0,1,-10,0,0,7,1,2,0,0,0,1,-4.95168783,0.36433151,26,0,0,93.916667,6.84,0,0.03846154,0,0.07692308,stats_player_week_2022.csv.gz
00-0029263,Russell Wilson,QB,DEN,2022,18,REG,LAC,13,24,283,3,1,2,-17,0,0,8,8,18,0,0,0,2,4.05269893,0.02822211,26,0,0,118.576389,11.79166667,0.04166667,0.07692308,0,0.69230769,stats_player_week_2022.csv.gz
00-0029604,Kirk Cousins,QB,MIN,2022,18,REG,CHI,17,20,225,1,0,0,0,0,0,10,0,0,0,0,0,0,16.61085238,0,20,0,0,130.208333,11.25,0,0,0,0,stats_player_week_2022.csv.gz
00-0030565,Geno Smith,QB,SEA,2022,18,REG,LA,19,31,213,1,2,3,-8,0,0,10,4,51,0,0,0,2,-7.51284274,4.92951991,34,0,0,65.658602,6.87096774,0.06451613,0.08823529,0,1.5,stats_player_week_2022.csv.gz
00-0032436,Jeff Driskel,QB,HOU,2022,18,REG,IND,2,2,13,0,0,0,0,0,0,1,3,7,0,0,0,0,0.36981289,-1.09882984,2,0,0,93.75,6.5,0,0,0,3.5,stats_player_week_2022.csv.gz
00-0033077,Dak Prescott,QB,DAL,2022,18,REG,WAS,14,37,128,1,1,1,-10,0,0,6,6,16,0,0,0,2,-13.16829086,-4.77758928,38,0,0,45.777027,3.45945946,0.02702703,0.02631579,0,0.42105263,stats_player_week_2022.csv.gz
00-0033106,Jared Goff,QB,DET,2022,18,REG,GB,23,34,224,0,0,1,-5,1,0,12,2,5,0,0,0,0,7.4910547,-4.59031091,35,1,0,85.906863,6.58823529,0,0.02857143,0.02857143,0.14285714,stats_player_week_2022.csv.gz
00-0033319,Nick Mullens,QB,MIN,2022,18,REG,CHI,11,13,116,0,1,0,0,0,0,5,4,8,0,0,0,1,5.58246103,-0.7301603,13,0,0,71.794872,8.92307692,0.07692308,0,0,0.61538462,stats_player_week_2022.csv.gz
00-0033537,Deshaun Watson,QB,CLE,2022,18,REG,PIT,19,29,230,2,2,7,-57,0,0,11,6,44,0,1,0,1,-3.8467639,2.14864771,36,1,0,83.979885,7.93103448,0.06896552,0.19444444,0.02777778,1.22222222,stats_player_week_2022.csv.gz
00-0033550,Davis Webb,QB,NYG,2022,18,REG,PHI,23,40,168,1,0,0,0,0,0,11,6,41,1,0,0,2,-2.46332554,6.87574309,40,0,0,75.833333,4.2,0,0,0,1.025,stats_player_week_2022.csv.gz
00-0033662,Cooper Rush,QB,DAL,2022,18,REG,WAS,0,1,0,0,0,0,0,0,0,0,0,0,0,0,0,0,-1.33511042,0,1,0,0,39.583333,0,0,0,0,0,stats_player_week_2022.csv.gz
00-0033873,Patrick Mahomes,QB,KC,2022,18,REG,LV,18,26,202,1,0,2,-21,0,0,9,3,29,0,0,0,2,1.01058861,2.98282135,28,0,0,104.967949,7.76923077,0,0.07142857,0,1.03571429,stats_player_week_2022.csv.gz
00-0033949,Joshua Dobbs,QB,TEN,2022,18,REG,JAX,20,29,179,1,1,4,-14,2,1,14,5,32,0,0,0,3,-0.56495131,1.99406171,33,2,1,82.399425,6.17241379,0.03448276,0.12121212,0.06060606,0.96969697,stats_player_week_2022.csv.gz
00-0033958,Nathan Peterman,QB,CHI,2022,18,REG,MIN,11,19,114,1,0,1,-6,0,0,7,2,7,0,0,0,0,-3.68852598,-0.2347277,20,0,0,92.872807,6,0,0.05,0,0.35,stats_player_week_2022.csv.gz
00-0034177,Tim Boyle,QB,CHI,2022,18,REG,MIN,2,8,33,0,2,0,0,0,0,2,2,-2,0,0,0,0,-5.45647898,0,8,0,0,4.6875,4.125,0.25,0,0,-0.25,stats_player_week_2022.csv.gz
00-0034855,Baker Mayfield,QB,LA,2022,18,REG,SEA,13,26,147,0,1,5,-24,0,0,7,5,16,0,0,0,1,-11.47579616,0.32554846,31,0,0,51.282051,5.65384615,0.03846154,0.16129032,0,0.51612903,stats_player_week_2022.csv.gz
00-0034857,Josh Allen,QB,BUF,2022,18,REG,NE,19,31,254,3,1,2,-17,0,0,10,9,16,0,0,0,3,8.4485746,-3.44496766,33,0,0,106.115591,8.19354839,0.03225806,0.06060606,0,0.48484848,stats_player_week_2022.csv.gz
00-0034869,Sam Darnold,QB,CAR,2022,18,REG,NO,5,15,43,0,2,2,-11,0,0,4,6,32,0,2,0,4,-12.89566967,3.13924413,17,2,0,2.777778,2.86666667,0.13333333,0.11764706,0.11764706,1.88235294,stats_player_week_2022.csv.gz
00-0035040,David Blough,QB,ARI,2022,18,REG,SF,14,18,180,1,2,3,-15,1,1,5,2,-2,0,0,0,0,-6.57861437,-4.37183027,21,1,1,87.268519,10,0.11111111,0.14285714,0.04761905,-0.0952381,stats_player_week_2022.csv.gz
00-0035146,Trace McSorley,QB,ARI,2022,18,REG,SF,6,9,29,0,1,0,0,0,0,1,3,13,0,0,0,1,-9.0583704,1.21021752,9,0,0,31.481481,3.22222222,0.11111111,0,0,1.44444444,stats_player_week_2022.csv.gz
00-0035264,Jarrett Stidham,QB,LV,2022,18,REG,KC,22,36,219,1,1,6,-39,2,1,13,7,50,0,0,0,3,-9.47109156,2.96577759,42,2,1,76.041667,6.08333333,0.02777778,0.14285714,0.04761905,1.19047619,stats_player_week_2022.csv.gz
00-0036355,Justin Herbert,QB,LAC,2022,18,REG,DEN,25,37,273,2,0,1,-5,0,0,14,2,-1,0,1,0,0,15.43183239,-0.91231527,38,1,0,107.150901,7.37837838,0,0.02631579,0.02631579,-0.02631579,stats_player_week_2022.csv.gz
00-0036389,Jalen Hurts,QB,PHI,2022,18,REG,NYG,20,35,229,0,1,3,-22,0,0,11,9,13,0,0,0,3,-4.57254556,-0.4343901,38,0,0,65.059524,6.54285714,0.02857143,0.07894737,0,0.34210526,stats_player_week_2022.csv.gz
00-0036442,Joe Burrow,QB,CIN,2022,18,REG,BAL,25,42,215,1,0,2,-13,1,1,12,3,10,0,0,0,0,-7.98905929,-1.47498501,44,1,1,80.952381,5.11904762,0,0.04545455,0.02272727,0.22727273,stats_player_week_2022.csv.gz
00-0036879,Sam Ehlinger,QB,IND,2022,18,REG,HOU,23,35,209,2,2,2,-7,0,0,13,5,21,0,1,0,1,-13.00809626,3.49921742,37,1,0,76.964286,5.97142857,0.05714286,0.05405405,0.02702703,0.56756757,stats_player_week_2022.csv.gz
00-0036898,Davis Mills,QB,HOU,2022,18,REG,IND,22,38,298,3,2,1,-10,0,0,14,1,6,0,0,0,0,7.28304452,-0.27755938,39,0,0,87.390351,7.84210526,0.05263158,0.02564103,0,0.15384615,stats_player_week_2022.csv.gz
00-0036928,Kyle Trask,QB,TB,2022,18,REG,ATL,3,9,23,0,0,0,0,0,0,1,0,0,0,0,0,0,-5.33255964,0,9,0,0,42.361111,2.55555556,0,0,0,0,stats_player_week_2022.csv.gz
00-0036971,Trevor Lawrence,QB,JAX,2022,18,REG,TEN,20,32,212,1,0,1,-9,0,0,10,4,-3,0,1,1,1,4.34759009,-5.45117104,33,1,1,92.1875,6.625,0,0.03030303,0.03030303,-0.09090909,stats_player_week_2022.csv.gz
00-0036972,Mac Jones,QB,NE,2022,18,REG,BUF,26,40,243,3,3,1,-9,0,0,13,4,5,0,0,0,1,-1.71512462,-0.74552305,41,0,0,75.3125,6.075,0.075,0.02439024,0,0.12195122,stats_player_week_2022.csv.gz
00-0037077,Sam Howell,QB,WAS,2022,18,REG,DAL,11,19,169,1,1,3,-11,0,0,6,5,35,1,0,0,4,-7.46178454,5.52688141,22,0,0,83.004386,8.89473684,0.05263158,0.13636364,0,1.59090909,stats_player_week_2022.csv.gz
00-0037175,Anthony Brown,QB,BAL,2022,18,REG,CIN,19,44,286,0,2,4,-10,1,1,12,0,0,0,0,0,0,-14.95785022,0,48,1,1,46.212121,6.5,0.04545455,0.08333333,0.02083333,0,stats_player_week_2022.csv.gz
00-0037327,Skylar Thompson,QB,MIA,2022,18,REG,NYJ,20,31,152,0,0,1,-12,0,0,7,3,3,0,0,0,0,-7.08515511,-3.03933511,32,0,0,76.276882,4.90322581,0,0.03125,0,0.09375,stats_player_week_2022.csv.gz
00-0037834,Brock Purdy,QB,SF,2022,18,REG,ARI,15,20,178,3,0,4,-36,0,0,10,4,7,0,0,0,1,5.97394372,-1.9228617,24,0,0,141.25,8.9,0,0.16666667,0,0.29166667,stats_player_week_2022.csv.gz
00-0038102,Kenny Pickett,QB,PIT,2022,18,REG,CLE,13,29,195,1,0,1,-6,0,0,10,3,1,0,1,0,0,10.16356061,-1.71468851,30,1,0,78.951149,6.72413793,0,0.03333333,0.03333333,0.03333333,stats_player_week_2022.csv.gz
00-0038122,Desmond Ridder,QB,ATL,2022,18,REG,TB,19,30,224,2,0,2,-16,1,1,11,2,9,0,0,0,0,6.60379353,-1.43308395,32,1,1,108.194444,7.46666667,0,0.0625,0.03125,0.28125,stats_player_week_2022.csv.gz
00-0023459,Aaron Rodgers,QB,NYJ,2023,1,REG,BUF,0,1,0,0,0,1,-10,0,0,0,0,0,0,0,0,0,-2.03195988,0,2,0,0,39.583333,0,0,0.5,0,0,stats_player_week_2023.csv.gz
00-0026498,Matthew Stafford,QB,LA,2023,1,REG,SEA,24,38,334,0,0,0,0,0,0,17,3,11,0,0,0,1,20.67998153,0.86808594,38,0,0,91.337719,8.78947368,0,0,0,0.28947368,stats_player_week_2023.csv.gz
00-0028118,Tyrod Taylor,QB,NYG,2023,1,REG,DAL,2,2,6,0,0,0,0,0,0,0,0,0,0,0,0,0,-0.54465689,0,2,0,0,79.166667,3,0,0,0,0,stats_player_week_2023.csv.gz
00-0029263,Russell Wilson,QB,DEN,2023,1,REG,LV,27,34,177,2,0,2,-11,0,0,11,1,1,0,0,0,0,2.35553834,-0.60332139,36,0,0,107.965686,5.20588235,0,0.05555556,0,0.02777778,stats_player_week_2023.csv.gz
00-0029604,Kirk Cousins,QB,MIN,2023,1,REG,TB,33,44,344,2,1,2,-16,1,1,15,3,7,0,1,1,1,0.32368978,-5.51763226,46,2,2,102.840909,7.81818182,0.02272727,0.04347826,0.04347826,0.15217391,stats_player_week_2023.csv.gz
00-0029701,Ryan Tannehill,QB,TEN,2023,1,REG,NO,16,34,198,0,3,3,-17,0,0,8,3,5,0,0,0,0,-12.04296189,-1.83676085,37,0,0,28.79902,5.82352941,0.08823529,0.08108108,0,0.13513514,stats_player_week_2023.csv.gz
00-0030565,Geno Smith,QB,SEA,2023,1,REG,LA,16,26,112,1,0,2,-17,0,0,7,1,6,0,0,0,0,-4.38909074,0.25093515,28,0,0,84.134615,4.30769231,0,0.07142857,0,0.21428571,stats_player_week_2023.csv.gz
00-0031280,Derek Carr,QB,NO,2023,1,REG,TEN,23,33,305,1,1,4,-23,0,0,12,3,4,0,0,0,0,3.67048463,-3.66622779,37,0,0,96.14899,9.24242424,0.03030303,0.10810811,0,0.10810811,stats_player_week_2023.csv.gz
00-0031345,Jimmy Garoppolo,QB,LV,2023,1,REG,DEN,20,26,200,2,1,0,0,0,0,11,9,11,0,1,0,2,13.08608498,-1.86504545,26,1,0,107.852564,7.69230769,0.03846154,0,0.03846154,0.42307692,stats_player_week_2023.csv.gz
00-0033077,Dak Prescott,QB,DAL,2023,1,REG,NYG,13,24,143,0,0,0,0,0,0,8,1,6,0,0,0,0,4.17848434,0.33684132,24,0,0,72.048611,5.95833333,0,0,0,0.25,stats_player_week_2023.csv.gz
00-0033106,Jared Goff,QB,DET,2023,1,REG,KC,22,35,253,1,0,1,-3,0,0,11,5,-1,0,0,0,1,6.5437568,-4.45475308,36,0,0,94.107143,7.22857143,0,0.02777778,0,-0.02777778,stats_player_week_2023.csv.gz
00-0033537,Deshaun Watson,QB,CLE,2023,1,REG,CIN,16,29,154,1,1,3,-10,0,0,9,5,45,1,0,0,3,-10.8713059,7.41746906,32,0,0,67.313218,5.31034483,0.03448276,0.09375,0,1.40625,stats_player_week_2023.csv.gz
00-0033662,Cooper Rush,QB,DAL,2023,1,REG,NYG,0,1,0,0,0,0,0,0,0,0,0,0,0,0,0,0,-2.60165397,0,1,0,0,39.583333,0,0,0,0,0,stats_player_week_2023.csv.gz
00-0033873,Patrick Mahomes,QB,KC,2023,1,REG,DET,21,39,226,2,1,0,0,0,0,10,6,45,0,0,0,3,-6.45361296,2.92473617,39,0,0,77.510684,5.79487179,0.02564103,0,0,1.15384615,stats_player_week_2023.csv.gz
00-0033949,Joshua Dobbs,QB,ARI,2023,1,REG,WAS,21,30,132,0,0,3,-18,1,1,9,3,-3,0,1,1,0,-9.23966757,-7.96104086,33,2,2,78.75,4.4,0,0.09090909,0.06060606,-0.09090909,stats_player_week_2023.csv.gz
00-0034796,Lamar Jackson,QB,BAL,2023,1,REG,HOU,17,22,169,0,1,4,-14,1,1,8,6,38,0,1,0,3,-4.41566257,1.44545597,26,2,1,79.545455,7.68181818,0.04545455,0.15384615,0.07692308,1.46153846,stats_player_week_2023.csv.gz
00-0034855,Baker Mayfield,QB,TB,2023,1,REG,MIN,21,34,173,2,0,1,-4,0,0,9,8,11,0,0,0,2,0.9109713,-2.1274271,35,0,0,94.362745,5.08823529,0,0.02857143,0,0.31428571,stats_player_week_2023.csv.gz
00-0034857,Josh Allen,QB,BUF,2023,1,REG,NYJ,29,41,236,1,3,5,-19,0,0,11,6,36,0,1,1,3,-1.40939703,-1.33932856,46,1,1,62.652439,5.75609756,0.07317073,0.10869565,0.02173913,0.7826087,stats_player_week_2023.csv.gz
00-0034869,Sam Darnold,QB,SF,2023,1,REG,PIT,0,0,0,0,0,0,0,0,0,0,2,-2,0,0,0,0,0,0,0,0,0,,,,,,,stats_player_week_2023.csv.gz
00-0035100,Jake Browning,QB,CIN,2023,1,REG,CLE,0,1,0,0,0,0,0,0,0,0,1,-1,0,0,0,0,-1.24702902,0,1,0,0,39.583333,0,0,0,0,-1,stats_player_week_2023.csv.gz
00-0035289,Gardner Minshew,QB,IND,2023,1,REG,JAX,0,2,0,0,0,0,0,0,0,0,0,0,0,0,0,0,-4.75461643,0,2,0,0,39.583333,0,0,0,0,0,stats_player_week_2023.csv.gz
00-0035710,Daniel Jones,QB,NYG,2023,1,REG,DAL,15,28,104,0,2,7,-47,1,0,5,13,43,0,1,0,3,-22.69797034,-2.86156244,35,2,0,32.440476,3.71428571,0.07142857,0.2,0.05714286,1.22857143,stats_player_week_2023.csv.gz
00-0036212,Tua Tagovailoa,QB,MIA,2023,1,REG,LAC,28,45,466,3,1,0,0,0,0,23,5,5,0,2,1,1,27.0783307,-9.9377401,45,2,1,110.046296,10.35555556,0.02222222,0,0.04444444,0.11111111,stats_player_week_2023.csv.gz
00-0036264,Jordan Love,QB,GB,2023,1,REG,CHI,15,27,245,3,0,1,-8,0,0,10,3,12,0,0,0,1,17.79565351,-0.86468154,28,0,0,123.225309,9.07407407,0,0.03571429,0,0.42857143,stats_player_week_2023.csv.gz
00-0036355,Justin Herbert,QB,LAC,2023,1,REG,MIA,23,33,229,1,0,3,-29,0,0,10,5,17,1,0,0,4,-1.24106545,2.48672517,36,0,0,99.179293,6.93939394,0,0.08333333,0,0.47222222,stats_player_week_2023.csv.gz
00-0036389,Jalen Hurts,QB,PHI,2023,1,REG,NE,22,33,170,1,0,3,-16,0,0,8,9,37,0,1,1,2,-4.85952255,-2.24388722,36,1,1,89.204545,5.15151515,0,0.08333333,0.02777778,1.02777778,stats_player_week_2023.csv.gz
00-0036442,Joe Burrow,QB,CIN,2023,1,REG,CLE,14,31,82,0,0,2,-15,0,0,3,1,-1,0,0,0,0,-18.63562689,0,33,0,0,52.217742,2.64516129,0,0.06060606,0,-0.03030303,stats_player_week_2023.csv.gz
00-0036945,Justin Fields,QB,CHI,2023,1,REG,GB,24,37,216,1,1,4,-27,1,1,12,9,59,0,0,0,2,-11.94573208,0.6865093,41,1,1,78.209459,5.83783784,0.02702703,0.09756098,0.02439024,1.43902439,stats_player_week_2023.csv.gz
00-0036971,Trevor Lawrence,QB,JAX,2023,1,REG,IND,24,32,241,2,1,2,-4,1,0,10,7,21,0,0,0,2,-9.00186683,-2.97034936,34,1,0,103.776042,7.53125,0.03125,0.05882353,0.02941176,0.61764706,stats_player_week_2023.csv.gz
00-0036972,Mac Jones,QB,NE,2023,1,REG,PHI,35,54,316,3,1,2,-10,0,0,18,2,15,0,0,0,1,-7.60789366,0.35641239,56,0,0,91.280864,5.85185185,0.01851852,0.03571429,0,0.26785714,stats_player_week_2023.csv.gz
00-0037013,Zach Wilson,QB,NYJ,2023,1,REG,BUF,14,21,140,1,1,2,-13,0,0,7,4,6,0,0,0,1,-3.18953264,2.17830204,23,0,0,81.448413,6.66666667,0.04761905,0.08695652,0,0.26086957,stats_player_week_2023.csv.gz
00-0037077,Sam Howell,QB,WAS,2023,1,REG,ARI,19,31,202,1,1,6,-46,1,1,10,2,11,1,0,0,1,-13.41306273,2.76807258,37,1,1,77.620968,6.51612903,0.03225806,0.16216216,0.02702703,0.2972973,stats_player_week_2023.csv.gz
00-0037834,Brock Purdy,QB,SF,2023,1,REG,PIT,19,29,220,2,0,3,-17,2,1,13,3,20,0,0,0,1,6.52786403,2.49409213,32,2,1,111.278736,7.5862069,0,0.09375,0.0625,0.625,stats_player_week_2023.csv.gz
00-0038102,Kenny Pickett,QB,PIT,2023,1,REG,SF,31,46,232,1,2,5,-34,0,0,9,1,4,0,0,0,0,-20.12092657,0.04883878,51,0,0,68.387681,5.04347826,0.04347826,0.09803922,0,0.07843137,stats_player_week_2023.csv.gz
00-0038122,Desmond Ridder,QB,ATL,2023,1,REG,CAR,15,18,115,1,0,4,-24,1,0,6,1,-1,0,0,0,0,-4.45044975,0,22,1,0,111.805556,6.38888889,0,0.18181818,0.04545455,-0.04545455,stats_player_week_2023.csv.gz
00-0038391,Sean Clifford,QB,GB,2023,1,REG,CHI,0,0,0,0,0,0,0,0,0,0,1,0,0,1,0,0,0,-0.84688996,0,1,0,,,,,,,stats_player_week_2023.csv.gz
00-0039150,Bryce Young,QB,CAR,2023,1,REG,ATL,20,38,146,1,2,2,-19,0,0,9,3,17,0,1,0,1,-10.52856342,-1.50068517,40,1,0,48.79386,3.84210526,0.05263158,0.05,0.025,0.425,stats_player_week_2023.csv.gz
00-0039163,C.J. Stroud,QB,HOU,2023,1,REG,BAL,28,44,242,0,0,5,-46,1,1,13,4,20,0,0,0,1,-11.15619221,-0.58835171,49,1,1,78.030303,5.5,0,0.10204082,0.02040816,0.40816327,stats_player_week_2023.csv.gz
00-0039164,Anthony Richardson,QB,IND,2023,1,REG,JAX,24,37,223,1,1,4,-8,0,0,12,10,40,1,0,0,3,-4.38714141,-0.24149751,41,0,0,78.997748,6.02702703,0.02702703,0.09756098,0,0.97560976,stats_player_week_2023.csv.gz
00-0026498,Matthew Stafford,QB,LA,2023,2,REG,SF,34,55,307,1,2,1,-10,0,0,17,4,17,0,0,0,1,-5.0891927,-0.43832971,56,0,0,67.765152,5.58181818,0.03636364,0.01785714,0,0.30357143,stats_player_week_2023.csv.gz
00-0029263,Russell Wilson,QB,DEN,2023,2,REG,WAS,18,32,308,3,1,7,-31,1,1,8,6,56,0,0,0,6,2.39950511,6.46287164,39,1,1,107.291667,9.625,0.03125,0.17948718,0.02564103,1.43589744,stats_player_week_2023.csv.gz
00-0029604,Kirk Cousins,QB,MIN,2023,2,REG,PHI,31,44,364,4,0,2,-18,1,1,19,0,0,0,0,0,0,17.48133721,0,46,1,1,125.568182,8.27272727,0,0.04347826,0.02173913,0,stats_player_week_2023.csv.gz
00-0029701,Ryan Tannehill,QB,TEN,2023,2,REG,LAC,20,24,246,1,0,5,-46,0,0,9,1,12,1,0,0,1,1.45676406,1.73934124,29,0,0,123.263889,10.25,0,0.17241379,0,0.4137931,stats_player_week_2023.csv.gz
00-0030565,Geno Smith,QB,SEA,2023,2,REG,DET,32,41,328,2,0,1,-17,0,0,18,3,20,0,0,0,0,14.86927053,-0.68768005,42,0,0,116.260163,8,0,0.02380952,0,0.47619048,stats_player_week_2023.csv.gz
00-0031280,Derek Carr,QB,NO,2023,2,REG,CAR,21,36,228,0,1,4,-29,0,0,11,3,-4,0,0,0,0,-2.18910753,-2.74771812,40,0,0,65.509259,6.33333333,0.02777778,0.1,0,-0.1,stats_player_week_2023.csv.gz
00-0031345,Jimmy Garoppolo,QB,LV,2023,2,REG,BUF,16,24,185,1,2,0,0,0,0,10,1,1,0,0,0,0,-2.00709857,-0.43577519,24,0,0,68.923611,7.70833333,0.08333333,0,0,0.04166667,stats_player_week_2023.csv.gz
00-0033077,Dak Prescott,QB,DAL,2023,2,REG,NYJ,31,38,255,2,0,1,-7,0,0,16,6,14,0,0,0,2,10.07787206,-0.78062514,39,0,0,112.171053,6.71052632,0,0.02564103,0,0.35897436,stats_player_week_2023.csv.gz
00-0033106,Jared Goff,QB,DET,2023,2,REG,SEA,28,35,323,3,1,2,-7,0,0,17,0,0,0,0,0,0,8.15220135,0,37,0,0,121.785714,9.22857143,0.02857143,0.05405405,0,0,stats_player_week_2023.csv.gz
00-0033537,Deshaun Watson,QB,CLE,2023,2,REG,PIT,22,40,235,1,1,6,-25,1,1,12,6,22,0,1,1,2,-15.9531774,-3.50067653,46,2,2,70.3125,5.875,0.025,0.13043478,0.04347826,0.47826087,stats_player_week_2023.csv.gz
00-0033873,Patrick Mahomes,QB,KC,2023,2,REG,JAX,29,41,305,2,1,1,-7,0,0,12,7,30,0,0,0,3,10.55877608,-2.99167503,42,0,0,98.119919,7.43902439,0.02439024,0.02380952,0,0.71428571,stats_player_week_2023.csv.gz
00-0033949,Joshua Dobbs,QB,ARI,2023,2,REG,NYG,21,31,228,1,0,0,0,0,0,11,3,41,1,0,0,3,7.43088518,5.76970835,31,0,0,99.932796,7.35483871,0,0,0,1.32258065,stats_player_week_2023.csv.gz
00-0034577,Kyle Allen,QB,BUF,2023,2,REG,LV,0,0,0,0,0,0,0,0,0,0,2,-2,0,0,0,0,0,-2.33477473,0,0,0,,,,,,,stats_player_week_2023.csv.gz
00-0034796,Lamar Jackson,QB,BAL,2023,2,REG,CIN,24,33,237,2,0,0,0,0,0,12,12,54,0,0,0,3,12.39285337,-1.2977396,33,0,0,112.815657,7.18181818,0,0,0,1.63636364,stats_player_week_2023.csv.gz
00-0034855,Baker Mayfield,QB,TB,2023,2,REG,CHI,26,34,317,1,0,0,0,0,0,10,6,17,0,0,0,0,13.2584853,-2.54957996,34,0,0,114.460784,9.32352941,0,0,0,0.5,stats_player_week_2023.csv.gz
00-0034857,Josh Allen,QB,BUF,2023,2,REG,LV,31,37,274,3,0,2,-7,0,0,17,3,7,0,0,0,2,13.2176074,3.73497561,39,0,0,124.54955,7.40540541,0,0.05128205,0,0.17948718,stats_player_week_2023.csv.gz
00-0035289,Gardner Minshew,QB,IND,2023,2,REG,HOU,19,23,171,1,0,0,0,0,0,9,2,3,0,0,0,0,8.90714535,-0.91383081,23,0,0,112.137681,7.43478261,0,0,0,0.13043478,stats_player_week_2023.csv.gz
00-0035710,Daniel Jones,QB,NYG,2023,2,REG,ARI,26,37,321,2,1,3,-9,0,0,15,9,59,1,0,0,5,8.18034806,7.55560035,40,0,0,103.547297,8.67567568,0.02702703,0.075,0,1.475,stats_player_week_2023.csv.gz
00-0036212,Tua Tagovailoa,QB,MIA,2023,2,REG,NE,21,30,249,1,1,1,-5,0,0,15,4,3,0,2,0,0,11.26656308,-2.37447431,31,2,0,92.222222,8.3,0.03333333,0.03225806,0.06451613,0.09677419,stats_player_week_2023.csv.gz
00-0036264,Jordan Love,QB,GB,2023,2,REG,ATL,14,25,151,3,0,1,-11,0,0,10,2,23,0,0,0,1,2.63113881,3.14387403,26,0,0,113.5,6.04,0,0.03846154,0,0.88461538,stats_player_week_2023.csv.gz
00-0036355,Justin Herbert,QB,LAC,2023,2,REG,TEN,27,41,305,2,0,3,-24,0,0,14,1,0,0,0,0,0,10.31794211,-1.53642347,44,0,0,104.21748,7.43902439,0,0.06818182,0,0,stats_player_week_2023.csv.gz
00-0036389,Jalen Hurts,QB,PHI,2023,2,REG,MIN,18,23,193,1,1,4,-22,0,0,4,12,35,2,0,0,5,1.11317071,0.4237206,27,0,0,98.007246,8.39130435,0.04347826,0.14814815,0,1.2962963,stats_player_week_2023.csv.gz
00-0036442,Joe Burrow,QB,CIN,2023,2,REG,BAL,27,41,222,2,1,1,-6,0,0,13,1,5,0,0,0,0,1.57230832,0.04266933,42,0,0,85.619919,5.41463415,0.02439024,0.02380952,0,0.11904762,stats_player_week_2023.csv.gz
00-0036945,Justin Fields,QB,CHI,2023,2,REG,TB,16,29,211,1,2,6,-42,1,0,9,4,3,1,1,0,1,-8.62032806,-1.85687591,35,2,0,61.135057,7.27586207,0.06896552,0.17142857,0.05714286,0.08571429,stats_player_week_2023.csv.gz
00-0036971,Trevor Lawrence,QB,JAX,2023,2,REG,KC,22,41,216,0,0,4,-18,1,0,14,5,26,0,1,1,1,-12.62591125,-6.25780121,45,2,1,68.75,5.26829268,0,0.08888889,0.04444444,0.57777778,stats_player_week_2023.csv.gz
00-0036972,Mac Jones,QB,NE,2023,2,REG,MIA,31,42,231,1,1,4,-31,0,0,10,5,25,0,0,0,4,-2.376623,5.05554539,46,0,0,84.52381,5.5,0.02380952,0.08695652,0,0.54347826,stats_player_week_2023.csv.gz
00-0037013,Zach Wilson,QB,NYJ,2023,2,REG,DAL,12,27,170,1,3,3,-19,0,0,6,5,36,0,0,0,2,-18.48519755,-0.67632676,30,0,0,38.117284,6.2962963,0.11111111,0.1,0,1.2,stats_player_week_2023.csv.gz
00-0037077,Sam Howell,QB,WAS,2023,2,REG,DEN,27,39,299,2,0,4,-33,1,0,11,2,13,0,0,0,1,7.24940067,2.07694969,43,1,0,108.814103,7.66666667,0,0.09302326,0.02325581,0.30232558,stats_player_week_2023.csv.gz
00-0037834,Brock Purdy,QB,SF,2023,2,REG,LA,17,25,206,0,0,1,0,0,0,11,3,5,1,1,0,2,3.25991357,2.66324252,26,1,0,93.083333,8.24,0,0.03846154,0.03846154,0.19230769,stats_player_week_2023.csv.gz
00-0038102,Kenny Pickett,QB,PIT,2023,2,REG,CLE,15,30,222,1,1,2,-22,0,0,6,4,-6,0,0,0,0,-7.77211278,-3.50806779,32,0,0,71.805556,7.4,0.03333333,0.0625,0,-0.1875,stats_player_week_2023.csv.gz
00-0038122,Desmond Ridder,QB,ATL,2023,2,REG,GB,19,32,237,1,1,1,-2,0,0,10,10,39,1,0,0,3,3.11944444,1.72348057,33,0,0,79.817708,7.40625,0.03125,0.03030303,0,1.18181818,stats_player_week_2023.csv.gz
00-0039150,Bryce Young,QB,CAR,2023,2,REG,NO,22,33,153,1,0,4,-14,1,1,8,2,34,0,0,0,1,-11.27437778,3.04433842,37,1,1,87.058081,4.63636364,0,0.10810811,0.02702703,0.91891892,stats_player_week_2023.csv.gz
00-0039163,C.J. Stroud,QB,HOU,2023,2,REG,IND,30,47,384,2,0,6,-47,1,1,18,3,1,0,1,0,0,7.30306556,-2.48574911,53,2,1,103.501773,8.17021277,0,0.11320755,0.03773585,0.01886792,stats_player_week_2023.csv.gz
00-0039164,Anthony Richardson,QB,IND,2023,2,REG,HOU,6,10,56,0,0,0,0,0,0,4,3,35,2,0,0,2,1.73292005,3.51362731,10,0,0,75.416667,5.6,0,0,0,3.5,stats_player_week_2023.csv.gz
00-0026498,Matthew Stafford,QB,LA,2023,3,REG,CIN,18,33,269,1,2,6,-48,0,0,12,1,7,0,0,0,1,-8.40479001,2.52957634,39,0,0,66.35101,8.15151515,0.06060606,0.15384615,0,0.17948718,stats_player_week_2023.csv.gz
00-0027948,Blaine Gabbert,QB,KC,2023,3,REG,CHI,3,5,31,0,2,0,0,0,0,2,2,-1,0,0,0,0,-6.7060454,-2.49004718,5,0,0,38.333333,6.2,0.4,0,0,-0.2,stats_player_week_2023.csv.gz
00-0027973,Andy Dalton,QB,CAR,2023,3,REG,SEA,34,58,361,2,0,3,-27,0,0,17,2,11,0,0,0,1,4.54832959,1.050913,61,0,0,88.362069,6.22413793,0,0.04918033,0,0.18032787,stats_player_week_2023.csv.gz
00-0028118,Tyrod Taylor,QB,NYG,2023,3,REG,SF,0,1,0,0,0,0,0,0,0,0,1,2,0,0,0,0,-0.65154302,-0.18906277,1,0,0,39.583333,0,0,0,0,2,stats_player_week_2023.csv.gz
00-0029263,Russell Wilson,QB,DEN,2023,3,REG,MIA,23,38,306,1,1,1,-12,0,0,13,0,0,0,0,0,0,2.20871874,0,39,0,0,83.881579,8.05263158,0.02631579,0.02564103,0,0,stats_player_week_2023.csv.gz
00-0029604,Kirk Cousins,QB,MIN,2023,3,REG,LAC,32,50,367,3,1,4,-22,0,0,15,1,10,0,0,0,0,1.42024029,2.68949939,54,0,0,97.666667,7.34,0.02,0.07407407,0,0.18518519,stats_player_week_2023.csv.gz
00-0029701,Ryan Tannehill,QB,TEN,2023,3,REG,CLE,13,25,104,0,0,5,-36,1,0,5,0,0,0,0,0,0,-14.02561176,0,30,1,0,62.75,4.16,0,0.16666667,0.03333333,0,stats_player_week_2023.csv.gz
00-0030565,Geno Smith,QB,SEA,2023,3,REG,CAR,23,36,296,1,1,2,-17,0,0,14,4,-4,0,0,0,0,6.32651525,-1.45383135,38,0,0,87.268519,8.22222222,0.02777778,0.05263158,0,-0.10526316,stats_player_week_2023.csv.gz
00-0031280,Derek Carr,QB,NO,2023,3,REG,GB,13,18,103,1,0,3,-21,0,0,6,0,0,0,0,0,0,0.07446693,0,21,0,0,104.62963,5.72222222,0,0.14285714,0,0,stats_player_week_2023.csv.gz
00-0031345,Jimmy Garoppolo,QB,LV,2023,3,REG,PIT,28,44,324,2,3,4,-31,0,0,12,2,7,0,0,0,1,-7.29947378,-0.32640723,48,0,0,72.537879,7.36363636,0.06818182,0.08333333,0,0.14583333,stats_player_week_2023.csv.gz
00-0031503,Jameis Winston,QB,NO,2023,3,REG,GB,10,16,101,0,0,1,-8,0,0,3,0,0,0,0,0,0,-2.51949023,0,17,0,0,80.46875,6.3125,0,0.05882353,0,0,stats_player_week_2023.csv.gz
00-0033077,Dak Prescott,QB,DAL,2023,3,REG,ARI,25,40,249,1,1,2,-18,0,0,11,3,24,0,0,0,2,-3.65961485,2.07852536,42,0,0,78.020833,6.225,0.025,0.04761905,0,0.57142857,stats_player_week_2023.csv.gz
00-0033106,Jared Goff,QB,DET,2023,3,REG,ATL,22,33,243,1,1,0,0,0,0,11,5,3,1,0,0,1,2.72068991,-2.03508013,33,0,0,85.795455,7.36363636,0.03030303,0,0,0.09090909,stats_player_week_2023.csv.gz
00-0033537,Deshaun Watson,QB,CLE,2023,3,REG,TEN,27,33,289,2,0,3,-26,1,0,12,4,16,0,0,0,2,12.50811652,1.2966542,36,1,0,123.358586,8.75757576,0,0.08333333,0.02777778,0.44444444,stats_player_week_2023.csv.gz
00-0033873,Patrick Mahomes,QB,KC,2023,3,REG,CHI,24,33,272,3,0,0,0,0,0,14,3,28,0,0,0,2,20.91733059,1.33704735,33,0,0,127.335859,8.24242424,0,0,0,0.84848485,stats_player_week_2023.csv.gz
00-0033936,C.J. Beathard,QB,JAX,2023,3,REG,HOU,2,2,9,0,0,0,0,0,0,1,0,0,0,0,0,0,0.42687326,0,2,0,0,85.416667,4.5,0,0,0,0,stats_player_week_2023.csv.gz
00-0033949,Joshua Dobbs,QB,ARI,2023,3,REG,DAL,17,21,189,1,0,2,-11,0,0,8,6,55,0,0,0,3,3.61363141,2.04738293,23,0,0,120.039683,9,0,0.08695652,0,2.39130435,stats_player_week_2023.csv.gz
00-0034401,Mike White,QB,MIA,2023,3,REG,DEN,2,2,67,1,0,0,0,0,0,1,1,-1,0,0,0,0,4.69023411,-2.19799815,2,0,0,158.333333,33.5,0,0,0,-0.5,stats_player_week_2023.csv.gz
00-0034577,Kyle Allen,QB,BUF,2023,3,REG,WAS,0,0,0,0,0,0,0,0,0,0,2,-2,0,0,0,0,0,0,0,0,0,,,,,,,stats_player_week_2023.csv.gz
00-0034796,Lamar Jackson,QB,BAL,2023,3,REG,IND,22,31,202,0,0,4,-24,2,1,7,14,101,2,0,0,8,-7.25134711,7.78710828,35,2,1,88.373656,6.51612903,0,0.11428571,0.05714286,2.88571429,stats_player_week_2023.csv.gz
00-0034855,Baker Mayfield,QB,TB,2023,3,REG,PHI,15,25,146,1,1,2,-13,1,0,10,1,2,0,0,0,0,1.61408225,-1.21212553,27,1,0,73.083333,5.84,0.04,0.07407407,0.03703704,0.07407407,stats_player_week_2023.csv.gz
00-0034857,Josh Allen,QB,BUF,2023,3,REG,WAS,20,32,218,1,1,0,0,0,0,10,3,46,1,0,0,3,5.21104045,7.10263585,32,0,0,79.947917,6.8125,0.03125,0,0,1.4375,stats_player_week_2023.csv.gz
00-0034869,Sam Darnold,QB,SF,2023,3,REG,NYG,0,0,0,0,0,0,0,0,0,0,1,-1,0,0,0,0,0,-1.57149515,0,0,0,,,,,,,stats_player_week_2023.csv.gz
00-0035289,Gardner Minshew,QB,IND,2023,3,REG,BAL,27,44,227,1,0,5,-39,1,0,9,0,0,0,0,0,0,-8.41834523,0,49,1,0,82.291667,5.15909091,0,0.10204082,0.02040816,0,stats_player_week_2023.csv.gz
00-0035710,Daniel Jones,QB,NYG,2023,3,REG,SF,22,32,137,0,1,2,-16,0,0,6,2,5,0,0,0,1,-9.13083261,0.18144015,34,0,0,64.192708,4.28125,0.03125,0.05882353,0,0.14705882,stats_player_week_2023.csv.gz
00-0036212,Tua Tagovailoa,QB,MIA,2023,3,REG,DEN,23,26,309,4,0,0,0,0,0,15,0,0,0,0,0,0,26.3722123,0,26,0,0,155.769231,11.88461538,0,0,0,0,stats_player_week_2023.csv.gz
00-0036264,Jordan Love,QB,GB,2023,3,REG,NO,22,44,259,1,1,1,-14,0,0,13,9,39,1,0,0,2,-1.91140878,4.07030666,45,0,0,66.382576,5.88636364,0.02272727,0.02222222,0,0.86666667,stats_player_week_2023.csv.gz
00-0036355,Justin Herbert,QB,LAC,2023,3,REG,MIN,40,47,405,3,0,1,-9,1,0,21,2,11,0,0,0,1,21.50161573,0.73073355,48,1,0,123.847518,8.61702128,0,0.02083333,0.02083333,0.22916667,stats_player_week_2023.csv.gz
00-0036389,Jalen Hurts,QB,PHI,2023,3,REG,TB,23,37,277,1,2,1,-6,0,0,13,10,28,1,0,0,6,1.75536146,3.25542863,38,0,0,71.565315,7.48648649,0.05405405,0.02631579,0,0.73684211,stats_player_week_2023.csv.gz
00-0036442,Joe Burrow,QB,CIN,2023,3,REG,LA,26,49,259,0,1,2,-17,0,0,12,3,-2,0,0,0,0,-6.38702416,-2.04436706,51,0,0,59.821429,5.28571429,0.02040816,0.03921569,0,-0.03921569,stats_player_week_2023.csv.gz
00-0036945,Justin Fields,QB,CHI,2023,3,REG,KC,11,22,99,1,1,3,-12,0,0,5,11,47,0,0,0,4,-13.24783281,1.52796499,25,0,0,58.712121,4.5,0.04545455,0.12,0,1.88,stats_player_week_2023.csv.gz
00-0036971,Trevor Lawrence,QB,JAX,2023,3,REG,HOU,27,40,279,1,1,0,0,0,0,12,3,12,0,0,0,1,2.20513603,-1.04286134,40,0,0,85.3125,6.975,0.025,0,0,0.3,stats_player_week_2023.csv.gz
00-0036972,Mac Jones,QB,NE,2023,3,REG,NYJ,15,29,201,1,0,0,0,0,0,9,4,13,0,0,0,2,5.43764721,-0.58361829,29,0,0,85.560345,6.93103448,0,0,0,0.44827586,stats_player_week_2023.csv.gz
00-0037013,Zach Wilson,QB,NYJ,2023,3,REG,NE,18,36,157,0,0,3,-24,0,0,6,1,1,0,0,0,0,-15.24878249,-1.31883219,39,0,0,61.921296,4.36111111,0,0.07692308,0,0.02564103,stats_player_week_2023.csv.gz
00-0037077,Sam Howell,QB,WAS,2023,3,REG,BUF,19,29,170,0,4,9,-45,0,0,8,1,18,0,0,0,1,-26.45066717,0.97440307,38,0,0,41.522989,5.86206897,0.13793103,0.23684211,0,0.47368421,stats_player_week_2023.csv.gz
00-0037834,Brock Purdy,QB,SF,2023,3,REG,NYG,25,37,310,2,0,2,-10,0,0,13,4,-1,0,1,0,1,16.46249544,-0.47189778,39,1,0,111.317568,8.37837838,0,0.05128205,0.02564103,-0.02564103,stats_player_week_2023.csv.gz
00-0038102,Kenny Pickett,QB,PIT,2023,3,REG,LV,16,28,235,2,0,1,-7,0,0,10,3,11,0,0,0,2,5.92159546,1.42579919,29,0,0,108.482143,8.39285714,0,0.03448276,0,0.37931034,stats_player_week_2023.csv.gz
00-0038122,Desmond Ridder,QB,ATL,2023,3,REG,DET,21,38,201,0,0,7,-62,1,1,9,2,3,0,0,0,0,-14.69095041,-1.12728648,45,1,1,70.175439,5.28947368,0,0.15555556,0.02222222,0.06666667,stats_player_week_2023.csv.gz
00-0039163,C.J. Stroud,QB,HOU,2023,3,REG,JAX,20,30,280,2,0,0,0,0,0,11,3,14,0,0,0,1,14.34835021,1.14792812,30,0,0,118.75,9.33333333,0,0,0,0.46666667,stats_player_week_2023.csv.gz
00-0026498,Matthew Stafford,QB,LA,2023,4,REG,IND,27,40,319,1,1,2,-16,0,0,16,2,14,0,0,0,0,11.37435108,3.26599694,42,0,0,89.479167,7.975,0.025,0.04761905,0,0.33333333,stats_player_week_2023.csv.gz
00-0029263,Russell Wilson,QB,DEN,2023,4,REG,CHI,21,28,223,3,0,1,-9,0,0,9,4,13,0,0,0,2,14.21806287,1.37057199,29,0,0,133.482143,7.96428571,0,0.03448276,0,0.44827586,stats_player_week_2023.csv.gz
00-0029604,Kirk Cousins,QB,MIN,2023,4,REG,CAR,12,19,139,2,2,2,-9,0,0,9,1,0,0,1,0,0,-10.87806295,-0.64809199,21,1,0,80.701754,7.31578947,0.10526316,0.0952381,0.04761905,0,stats_player_week_2023.csv.gz
00-0029701,Ryan Tannehill,QB,TEN,2023,4,REG,CIN,18,25,240,1,1,3,-15,0,0,10,6,11,0,1,0,0,7.16572804,-6.310667,28,1,0,98.75,9.6,0.04,0.10714286,0.03571429,0.39285714,stats_player_week_2023.csv.gz
00-0030565,Geno Smith,QB,SEA,2023,4,REG,NYG,13,20,110,1,0,2,-13,0,0,4,0,0,0,0,0,0,-9.12723933,0,22,0,0,95.833333,5.5,0,0.09090909,0,0,stats_player_week_2023.csv.gz
00-0031280,Derek Carr,QB,NO,2023,4,REG,TB,23,37,127,0,0,2,-10,1,1,8,2,1,0,0,0,1,-12.75191128,0.55810667,39,1,1,68.186937,3.43243243,0,0.05128205,0.02564103,0.02564103,stats_player_week_2023.csv.gz
00-0031503,Jameis Winston,QB,NO,2023,4,REG,TB,0,1,0,0,1,0,0,0,0,0,0,0,0,0,0,0,-2.82205399,0,1,0,0,0,0,1,0,0,0,stats_player_week_2023.csv.gz
00-0033077,Dak Prescott,QB,DAL,2023,4,REG,NE,28,34,261,1,0,3,-28,0,0,14,1,-1,0,0,0,0,3.93324089,0,37,0,0,108.455882,7.67647059,0,0.08108108,0,-0.02702703,stats_player_week_2023.csv.gz
00-0033106,Jared Goff,QB,DET,2023,4,REG,GB,19,28,210,1,1,2,-20,0,0,11,2,10,0,0,0,1,2.45912331,-2.12625239,30,0,0,86.904762,7.5,0.03571429,0.06666667,0,0.33333333,stats_player_week_2023.csv.gz
00-0033662,Cooper Rush,QB,DAL,2023,4,REG,NE,2,2,20,0,0,0,0,0,0,1,3,-2,0,0,0,0,1.57698794,-2.93240516,2,0,0,108.333333,10,0,0,0,-1,stats_player_week_2023.csv.gz
00-0033869,Mitchell Trubisky,QB,PIT,2023,4,REG,HOU,3,5,18,0,0,0,0,0,0,1,0,0,0,0,0,0,-1.12555753,0,5,0,0,67.083333,3.6,0,0,0,0,stats_player_week_2023.csv.gz
00-0033873,Patrick Mahomes,QB,KC,2023,4,REG,NYJ,18,30,203,1,2,1,-6,0,0,9,7,51,0,1,0,4,0.63265083,2.21862678,31,1,0,63.611111,6.76666667,0.06666667,0.03225806,0.03225806,1.64516129,stats_player_week_2023.csv.gz
00-0033949,Joshua Dobbs,QB,ARI,2023,4,REG,SF,28,41,265,2,0,1,-8,0,0,13,12,48,0,1,0,5,3.898311,3.60259069,42,1,0,102.184959,6.46341463,0,0.02380952,0.02380952,1.14285714,stats_player_week_2023.csv.gz
00-0034577,Kyle Allen,QB,BUF,2023,4,REG,MIA,0,0,0,0,0,0,0,0,0,0,3,-3,0,0,0,0,0,0,0,0,0,,,,,,,stats_player_week_2023.csv.gz
00-0034796,Lamar Jackson,QB,BAL,2023,4,REG,CLE,15,19,186,2,0,3,-21,0,0,8,9,27,2,1,1,3,6.87249262,-2.35462033,22,1,1,142.54386,9.78947368,0,0.13636364,0.04545455,1.22727273,stats_player_week_2023.csv.gz
00-0034855,Baker Mayfield,QB,TB,2023,4,REG,NO,25,32,246,3,1,1,-7,0,0,13,8,31,0,0,0,2,7.9013965,1.80713486,33,0,0,116.927083,7.6875,0.03125,0.03030303,0,0.93939394,stats_player_week_2023.csv.gz
00-0034857,Josh Allen,QB,BUF,2023,4,REG,MIA,21,25,320,4,0,2,-10,0,0,14,4,17,1,0,0,1,22.19731426,1.06402397,27,0,0,158.333333,12.8,0,0.07407407,0,0.62962963,stats_player_week_2023.csv.gz
00-0034869,Sam Darnold,QB,SF,2023,4,REG,ARI,0,0,0,0,0,0,0,0,0,0,1,-1,0,0,0,0,0,0,0,0,0,,,,,,,stats_player_week_2023.csv.gz
00-0035704,Drew Lock,QB,SEA,2023,4,REG,NYG,2,6,63,0,0,0,0,0,0,2,1,11,0,0,0,1,1.79942943,1.09794893,6,0,0,73.611111,10.5,0,0,0,1.83333333,stats_player_week_2023.csv.gz
00-0035710,Daniel Jones,QB,NYG,2023,4,REG,SEA,27,34,203,0,2,10,-59,2,1,9,10,66,0,0,0,4,-29.01369021,1.28722692,44,2,1,67.034314,5.97058824,0.05882353,0.22727273,0.04545455,1.5,stats_player_week_2023.csv.gz
00-0035993,Tyler Huntley,QB,BAL,2023,4,REG,CLE,0,0,0,0,0,0,0,0,0,0,2,8,0,0,0,0,0,-0.85660844,0,0,0,,,,,,,stats_player_week_2023.csv.gz
00-0036212,Tua Tagovailoa,QB,MIA,2023,4,REG,BUF,25,35,282,1,1,4,-31,0,0,12,2,7,0,0,0,1,-4.43110618,0.55047674,39,0,0,92.797619,8.05714286,0.02857143,0.1025641,0,0.17948718,stats_player_week_2023.csv.gz
00-0036264,Jordan Love,QB,GB,2023,4,REG,DET,23,36,246,1,2,5,-43,0,0,9,2,-2,1,1,0,1,-11.64017985,-0.54072814,41,1,0,69.907407,6.83333333,0.05555556,0.12195122,0.02439024,-0.04878049,stats_player_week_2023.csv.gz
00-0036355,Justin Herbert,QB,LAC,2023,4,REG,LV,13,24,167,1,1,2,-17,0,0,6,12,27,2,0,0,3,-3.67667731,0.63610778,26,0,0,72.743056,6.95833333,0.04166667,0.07692308,0,1.03846154,stats_player_week_2023.csv.gz
00-0036389,Jalen Hurts,QB,PHI,2023,4,REG,WAS,25,37,319,2,0,3,-8,0,0,14,9,34,0,0,0,4,10.56689921,1.40571682,40,0,0,112.331081,8.62162162,0,0.075,0,0.85,stats_player_week_2023.csv.gz
00-0036442,Joe Burrow,QB,CIN,2023,4,REG,TEN,20,30,165,0,0,3,-26,1,1,8,3,1,0,0,0,1,-8.80566073,-2.30471556,33,1,1,80.555556,5.5,0,0.09090909,0.03030303,0.03030303,stats_player_week_2023.csv.gz
00-0036945,Justin Fields,QB,CHI,2023,4,REG,DEN,28,35,335,4,1,4,-35,1,1,17,4,25,0,0,0,1,7.1422851,0.83332937,39,1,1,132.738095,9.57142857,0.02857143,0.1025641,0.02564103,0.64102564,stats_player_week_2023.csv.gz
00-0036971,Trevor Lawrence,QB,JAX,2023,4,REG,ATL,23,30,207,1,0,2,-12,0,0,11,8,42,0,0,0,3,4.40451619,2.31421744,32,0,0,105.833333,6.9,0,0.0625,0,1.3125,stats_player_week_2023.csv.gz
00-0036972,Mac Jones,QB,NE,2023,4,REG,DAL,12,21,150,0,2,1,0,1,1,6,3,7,0,0,0,0,-12.84164481,-4.50476134,22,1,1,39.880952,7.14285714,0.0952381,0.04545455,0.04545455,0.31818182,stats_player_week_2023.csv.gz
00-0037013,Zach Wilson,QB,NYJ,2023,4,REG,KC,28,39,245,2,0,2,-17,0,0,12,2,14,0,1,1,1,3.60891825,-3.84163392,41,1,1,105.181624,6.28205128,0,0.04878049,0.02439024,0.34146341,stats_player_week_2023.csv.gz
00-0037077,Sam Howell,QB,WAS,2023,4,REG,PHI,29,41,290,1,0,5,-32,0,0,12,6,40,0,0,0,2,7.72441257,5.57381534,46,0,0,98.628049,7.07317073,0,0.10869565,0,0.86956522,stats_player_week_2023.csv.gz
00-0037834,Brock Purdy,QB,SF,2023,4,REG,ARI,20,21,283,1,0,1,-12,0,0,17,2,0,1,0,0,1,22.84409084,1.59264504,22,0,0,134.623016,13.47619048,0,0.04545455,0,0,stats_player_week_2023.csv.gz
00-0038102,Kenny Pickett,QB,PIT,2023,4,REG,HOU,15,23,114,0,1,3,-21,0,0,3,2,9,0,0,0,2,-13.63070919,2.22043725,26,0,0,58.967391,4.95652174,0.04347826,0.11538462,0,0.34615385,stats_player_week_2023.csv.gz
00-0038108,Bailey Zappe,QB,NE,2023,4,REG,DAL,4,9,57,0,0,1,-7,0,0,2,0,0,0,0,0,0,-2.99536462,0,10,0,0,65.509259,6.33333333,0,0.1,0,0,stats_player_week_2023.csv.gz
00-0038122,Desmond Ridder,QB,ATL,2023,4,REG,JAX,19,31,191,1,2,4,-31,1,1,11,1,6,0,0,0,0,-19.31930864,0.4098631,35,1,1,62.701613,6.16129032,0.06451613,0.11428571,0.02857143,0.17142857,stats_player_week_2023.csv.gz
00-0038579,Aidan O'Connell,QB,LV,2023,4,REG,LAC,24,39,238,0,1,7,-50,3,2,12,3,3,1,0,0,2,-11.76560444,-0.43845488,46,3,2,68.108974,6.1025641,0.02564103,0.15217391,0.06521739,0.06521739,stats_player_week_2023.csv.gz
00-0038583,Dorian Thompson-Robinson,QB,CLE,2023,4,REG,BAL,19,36,121,0,3,4,-48,1,0,6,4,24,0,0,0,1,-27.3617185,0.21346363,40,1,0,25.347222,3.36111111,0.08333333,0.1,0.025,0.6,stats_player_week_2023.csv.gz
00-0039150,Bryce Young,QB,CAR,2023,4,REG,MIN,25,32,204,0,0,5,-55,1,1,11,2,10,0,0,0,1,-13.02082384,0.33525057,37,1,1,93.229167,6.375,0,0.13513514,0.02702703,0.27027027,stats_player_week_2023.csv.gz
00-0039163,C.J. Stroud,QB,HOU,2023,4,REG,PIT,16,30,306,2,0,0,0,0,0,13,4,16,0,0,0,3,9.84038493,1.91301775,30,0,0,111.25,10.2,0,0,0,0.53333333,stats_player_week_2023.csv.gz
00-0039164,Anthony Richardson,QB,IND,2023,4,REG,LA,11,25,200,2,0,2,-4,0,0,10,10,56,1,2,1,3,7.21191615,-2.3654239,27,2,1,98.75,8,0,0.07407407,0.07407407,2.07407407,stats_player_week_2023.csv.gz
00-0026498,Matthew Stafford,QB,LA,2023,5,REG,PHI,21,37,222,2,0,4,-27,0,0,13,0,0,0,0,0,0,-2.53626101,0,41,0,0,92.398649,6,0,0.09756098,0,0,stats_player_week_2023.csv.gz
00-0027973,Andy Dalton,QB,CAR,2023,5,REG,DET,0,0,0,0,0,0,0,0,0,0,1,1,0,0,0,1,0,0.37754696,0,0,0,,,,,,,stats_player_week_2023.csv.gz
00-0028118,Tyrod Taylor,QB,NYG,2023,5,REG,MIA,9,12,86,0,0,1,-3,0,0,4,3,14,0,0,0,1,2.44099394,0.56761732,13,0,0,94.444444,7.16666667,0,0.07692308,0,1.07692308,stats_player_week_2023.csv.gz
00-0029263,Russell Wilson,QB,DEN,2023,5,REG,NYJ,20,31,196,2,0,4,-27,1,1,10,7,49,0,1,0,2,-10.41227601,2.82516923,35,2,1,103.696237,6.32258065,0,0.11428571,0.05714286,1.4,stats_player_week_2023.csv.gz
00-0029604,Kirk Cousins,QB,MIN,2023,5,REG,KC,29,47,284,2,0,3,-25,0,0,15,3,5,0,0,0,3,2.56814595,1.46331701,50,0,0,92.863475,6.04255319,0,0.06,0,0.1,stats_player_week_2023.csv.gz
00-0029701,Ryan Tannehill,QB,TEN,2023,5,REG,IND,23,34,264,0,1,1,-5,0,0,14,2,12,0,0,0,1,9.32952741,0.79395425,35,0,0,78.553922,7.76470588,0.02941176,0.02857143,0,0.34285714,stats_player_week_2023.csv.gz
00-0031237,Teddy Bridgewater,QB,DET,2023,5,REG,CAR,0,0,0,0,0,0,0,0,0,0,2,-2,0,0,0,0,0,-2.67552811,0,0,0,,,,,,,stats_player_week_2023.csv.gz
00-0031280,Derek Carr,QB,NO,2023,5,REG,NE,18,26,183,2,0,2,-15,0,0,11,2,4,0,0,0,0,3.44777398,0.18878366,28,0,0,114.74359,7.03846154,0,0.07142857,0,0.14285714,stats_player_week_2023.csv.gz
00-0031345,Jimmy Garoppolo,QB,LV,2023,5,REG,GB,22,31,208,1,1,3,-21,0,0,13,4,4,0,0,0,1,-0.72684348,-0.82647471,34,0,0,86.491935,6.70967742,0.03225806,0.08823529,0,0.11764706,stats_player_week_2023.csv.gz
00-0031503,Jameis Winston,QB,NO,2023,5,REG,NE,0,0,0,0,0,0,0,0,0,0,3,-4,0,0,0,0,0,-4.47047002,0,0,0,,,,,,,stats_player_week_2023.csv.gz
00-0033077,Dak Prescott,QB,DAL,2023,5,REG,SF,14,24,153,1,3,3,-13,0,0,5,1,2,0,0,0,1,-12.18878598,0.53658937,27,0,0,51.5625,6.375,0.125,0.11111111,0,0.07407407,stats_player_week_2023.csv.gz
00-0033106,Jared Goff,QB,DET,2023,5,REG,CAR,20,28,236,3,0,2,-18,0,0,11,2,0,1,0,0,1,5.77169809,0.68131187,30,0,0,132.440476,8.42857143,0,0.06666667,0,0,stats_player_week_2023.csv.gz
00-0033662,Cooper Rush,QB,DAL,2023,5,REG,SF,2,2,8,0,0,1,-8,0,0,0,1,-2,0,0,0,0,-1.42170726,-1.90181009,3,0,0,83.333333,4,0,0.33333333,0,-0.66666667,stats_player_week_2023.csv.gz
00-0033873,Patrick Mahomes,QB,KC,2023,5,REG,MIN,31,41,281,2,0,2,-15,0,0,15,0,0,0,0,0,0,14.76024316,0,43,0,0,109.908537,6.85365854,0,0.04651163,0,0,stats_player_week_2023.csv.gz
00-0033949,Joshua Dobbs,QB,ARI,2023,5,REG,CIN,15,32,166,2,2,3,-14,1,1,10,3,1,0,0,0,1,-15.65153376,-4.1175205,35,1,1,57.552083,5.1875,0.0625,0.08571429,0.02857143,0.02857143,stats_player_week_2023.csv.gz
00-0034796,Lamar Jackson,QB,BAL,2023,5,REG,PIT,22,38,236,0,1,4,-26,1,1,11,6,45,0,0,0,1,-13.22523659,0.61827101,42,1,1,65.241228,6.21052632,0.02631579,0.0952381,0.02380952,1.07142857,stats_player_week_2023.csv.gz
00-0034857,Josh Allen,QB,BUF,2023,5,REG,JAX,27,40,359,2,1,0,0,0,0,13,4,14,1,0,0,2,13.99831274,2.27563013,40,0,0,101.979167,8.975,0.025,0,0,0.35,stats_player_week_2023.csv.gz
00-0034869,Sam Darnold,QB,SF,2023,5,REG,DAL,1,1,1,0,0,0,0,0,0,0,1,-1,0,0,0,0,-1.05556926,-1.90181009,1,0,0,79.166667,1,0,0,0,-1,stats_player_week_2023.csv.gz
00-0035289,Gardner Minshew,QB,IND,2023,5,REG,TEN,11,14,155,0,0,0,0,0,0,7,2,1,0,0,0,0,7.40780137,-2.20027076,14,0,0,112.797619,11.07142857,0,0,0,0.07142857,stats_player_week_2023.csv.gz
00-0035710,Daniel Jones,QB,NYG,2023,5,REG,MIA,14,20,119,0,0,6,-19,0,0,6,4,24,0,0,0,2,-4.59570464,2.82293455,26,0,0,85.208333,5.95,0,0.23076923,0,0.92307692,stats_player_week_2023.csv.gz
00-0036212,Tua Tagovailoa,QB,MIA,2023,5,REG,NYG,22,30,308,2,2,1,-6,0,0,14,2,6,0,0,0,0,-1.84419786,0.00790027,31,0,0,100.416667,10.26666667,0.06666667,0.03225806,0,0.19354839,stats_player_week_2023.csv.gz
00-0036264,Jordan Love,QB,GB,2023,5,REG,LV,16,30,182,0,3,2,-7,0,0,7,2,37,0,0,0,2,-14.76711277,1.47737789,32,0,0,32.222222,6.06666667,0.1,0.0625,0,1.15625,stats_player_week_2023.csv.gz
00-0036389,Jalen Hurts,QB,PHI,2023,5,REG,LA,25,38,303,1,1,1,-8,0,0,13,15,72,1,0,0,8,7.78442702,6.34339068,39,0,0,87.938596,7.97368421,0.02631579,0.02564103,0,1.84615385,stats_player_week_2023.csv.gz
00-0036442,Joe Burrow,QB,CIN,2023,5,REG,ARI,36,46,317,3,1,3,-30,0,0,19,4,7,0,0,0,1,9.49844703,-1.71147712,49,0,0,108.061594,6.89130435,0.02173913,0.06122449,0,0.14285714,stats_player_week_2023.csv.gz
00-0036945,Justin Fields,QB,CHI,2023,5,REG,WAS,15,29,282,4,0,3,-9,0,0,9,11,57,0,0,0,6,11.50882399,5.99267399,32,0,0,125.287356,9.72413793,0,0.09375,0,1.78125,stats_player_week_2023.csv.gz
00-0036971,Trevor Lawrence,QB,JAX,2023,5,REG,BUF,25,37,315,1,0,5,-37,3,2,16,7,31,0,0,0,1,8.35737228,-2.29491359,42,3,2,102.871622,8.51351351,0,0.11904762,0.07142857,0.73809524,stats_player_week_2023.csv.gz
00-0036972,Mac Jones,QB,NE,2023,5,REG,NO,12,22,110,0,2,2,-21,0,0,4,1,0,0,1,1,0,-18.67695368,-5.83010389,24,1,1,30.492424,5,0.09090909,0.08333333,0.04166667,0,stats_player_week_2023.csv.gz
00-0037013,Zach Wilson,QB,NYJ,2023,5,REG,DEN,19,26,199,0,1,4,-26,2,0,10,3,26,0,0,0,0,-7.16892951,0.32260975,30,2,0,78.846154,7.65384615,0.03846154,0.13333333,0.06666667,0.86666667,stats_player_week_2023.csv.gz
00-0037077,Sam Howell,QB,WAS,2023,5,REG,CHI,37,51,388,2,1,5,-29,0,0,21,4,19,0,0,0,0,2.72832294,-0.07453713,56,0,0,99.142157,7.60784314,0.01960784,0.08928571,0,0.33928571,stats_player_week_2023.csv.gz
00-0037834,Brock Purdy,QB,SF,2023,5,REG,DAL,17,24,252,4,0,1,-2,0,0,12,0,0,0,0,0,0,18.5420011,0,25,0,0,144.444444,10.5,0,0.04,0,0,stats_player_week_2023.csv.gz
00-0038102,Kenny Pickett,QB,PIT,2023,5,REG,BAL,18,32,224,1,0,3,-22,0,0,11,6,-6,0,0,0,0,3.10152554,-3.75588569,35,0,0,88.541667,7,0,0.08571429,0,-0.17142857,stats_player_week_2023.csv.gz
00-0038108,Bailey Zappe,QB,NE,2023,5,REG,NO,3,9,22,0,0,0,0,0,0,0,0,0,0,0,0,0,-7.56777605,0,9,0,0,42.361111,2.44444444,0,0,0,0,stats_player_week_2023.csv.gz
00-0038122,Desmond Ridder,QB,ATL,2023,5,REG,HOU,28,37,329,1,0,0,0,0,0,17,4,10,1,0,0,1,15.17464699,-0.53298192,37,0,0,111.204955,8.89189189,0,0,0,0.27027027,stats_player_week_2023.csv.gz
00-0039150,Bryce Young,QB,CAR,2023,5,REG,DET,25,41,247,3,2,1,-4,0,0,15,1,4,0,0,0,0,-0.01128213,-0.23785563,42,0,0,82.063008,6.02439024,0.04878049,0.02380952,0,0.0952381,stats_player_week_2023.csv.gz
00-0039163,C.J. Stroud,QB,HOU,2023,5,REG,ATL,20,35,249,1,0,0,0,0,0,13,1,2,0,0,0,1,3.29335695,0.40076168,35,0,0,88.869048,7.11428571,0,0,0,0.05714286,stats_player_week_2023.csv.gz
00-0039164,Anthony Richardson,QB,IND,2023,5,REG,TEN,9,12,98,0,0,1,-17,1,0,5,2,5,0,0,0,0,2.1360965,-0.47660156,13,1,0,98.611111,8.16666667,0,0.07692308,0.07692308,0.38461538,stats_player_week_2023.csv.gz
00-0026498,Matthew Stafford,QB,LA,2023,6,REG,ARI,15,24,226,1,0,3,-23,0,0,7,1,2,0,0,0,0,3.27105027,-0.45945232,27,0,0,107.291667,9.41666667,0,0.11111111,0,0.07407407,stats_player_week_2023.csv.gz
00-0026625,Brian Hoyer,QB,LV,2023,6,REG,NE,6,10,102,0,0,0,0,0,0,4,3,-3,0,0,0,0,4.75225917,-1.81534554,10,0,0,94.583333,10.2,0,0,0,-0.3,stats_player_week_2023.csv.gz
00-0028118,Tyrod Taylor,QB,NYG,2023,6,REG,BUF,24,36,200,0,0,3,-15,1,0,11,5,24,0,0,0,1,-2.13047913,-0.27673263,39,1,0,80.787037,5.55555556,0,0.07692308,0.02564103,0.61538462,stats_player_week_2023.csv.gz
00-0029263,Russell Wilson,QB,DEN,2023,6,REG,KC,13,22,95,1,2,4,-13,0,0,4,4,31,0,0,0,3,-18.29859243,3.68329391,26,0,0,46.590909,4.31818182,0.09090909,0.15384615,0,1.19230769,stats_player_week_2023.csv.gz
00-0029604,Kirk Cousins,QB,MIN,2023,6,REG,CHI,21,31,181,1,0,2,-7,2,1,8,2,-5,0,0,0,1,-6.16965626,2.10011761,33,2,1,93.615591,5.83870968,0,0.06060606,0.06060606,-0.15151515,stats_player_week_2023.csv.gz
00-0029701,Ryan Tannehill,QB,TEN,2023,6,REG,BAL,8,16,76,0,1,2,-16,0,0,3,0,0,0,0,0,0,-10.50805349,0,18,0,0,37.5,4.75,0.0625,0.11111111,0,0,stats_player_week_2023.csv.gz
00-0030565,Geno Smith,QB,SEA,2023,6,REG,CIN,27,41,326,0,2,4,-29,0,0,13,4,20,0,0,0,1,-3.61604941,0.18201946,45,0,0,69.76626,7.95121951,0.04878049,0.08888889,0,0.44444444,stats_player_week_2023.csv.gz
00-0031280,Derek Carr,QB,NO,2023,6,REG,HOU,32,50,353,1,1,2,-16,0,0,13,1,2,0,0,0,1,5.21385527,0.3855276,52,0,0,83.166667,7.06,0.02,0.03846154,0,0.03846154,stats_player_week_2023.csv.gz
00-0031345,Jimmy Garoppolo,QB,LV,2023,6,REG,NE,14,22,162,1,1,0,0,0,0,8,2,4,0,0,0,1,5.13030609,0.0978526,22,0,0,82.007576,7.36363636,0.04545455,0,0,0.18181818,stats_player_week_2023.csv.gz
00-0033077,Dak Prescott,QB,DAL,2023,6,REG,LAC,21,30,272,1,0,5,-26,0,0,12,7,40,1,0,0,2,6.7781827,0.17144374,35,0,0,109.305556,9.06666667,0,0.14285714,0,1.14285714,stats_player_week_2023.csv.gz
00-0033106,Jared Goff,QB,DET,2023,6,REG,TB,30,44,353,2,0,3,-13,0,0,16,2,3,0,0,0,0,17.92580329,0.99971198,47,0,0,107.481061,8.02272727,0,0.06382979,0,0.06382979,stats_player_week_2023.csv.gz
00-0033275,PJ Walker,QB,CLE,2023,6,REG,SF,18,34,192,0,2,2,-18,0,0,6,3,1,0,0,0,1,-14.26440302,-1.14174387,36,0,0,45.220588,5.64705882,0.05882353,0.05555556,0,0.02777778,stats_player_week_2023.csv.gz
00-0033873,Patrick Mahomes,QB,KC,2023,6,REG,DEN,30,40,306,1,1,2,-13,0,0,14,6,31,0,0,0,2,4.57116228,0.37980442,42,0,0,94.375,7.65,0.025,0.04761905,0,0.73809524,stats_player_week_2023.csv.gz
00-0033936,C.J. Beathard,QB,JAX,2023,6,REG,IND,0,0,0,0,0,0,0,0,0,0,3,-2,0,0,0,0,0,-1.06896848,0,0,0,,,,,,,stats_player_week_2023.csv.gz
00-0033949,Joshua Dobbs,QB,ARI,2023,6,REG,LA,21,41,235,0,1,2,-20,1,1,12,7,47,0,0,0,2,-17.46216612,2.84564032,43,1,1,58.485772,5.73170732,0.02439024,0.04651163,0.02325581,1.09302326,stats_player_week_2023.csv.gz
00-0034401,Mike White,QB,MIA,2023,6,REG,CAR,0,1,0,0,1,0,0,0,0,0,3,-4,0,0,0,0,-8.97694791,-1.70212731,1,0,0,0,0,1,0,0,-4,stats_player_week_2023.csv.gz
00-0034796,Lamar Jackson,QB,BAL,2023,6,REG,TEN,21,30,223,1,1,1,-2,0,0,9,13,62,0,0,0,5,5.84663806,0.35780595,31,0,0,88.611111,7.43333333,0.03333333,0.03225806,0,2,stats_player_week_2023.csv.gz
00-0034855,Baker Mayfield,QB,TB,2023,6,REG,DET,19,37,206,0,1,1,-1,0,0,12,2,6,0,0,0,0,-8.30011183,-1.32604303,38,0,0,56.813063,5.56756757,0.02702703,0.02631579,0,0.15789474,stats_player_week_2023.csv.gz
00-0034857,Josh Allen,QB,BUF,2023,6,REG,NYG,19,30,169,2,1,0,0,0,0,12,2,11,0,0,0,0,1.20139923,1.94152774,30,0,0,86.666667,5.63333333,0.03333333,0,0,0.36666667,stats_player_week_2023.csv.gz
00-0035289,Gardner Minshew,QB,IND,2023,6,REG,JAX,33,55,329,1,3,3,-19,1,1,14,2,4,0,0,0,0,-11.56145293,-1.15674813,58,1,1,60.340909,5.98181818,0.05454545,0.05172414,0.01724138,0.06896552,stats_player_week_2023.csv.gz
00-0036212,Tua Tagovailoa,QB,MIA,2023,6,REG,CAR,21,31,262,3,0,0,0,0,0,14,1,0,0,1,0,0,16.12479108,-3.36986439,31,1,0,126.008065,8.4516129,0,0,0.03225806,0,stats_player_week_2023.csv.gz
00-0036355,Justin Herbert,QB,LAC,2023,6,REG,DAL,22,37,227,2,1,1,-8,0,0,12,6,20,0,0,0,1,-0.20592431,0.31824982,38,0,0,83.952703,6.13513514,0.02702703,0.02631579,0,0.52631579,stats_player_week_2023.csv.gz
00-0036389,Jalen Hurts,QB,PHI,2023,6,REG,NYJ,28,45,280,1,3,2,-12,0,0,16,8,47,1,0,0,3,-6.50595655,6.29967672,47,0,0,59.490741,6.22222222,0.06666667,0.04255319,0,1,stats_player_week_2023.csv.gz
00-0036442,Joe Burrow,QB,CIN,2023,6,REG,SEA,24,35,185,2,1,3,-17,0,0,10,2,4,0,0,0,1,-3.31243266,0.4441628,38,0,0,88.392857,5.28571429,0.02857143,0.07894737,0,0.10526316,stats_player_week_2023.csv.gz
00-0036945,Justin Fields,QB,CHI,2023,6,REG,MIN,6,10,58,0,1,4,-18,0,0,3,8,46,0,0,0,2,-8.60774219,2.01570196,14,0,0,36.666667,5.8,0.1,0.28571429,0,3.28571429,stats_player_week_2023.csv.gz
00-0036971,Trevor Lawrence,QB,JAX,2023,6,REG,IND,20,30,181,2,1,3,-33,0,0,6,3,15,0,0,0,0,-3.67093886,1.1419131,33,0,0,91.111111,6.03333333,0.03333333,0.09090909,0,0.45454545,stats_player_week_2023.csv.gz
00-0036972,Mac Jones,QB,NE,2023,6,REG,LV,24,33,200,0,1,3,-19,0,0,7,1,-1,0,0,0,0,-3.1864465,0,36,0,0,75.315657,6.06060606,0.03030303,0.08333333,0,-0.02777778,stats_player_week_2023.csv.gz
00-0037013,Zach Wilson,QB,NYJ,2023,6,REG,PHI,19,33,186,0,0,5,-31,0,0,9,4,15,0,0,0,0,-8.83218347,-2.80592966,38,0,0,73.54798,5.63636364,0,0.13157895,0,0.39473684,stats_player_week_2023.csv.gz
00-0037077,Sam Howell,QB,WAS,2023,6,REG,ATL,14,23,151,3,0,5,-30,0,0,9,4,3,0,0,0,1,-0.1997386,1.41453597,28,0,0,119.746377,6.56521739,0,0.17857143,0,0.10714286,stats_player_week_2023.csv.gz
00-0037834,Brock Purdy,QB,SF,2023,6,REG,CLE,12,27,125,1,1,3,-18,1,0,5,3,7,0,0,0,1,-10.56233849,0.82758852,30,1,0,55.324074,4.62962963,0.03703704,0.1,0.03333333,0.23333333,stats_player_week_2023.csv.gz
00-0038122,Desmond Ridder,QB,ATL,2023,6,REG,WAS,28,47,307,2,3,3,-11,0,0,18,2,18,0,0,0,2,-8.26649881,2.16237726,50,0,0,66.533688,6.53191489,0.06382979,0.06,0,0.36,stats_player_week_2023.csv.gz
00-0038128,Malik Willis,QB,TEN,2023,6,REG,BAL,4,5,74,0,0,4,-30,0,0,1,3,17,0,0,0,1,-0.06827694,-0.45217067,9,0,0,118.75,14.8,0,0.44444444,0,1.88888889,stats_player_week_2023.csv.gz
00-0038416,Tyson Bagent,QB,CHI,2023,6,REG,MIN,10,14,83,0,1,1,-10,1,1,5,2,4,1,0,0,1,-16.58948144,0.60845676,15,1,1,56.547619,5.92857143,0.07142857,0.06666667,0.06666667,0.26666667,stats_player_week_2023.csv.gz
00-0039150,Bryce Young,QB,CAR,2023,6,REG,MIA,23,38,217,1,0,4,-36,1,0,13,0,0,0,0,0,0,-10.96609381,0,42,1,0,85.087719,5.71052632,0,0.0952381,0.02380952,0,stats_player_week_2023.csv.gz
00-0039163,C.J. Stroud,QB,HOU,2023,6,REG,NO,13,27,199,2,1,2,-22,0,0,9,3,2,0,0,0,0,-0.31572802,-0.47704776,29,0,0,82.175926,7.37037037,0.03703704,0.06896552,0,0.06896552,stats_player_week_2023.csv.gz
00-0026498,Matthew Stafford,QB,LA,2023,7,REG,PIT,14,29,231,1,1,2,-12,0,0,8,1,8,0,0,0,1,-2.5378405,1.74143796,31,0,0,72.62931,7.96551724,0.03448276,0.06451613,0,0.25806452,stats_player_week_2023.csv.gz
00-0026625,Brian Hoyer,QB,LV,2023,7,REG,CHI,17,32,129,0,2,1,-8,0,0,10,0,0,0,0,0,0,-13.53303192,0,33,0,0,37.109375,4.03125,0.0625,0.03030303,0,0,stats_player_week_2023.csv.gz
00-0028118,Tyrod Taylor,QB,NYG,2023,7,REG,WAS,18,29,279,2,0,4,-29,0,0,10,8,25,0,0,0,2,4.93073461,0.11368017,33,0,0,116.882184,9.62068966,0,0.12121212,0,0.75757576,stats_player_week_2023.csv.gz
00-0029263,Russell Wilson,QB,DEN,2023,7,REG,GB,20,29,194,1,0,1,0,0,0,9,1,21,0,0,0,1,4.0957135,0.93987731,30,0,0,98.922414,6.68965517,0,0.03333333,0,0.7,stats_player_week_2023.csv.gz
00-0029604,Kirk Cousins,QB,MIN,2023,7,REG,SF,35,45,378,2,1,0,0,0,0,18,2,-1,0,0,0,0,12.85741866,-0.20638342,45,0,0,107.222222,8.4,0.02222222,0,0,-0.02222222,stats_player_week_2023.csv.gz
00-0030565,Geno Smith,QB,SEA,2023,7,REG,ARI,18,24,219,2,1,2,-16,0,0,11,6,10,0,1,1,2,7.28166357,-4.299791,26,1,1,113.020833,9.125,0.04166667,0.07692308,0.03846154,0.38461538,stats_player_week_2023.csv.gz
00-0031280,Derek Carr,QB,NO,2023,7,REG,JAX,33,55,301,1,1,1,-6,1,0,15,3,14,0,0,0,1,-15.79771142,-0.41362976,56,1,0,73.371212,5.47272727,0.01818182,0.01785714,0.01785714,0.25,stats_player_week_2023.csv.gz
00-0033106,Jared Goff,QB,DET,2023,7,REG,BAL,33,53,284,0,1,5,-31,2,0,13,0,0,0,0,0,0,-13.3263572,0,58,2,0,68.435535,5.35849057,0.01886792,0.0862069,0.03448276,0,stats_player_week_2023.csv.gz
00-0033275,PJ Walker,QB,CLE,2023,7,REG,IND,15,32,178,0,1,2,-17,0,0,9,3,3,0,1,0,0,-3.33007691,-5.62106727,34,1,0,51.302083,5.5625,0.03125,0.05882353,0.02941176,0.08823529,stats_player_week_2023.csv.gz
00-0033537,Deshaun Watson,QB,CLE,2023,7,REG,IND,1,5,5,0,1,0,0,0,0,0,0,0,0,0,0,0,-5.87572387,0,5,0,0,0,1,0.2,0,0,0,stats_player_week_2023.csv.gz
00-0033873,Patrick Mahomes,QB,KC,2023,7,REG,LAC,32,42,424,4,1,1,-9,0,0,21,4,29,0,0,0,2,22.31995404,5.26284469,43,0,0,129.464286,10.0952381,0.02380952,0.02325581,0,0.6744186,stats_player_week_2023.csv.gz
00-0033949,Joshua Dobbs,QB,ARI,2023,7,REG,SEA,19,33,146,0,0,4,-28,1,0,7,7,43,1,0,0,3,-12.35814797,2.37236732,37,1,0,68.497475,4.42424242,0,0.10810811,0.02702703,1.16216216,stats_player_week_2023.csv.gz
00-0033958,Nathan Peterman,QB,CHI,2023,7,REG,LV,0,0,0,0,0,1,-5,1,0,0,2,-4,0,0,0,0,-0.09442649,0,1,1,0,,,,1,1,-4,stats_player_week_2023.csv.gz
00-0034796,Lamar Jackson,QB,BAL,2023,7,REG,DET,21,27,357,3,0,0,0,0,0,15,9,36,1,1,1,3,25.26283567,-1.26324396,27,1,1,155.787037,13.22222222,0,0,0.03703704,1.33333333,stats_player_week_2023.csv.gz
00-0034855,Baker Mayfield,QB,TB,2023,7,REG,ATL,27,42,275,1,1,3,-19,1,0,13,3,32,0,0,0,2,0.57518583,2.88126487,45,1,0,80.952381,6.54761905,0.02380952,0.06666667,0.02222222,0.71111111,stats_player_week_2023.csv.gz
00-0034857,Josh Allen,QB,BUF,2023,7,REG,NE,27,41,265,2,1,1,-7,0,0,14,7,17,1,1,1,2,8.57946533,4.5024659,42,1,1,89.989837,6.46341463,0.02439024,0.02380952,0.02380952,0.4047619,stats_player_week_2023.csv.gz
00-0035289,Gardner Minshew,QB,IND,2023,7,REG,CLE,15,23,305,2,1,4,-17,3,3,11,3,29,2,0,0,2,0.73424624,4.31373837,27,3,3,119.384058,13.26086957,0.04347826,0.14814815,0.11111111,1.07407407,stats_player_week_2023.csv.gz
00-0035993,Tyler Huntley,QB,BAL,2023,7,REG,DET,0,1,0,0,0,0,0,0,0,0,0,0,0,0,0,0,-0.92805434,0,1,0,0,39.583333,0,0,0,0,0,stats_player_week_2023.csv.gz
00-0036212,Tua Tagovailoa,QB,MIA,2023,7,REG,PHI,23,32,216,1,1,3,-10,0,0,9,1,-3,0,0,0,0,-3.84025992,-1.04290848,35,0,0,87.5,6.75,0.03125,0.08571429,0,-0.08571429,stats_player_week_2023.csv.gz
00-0036264,Jordan Love,QB,GB,2023,7,REG,DEN,21,31,180,2,1,0,0,0,0,12,3,21,0,0,0,1,7.56648055,2.42426483,31,0,0,90.793011,5.80645161,0.03225806,0,0,0.67741935,stats_player_week_2023.csv.gz
00-0036355,Justin Herbert,QB,LAC,2023,7,REG,KC,17,30,259,1,2,5,-40,0,0,11,2,5,0,0,0,0,0.54022886,0.29474549,35,0,0,68.611111,8.63333333,0.06666667,0.14285714,0,0.14285714,stats_player_week_2023.csv.gz
00-0036389,Jalen Hurts,QB,PHI,2023,7,REG,MIA,23,31,279,2,1,3,-23,1,1,11,11,21,1,0,0,6,2.17257454,1.65771618,34,1,1,109.475806,9,0.03225806,0.08823529,0.02941176,0.61764706,stats_player_week_2023.csv.gz
00-0036971,Trevor Lawrence,QB,JAX,2023,7,REG,NO,20,29,204,1,0,0,0,0,0,8,8,59,0,0,0,3,4.59506665,4.05451729,29,0,0,100.359195,7.03448276,0,0,0,2.03448276,stats_player_week_2023.csv.gz
00-0036972,Mac Jones,QB,NE,2023,7,REG,BUF,25,30,272,2,0,1,-4,0,0,13,3,11,0,0,0,2,13.23948398,-0.74867315,31,0,0,126.666667,9.06666667,0,0.03225806,0,0.35483871,stats_player_week_2023.csv.gz
00-0037077,Sam Howell,QB,WAS,2023,7,REG,NYG,22,42,249,0,1,6,-52,0,0,9,2,15,0,0,0,1,-14.6972462,1.19954502,48,0,0,60.515873,5.92857143,0.02380952,0.125,0,0.3125,stats_player_week_2023.csv.gz
00-0037834,Brock Purdy,QB,SF,2023,7,REG,MIN,21,30,272,1,2,1,-12,0,0,12,5,19,0,0,0,2,8.15835035,1.74375437,31,0,0,81.527778,9.06666667,0.06666667,0.03225806,0,0.61290323,stats_player_week_2023.csv.gz
00-0038102,Kenny Pickett,QB,PIT,2023,7,REG,LA,17,25,230,0,0,2,-16,0,0,9,8,0,1,0,0,3,0.638551,0.40203912,27,0,0,97.083333,9.2,0,0.07407407,0,0,stats_player_week_2023.csv.gz
00-0038122,Desmond Ridder,QB,ATL,2023,7,REG,TB,19,25,250,0,0,1,-5,1,1,9,6,38,1,2,2,4,7.05915387,-6.71984645,26,3,3,107.083333,10,0,0.03846154,0.11538462,1.46153846,stats_player_week_2023.csv.gz
00-0038416,Tyson Bagent,QB,CHI,2023,7,REG,LV,21,29,162,1,0,1,-7,0,0,10,3,24,0,0,0,3,5.50885507,2.39691394,30,0,0,97.198276,5.5862069,0,0.03333333,0,0.8,stats_player_week_2023.csv.gz
00-0038579,Aidan O'Connell,QB,LV,2023,7,REG,CHI,10,13,75,1,1,0,0,0,0,6,0,0,0,0,0,0,3.04533524,0,13,0,0,83.814103,5.76923077,0.07692308,0,0,0,stats_player_week_2023.csv.gz
00-0038582,Clayton Tune,QB,ARI,2023,7,REG,SEA,1,1,4,0,0,0,0,0,0,0,0,0,0,0,0,0,-1.98046029,0,1,0,0,83.333333,4,0,0,0,0,stats_player_week_2023.csv.gz
00-0026498,Matthew Stafford,QB,LA,2023,8,REG,DAL,13,22,162,1,1,1,-9,0,0,6,1,9,0,0,0,0,-5.92571398,0.78481653,23,0,0,78.219697,7.36363636,0.04545455,0.04347826,0,0.39130435,stats_player_week_2023.csv.gz
00-0028118,Tyrod Taylor,QB,NYG,2023,8,REG,NYJ,4,7,8,0,0,2,-7,1,0,0,5,33,0,0,0,1,-10.34950058,-0.07210078,9,1,0,62.202381,1.14285714,0,0.22222222,0.11111111,3.66666667,stats_player_week_2023.csv.gz
00-0029263,Russell Wilson,QB,DEN,2023,8,REG,KC,12,19,114,3,0,6,-27,2,1,7,8,30,0,0,0,4,-4.84478759,1.85286517,25,2,1,119.298246,6,0,0.24,0.08,1.2,stats_player_week_2023.csv.gz
00-0029604,Kirk Cousins,QB,MIN,2023,8,REG,GB,23,31,274,2,0,2,-13,0,0,13,2,9,0,0,0,1,19.4999328,1.80654228,33,0,0,122.244624,8.83870968,0,0.06060606,0,0.27272727,stats_player_week_2023.csv.gz
00-0030565,Geno Smith,QB,SEA,2023,8,REG,CLE,23,37,254,2,2,1,-6,1,0,12,2,-3,0,0,0,0,2.62455674,-3.92948391,38,1,0,77.984234,6.86486486,0.05405405,0.02631579,0.02631579,-0.07894737,stats_player_week_2023.csv.gz
00-0031280,Derek Carr,QB,NO,2023,8,REG,IND,19,27,310,2,0,1,-4,1,1,11,1,-1,0,0,0,0,13.52513479,0,28,1,1,133.256173,11.48148148,0,0.03571429,0.03571429,-0.03571429,stats_player_week_2023.csv.gz
00-0031345,Jimmy Garoppolo,QB,LV,2023,8,REG,DET,10,21,126,0,1,6,-49,0,0,6,2,12,0,0,0,1,-24.15650764,0.64472974,27,0,0,46.924603,6,0.04761905,0.22222222,0,0.44444444,stats_player_week_2023.csv.gz
00-0031800,Taylor Heinicke,QB,ATL,2023,8,REG,TEN,12,21,175,1,0,1,-8,0,0,8,2,14,0,0,0,0,6.04824321,0.13216522,22,0,0,100.297619,8.33333333,0,0.04545455,0,0.63636364,stats_player_week_2023.csv.gz
00-0033077,Dak Prescott,QB,DAL,2023,8,REG,LA,25,31,304,4,1,3,-22,0,0,16,4,19,0,0,0,2,11.59355613,2.55179828,34,0,0,133.669355,9.80645161,0.03225806,0.08823529,0,0.55882353,stats_player_week_2023.csv.gz
00-0033106,Jared Goff,QB,DET,2023,8,REG,LV,26,37,272,1,1,0,0,0,0,17,2,-2,0,0,0,0,2.39911406,-2.02804776,37,0,0,89.02027,7.35135135,0.02702703,0,0,-0.05405405,stats_player_week_2023.csv.gz
00-0033275,PJ Walker,QB,CLE,2023,8,REG,SEA,15,31,248,1,2,3,-27,1,1,10,6,27,0,0,0,2,-5.68834074,1.5112483,34,1,1,59.610215,8,0.06451613,0.08823529,0.02941176,0.79411765,stats_player_week_2023.csv.gz
00-0033662,Cooper Rush,QB,DAL,2023,8,REG,LA,2,3,3,0,0,0,0,0,0,0,3,-3,0,0,0,0,-2.31725283,-2.55941259,3,0,0,70.138889,1,0,0,0,-1,stats_player_week_2023.csv.gz
00-0033869,Mitchell Trubisky,QB,PIT,2023,8,REG,JAX,15,27,138,1,2,2,-15,0,0,8,3,18,0,0,0,1,-7.64171435,0.98639025,29,0,0,51.157407,5.11111111,0.07407407,0.06896552,0,0.62068966,stats_player_week_2023.csv.gz
00-0033873,Patrick Mahomes,QB,KC,2023,8,REG,DEN,24,38,240,0,2,3,-28,1,1,12,3,20,0,0,0,1,-10.96631884,1.65673209,41,1,1,59.100877,6.31578947,0.05263158,0.07317073,0.02439024,0.48780488,stats_player_week_2023.csv.gz
00-0033949,Joshua Dobbs,QB,ARI,2023,8,REG,BAL,25,37,208,2,2,2,-27,1,0,12,6,26,1,0,0,2,-9.69171945,2.78299428,39,1,0,77.308559,5.62162162,0.05405405,0.05128205,0.02564103,0.66666667,stats_player_week_2023.csv.gz
00-0034796,Lamar Jackson,QB,BAL,2023,8,REG,ARI,18,27,157,1,0,4,-19,0,0,8,5,17,0,0,0,1,-4.98437023,-1.9565253,31,0,0,94.212963,5.81481481,0,0.12903226,0,0.5483871,stats_player_week_2023.csv.gz
00-0034855,Baker Mayfield,QB,TB,2023,8,REG,BUF,25,42,237,2,0,3,-13,0,0,10,3,19,0,0,0,1,-1.08015378,-0.64933819,45,0,0,91.071429,5.64285714,0,0.06666667,0,0.42222222,stats_player_week_2023.csv.gz
00-0034857,Josh Allen,QB,BUF,2023,8,REG,TB,31,40,324,2,1,2,-12,0,0,16,7,41,1,0,0,3,1.82021156,5.64698052,42,0,0,106.666667,8.1,0.025,0.04761905,0,0.97619048,stats_player_week_2023.csv.gz
00-0034955,Brett Rypien,QB,LA,2023,8,REG,DAL,5,10,42,0,0,1,-7,0,0,2,0,0,0,0,0,0,-5.12944142,0,11,0,0,61.25,4.2,0,0.09090909,0,0,stats_player_week_2023.csv.gz
00-0035289,Gardner Minshew,QB,IND,2023,8,REG,NO,23,41,213,2,1,2,-6,0,0,10,1,3,0,0,0,1,-2.03797206,0.94294766,43,0,0,76.575203,5.19512195,0.02439024,0.04651163,0,0.06976744,stats_player_week_2023.csv.gz
00-0036212,Tua Tagovailoa,QB,MIA,2023,8,REG,NE,30,45,324,3,1,2,-12,0,0,17,6,8,0,1,1,1,12.58188523,-8.55404349,47,1,1,100.601852,7.2,0.02222222,0.04255319,0.0212766,0.17021277,stats_player_week_2023.csv.gz
00-0036264,Jordan Love,QB,GB,2023,8,REG,MIN,24,41,229,1,1,4,-33,1,0,14,4,34,0,0,0,0,-7.90598274,-3.56070412,45,1,0,72.103659,5.58536585,0.02439024,0.08888889,0.02222222,0.75555556,stats_player_week_2023.csv.gz
00-0036355,Justin Herbert,QB,LAC,2023,8,REG,CHI,31,40,298,3,0,0,0,0,0,18,1,1,0,0,0,0,17.08756348,-0.52465131,40,0,0,122.708333,7.45,0,0,0,0.025,stats_player_week_2023.csv.gz
00-0036389,Jalen Hurts,QB,PHI,2023,8,REG,WAS,29,38,319,4,0,2,-4,0,0,17,4,6,0,1,1,1,23.61131852,-5.68383108,40,1,1,135.745614,8.39473684,0,0.05,0.025,0.15,stats_player_week_2023.csv.gz
00-0036442,Joe Burrow,QB,CIN,2023,8,REG,SF,28,32,283,3,0,3,-17,0,0,17,6,43,0,0,0,4,13.39260146,4.34966842,35,0,0,134.765625,8.84375,0,0.08571429,0,1.22857143,stats_player_week_2023.csv.gz
00-0036971,Trevor Lawrence,QB,JAX,2023,8,REG,PIT,24,32,292,1,1,3,-21,0,0,11,1,10,0,0,0,0,7.13963489,0.25003202,35,0,0,100,9.125,0.03125,0.08571429,0,0.28571429,stats_player_week_2023.csv.gz
00-0036972,Mac Jones,QB,NE,2023,8,REG,MIA,19,29,161,2,1,3,-20,0,0,7,1,-2,0,0,0,0,-9.12733173,0,32,0,0,88.433908,5.55172414,0.03448276,0.09375,0,-0.0625,stats_player_week_2023.csv.gz
00-0037013,Zach Wilson,QB,NYJ,2023,8,REG,NYG,17,36,240,1,0,4,-47,1,1,8,4,25,0,1,1,1,-14.03499418,-4.40180244,40,2,2,78.472222,6.66666667,0,0.1,0.05,0.625,stats_player_week_2023.csv.gz
00-0037077,Sam Howell,QB,WAS,2023,8,REG,PHI,39,52,397,4,1,1,-9,1,0,20,3,11,0,0,0,2,3.58262365,1.76687761,53,1,0,114.022436,7.63461538,0.01923077,0.01886792,0.01886792,0.20754717,stats_player_week_2023.csv.gz
00-0037834,Brock Purdy,QB,SF,2023,8,REG,CIN,22,31,365,1,2,2,-18,1,1,15,6,57,0,0,0,2,-2.85193438,4.40920025,33,1,1,94.153226,11.77419355,0.06451613,0.06060606,0.03030303,1.72727273,stats_player_week_2023.csv.gz
00-0038102,Kenny Pickett,QB,PIT,2023,8,REG,JAX,10,16,73,0,0,1,-5,0,0,4,1,10,0,1,0,1,-6.39817765,0.22482736,17,1,0,73.177083,4.5625,0,0.05882353,0.05882353,0.58823529,stats_player_week_2023.csv.gz
00-0038122,Desmond Ridder,QB,ATL,2023,8,REG,TEN,8,12,71,0,0,5,-36,1,1,4,3,26,0,0,0,1,-10.73925979,1.32385674,17,1,1,82.291667,5.91666667,0,0.29411765,0.05882353,1.52941176,stats_player_week_2023.csv.gz
00-0038128,Malik Willis,QB,TEN,2023,8,REG,ATL,0,0,0,0,0,0,0,0,0,0,2,4,0,1,1,0,0,-6.51615901,0,1,1,,,,,,,stats_player_week_2023.csv.gz
00-0038416,Tyson Bagent,QB,CHI,2023,8,REG,LAC,25,37,232,0,2,1,-10,0,0,10,4,-1,1,0,0,1,-9.5719047,0.62410845,38,0,0,61.993243,6.27027027,0.05405405,0.02631579,0,-0.02631579,stats_player_week_2023.csv.gz
00-0038476,Tommy DeVito,QB,NYG,2023,8,REG,NYJ,2,7,-1,0,0,2,-9,0,0,0,4,12,1,0,0,1,-6.94700016,0.66907582,9,0,0,39.583333,-0.14285714,0,0.22222222,0,1.33333333,stats_player_week_2023.csv.gz
00-0038583,Dorian Thompson-Robinson,QB,CLE,2023,8,REG,SEA,1,1,9,0,0,0,0,0,0,0,0,0,0,0,0,0,0.69456705,0,1,0,0,104.166667,9,0,0,0,0,stats_player_week_2023.csv.gz
00-0038598,Jaren Hall,QB,MIN,2023,8,REG,GB,3,4,23,0,0,1,0,1,1,1,2,-1,0,0,0,0,-2.58085485,0,5,1,1,88.541667,5.75,0,0.2,0.2,-0.2,stats_player_week_2023.csv.gz
00-0039150,Bryce Young,QB,CAR,2023,8,REG,HOU,22,31,235,1,0,6,-55,0,0,11,4,11,0,0,0,1,-0.33406924,0.61197081,37,0,0,103.561828,7.58064516,0,0.16216216,0,0.2972973,stats_player_week_2023.csv.gz
00-0039152,Will Levis,QB,TEN,2023,8,REG,ATL,19,29,238,4,0,2,-12,0,0,7,7,11,0,0,0,2,5.93669582,-3.07178707,31,0,0,130.45977,8.20689655,0,0.06451613,0,0.35483871,stats_player_week_2023.csv.gz
00-0039163,C.J. Stroud,QB,HOU,2023,8,REG,CAR,16,24,140,0,0,2,-21,0,0,10,2,13,1,0,0,2,1.48998643,3.33986173,26,0,0,81.944444,5.83333333,0,0.07692308,0,0.5,stats_player_week_2023.csv.gz
00-0030565,Geno Smith,QB,SEA,2023,9,REG,BAL,13,28,157,0,1,4,-34,1,1,5,2,4,0,0,0,0,-14.66198164,0.03030252,32,1,1,49.255952,5.60714286,0.03571429,0.125,0.03125,0.125,stats_player_week_2023.csv.gz
00-0031280,Derek Carr,QB,NO,2023,9,REG,CHI,25,34,211,2,0,0,0,0,0,10,3,3,0,0,0,0,2.71300629,-9.37408976,34,0,0,108.823529,6.20588235,0,0,0,0.08823529,stats_player_week_2023.csv.gz
00-0031800,Taylor Heinicke,QB,ATL,2023,9,REG,MIN,21,38,268,1,1,1,-8,0,0,12,3,20,0,0,0,1,-1.48874488,1.51601579,39,0,0,75.328947,7.05263158,0.02631579,0.02564103,0,0.51282051,stats_player_week_2023.csv.gz
00-0033077,Dak Prescott,QB,DAL,2023,9,REG,PHI,29,44,374,3,0,5,-41,0,0,19,6,14,0,0,0,2,12.91843624,1.69395085,49,0,0,115.151515,8.5,0,0.10204082,0,0.28571429,stats_player_week_2023.csv.gz
00-0033537,Deshaun Watson,QB,CLE,2023,9,REG,ARI,19,30,219,2,0,1,-6,0,0,9,3,22,0,0,0,1,1.43427727,1.84274661,31,0,0,107.5,7.3,0,0.03225806,0,0.70967742,stats_player_week_2023.csv.gz
00-0033873,Patrick Mahomes,QB,KC,2023,9,REG,MIA,20,30,185,2,0,2,-11,1,1,11,6,24,0,0,0,0,1.36122267,1.10243553,32,1,1,105.555556,6.16666667,0,0.0625,0.03125,0.75,stats_player_week_2023.csv.gz
00-0033949,Joshua Dobbs,QB,MIN,2023,9,REG,ATL,20,30,158,2,0,3,-12,2,2,10,7,66,1,1,0,4,-3.91657533,7.22658409,33,3,2,101.805556,5.26666667,0,0.09090909,0.09090909,2,stats_player_week_2023.csv.gz
00-0034796,Lamar Jackson,QB,BAL,2023,9,REG,SEA,21,26,187,0,0,1,-8,1,1,8,10,60,0,1,0,5,-3.18191753,3.34392218,27,2,1,96.634615,7.19230769,0,0.03703704,0.07407407,2.22222222,stats_player_week_2023.csv.gz
00-0034855,Baker Mayfield,QB,TB,2023,9,REG,HOU,21,30,265,2,0,2,-14,0,0,10,4,4,0,0,0,1,10.57921515,0.20984212,32,0,0,119.444444,8.83333333,0,0.0625,0,0.125,stats_player_week_2023.csv.gz
00-0034857,Josh Allen,QB,BUF,2023,9,REG,CIN,26,38,258,1,1,1,-9,0,0,11,8,44,1,0,0,6,4.64965203,3.21351889,39,0,0,85.197368,6.78947368,0.02631579,0.02564103,0,1.12820513,stats_player_week_2023.csv.gz
00-0034955,Brett Rypien,QB,LA,2023,9,REG,GB,13,28,130,0,1,1,-11,1,1,6,3,19,0,0,0,1,-14.59585008,1.33610644,29,1,1,45.238095,4.64285714,0.03571429,0.03448276,0.03448276,0.65517241,stats_player_week_2023.csv.gz
00-0035289,Gardner Minshew,QB,IND,2023,9,REG,CAR,17,26,127,1,0,1,-7,0,0,7,5,5,0,0,0,1,-1.04971759,0.78296034,27,0,0,89.74359,4.88461538,0,0.03703704,0,0.18518519,stats_player_week_2023.csv.gz
00-0035710,Daniel Jones,QB,NYG,2023,9,REG,LV,4,9,25,0,0,2,-17,0,0,2,2,9,0,0,0,0,-4.14415446,-3.15111171,11,0,0,51.62037,2.77777778,0,0.18181818,0,0.81818182,stats_player_week_2023.csv.gz
00-0035993,Tyler Huntley,QB,BAL,2023,9,REG,SEA,5,7,38,1,0,0,0,0,0,3,4,8,0,0,0,1,5.1768413,-3.612134,7,0,0,123.809524,5.42857143,0,0,0,1.14285714,stats_player_week_2023.csv.gz
00-0036212,Tua Tagovailoa,QB,MIA,2023,9,REG,KC,21,34,193,1,0,3,-18,0,0,11,2,7,0,1,0,0,0.52368714,-1.99747149,37,1,0,87.009804,5.67647059,0,0.08108108,0.02702703,0.18918919,stats_player_week_2023.csv.gz
00-0036264,Jordan Love,QB,GB,2023,9,REG,LA,20,26,228,1,0,4,-21,1,0,10,4,7,0,0,0,2,8.07889333,-2.0778802,30,1,0,115.544872,8.76923077,0,0.13333333,0.03333333,0.23333333,stats_player_week_2023.csv.gz
00-0036355,Justin Herbert,QB,LAC,2023,9,REG,NYJ,16,30,136,0,0,5,-29,1,0,7,3,17,0,0,0,1,-6.61158454,1.68223288,35,1,0,65.416667,4.53333333,0,0.14285714,0.02857143,0.48571429,stats_player_week_2023.csv.gz
00-0036389,Jalen Hurts,QB,PHI,2023,9,REG,DAL,17,23,207,2,0,3,-24,1,0,10,10,36,1,0,0,4,8.43501408,5.26358886,26,1,0,130.163043,9,0,0.11538462,0.03846154,1.38461538,stats_player_week_2023.csv.gz
00-0036442,Joe Burrow,QB,CIN,2023,9,REG,BUF,31,44,348,2,0,1,-5,0,0,17,5,4,0,0,0,1,12.65865347,-1.37276787,45,0,0,108.901515,7.90909091,0,0.02222222,0,0.08888889,stats_player_week_2023.csv.gz
00-0036972,Mac Jones,QB,NE,2023,9,REG,WAS,24,44,220,1,1,0,0,0,0,13,3,3,0,0,0,0,-6.03016312,-0.37559671,44,0,0,66.477273,5,0.02272727,0,0,0.06818182,stats_player_week_2023.csv.gz
00-0037013,Zach Wilson,QB,NYJ,2023,9,REG,LAC,33,49,263,0,0,8,-57,2,2,12,2,7,0,1,0,0,-19.13270813,-1.94270615,57,3,2,80.569728,5.36734694,0,0.14035088,0.05263158,0.12280702,stats_player_week_2023.csv.gz
00-0037077,Sam Howell,QB,WAS,2023,9,REG,NE,29,45,325,1,1,3,-17,0,0,14,5,27,0,0,0,1,5.03972946,0.53765058,48,0,0,84.027778,7.22222222,0.02222222,0.0625,0,0.5625,stats_player_week_2023.csv.gz
00-0038102,Kenny Pickett,QB,PIT,2023,9,REG,TEN,19,30,160,1,0,0,0,0,0,9,1,-1,0,0,0,0,3.35395454,0,30,0,0,88.194444,5.33333333,0,0,0,-0.03333333,stats_player_week_2023.csv.gz
00-0038416,Tyson Bagent,QB,CHI,2023,9,REG,NO,18,30,220,2,3,2,-8,1,1,13,8,70,0,0,0,5,-3.69260804,8.75940782,32,1,1,65.277778,7.33333333,0.1,0.0625,0.03125,2.1875,stats_player_week_2023.csv.gz
00-0038476,Tommy DeVito,QB,NYG,2023,9,REG,LV,15,20,175,1,2,6,-29,0,0,8,4,17,0,0,0,0,-14.8829682,-1.07377433,26,0,0,78.125,8.75,0.1,0.23076923,0,0.65384615,stats_player_week_2023.csv.gz
00-0038579,Aidan O'Connell,QB,LV,2023,9,REG,NYG,16,25,209,0,0,0,0,0,0,9,0,0,0,0,0,0,7.60304864,0,25,0,0,90.25,8.36,0,0,0,0,stats_player_week_2023.csv.gz
00-0038582,Clayton Tune,QB,ARI,2023,9,REG,CLE,11,20,58,0,2,7,-41,1,1,3,5,28,0,0,0,1,-32.76908289,0.41662551,27,1,1,20.833333,2.9,0.1,0.25925926,0.03703704,1.03703704,stats_player_week_2023.csv.gz
00-0038598,Jaren Hall,QB,MIN,2023,9,REG,ATL,5,6,78,0,0,0,0,0,0,3,2,11,0,0,0,0,4.89650291,-2.07949679,6,0,0,118.75,13,0,0,0,1.83333333,stats_player_week_2023.csv.gz
00-0039150,Bryce Young,QB,CAR,2023,9,REG,IND,24,39,173,1,3,4,-36,0,0,7,5,41,0,0,0,3,-24.65282764,3.65057716,43,0,0,48.344017,4.43589744,0.07692308,0.09302326,0,0.95348837,stats_player_week_2023.csv.gz
00-0039152,Will Levis,QB,TEN,2023,9,REG,PIT,22,39,262,0,1,4,-27,0,0,12,1,2,0,0,0,0,-3.65238892,-0.47887281,43,0,0,66.399573,6.71794872,0.02564103,0.09302326,0,0.04651163,stats_player_week_2023.csv.gz
00-0039163,C.J. Stroud,QB,HOU,2023,9,REG,TB,30,42,470,5,0,3,-27,1,0,22,0,10,0,0,0,0,27.47196459,0.106,45,1,0,147.81746,11.19047619,0,0.06666667,0.02222222,0.22222222,stats_player_week_2023.csv.gz
00-0029263,Russell Wilson,QB,DEN,2023,10,REG,BUF,24,29,193,2,0,4,-15,0,0,12,9,30,0,0,0,3,5.75806317,1.32755411,33,0,0,117.385057,6.65517241,0,0.12121212,0,0.90909091,stats_player_week_2023.csv.gz
00-0030565,Geno Smith,QB,SEA,2023,10,REG,WAS,31,47,369,2,0,1,0,0,0,16,1,13,0,0,0,1,5.20571138,1.57661454,48,0,0,103.945035,7.85106383,0,0.02083333,0,0.27083333,stats_player_week_2023.csv.gz
00-0031280,Derek Carr,QB,NO,2023,10,REG,MIN,13,18,110,0,0,2,-12,1,0,5,1,10,0,0,0,0,-2.31302625,0.28185349,20,1,0,87.731481,6.11111111,0,0.1,0.05,0.5,stats_player_week_2023.csv.gz
00-0031503,Jameis Winston,QB,NO,2023,10,REG,MIN,13,25,122,2,2,1,-5,0,0,5,0,0,0,0,0,0,-4.56071292,0,26,0,0,59.083333,4.88,0.08,0.03846154,0,0,stats_player_week_2023.csv.gz
00-0031800,Taylor Heinicke,QB,ATL,2023,10,REG,ARI,8,15,55,1,0,3,-24,0,0,3,4,34,0,0,0,1,-7.53044775,3.49263898,18,0,0,84.027778,3.66666667,0,0.16666667,0,1.88888889,stats_player_week_2023.csv.gz
00-0033077,Dak Prescott,QB,DAL,2023,10,REG,NYG,26,35,404,4,1,0,0,0,0,16,2,17,1,0,0,2,16.12832714,5.66426066,35,0,0,138.27381,11.54285714,0.02857143,0,0,0.48571429,stats_player_week_2023.csv.gz
00-0033106,Jared Goff,QB,DET,2023,10,REG,LAC,23,33,333,2,0,0,0,0,0,13,3,-2,0,0,0,0,14.82672986,-0.72707974,33,0,0,122.411616,10.09090909,0,0,0,-0.06060606,stats_player_week_2023.csv.gz
00-0033275,PJ Walker,QB,CLE,2023,10,REG,BAL,0,1,0,0,0,0,0,0,0,0,0,0,0,0,0,0,-0.27942557,0,1,0,0,39.583333,0,0,0,0,0,stats_player_week_2023.csv.gz
00-0033537,Deshaun Watson,QB,CLE,2023,10,REG,BAL,20,34,213,1,1,4,-18,1,0,10,8,37,0,0,0,2,-0.19234841,2.88118176,38,1,0,74.754902,6.26470588,0.02941176,0.10526316,0.02631579,0.97368421,stats_player_week_2023.csv.gz
00-0033662,Cooper Rush,QB,DAL,2023,10,REG,NYG,7,9,68,0,1,0,0,0,0,3,2,5,0,0,0,1,-0.29045116,1.70773548,9,0,0,58.564815,7.55555556,0.11111111,0,0,0.55555556,stats_player_week_2023.csv.gz
00-0033936,C.J. Beathard,QB,JAX,2023,10,REG,SF,1,2,5,0,0,0,0,0,0,0,0,0,0,0,0,0,-1.09789689,0,2,0,0,56.25,2.5,0,0,0,0,stats_player_week_2023.csv.gz
00-0033949,Joshua Dobbs,QB,MIN,2023,10,REG,NO,23,34,268,1,0,1,-5,0,0,12,8,44,1,0,0,3,8.31462603,3.47694143,35,0,0,101.102941,7.88235294,0,0.02857143,0,1.25714286,stats_player_week_2023.csv.gz
00-0034796,Lamar Jackson,QB,BAL,2023,10,REG,CLE,13,23,223,1,2,3,-23,0,0,9,8,41,0,0,0,1,-5.89344406,-1.16927461,26,0,0,67.844203,9.69565217,0.08695652,0.11538462,0,1.57692308,stats_player_week_2023.csv.gz
00-0034855,Baker Mayfield,QB,TB,2023,10,REG,TEN,18,29,278,2,1,3,-15,0,0,12,3,12,0,1,0,2,7.86543777,1.73057569,32,1,0,102.37069,9.5862069,0.03448276,0.09375,0.03125,0.375,stats_player_week_2023.csv.gz
00-0034857,Josh Allen,QB,BUF,2023,10,REG,DEN,15,26,177,1,2,0,0,0,0,6,4,13,1,1,1,1,-3.98838805,-3.75862793,26,1,1,59.294872,6.80769231,0.07692308,0,0.03846154,0.5,stats_player_week_2023.csv.gz
00-0034869,Sam Darnold,QB,SF,2023,10,REG,JAX,1,2,6,0,0,0,0,0,0,0,3,-3,0,0,0,0,-2.41689193,0,2,0,0,56.25,3,0,0,0,-1.5,stats_player_week_2023.csv.gz
00-0035228,Kyler Murray,QB,ARI,2023,10,REG,ATL,19,32,249,0,1,2,-19,0,0,11,6,33,1,0,0,2,-6.45730371,3.5370268,34,0,0,70.963542,7.78125,0.03125,0.05882353,0,0.97058824,stats_player_week_2023.csv.gz
00-0035289,Gardner Minshew,QB,IND,2023,10,REG,NE,18,28,194,0,1,0,0,0,0,8,2,-1,0,0,0,0,2.41754816,-1.2186907,28,0,0,69.642857,6.92857143,0.03571429,0,0,-0.03571429,stats_player_week_2023.csv.gz
00-0036264,Jordan Love,QB,GB,2023,10,REG,PIT,21,40,289,2,2,1,-6,0,0,13,2,11,0,0,0,0,5.19534885,0.0920524,41,0,0,71.770833,7.225,0.05,0.02439024,0,0.26829268,stats_player_week_2023.csv.gz
00-0036355,Justin Herbert,QB,LAC,2023,10,REG,DET,27,40,323,4,1,0,0,0,0,16,4,15,0,0,0,2,14.58798071,1.71123773,40,0,0,114.895833,8.075,0.025,0,0,0.375,stats_player_week_2023.csv.gz
00-0036442,Joe Burrow,QB,CIN,2023,10,REG,HOU,27,40,347,2,2,4,-33,1,0,11,5,20,0,0,0,1,3.19825713,-1.31919424,44,1,0,90.3125,8.675,0.05,0.09090909,0.02272727,0.45454545,stats_player_week_2023.csv.gz
00-0036928,Kyle Trask,QB,TB,2023,10,REG,TEN,0,0,0,0,0,0,0,0,0,0,1,-1,0,0,0,0,0,-1.71969621,0,0,0,,,,,,,stats_player_week_2023.csv.gz
00-0036971,Trevor Lawrence,QB,JAX,2023,10,REG,SF,17,29,185,0,2,5,-28,1,1,7,2,7,0,0,0,0,-17.34405346,-0.28569696,34,1,1,48.778736,6.37931034,0.06896552,0.14705882,0.02941176,0.20588235,stats_player_week_2023.csv.gz
00-0036972,Mac Jones,QB,NE,2023,10,REG,IND,15,20,170,0,1,5,-22,0,0,8,3,25,0,0,0,2,-3.61990215,1.26033199,25,0,0,79.166667,8.5,0.05,0.2,0,1,stats_player_week_2023.csv.gz
00-0037013,Zach Wilson,QB,NYJ,2023,10,REG,LV,23,39,263,0,1,2,-6,1,0,11,4,54,0,0,0,2,-4.12317607,2.88726633,41,1,0,68.643162,6.74358974,0.02564103,0.04878049,0.02439024,1.31707317,stats_player_week_2023.csv.gz
00-0037077,Sam Howell,QB,WAS,2023,10,REG,SEA,29,44,312,3,0,3,-24,0,0,13,2,17,0,1,1,1,11.65841741,-3.46066071,47,1,1,109.280303,7.09090909,0,0.06382979,0.0212766,0.36170213,stats_player_week_2023.csv.gz
00-0037834,Brock Purdy,QB,SF,2023,10,REG,JAX,19,26,296,3,0,2,-9,0,0,11,0,0,0,0,0,0,17.11725111,0,28,0,0,148.878205,11.38461538,0,0.07142857,0,0,stats_player_week_2023.csv.gz
00-0038102,Kenny Pickett,QB,PIT,2023,10,REG,GB,14,23,126,0,0,1,-7,0,0,6,4,16,0,0,0,2,-5.68762869,-0.04878886,24,0,0,75.634058,5.47826087,0,0.04166667,0,0.66666667,stats_player_week_2023.csv.gz
00-0038108,Bailey Zappe,QB,NE,2023,10,REG,IND,3,7,25,0,1,0,0,0,0,1,0,0,0,0,0,0,-0.82858391,0,7,0,0,13.095238,3.57142857,0.14285714,0,0,0,stats_player_week_2023.csv.gz
00-0038122,Desmond Ridder,QB,ATL,2023,10,REG,ARI,4,6,39,0,0,0,0,0,0,2,3,11,1,0,0,2,1.53876141,1.00334316,6,0,0,84.722222,6.5,0,0,0,1.83333333,stats_player_week_2023.csv.gz
00-0038416,Tyson Bagent,QB,CHI,2023,10,REG,CAR,20,33,162,0,0,0,0,0,0,10,6,12,0,0,0,1,-2.01960818,-1.365599,33,0,0,73.042929,4.90909091,0,0,0,0.36363636,stats_player_week_2023.csv.gz
00-0038476,Tommy DeVito,QB,NYG,2023,10,REG,DAL,14,27,86,2,1,5,-25,0,0,5,7,41,0,0,0,1,-11.90789587,0.6844352,32,0,0,67.824074,3.18518519,0.03703704,0.15625,0,1.28125,stats_player_week_2023.csv.gz
00-0038579,Aidan O'Connell,QB,LV,2023,10,REG,NYJ,16,27,153,1,1,3,-27,0,0,7,2,3,0,1,0,1,-9.80739498,-0.61950259,30,1,0,71.990741,5.66666667,0.03703704,0.1,0.03333333,0.1,stats_player_week_2023.csv.gz
00-0038582,Clayton Tune,QB,ARI,2023,10,REG,ATL,0,0,0,0,0,0,0,0,0,0,1,1,1,0,0,1,0,0.46349931,0,0,0,,,,,,,stats_player_week_2023.csv.gz
00-0039150,Bryce Young,QB,CAR,2023,10,REG,CHI,21,38,185,0,0,3,-15,0,0,6,3,18,0,0,0,3,-8.25040833,5.78568594,41,0,0,68.421053,4.86842105,0,0.07317073,0,0.43902439,stats_player_week_2023.csv.gz
00-0039152,Will Levis,QB,TEN,2023,10,REG,TB,19,39,199,0,1,4,-32,0,0,10,0,0,0,0,0,0,-11.56332191,0,43,0,0,53.258547,5.1025641,0.02564103,0.09302326,0,0,stats_player_week_2023.csv.gz
00-0039163,C.J. Stroud,QB,HOU,2023,10,REG,CIN,23,39,356,1,1,1,0,1,1,16,2,8,1,1,1,1,5.13788371,-2.04544988,40,2,2,87.126068,9.12820513,0.02564103,0.025,0.05,0.2,stats_player_week_2023.csv.gz
00-0026498,Matthew Stafford,QB,LA,2023,11,REG,SEA,17,31,190,1,1,1,-5,0,0,9,2,1,0,0,0,0,-4.57481494,-0.59483974,32,0,0,70.63172,6.12903226,0.03225806,0.03125,0,0.03125,stats_player_week_2023.csv.gz
00-0029263,Russell Wilson,QB,DEN,2023,11,REG,MIN,27,35,259,1,0,2,-10,0,0,11,2,1,0,0,0,1,1.48609829,-2.06261634,37,0,0,106.72619,7.4,0,0.05405405,0,0.02702703,stats_player_week_2023.csv.gz
00-0030565,Geno Smith,QB,SEA,2023,11,REG,LA,22,34,233,1,0,2,-13,0,0,12,1,-1,0,0,0,0,5.41679653,0,36,0,0,94.362745,6.85294118,0,0.05555556,0,-0.02777778,stats_player_week_2023.csv.gz
00-0033077,Dak Prescott,QB,DAL,2023,11,REG,CAR,25,38,189,2,0,0,0,0,0,10,2,6,0,0,0,1,7.63956187,2.3059777,38,0,0,95.175439,4.97368421,0,0,0,0.15789474,stats_player_week_2023.csv.gz
00-0033106,Jared Goff,QB,DET,2023,11,REG,CHI,23,35,236,2,3,2,-13,0,0,14,2,3,0,0,0,0,-1.09205456,-1.89427162,37,0,0,68.27381,6.74285714,0.08571429,0.05405405,0,0.08108108,stats_player_week_2023.csv.gz
00-0033662,Cooper Rush,QB,DAL,2023,11,REG,CAR,2,3,15,0,0,0,0,0,0,1,3,-3,0,0,0,0,-1.09209291,0,3,0,0,78.472222,5,0,0,0,-1,stats_player_week_2023.csv.gz
00-0033873,Patrick Mahomes,QB,KC,2023,11,REG,PHI,24,43,177,2,1,1,-9,0,0,10,6,38,0,0,0,2,-8.02547697,0.45347958,44,0,0,71.560078,4.11627907,0.02325581,0.02272727,0,0.86363636,stats_player_week_2023.csv.gz
00-0033949,Joshua Dobbs,QB,MIN,2023,11,REG,DEN,20,32,221,1,1,2,-11,0,0,9,8,21,1,2,1,3,1.06147776,-1.81422986,34,2,1,80.338542,6.90625,0.03125,0.05882353,0.05882353,0.61764706,stats_player_week_2023.csv.gz
00-0034177,Tim Boyle,QB,NYJ,2023,11,REG,BUF,7,14,33,0,1,1,-10,0,0,1,1,1,0,0,0,1,-7.64358572,2.07274551,15,0,0,26.488095,2.35714286,0.07142857,0.06666667,0,0.06666667,stats_player_week_2023.csv.gz
00-0034577,Kyle Allen,QB,BUF,2023,11,REG,NYJ,0,0,0,0,0,0,0,0,0,0,2,-2,0,0,0,0,0,-2.53497962,0,0,0,,,,,,,stats_player_week_2023.csv.gz
00-0034796,Lamar Jackson,QB,BAL,2023,11,REG,CIN,16,26,264,2,0,3,-16,0,0,9,9,54,0,0,0,2,8.24313117,0.70701477,29,0,0,121.314103,10.15384615,0,0.10344828,0,1.86206897,stats_player_week_2023.csv.gz
00-0034855,Baker Mayfield,QB,TB,2023,11,REG,SF,29,45,246,1,1,4,-25,1,1,14,3,5,0,0,0,1,-9.18873203,0.24417094,49,1,1,76.712963,5.46666667,0.02222222,0.08163265,0.02040816,0.10204082,stats_player_week_2023.csv.gz
00-0034857,Josh Allen,QB,BUF,2023,11,REG,NYJ,20,32,275,3,1,1,-12,0,0,10,5,15,0,0,0,2,12.00087954,0.78003167,33,0,0,108.203125,8.59375,0.03125,0.03030303,0,0.45454545,stats_player_week_2023.csv.gz
00-0035100,Jake Browning,QB,CIN,2023,11,REG,BAL,8,14,68,1,0,3,-19,0,0,5,4,40,0,0,0,2,-5.3749782,3.89042632,17,0,0,93.75,4.85714286,0,0.17647059,0,2.35294118,stats_player_week_2023.csv.gz
00-0035228,Kyler Murray,QB,ARI,2023,11,REG,HOU,20,30,214,1,1,3,-18,1,0,11,7,51,1,0,0,3,-6.82670936,4.81250718,33,1,0,84.583333,7.13333333,0.03333333,0.09090909,0.03030303,1.54545455,stats_player_week_2023.csv.gz
00-0035704,Drew Lock,QB,SEA,2023,11,REG,LA,2,6,3,0,1,0,0,0,0,0,0,0,0,0,0,0,-5.48228724,0,6,0,0,2.777778,0.5,0.16666667,0,0,0,stats_player_week_2023.csv.gz
00-0036212,Tua Tagovailoa,QB,MIA,2023,11,REG,LV,28,39,325,2,1,1,-2,0,0,12,2,6,0,1,1,0,4.76922902,-3.79733974,40,1,1,103.044872,8.33333333,0.02564103,0.025,0.025,0.15,stats_player_week_2023.csv.gz
00-0036264,Jordan Love,QB,GB,2023,11,REG,LAC,27,40,322,2,0,3,-27,1,0,16,3,0,0,1,0,0,10.75095028,-4.07624533,43,2,0,108.541667,8.05,0,0.06976744,0.04651163,0,stats_player_week_2023.csv.gz
00-0036355,Justin Herbert,QB,LAC,2023,11,REG,GB,21,36,260,2,0,2,-16,0,0,11,8,73,0,1,0,3,5.06011285,5.87056131,38,1,0,99.305556,7.22222222,0,0.05263158,0.02631579,1.92105263,stats_player_week_2023.csv.gz
00-0036389,Jalen Hurts,QB,PHI,2023,11,REG,KC,14,22,150,0,1,5,-26,1,0,5,12,29,2,0,0,5,-3.41494175,0.57847564,27,1,0,64.583333,6.81818182,0.04545455,0.18518519,0.03703704,1.07407407,stats_player_week_2023.csv.gz
00-0036442,Joe Burrow,QB,CIN,2023,11,REG,BAL,11,17,101,1,0,2,-14,0,0,5,1,7,0,0,0,0,2.9155141,0.40377979,19,0,0,100.367647,5.94117647,0,0.10526316,0,0.36842105,stats_player_week_2023.csv.gz
00-0036898,Davis Mills,QB,HOU,2023,11,REG,ARI,1,1,2,0,0,0,0,0,0,0,0,0,0,0,0,0,-0.9523989,0,1,0,0,79.166667,2,0,0,0,0,stats_player_week_2023.csv.gz
00-0036945,Justin Fields,QB,CHI,2023,11,REG,DET,16,23,169,1,0,2,-18,1,0,10,18,104,0,0,0,4,4.19476906,3.94751063,25,1,0,105.163043,7.34782609,0,0.08,0.04,4.16,stats_player_week_2023.csv.gz
00-0036971,Trevor Lawrence,QB,JAX,2023,11,REG,TEN,24,32,262,2,0,1,-1,0,0,13,5,17,2,0,0,2,16.51056056,2.33503694,33,0,0,119.53125,8.1875,0,0.03030303,0,0.51515152,stats_player_week_2023.csv.gz
00-0037013,Zach Wilson,QB,NYJ,2023,11,REG,BUF,7,15,81,1,1,5,-30,0,0,6,4,15,0,0,0,0,-8.55798455,-2.50036053,20,0,0,57.916667,5.4,0.06666667,0.25,0,0.75,stats_player_week_2023.csv.gz
00-0037077,Sam Howell,QB,WAS,2023,11,REG,NYG,31,45,256,1,3,4,-26,0,0,12,3,35,1,0,0,3,-8.88358981,6.86441899,49,0,0,62.824074,5.68888889,0.06666667,0.08163265,0,0.71428571,stats_player_week_2023.csv.gz
00-0037834,Brock Purdy,QB,SF,2023,11,REG,TB,21,25,333,3,0,4,-28,0,0,14,4,14,0,0,0,2,15.8703897,2.2190216,29,0,0,158.333333,13.32,0,0.13793103,0,0.48275862,stats_player_week_2023.csv.gz
00-0038102,Kenny Pickett,QB,PIT,2023,11,REG,CLE,15,28,106,0,0,3,-29,0,0,4,4,9,0,0,0,2,-11.89154918,2.59672019,31,0,0,62.5,3.78571429,0,0.09677419,0,0.29032258,stats_player_week_2023.csv.gz
00-0038476,Tommy DeVito,QB,NYG,2023,11,REG,WAS,18,26,246,3,0,9,-45,0,0,10,1,7,0,0,0,0,3.80821978,-0.40321477,35,0,0,137.660256,9.46153846,0,0.25714286,0,0.2,stats_player_week_2023.csv.gz
00-0038579,Aidan O'Connell,QB,LV,2023,11,REG,MIA,24,41,271,1,3,2,-11,0,0,10,1,3,0,0,0,1,-9.57663344,-0.02246158,43,0,0,56.046748,6.6097561,0.07317073,0.04651163,0,0.06976744,stats_player_week_2023.csv.gz
00-0038583,Dorian Thompson-Robinson,QB,CLE,2023,11,REG,PIT,24,43,165,0,1,1,-2,0,0,10,3,20,0,0,0,2,-9.68177427,1.8074732,44,0,0,54.893411,3.8372093,0.02325581,0.02272727,0,0.45454545,stats_player_week_2023.csv.gz
00-0039150,Bryce Young,QB,CAR,2023,11,REG,DAL,16,29,123,1,1,7,-46,1,1,7,2,3,0,0,0,0,-18.7324309,-0.11094219,36,1,1,62.859195,4.24137931,0.03448276,0.19444444,0.02777778,0.08333333,stats_player_week_2023.csv.gz
00-0039152,Will Levis,QB,TEN,2023,11,REG,JAX,13,17,158,2,0,2,-15,0,0,6,4,2,0,1,1,1,2.96295855,-4.2036713,19,1,1,143.75,9.29411765,0,0.10526316,0.05263158,0.10526316,stats_player_week_2023.csv.gz
00-0039163,C.J. Stroud,QB,HOU,2023,11,REG,ARI,27,37,336,2,3,3,-29,0,0,18,1,-1,0,0,0,0,3.79573474,0,40,0,0,84.966216,9.08108108,0.08108108,0.075,0,-0.025,stats_player_week_2023.csv.gz
00-0026498,Matthew Stafford,QB,LA,2023,12,REG,ARI,25,33,229,4,1,0,0,0,0,16,1,2,0,0,0,0,13.20423156,-0.51743484,33,0,0,121.085859,6.93939394,0.03030303,0,0,0.06060606,stats_player_week_2023.csv.gz
00-0029263,Russell Wilson,QB,DEN,2023,12,REG,CLE,13,22,134,1,0,1,-9,0,0,5,11,34,1,2,1,3,4.45424141,-1.64119262,23,2,1,91.856061,6.09090909,0,0.04347826,0.08695652,1.47826087,stats_player_week_2023.csv.gz
00-0030565,Geno Smith,QB,SEA,2023,12,REG,SF,18,27,180,0,1,6,-48,0,0,6,4,21,0,0,0,1,-11.94072796,0.20721111,33,0,0,69.984568,6.66666667,0.03703704,0.18181818,0,0.63636364,stats_player_week_2023.csv.gz
00-0031280,Derek Carr,QB,NO,2023,12,REG,ATL,24,38,304,0,1,1,-8,0,0,13,2,7,0,1,0,1,-1.26851883,1.98984697,39,1,0,77.083333,8,0.02631579,0.02564103,0.02564103,0.17948718,stats_player_week_2023.csv.gz
00-0033077,Dak Prescott,QB,DAL,2023,12,REG,WAS,22,32,331,4,0,0,0,0,0,15,1,10,0,0,0,1,19.24523963,0.89503767,32,0,0,142.057292,10.34375,0,0,0,0.3125,stats_player_week_2023.csv.gz
00-0033106,Jared Goff,QB,DET,2023,12,REG,GB,29,44,332,2,0,3,-8,2,2,17,3,9,0,1,1,0,-4.38749323,-5.29662846,47,3,3,103.598485,7.54545455,0,0.06382979,0.06382979,0.19148936,stats_player_week_2023.csv.gz
00-0033275,PJ Walker,QB,CLE,2023,12,REG,DEN,6,13,56,0,0,4,-28,2,1,2,1,-1,0,0,0,0,-11.40248712,0,17,2,1,58.49359,4.30769231,0,0.23529412,0.11764706,-0.05882353,stats_player_week_2023.csv.gz
00-0033873,Patrick Mahomes,QB,KC,2023,12,REG,LV,27,34,298,2,0,1,-7,0,0,17,5,9,0,0,0,1,12.58739586,-3.49767053,35,0,0,122.794118,8.76470588,0,0.02857143,0,0.25714286,stats_player_week_2023.csv.gz
00-0033949,Joshua Dobbs,QB,MIN,2023,12,REG,CHI,22,32,185,1,4,2,-16,0,0,8,2,11,0,0,0,0,-23.79053916,0.05540237,34,0,0,54.296875,5.78125,0.125,0.05882353,0,0.32352941,stats_player_week_2023.csv.gz
00-0034177,Tim Boyle,QB,NYJ,2023,12,REG,MIA,27,38,179,1,2,7,-49,1,0,9,2,2,0,1,0,1,-18.66758492,-0.83002583,45,2,0,67.763158,4.71052632,0.05263158,0.15555556,0.04444444,0.04444444,stats_player_week_2023.csv.gz
00-0034401,Mike White,QB,MIA,2023,12,REG,NYJ,0,0,0,0,0,0,0,0,0,0,1,-2,0,0,0,0,0,-1.54927918,0,0,0,,,,,,,stats_player_week_2023.csv.gz
00-0034796,Lamar Jackson,QB,BAL,2023,12,REG,LAC,18,32,177,1,0,2,-13,1,0,9,11,39,0,0,0,1,-3.55844321,-3.24397115,34,1,0,82.421875,5.53125,0,0.05882353,0.02941176,1.14705882,stats_player_week_2023.csv.gz
00-0034855,Baker Mayfield,QB,TB,2023,12,REG,IND,20,30,199,2,1,6,-26,1,1,9,3,14,0,1,0,1,-7.50987211,0.70855016,36,2,1,93.611111,6.63333333,0.03333333,0.16666667,0.05555556,0.38888889,stats_player_week_2023.csv.gz
00-0034857,Josh Allen,QB,BUF,2023,12,REG,PHI,29,51,339,2,1,1,-7,0,0,15,9,81,2,0,0,7,7.66053472,15.16479604,52,0,0,82.066993,6.64705882,0.01960784,0.01923077,0,1.55769231,stats_player_week_2023.csv.gz
00-0035100,Jake Browning,QB,CIN,2023,12,REG,PIT,19,26,227,1,1,4,-30,1,0,9,3,9,0,0,0,0,-2.74791009,0.23273113,30,1,0,96.153846,8.73076923,0.03846154,0.13333333,0.03333333,0.3,stats_player_week_2023.csv.gz
00-0035228,Kyler Murray,QB,ARI,2023,12,REG,LA,27,45,256,1,0,4,-37,0,0,11,1,2,1,0,0,1,-14.26404087,1.71288291,49,0,0,83.194444,5.68888889,0,0.08163265,0,0.04081633,stats_player_week_2023.csv.gz
00-0035289,Gardner Minshew,QB,IND,2023,12,REG,TB,24,41,251,0,1,2,-12,0,0,13,3,6,1,0,0,1,-0.09710011,-2.29888078,43,0,0,66.20935,6.12195122,0.02439024,0.04651163,0,0.13953488,stats_player_week_2023.csv.gz
00-0036212,Tua Tagovailoa,QB,MIA,2023,12,REG,NYJ,21,30,243,1,2,2,-15,0,0,14,2,1,0,1,1,0,4.45056449,-6.27209602,32,1,1,77.5,8.1,0.06666667,0.0625,0.03125,0.03125,stats_player_week_2023.csv.gz
00-0036264,Jordan Love,QB,GB,2023,12,REG,DET,22,32,268,3,0,0,0,0,0,13,3,39,0,0,0,1,12.75937861,-0.37727248,32,0,0,125.520833,8.375,0,0,0,1.21875,stats_player_week_2023.csv.gz
00-0036355,Justin Herbert,QB,LAC,2023,12,REG,BAL,29,44,217,1,1,3,-24,1,1,11,4,47,0,0,0,1,-11.90762678,-0.29224681,47,1,1,75.662879,4.93181818,0.02272727,0.06382979,0.0212766,1,stats_player_week_2023.csv.gz
00-0036389,Jalen Hurts,QB,PHI,2023,12,REG,BUF,18,31,200,3,1,2,-7,0,0,12,14,65,2,1,1,5,0.08719554,0.44429737,33,1,1,96.169355,6.4516129,0.03225806,0.06060606,0.03030303,1.96969697,stats_player_week_2023.csv.gz
00-0036928,Kyle Trask,QB,TB,2023,12,REG,IND,0,1,0,0,0,0,0,0,0,0,0,0,0,0,0,0,-1.88030287,0,1,0,0,39.583333,0,0,0,0,0,stats_player_week_2023.csv.gz
00-0036945,Justin Fields,QB,CHI,2023,12,REG,MIN,27,37,217,0,0,3,-18,1,1,12,12,59,0,1,1,4,-5.58729196,-3.94593256,40,2,2,87.331081,5.86486486,0,0.075,0.05,1.475,stats_player_week_2023.csv.gz
00-0036971,Trevor Lawrence,QB,JAX,2023,12,REG,HOU,23,38,364,1,1,0,0,0,0,13,2,0,1,0,0,1,12.49023191,0.56096291,38,0,0,90.241228,9.57894737,0.02631579,0,0,0,stats_player_week_2023.csv.gz
00-0036972,Mac Jones,QB,NE,2023,12,REG,NYG,12,21,89,0,2,1,0,1,0,5,0,0,0,0,0,0,-9.91177382,0,22,1,0,27.777778,4.23809524,0.0952381,0.04545455,0.04545455,0,stats_player_week_2023.csv.gz
00-0037077,Sam Howell,QB,WAS,2023,12,REG,DAL,28,44,300,0,1,4,-32,0,0,15,2,13,1,0,0,2,-12.34884794,2.07530144,48,0,0,74.05303,6.81818182,0.02272727,0.08333333,0,0.27083333,stats_player_week_2023.csv.gz
00-0037834,Brock Purdy,QB,SF,2023,12,REG,SEA,21,30,209,1,1,1,-1,0,0,10,3,1,0,0,0,0,0.74822872,-3.33024118,31,0,0,86.666667,6.96666667,0.03333333,0.03225806,0,0.03225806,stats_player_week_2023.csv.gz
00-0038102,Kenny Pickett,QB,PIT,2023,12,REG,CIN,24,33,278,0,0,2,-10,0,0,15,5,5,0,0,0,0,11.77703264,-1.80373285,35,0,0,97.790404,8.42424242,0,0.05714286,0,0.14285714,stats_player_week_2023.csv.gz
00-0038108,Bailey Zappe,QB,NE,2023,12,REG,NYG,9,14,54,0,1,1,-7,0,0,3,0,0,0,0,0,0,-6.41329497,0,15,0,0,41.964286,3.85714286,0.07142857,0.06666667,0,0,stats_player_week_2023.csv.gz
00-0038122,Desmond Ridder,QB,ATL,2023,12,REG,NO,13,21,168,1,2,0,0,0,0,9,7,30,0,0,0,3,-2.74631574,-1.47270388,21,0,0,63.293651,8,0.0952381,0,0,1.42857143,stats_player_week_2023.csv.gz
00-0038476,Tommy DeVito,QB,NYG,2023,12,REG,NE,17,25,191,1,0,6,-29,0,0,7,5,6,0,2,1,0,-1.82402117,-7.40497401,31,2,1,103.916667,7.64,0,0.19354839,0.06451613,0.19354839,stats_player_week_2023.csv.gz
00-0038579,Aidan O'Connell,QB,LV,2023,12,REG,KC,23,33,248,1,0,1,-13,0,0,12,0,0,0,0,0,0,4.32524875,0,34,0,0,101.578283,7.51515152,0,0.02941176,0,0,stats_player_week_2023.csv.gz
00-0038582,Clayton Tune,QB,ARI,2023,12,REG,LA,0,0,0,0,0,0,0,0,0,0,0,0,0,0,0,0,0,1.053,0,0,0,,,,,,,stats_player_week_2023.csv.gz
00-0038583,Dorian Thompson-Robinson,QB,CLE,2023,12,REG,DEN,14,29,134,1,0,0,0,0,0,8,5,21,0,1,0,0,-0.94883594,-0.68732215,29,1,0,73.060345,4.62068966,0,0,0.03448276,0.72413793,stats_player_week_2023.csv.gz
00-0039150,Bryce Young,QB,CAR,2023,12,REG,TEN,18,31,194,0,0,4,-32,1,1,7,3,23,0,0,0,2,-4.86725882,3.48955931,35,1,1,76.545699,6.25806452,0,0.11428571,0.02857143,0.65714286,stats_player_week_2023.csv.gz
00-0039152,Will Levis,QB,TEN,2023,12,REG,CAR,18,28,185,0,0,1,-1,0,0,9,3,-3,0,0,0,0,-0.05040947,-2.19966012,29,0,0,83.184524,6.60714286,0,0.03448276,0,-0.10344828,stats_player_week_2023.csv.gz
00-0039163,C.J. Stroud,QB,HOU,2023,12,REG,JAX,26,36,304,2,0,4,-43,0,0,12,6,47,1,0,0,3,0.75914096,3.35400304,40,0,0,115.972222,8.44444444,0,0.1,0,1.175,stats_player_week_2023.csv.gz
00-0026158,Joe Flacco,QB,CLE,2023,13,REG,LA,23,44,254,2,1,2,-14,0,0,10,0,0,0,0,0,0,-7.79156393,0,46,0,0,75.378788,5.77272727,0.02272727,0.04347826,0,0,stats_player_week_2023.csv.gz
00-0026498,Matthew Stafford,QB,LA,2023,13,REG,CLE,22,37,279,3,0,0,0,0,0,10,1,-2,0,0,0,0,5.31912374,0,37,0,0,110.078829,7.54054054,0,0,0,-0.05405405,stats_player_week_2023.csv.gz
00-0029263,Russell Wilson,QB,DEN,2023,13,REG,HOU,15,26,186,1,3,3,-22,0,0,5,10,44,1,0,0,4,-14.96811899,4.24792017,29,0,0,53.205128,7.15384615,0.11538462,0.10344828,0,1.51724138,stats_player_week_2023.csv.gz
00-0030565,Geno Smith,QB,SEA,2023,13,REG,DAL,23,41,334,3,1,0,0,0,0,16,2,6,1,0,0,2,11.57318432,2.85913878,41,0,0,97.002033,8.14634146,0.02439024,0,0,0.14634146,stats_player_week_2023.csv.gz
00-0031280,Derek Carr,QB,NO,2023,13,REG,DET,17,22,226,1,1,2,-18,0,0,10,2,-1,0,1,1,0,7.33137932,-5.90458525,24,1,1,105.492424,10.27272727,0.04545455,0.08333333,0.04166667,-0.04166667,stats_player_week_2023.csv.gz
00-0031503,Jameis Winston,QB,NO,2023,13,REG,DET,2,5,41,0,0,0,0,0,0,2,0,0,0,0,0,0,0.11323756,0,5,0,0,69.583333,8.2,0,0,0,0,stats_player_week_2023.csv.gz
00-0032156,Trevor Siemian,QB,NYJ,2023,13,REG,ATL,5,13,66,0,0,3,-12,3,1,3,1,8,0,0,0,0,-7.56494334,0.42273665,16,3,1,55.288462,5.07692308,0,0.1875,0.1875,0.5,stats_player_week_2023.csv.gz
00-0032268,Marcus Mariota,QB,PHI,2023,13,REG,SF,2,3,16,0,0,0,0,0,0,1,2,6,0,0,0,1,-0.34764348,1.40037889,3,0,0,79.861111,5.33333333,0,0,0,2,stats_player_week_2023.csv.gz
00-0033077,Dak Prescott,QB,DAL,2023,13,REG,SEA,29,41,299,3,0,4,-24,0,0,19,7,23,0,0,0,1,14.82349758,-2.45855996,45,0,0,115.802846,7.29268293,0,0.08888889,0,0.51111111,stats_player_week_2023.csv.gz
00-0033106,Jared Goff,QB,DET,2023,13,REG,NO,16,25,213,2,0,1,-8,0,0,9,2,-2,0,0,0,0,7.49243804,-2.04768117,26,0,0,117.583333,8.52,0,0.03846154,0,-0.07692308,stats_player_week_2023.csv.gz
00-0033869,Mitchell Trubisky,QB,PIT,2023,13,REG,ARI,11,17,117,1,0,0,0,0,0,8,3,5,0,1,1,0,8.02860293,-5.55029978,17,1,1,104.289216,6.88235294,0,0,0.05882353,0.29411765,stats_player_week_2023.csv.gz
00-0033873,Patrick Mahomes,QB,KC,2023,13,REG,GB,21,33,210,1,1,3,-21,0,0,13,4,26,0,0,0,1,3.94773471,1.72955952,36,0,0,79.103535,6.36363636,0.03030303,0.08333333,0,0.72222222,stats_player_week_2023.csv.gz
00-0033936,C.J. Beathard,QB,JAX,2023,13,REG,CIN,9,10,63,0,0,2,-2,0,0,3,1,7,0,1,0,0,0.91003694,0.26832333,12,1,0,92.916667,6.3,0,0.16666667,0.08333333,0.58333333,stats_player_week_2023.csv.gz
00-0034177,Tim Boyle,QB,NYJ,2023,13,REG,ATL,14,25,148,0,1,1,-5,0,0,6,1,2,0,0,0,1,-4.67640747,1.44897047,26,0,0,56.75,5.92,0.04,0.03846154,0,0.07692308,stats_player_week_2023.csv.gz
00-0034401,Mike White,QB,MIA,2023,13,REG,WAS,1,1,3,0,0,0,0,0,0,0,0,0,0,0,0,0,-1.06408734,0,1,0,0,79.166667,3,0,0,0,0,stats_player_week_2023.csv.gz
00-0034855,Baker Mayfield,QB,TB,2023,13,REG,CAR,14,29,202,1,1,1,-8,0,0,7,2,-2,0,0,0,0,-3.7011343,-4.05567394,30,0,0,68.462644,6.96551724,0.03448276,0.03333333,0,-0.06666667,stats_player_week_2023.csv.gz
00-0034869,Sam Darnold,QB,SF,2023,13,REG,PHI,0,0,0,0,0,0,0,0,0,0,1,-1,0,0,0,0,0,0,0,0,0,,,,,,,stats_player_week_2023.csv.gz
00-0035100,Jake Browning,QB,CIN,2023,13,REG,JAX,32,37,354,1,0,2,-12,0,0,17,2,22,1,0,0,2,19.50506689,2.65038809,39,0,0,115.540541,9.56756757,0,0.05128205,0,0.56410256,stats_player_week_2023.csv.gz
00-0035228,Kyler Murray,QB,ARI,2023,13,REG,PIT,13,23,145,1,0,2,-13,0,0,7,9,20,0,2,0,1,1.14469066,-2.9401562,25,2,0,89.945652,6.30434783,0,0.08,0.08,0.8,stats_player_week_2023.csv.gz
00-0035289,Gardner Minshew,QB,IND,2023,13,REG,TEN,26,42,312,2,0,3,-12,1,1,10,3,2,0,0,0,0,2.04376187,-1.45078667,45,1,1,100.496032,7.42857143,0,0.06666667,0.02222222,0.04444444,stats_player_week_2023.csv.gz
00-0036212,Tua Tagovailoa,QB,MIA,2023,13,REG,WAS,18,24,280,2,0,0,0,0,0,10,0,0,0,0,0,0,19.67799806,0,24,0,0,140.972222,11.66666667,0,0,0,0,stats_player_week_2023.csv.gz
00-0036264,Jordan Love,QB,GB,2023,13,REG,KC,25,36,267,3,0,2,-14,0,0,15,2,10,0,0,0,2,15.3921436,1.46502006,38,0,0,118.634259,7.41666667,0,0.05263158,0,0.26315789,stats_player_week_2023.csv.gz
00-0036355,Justin Herbert,QB,LAC,2023,13,REG,NE,22,37,212,0,0,0,0,0,0,8,4,-5,0,0,0,0,2.00786266,-5.99268304,37,0,0,75.506757,5.72972973,0,0,0,-0.13513514,stats_player_week_2023.csv.gz
00-0036389,Jalen Hurts,QB,PHI,2023,13,REG,SF,26,45,298,1,0,3,-27,0,0,18,7,20,1,0,0,1,9.31357722,-2.14537184,48,0,0,85.231481,6.62222222,0,0.0625,0,0.41666667,stats_player_week_2023.csv.gz
00-0036898,Davis Mills,QB,HOU,2023,13,REG,DEN,1,1,18,0,0,0,0,0,0,1,0,0,0,0,0,0,1.54284708,0,1,0,0,118.75,18,0,0,0,0,stats_player_week_2023.csv.gz
00-0036971,Trevor Lawrence,QB,JAX,2023,13,REG,CIN,22,29,258,2,0,2,-14,0,0,10,5,8,1,0,0,3,10.46732089,4.89130538,31,0,0,125.359195,8.89655172,0,0.06451613,0,0.25806452,stats_player_week_2023.csv.gz
00-0037077,Sam Howell,QB,WAS,2023,13,REG,MIA,12,23,127,0,1,3,-20,0,0,5,4,21,2,0,0,2,-13.02127346,4.77706339,26,0,0,50.452899,5.52173913,0.04347826,0.11538462,0,0.80769231,stats_player_week_2023.csv.gz
00-0037834,Brock Purdy,QB,SF,2023,13,REG,PHI,19,27,314,4,0,2,-4,0,0,12,2,9,0,0,0,1,22.3297114,0.58521267,29,0,0,148.765432,11.62962963,0,0.06896552,0,0.31034483,stats_player_week_2023.csv.gz
00-0038102,Kenny Pickett,QB,PIT,2023,13,REG,ARI,7,10,70,0,0,0,0,0,0,5,3,3,0,1,0,0,-0.48004706,-2.96506674,10,1,0,89.583333,7,0,0,0.1,0.3,stats_player_week_2023.csv.gz
00-0038108,Bailey Zappe,QB,NE,2023,13,REG,LAC,13,25,141,0,0,5,-32,0,0,5,4,16,0,0,0,2,-15.71980582,3.89795919,30,0,0,68.916667,5.64,0,0.16666667,0,0.53333333,stats_player_week_2023.csv.gz
00-0038122,Desmond Ridder,QB,ATL,2023,13,REG,NYJ,12,27,121,1,0,3,-17,0,0,9,3,0,0,1,0,0,-3.77880196,-3.42663246,30,1,0,70.138889,4.48148148,0,0.1,0.03333333,0,stats_player_week_2023.csv.gz
00-0039150,Bryce Young,QB,CAR,2023,13,REG,TB,15,31,178,0,1,4,-29,1,0,7,0,0,0,0,0,0,-5.07096792,1.053,35,1,0,52.889785,5.74193548,0.03225806,0.11428571,0.02857143,0,stats_player_week_2023.csv.gz
00-0039152,Will Levis,QB,TEN,2023,13,REG,IND,16,33,224,1,0,6,-20,3,1,12,2,5,0,0,0,1,0.14494958,1.58487447,39,3,1,80.871212,6.78787879,0,0.15384615,0.07692308,0.12820513,stats_player_week_2023.csv.gz
00-0039163,C.J. Stroud,QB,HOU,2023,13,REG,DEN,16,27,274,1,0,5,-28,1,0,7,6,11,0,0,0,3,0.30177717,0.39686153,32,1,0,106.095679,10.14814815,0,0.15625,0.03125,0.34375,stats_player_week_2023.csv.gz
00-0026158,Joe Flacco,QB,CLE,2023,14,REG,JAX,26,45,311,3,1,1,-4,1,1,11,4,-1,0,0,0,1,-1.65442175,-0.20380611,46,1,1,91.990741,6.91111111,0.02222222,0.02173913,0.02173913,-0.02173913,stats_player_week_2023.csv.gz
00-0026498,Matthew Stafford,QB,LA,2023,14,REG,BAL,23,41,294,3,0,2,-12,0,0,14,1,-1,0,0,0,0,5.60173018,0,43,0,0,103.099593,7.17073171,0,0.04651163,0,-0.02325581,stats_player_week_2023.csv.gz
00-0029263,Russell Wilson,QB,DEN,2023,14,REG,LAC,21,33,224,2,1,2,-8,0,0,9,6,5,0,0,0,2,-2.2156204,-3.90430523,35,0,0,90.972222,6.78787879,0.03030303,0.05714286,0,0.14285714,stats_player_week_2023.csv.gz
00-0031280,Derek Carr,QB,NO,2023,14,REG,CAR,18,26,119,2,1,1,-9,0,0,8,0,0,0,0,0,0,-9.56363585,0,27,0,0,88.461538,4.57692308,0.03846154,0.03703704,0,0,stats_player_week_2023.csv.gz
00-0031288,AJ McCarron,QB,CIN,2023,14,REG,IND,1,1,-1,0,0,0,0,0,0,0,0,0,0,0,0,0,-1.69313194,0,1,0,0,79.166667,-1,0,0,0,0,stats_player_week_2023.csv.gz
00-0031503,Jameis Winston,QB,NO,2023,14,REG,CAR,0,0,0,0,0,0,0,0,0,0,2,-2,0,0,0,0,0,0,0,0,0,,,,,,,stats_player_week_2023.csv.gz
00-0033077,Dak Prescott,QB,DAL,2023,14,REG,PHI,24,39,271,2,0,3,-15,1,1,13,3,11,0,0,0,2,-0.0549843,1.63015979,42,1,1,99.412393,6.94871795,0,0.07142857,0.02380952,0.26190476,stats_player_week_2023.csv.gz
00-0033106,Jared Goff,QB,DET,2023,14,REG,CHI,20,35,161,1,2,4,-34,0,0,7,1,0,0,1,1,0,-6.335565,-4.98514527,39,1,1,54.583333,4.6,0.05714286,0.1025641,0.02564103,0,stats_player_week_2023.csv.gz
00-0033319,Nick Mullens,QB,MIN,2023,14,REG,LV,9,13,83,0,0,0,0,0,0,4,0,0,0,0,0,0,1.67784855,0,13,0,0,86.378205,6.38461538,0,0,0,0,stats_player_week_2023.csv.gz
00-0033869,Mitchell Trubisky,QB,PIT,2023,14,REG,NE,22,35,190,1,1,2,-8,0,0,10,8,30,1,0,0,4,-15.4547441,2.7068542,37,0,0,74.702381,5.42857143,0.02857143,0.05405405,0,0.81081081,stats_player_week_2023.csv.gz
00-0033873,Patrick Mahomes,QB,KC,2023,14,REG,BUF,25,43,271,1,1,1,-7,0,0,14,1,8,0,0,0,1,-2.99694924,0.96960706,44,0,0,74.854651,6.30232558,0.02325581,0.02272727,0,0.18181818,stats_player_week_2023.csv.gz
00-0033949,Joshua Dobbs,QB,MIN,2023,14,REG,LV,10,23,63,0,0,5,-47,0,0,5,5,21,0,0,0,2,-13.7992392,-0.71620304,28,0,0,50.815217,2.73913043,0,0.17857143,0,0.75,stats_player_week_2023.csv.gz
00-0034796,Lamar Jackson,QB,BAL,2023,14,REG,LA,24,43,316,3,1,2,-6,0,0,17,11,70,0,0,0,4,12.6128259,1.32434718,45,0,0,92.781008,7.34883721,0.02325581,0.04444444,0,1.55555556,stats_player_week_2023.csv.gz
00-0034855,Baker Mayfield,QB,TB,2023,14,REG,ATL,14,29,144,2,0,1,-2,0,0,8,3,3,1,0,0,1,2.44924075,-0.76243889,30,0,0,85.991379,4.96551724,0,0.03333333,0,0.1,stats_player_week_2023.csv.gz
00-0034857,Josh Allen,QB,BUF,2023,14,REG,KC,23,42,233,1,1,3,-24,0,0,12,10,32,1,0,0,3,-2.0088588,-0.82921134,45,0,0,68.849206,5.54761905,0.02380952,0.06666667,0,0.71111111,stats_player_week_2023.csv.gz
00-0035100,Jake Browning,QB,CIN,2023,14,REG,IND,18,24,275,2,1,0,0,0,0,11,3,7,1,0,0,1,7.97960578,-0.25949904,24,0,0,122.743056,11.45833333,0.04166667,0,0,0.29166667,stats_player_week_2023.csv.gz
00-0035282,Easton Stick,QB,LAC,2023,14,REG,DEN,13,24,179,0,0,2,-31,2,1,8,0,0,0,0,0,0,-6.72116865,0,26,2,1,78.298611,7.45833333,0,0.07692308,0.07692308,0,stats_player_week_2023.csv.gz
00-0035289,Gardner Minshew,QB,IND,2023,14,REG,CIN,26,39,240,1,1,3,-14,0,0,14,2,5,0,0,0,1,0.61853433,1.3207725,42,0,0,81.143162,6.15384615,0.02564103,0.07142857,0,0.11904762,stats_player_week_2023.csv.gz
00-0035704,Drew Lock,QB,SEA,2023,14,REG,SF,22,31,269,2,2,4,-15,0,0,11,3,5,0,0,0,0,-1.18331251,-1.30887347,35,0,0,92.002688,8.67741935,0.06451613,0.11428571,0,0.14285714,stats_player_week_2023.csv.gz
00-0036212,Tua Tagovailoa,QB,MIA,2023,14,REG,TEN,23,33,240,0,0,5,-32,1,1,9,3,15,0,0,0,1,-7.43804321,0.29748363,38,1,1,90.467172,7.27272727,0,0.13157895,0.02631579,0.39473684,stats_player_week_2023.csv.gz
00-0036264,Jordan Love,QB,GB,2023,14,REG,NYG,25,39,218,1,1,2,-15,0,0,12,2,2,0,1,1,0,-0.21791342,-4.92685688,41,1,1,76.655983,5.58974359,0.02564103,0.04878049,0.02439024,0.04878049,stats_player_week_2023.csv.gz
00-0036355,Justin Herbert,QB,LAC,2023,14,REG,DEN,9,17,96,0,1,4,-37,0,0,5,0,0,0,0,0,0,-19.54357249,0,21,0,0,45.220588,5.64705882,0.05882353,0.19047619,0,0,stats_player_week_2023.csv.gz
00-0036389,Jalen Hurts,QB,PHI,2023,14,REG,DAL,18,27,197,0,0,1,-7,0,0,9,5,30,0,1,1,2,2.54870396,-3.35912123,28,1,1,88.040123,7.2962963,0,0.03571429,0.03571429,1.07142857,stats_player_week_2023.csv.gz
00-0036898,Davis Mills,QB,HOU,2023,14,REG,NYJ,1,5,4,0,0,1,-3,0,0,0,0,0,0,0,0,0,-9.06920827,0,6,0,0,39.583333,0.8,0,0.16666667,0,0,stats_player_week_2023.csv.gz
00-0036945,Justin Fields,QB,CHI,2023,14,REG,DET,19,33,223,1,0,3,-29,0,0,10,12,58,1,0,0,4,1.99885082,3.32852608,36,0,0,88.320707,6.75757576,0,0.08333333,0,1.61111111,stats_player_week_2023.csv.gz
00-0036971,Trevor Lawrence,QB,JAX,2023,14,REG,CLE,28,50,257,3,3,4,-22,0,0,16,3,11,0,0,0,0,-7.25917321,-0.62085289,54,0,0,65.166667,5.14,0.06,0.07407407,0,0.2037037,stats_player_week_2023.csv.gz
00-0037013,Zach Wilson,QB,NYJ,2023,14,REG,HOU,27,36,301,2,0,4,-33,0,0,15,3,12,0,1,1,0,7.82982394,-4.75811348,40,1,1,117.939815,8.36111111,0,0.1,0.025,0.3,stats_player_week_2023.csv.gz
00-0037834,Brock Purdy,QB,SF,2023,14,REG,SEA,19,27,368,2,1,3,-14,0,0,12,2,7,0,0,0,0,12.75813849,-2.76775799,30,0,0,122.067901,13.62962963,0.03703704,0.1,0,0.23333333,stats_player_week_2023.csv.gz
00-0038108,Bailey Zappe,QB,NE,2023,14,REG,PIT,19,28,240,3,1,2,-18,0,0,11,3,13,0,0,0,1,1.29888147,0.74205205,30,0,0,115.178571,8.57142857,0.03571429,0.06666667,0,0.43333333,stats_player_week_2023.csv.gz
00-0038122,Desmond Ridder,QB,ATL,2023,14,REG,TB,26,40,347,1,1,3,-9,1,0,15,4,15,1,1,0,2,-2.37031852,2.06953265,43,2,0,90.3125,8.675,0.025,0.06976744,0.04651163,0.34883721,stats_player_week_2023.csv.gz
00-0038476,Tommy DeVito,QB,NYG,2023,14,REG,GB,17,21,158,1,0,0,0,0,0,8,10,71,0,0,0,3,5.18118543,3.0359677,21,0,0,113.888889,7.52380952,0,0,0,3.38095238,stats_player_week_2023.csv.gz
00-0038579,Aidan O'Connell,QB,LV,2023,14,REG,MIN,21,32,171,0,1,4,-25,0,0,5,1,2,0,0,0,1,-19.20355119,2.40532433,36,0,0,66.015625,5.34375,0.03125,0.11111111,0,0.05555556,stats_player_week_2023.csv.gz
00-0038583,Dorian Thompson-Robinson,QB,CLE,2023,14,REG,JAX,0,0,0,0,0,0,0,0,0,0,1,5,0,0,0,1,0,0.5697209,0,0,0,,,,,,,stats_player_week_2023.csv.gz
00-0039150,Bryce Young,QB,CAR,2023,14,REG,NO,13,36,137,0,0,4,-38,1,1,4,3,40,0,0,0,3,-31.29169722,5.18815024,40,1,1,48.032407,3.80555556,0,0.1,0.025,1,stats_player_week_2023.csv.gz
00-0039152,Will Levis,QB,TEN,2023,14,REG,MIA,23,38,327,1,1,1,-7,0,0,16,4,15,0,1,1,1,8.76507235,-3.47979983,39,1,1,86.184211,8.60526316,0.02631579,0.02564103,0.02564103,0.38461538,stats_player_week_2023.csv.gz
00-0039163,C.J. Stroud,QB,HOU,2023,14,REG,NYJ,10,23,91,0,0,4,-38,1,0,4,0,0,0,0,0,0,-16.433463,0,27,1,0,54.800725,3.95652174,0,0.14814815,0.03703704,0,stats_player_week_2023.csv.gz
00-0026158,Joe Flacco,QB,CLE,2023,15,REG,CHI,28,44,374,2,3,4,-31,1,0,12,1,-1,0,0,0,0,-17.39216346,-0.49393496,48,1,0,77.272727,8.5,0.06818182,0.08333333,0.02083333,-0.02083333,stats_player_week_2023.csv.gz
00-0026498,Matthew Stafford,QB,LA,2023,15,REG,WAS,25,33,258,2,0,3,-9,0,0,10,1,2,0,0,0,0,7.87473645,-0.40503352,36,0,0,117.992424,7.81818182,0,0.08333333,0,0.05555556,stats_player_week_2023.csv.gz
00-0028118,Tyrod Taylor,QB,NYG,2023,15,REG,NO,2,4,13,0,0,0,0,0,0,1,0,0,0,0,0,0,0.40001195,0,4,0,0,57.291667,3.25,0,0,0,0,stats_player_week_2023.csv.gz
00-0028986,Case Keenum,QB,HOU,2023,15,REG,TEN,23,36,229,1,1,3,-27,0,0,12,2,1,0,1,0,0,-2.5340544,-1.65093344,39,1,0,79.513889,6.36111111,0.02777778,0.07692308,0.02564103,0.02564103,stats_player_week_2023.csv.gz
00-0029263,Russell Wilson,QB,DEN,2023,15,REG,DET,18,32,223,1,0,2,-19,1,1,12,7,6,1,0,0,3,-2.39298143,0.05946299,34,1,1,88.411458,6.96875,0,0.05882353,0.02941176,0.17647059,stats_player_week_2023.csv.gz
00-0031280,Derek Carr,QB,NO,2023,15,REG,NYG,23,28,218,3,0,1,-9,0,0,11,3,-4,0,0,0,0,9.9477514,0,29,0,0,134.821429,7.78571429,0,0.03448276,0,-0.13793103,stats_player_week_2023.csv.gz
00-0032156,Trevor Siemian,QB,NYJ,2023,15,REG,MIA,14,26,110,0,2,2,-19,1,1,7,0,0,0,0,0,0,-9.4112227,0,28,1,1,32.532051,4.23076923,0.07692308,0.07142857,0.03571429,0,stats_player_week_2023.csv.gz
00-0033077,Dak Prescott,QB,DAL,2023,15,REG,BUF,21,34,134,0,1,3,-28,0,0,6,4,27,0,0,0,2,-12.44900316,5.93453427,37,0,0,57.720588,3.94117647,0.02941176,0.08108108,0,0.72972973,stats_player_week_2023.csv.gz
00-0033106,Jared Goff,QB,DET,2023,15,REG,DEN,24,34,278,5,0,2,-15,0,0,18,0,0,0,0,0,0,15.2317276,0,36,0,0,134.558824,8.17647059,0,0.05555556,0,0,stats_player_week_2023.csv.gz
00-0033119,Jacoby Brissett,QB,WAS,2023,15,REG,LA,8,10,124,2,0,0,0,0,0,5,2,9,0,0,0,0,9.42799025,0.45567663,10,0,0,157.916667,12.4,0,0,0,0.9,stats_player_week_2023.csv.gz
00-0033319,Nick Mullens,QB,MIN,2023,15,REG,CIN,26,33,303,2,2,3,-22,0,0,16,6,10,0,0,0,2,11.74015866,-4.65628477,36,0,0,99.873737,9.18181818,0.06060606,0.08333333,0,0.27777778,stats_player_week_2023.csv.gz
00-0033869,Mitchell Trubisky,QB,PIT,2023,15,REG,IND,16,23,169,1,2,3,-19,0,0,9,2,1,1,0,0,1,-2.40311888,1.16709132,26,0,0,68.931159,7.34782609,0.08695652,0.11538462,0,0.03846154,stats_player_week_2023.csv.gz
00-0033873,Patrick Mahomes,QB,KC,2023,15,REG,NE,27,37,305,2,2,3,-26,0,0,14,3,-5,0,0,0,0,2.10937852,-5.08323291,40,0,0,92.736486,8.24324324,0.05405405,0.075,0,-0.125,stats_player_week_2023.csv.gz
00-0034401,Mike White,QB,MIA,2023,15,REG,NYJ,2,2,4,0,0,0,0,0,0,0,2,-2,0,0,0,0,-1.89010058,-0.21967048,2,0,0,79.166667,2,0,0,0,-1,stats_player_week_2023.csv.gz
00-0034577,Kyle Allen,QB,BUF,2023,15,REG,DAL,0,0,0,0,0,0,0,0,0,0,2,-2,0,0,0,0,0,0,0,0,0,,,,,,,stats_player_week_2023.csv.gz
00-0034771,Mason Rudolph,QB,PIT,2023,15,REG,IND,2,3,3,0,0,1,-11,0,0,0,0,0,0,0,0,0,-5.68050593,0,4,0,0,70.138889,1,0,0.25,0,0,stats_player_week_2023.csv.gz
00-0034796,Lamar Jackson,QB,BAL,2023,15,REG,JAX,14,24,171,1,1,3,-26,0,0,9,12,97,0,0,0,5,-3.5650446,5.40517716,27,0,0,76.909722,7.125,0.04166667,0.11111111,0,3.59259259,stats_player_week_2023.csv.gz
00-0034855,Baker Mayfield,QB,TB,2023,15,REG,GB,22,28,381,4,0,5,-28,1,1,18,2,-2,0,0,0,0,23.46660047,-3.8080744,33,1,1,158.333333,13.60714286,0,0.15151515,0.03030303,-0.06060606,stats_player_week_2023.csv.gz
00-0034857,Josh Allen,QB,BUF,2023,15,REG,DAL,7,15,94,1,0,1,-9,0,0,5,8,24,1,0,0,5,-0.4609957,3.43310834,16,0,0,89.305556,6.26666667,0,0.0625,0,1.5,stats_player_week_2023.csv.gz
00-0034869,Sam Darnold,QB,SF,2023,15,REG,ARI,2,3,20,0,0,0,0,0,0,1,2,-2,0,0,0,0,0.04260692,-2.51014673,3,0,0,85.416667,6.66666667,0,0,0,-0.66666667,stats_player_week_2023.csv.gz
00-0035100,Jake Browning,QB,CIN,2023,15,REG,MIN,29,42,324,2,1,4,-22,0,0,17,4,0,0,0,0,1,10.253094,-2.4908176,46,0,0,97.718254,7.71428571,0.02380952,0.08695652,0,0,stats_player_week_2023.csv.gz
00-0035228,Kyler Murray,QB,ARI,2023,15,REG,SF,26,39,211,1,2,3,-9,1,0,11,6,49,0,1,0,3,-7.35516506,2.44252258,42,2,0,67.361111,5.41025641,0.05128205,0.07142857,0.04761905,1.16666667,stats_player_week_2023.csv.gz
00-0035282,Easton Stick,QB,LAC,2023,15,REG,LV,23,32,257,3,1,3,-23,2,2,13,2,11,0,0,0,2,-10.32050233,2.10378354,35,2,2,113.671875,8.03125,0.03125,0.08571429,0.05714286,0.31428571,stats_player_week_2023.csv.gz
00-0035289,Gardner Minshew,QB,IND,2023,15,REG,PIT,18,28,215,3,0,3,-13,0,0,8,2,0,0,0,0,0,-0.6965998,-1.82086514,31,0,0,123.363095,7.67857143,0,0.09677419,0,0,stats_player_week_2023.csv.gz
00-0035704,Drew Lock,QB,SEA,2023,15,REG,PHI,22,33,208,1,0,2,-11,0,0,7,1,-2,0,0,0,0,3.26544753,0,35,0,0,94.002525,6.3030303,0,0.05714286,0,-0.05714286,stats_player_week_2023.csv.gz
00-0036212,Tua Tagovailoa,QB,MIA,2023,15,REG,NYJ,21,24,224,1,0,3,-15,0,0,9,0,0,0,0,0,0,9.22342932,0,27,0,0,119.444444,9.33333333,0,0.11111111,0,0,stats_player_week_2023.csv.gz
00-0036264,Jordan Love,QB,GB,2023,15,REG,TB,29,39,284,2,0,2,-23,1,1,13,2,1,0,0,0,1,3.92612055,0.3683208,41,1,1,111.485043,7.28205128,0,0.04878049,0.02439024,0.02439024,stats_player_week_2023.csv.gz
00-0036389,Jalen Hurts,QB,PHI,2023,15,REG,SEA,17,31,143,0,2,0,0,0,0,9,13,82,2,0,0,8,1.71635226,6.32135114,31,0,0,40.120968,4.61290323,0.06451613,0,0,2.64516129,stats_player_week_2023.csv.gz
00-0036898,Davis Mills,QB,HOU,2023,15,REG,TEN,0,0,0,0,0,1,-10,0,0,0,0,0,0,0,0,0,-0.18297453,0,1,0,0,,,,1,0,0,stats_player_week_2023.csv.gz
00-0036945,Justin Fields,QB,CHI,2023,15,REG,CLE,19,40,166,1,2,3,-18,1,0,6,7,30,0,1,0,2,-15.48002045,1.02518569,43,2,0,46.458333,4.15,0.05,0.06976744,0.04651163,0.69767442,stats_player_week_2023.csv.gz
00-0036971,Trevor Lawrence,QB,JAX,2023,15,REG,BAL,25,43,264,1,0,1,-6,1,1,9,4,41,0,1,1,3,-12.13626057,0.7307509,44,2,2,83.866279,6.13953488,0,0.02272727,0.04545455,0.93181818,stats_player_week_2023.csv.gz
00-0037013,Zach Wilson,QB,NYJ,2023,15,REG,MIA,4,11,26,0,0,4,-37,1,1,2,0,0,0,0,0,0,-13.8594052,0,15,1,1,44.886364,2.36363636,0,0.26666667,0.06666667,0,stats_player_week_2023.csv.gz
00-0037077,Sam Howell,QB,WAS,2023,15,REG,LA,11,26,102,1,1,1,-8,0,0,4,3,22,0,0,0,1,-12.57823746,1.34850632,27,0,0,50.480769,3.92307692,0.03846154,0.03703704,0,0.81481481,stats_player_week_2023.csv.gz
00-0037834,Brock Purdy,QB,SF,2023,15,REG,ARI,16,25,242,4,0,0,0,0,0,11,0,0,0,0,0,0,18.16819287,0,25,0,0,135.333333,9.68,0,0,0,0,stats_player_week_2023.csv.gz
00-0038108,Bailey Zappe,QB,NE,2023,15,REG,KC,23,31,180,1,1,4,-26,1,0,9,1,2,0,0,0,0,-12.91829584,-0.22670064,35,1,0,85.416667,5.80645161,0.03225806,0.11428571,0.02857143,0.05714286,stats_player_week_2023.csv.gz
00-0038122,Desmond Ridder,QB,ATL,2023,15,REG,CAR,12,20,152,1,1,0,0,0,0,8,5,-2,0,1,0,0,3.12055701,-3.46596685,20,1,0,79.583333,7.6,0.05,0,0.05,-0.1,stats_player_week_2023.csv.gz
00-0038476,Tommy DeVito,QB,NYG,2023,15,REG,NO,20,34,177,0,0,7,-57,0,0,6,4,36,0,0,0,2,-14.63672994,1.32631832,41,0,0,72.794118,5.20588235,0,0.17073171,0,0.87804878,stats_player_week_2023.csv.gz
00-0038579,Aidan O'Connell,QB,LV,2023,15,REG,LAC,20,34,248,4,0,1,-6,0,0,12,0,0,0,0,0,0,10.63008331,0,35,0,0,120.710784,7.29411765,0,0.02857143,0,0,stats_player_week_2023.csv.gz
00-0038582,Clayton Tune,QB,ARI,2023,15,REG,SF,0,0,0,0,0,0,0,0,0,0,1,0,0,1,0,0,0,-1.95795216,0,1,0,,,,,,,stats_player_week_2023.csv.gz
00-0038583,Dorian Thompson-Robinson,QB,CLE,2023,15,REG,CHI,1,1,5,0,0,0,0,0,0,1,0,0,0,0,0,0,2.0642243,0,1,0,0,87.5,5,0,0,0,0,stats_player_week_2023.csv.gz
00-0039150,Bryce Young,QB,CAR,2023,15,REG,ATL,18,24,167,0,0,3,-13,1,0,7,4,9,0,0,0,1,-3.88388327,-1.36065656,27,1,0,93.576389,6.95833333,0,0.11111111,0.03703704,0.33333333,stats_player_week_2023.csv.gz
00-0039152,Will Levis,QB,TEN,2023,15,REG,HOU,17,26,199,0,1,7,-61,1,0,8,4,25,1,0,0,2,-5.73050257,2.42058981,33,1,0,72.435897,7.65384615,0.03846154,0.21212121,0.03030303,0.75757576,stats_player_week_2023.csv.gz
00-0026158,Joe Flacco,QB,CLE,2023,16,REG,HOU,27,42,368,3,2,0,0,0,0,18,2,1,0,0,0,1,20.08598806,0.8027278,42,0,0,96.130952,8.76190476,0.04761905,0,0,0.02380952,stats_player_week_2023.csv.gz
00-0026498,Matthew Stafford,QB,LA,2023,16,REG,NO,24,34,328,2,0,1,-3,0,0,18,1,-4,0,0,0,0,15.0345196,-2.80918808,35,0,0,120.710784,9.64705882,0,0.02857143,0,-0.11428571,stats_player_week_2023.csv.gz
00-0028118,Tyrod Taylor,QB,NYG,2023,16,REG,PHI,7,16,133,1,1,0,0,0,0,5,2,21,0,0,0,1,0.53163551,2.54717913,16,0,0,67.96875,8.3125,0.0625,0,0,1.3125,stats_player_week_2023.csv.gz
00-0028986,Case Keenum,QB,HOU,2023,16,REG,CLE,11,17,62,0,2,3,-33,0,0,2,0,0,0,0,0,0,-18.11727498,0,20,0,0,31.617647,3.64705882,0.11764706,0.15,0,0,stats_player_week_2023.csv.gz
00-0029263,Russell Wilson,QB,DEN,2023,16,REG,NE,25,37,238,2,0,5,-45,2,0,10,4,20,0,0,0,4,0.97923788,3.00751079,42,2,0,103.209459,6.43243243,0,0.11904762,0.04761905,0.47619048,stats_player_week_2023.csv.gz
00-0029701,Ryan Tannehill,QB,TEN,2023,16,REG,SEA,18,26,152,0,0,6,-39,1,0,9,2,37,0,0,0,2,-2.68741573,3.37459556,32,1,0,84.134615,5.84615385,0,0.1875,0.03125,1.15625,stats_player_week_2023.csv.gz
00-0030565,Geno Smith,QB,SEA,2023,16,REG,TEN,25,36,227,2,0,3,-12,1,0,14,1,2,0,0,0,0,11.052165,-0.45048168,39,1,0,104.74537,6.30555556,0,0.07692308,0.02564103,0.05128205,stats_player_week_2023.csv.gz
00-0031280,Derek Carr,QB,NO,2023,16,REG,LA,27,40,319,3,1,2,-15,0,0,16,2,2,0,0,0,0,1.75867471,-0.31430225,42,0,0,106.145833,7.975,0.025,0.04761905,0,0.04761905,stats_player_week_2023.csv.gz
00-0031800,Taylor Heinicke,QB,ATL,2023,16,REG,IND,23,33,229,1,0,1,0,0,0,14,2,10,0,1,0,0,7.642199,-0.82031002,34,1,0,99.179293,6.93939394,0,0.02941176,0.02941176,0.29411765,stats_player_week_2023.csv.gz
00-0032156,Trevor Siemian,QB,NYJ,2023,16,REG,WAS,27,49,217,1,1,0,0,0,0,12,4,18,0,1,1,2,-15.97293981,-2.84382417,49,1,1,64.753401,4.42857143,0.02040816,0,0.02040816,0.36734694,stats_player_week_2023.csv.gz
00-0033077,Dak Prescott,QB,DAL,2023,16,REG,MIA,20,32,253,2,0,4,-11,0,0,9,5,25,0,1,1,1,8.43247862,-6.23443749,36,1,1,107.942708,7.90625,0,0.11111111,0.02777778,0.69444444,stats_player_week_2023.csv.gz
00-0033106,Jared Goff,QB,DET,2023,16,REG,MIN,30,40,257,1,0,1,-11,0,0,16,3,0,0,0,0,1,14.27430433,2.00733395,41,0,0,99.6875,6.425,0,0.02439024,0,0,stats_player_week_2023.csv.gz
00-0033119,Jacoby Brissett,QB,WAS,2023,16,REG,NYJ,10,13,100,1,0,0,0,0,0,5,1,10,0,0,0,0,6.94774455,0.84027832,13,0,0,123.878205,7.69230769,0,0,0,0.76923077,stats_player_week_2023.csv.gz
00-0033319,Nick Mullens,QB,MIN,2023,16,REG,DET,22,36,411,2,4,4,-38,2,0,15,1,1,0,0,0,0,5.69132136,-0.9153295,40,2,0,79.513889,11.41666667,0.11111111,0.1,0.05,0.025,stats_player_week_2023.csv.gz
00-0033873,Patrick Mahomes,QB,KC,2023,16,REG,LV,27,44,235,1,1,4,-23,1,0,10,10,53,0,0,0,4,-14.33173466,7.37881589,48,1,0,73.579545,5.34090909,0.02272727,0.08333333,0.02083333,1.10416667,stats_player_week_2023.csv.gz
00-0033936,C.J. Beathard,QB,JAX,2023,16,REG,TB,11,15,94,1,0,1,-9,0,0,6,1,6,0,0,0,1,-0.79637522,0.45842026,16,0,0,111.527778,6.26666667,0,0.0625,0,0.375,stats_player_week_2023.csv.gz
00-0034771,Mason Rudolph,QB,PIT,2023,16,REG,CIN,17,27,290,2,0,1,-6,0,0,7,2,4,0,0,0,1,8.33515995,1.35118709,28,0,0,123.996914,10.74074074,0,0.03571429,0,0.14285714,stats_player_week_2023.csv.gz
00-0034796,Lamar Jackson,QB,BAL,2023,16,REG,SF,23,35,252,2,0,2,-11,0,0,14,7,45,0,0,0,2,4.9203492,1.33265153,37,0,0,105.892857,7.2,0,0.05405405,0,1.21621622,stats_player_week_2023.csv.gz
00-0034855,Baker Mayfield,QB,TB,2023,16,REG,JAX,26,35,283,2,0,2,-18,0,0,17,5,5,0,0,0,1,12.94309021,-3.12041002,37,0,0,116.72619,8.08571429,0,0.05405405,0,0.13513514,stats_player_week_2023.csv.gz
00-0034857,Josh Allen,QB,BUF,2023,16,REG,LAC,15,21,237,1,1,1,-7,0,0,11,5,15,2,0,0,2,10.03330091,2.00882352,22,0,0,104.662698,11.28571429,0.04761905,0.04545455,0,0.68181818,stats_player_week_2023.csv.gz
00-0034869,Sam Darnold,QB,SF,2023,16,REG,BAL,8,14,81,1,1,2,-20,0,0,4,1,9,0,0,0,0,-0.64776126,0.70743661,16,0,0,67.857143,5.78571429,0.07142857,0.125,0,0.5625,stats_player_week_2023.csv.gz
00-0035100,Jake Browning,QB,CIN,2023,16,REG,PIT,28,42,335,1,3,3,-26,1,0,13,1,0,0,0,0,0,-7.58624956,-0.72718063,45,1,0,69.047619,7.97619048,0.07142857,0.06666667,0.02222222,0,stats_player_week_2023.csv.gz
00-0035228,Kyler Murray,QB,ARI,2023,16,REG,CHI,24,38,230,2,0,2,-17,0,0,10,5,32,0,1,0,2,-6.72186755,-1.60616615,40,1,0,97.47807,6.05263158,0,0.05,0.025,0.8,stats_player_week_2023.csv.gz
00-0035282,Easton Stick,QB,LAC,2023,16,REG,BUF,23,33,215,0,0,5,-40,0,0,10,7,25,1,0,0,2,-1.08491612,-1.34597533,38,0,0,87.310606,6.51515152,0,0.13157895,0,0.65789474,stats_player_week_2023.csv.gz
00-0035289,Gardner Minshew,QB,IND,2023,16,REG,ATL,20,37,201,0,1,6,-31,0,0,14,4,31,0,0,0,1,-8.08540239,0.97591542,43,0,0,58.502252,5.43243243,0.02702703,0.13953488,0,0.72093023,stats_player_week_2023.csv.gz
00-0036212,Tua Tagovailoa,QB,MIA,2023,16,REG,DAL,24,37,293,1,0,1,-9,0,0,16,2,-2,0,0,0,0,7.29436155,-0.97596276,38,0,0,98.141892,7.91891892,0,0.02631579,0,-0.05263158,stats_player_week_2023.csv.gz
00-0036264,Jordan Love,QB,GB,2023,16,REG,CAR,17,28,219,2,0,1,-12,0,0,12,2,12,1,0,0,1,11.28290294,2.43969052,29,0,0,109.077381,7.82142857,0,0.03448276,0,0.4137931,stats_player_week_2023.csv.gz
00-0036389,Jalen Hurts,QB,PHI,2023,16,REG,NYG,24,38,301,1,1,1,-6,0,0,16,8,34,1,0,0,5,7.38380597,3.12068556,39,0,0,85.526316,7.92105263,0.02631579,0.02564103,0,0.87179487,stats_player_week_2023.csv.gz
00-0036898,Davis Mills,QB,HOU,2023,16,REG,CLE,15,32,149,2,0,0,0,0,0,11,2,9,0,0,0,0,3.63215712,0.57588414,32,0,0,81.380208,4.65625,0,0,0,0.28125,stats_player_week_2023.csv.gz
00-0036945,Justin Fields,QB,CHI,2023,16,REG,ARI,15,27,170,1,1,1,0,0,0,8,9,97,1,0,0,5,-3.62100508,7.53185777,28,0,0,71.527778,6.2962963,0.03703704,0.03571429,0,3.46428571,stats_player_week_2023.csv.gz
00-0036971,Trevor Lawrence,QB,JAX,2023,16,REG,TB,17,29,211,1,2,3,-28,1,1,11,4,29,0,1,0,3,-5.84518234,3.47602088,32,2,1,64.008621,7.27586207,0.06896552,0.09375,0.0625,0.90625,stats_player_week_2023.csv.gz
00-0037077,Sam Howell,QB,WAS,2023,16,REG,NYJ,6,22,56,0,2,1,-13,0,0,2,0,0,0,0,0,0,-23.49022119,0,23,0,0,1.704545,2.54545455,0.09090909,0.04347826,0,0,stats_player_week_2023.csv.gz
00-0037834,Brock Purdy,QB,SF,2023,16,REG,BAL,18,32,255,0,4,2,-8,0,0,10,1,2,0,0,0,1,-18.06951467,0.25614904,34,0,0,42.578125,7.96875,0.125,0.05882353,0,0.05882353,stats_player_week_2023.csv.gz
00-0038108,Bailey Zappe,QB,NE,2023,16,REG,DEN,25,33,256,2,0,2,-26,1,1,11,1,2,0,0,0,0,3.18022554,-0.62182789,35,1,1,117.739899,7.75757576,0,0.05714286,0.02857143,0.05714286,stats_player_week_2023.csv.gz
00-0038476,Tommy DeVito,QB,NYG,2023,16,REG,PHI,9,16,55,0,0,1,-2,0,0,2,1,5,0,0,0,0,-6.66469244,-0.06434211,17,0,0,63.28125,3.4375,0,0.05882353,0,0.29411765,stats_player_week_2023.csv.gz
00-0038579,Aidan O'Connell,QB,LV,2023,16,REG,KC,9,21,62,0,0,2,-14,0,0,3,4,-4,0,0,0,0,-12.96893693,-3.90592614,23,0,0,50.297619,2.95238095,0,0.08695652,0,-0.17391304,stats_player_week_2023.csv.gz
00-0038583,Dorian Thompson-Robinson,QB,CLE,2023,16,REG,HOU,1,2,6,0,0,1,-10,0,0,1,1,-5,0,0,0,0,-4.29359273,-0.11823,3,0,0,56.25,3,0,0.33333333,0,-1.66666667,stats_player_week_2023.csv.gz
00-0039150,Bryce Young,QB,CAR,2023,16,REG,GB,23,36,312,2,0,2,-14,0,0,14,4,17,0,1,0,1,10.87857491,2.48095575,38,1,0,109.953704,8.66666667,0,0.05263158,0.02631579,0.44736842,stats_player_week_2023.csv.gz
00-0026158,Joe Flacco,QB,CLE,2023,17,REG,NYJ,19,29,309,3,1,1,-8,1,0,9,2,3,0,1,0,1,6.19757391,-0.5749327,30,2,0,121.192529,10.65517241,0.03448276,0.03333333,0.06666667,0.1,stats_player_week_2023.csv.gz
00-0026498,Matthew Stafford,QB,LA,2023,17,REG,NYG,24,34,317,1,2,4,-31,0,0,14,1,-1,0,0,0,0,0.89999662,0,38,0,0,85.04902,9.32352941,0.05882353,0.10526316,0,-0.02631579,stats_player_week_2023.csv.gz
00-0028118,Tyrod Taylor,QB,NYG,2023,17,REG,LA,27,41,319,1,1,6,-35,0,0,8,6,40,0,1,0,2,-3.00872928,-2.10826739,47,1,0,87.347561,7.7804878,0.02439024,0.12765957,0.0212766,0.85106383,stats_player_week_2023.csv.gz
00-0029701,Ryan Tannehill,QB,TEN,2023,17,REG,HOU,16,20,168,0,0,5,-40,0,0,6,0,0,0,0,0,0,-2.43556894,0,25,0,0,101.666667,8.4,0,0.2,0,0,stats_player_week_2023.csv.gz
00-0030533,Matt Barkley,QB,JAX,2023,17,REG,CAR,0,0,0,0,0,0,0,0,0,0,3,-3,0,0,0,0,0,-4.01201612,0,0,0,,,,,,,stats_player_week_2023.csv.gz
00-0030565,Geno Smith,QB,SEA,2023,17,REG,PIT,23,33,290,1,0,1,-9,1,1,13,3,33,0,0,0,1,7.22391538,0.75514669,34,1,1,106.881313,8.78787879,0,0.02941176,0.02941176,0.97058824,stats_player_week_2023.csv.gz
00-0031280,Derek Carr,QB,NO,2023,17,REG,TB,24,32,197,2,0,1,-6,0,0,12,3,-3,0,0,0,0,9.24769499,-1.39463157,33,0,0,111.067708,6.15625,0,0.03030303,0,-0.09090909,stats_player_week_2023.csv.gz
00-0031800,Taylor Heinicke,QB,ATL,2023,17,REG,CHI,10,29,163,1,3,2,-7,0,0,4,4,46,1,0,0,3,-6.31452868,5.75453982,31,0,0,26.149425,5.62068966,0.10344828,0.06451613,0,1.48387097,stats_player_week_2023.csv.gz
00-0032156,Trevor Siemian,QB,NYJ,2023,17,REG,CLE,32,45,261,1,1,2,-8,0,0,10,4,13,0,0,0,2,-10.63796679,-3.06047187,47,0,0,83.657407,5.8,0.02222222,0.04255319,0,0.27659574,stats_player_week_2023.csv.gz
00-0033077,Dak Prescott,QB,DAL,2023,17,REG,DET,26,38,345,2,1,3,-22,1,0,12,2,5,0,0,0,0,11.2991529,-1.23493869,41,1,0,103.508772,9.07894737,0.02631579,0.07317073,0.02439024,0.12195122,stats_player_week_2023.csv.gz
00-0033106,Jared Goff,QB,DET,2023,17,REG,DAL,19,34,271,1,2,1,-7,0,0,13,0,0,0,0,0,0,-2.58796419,0,35,0,0,67.156863,7.97058824,0.05882353,0.02857143,0,0,stats_player_week_2023.csv.gz
00-0033319,Nick Mullens,QB,MIN,2023,17,REG,GB,13,22,113,1,0,1,-8,0,0,7,1,6,0,0,0,0,-4.19670744,1.40150831,23,0,0,87.878788,5.13636364,0,0.04347826,0,0.26086957,stats_player_week_2023.csv.gz
00-0033873,Patrick Mahomes,QB,KC,2023,17,REG,CIN,21,29,245,1,0,2,-4,1,1,10,4,2,0,0,0,1,-0.0302404,-0.50892389,31,1,1,109.123563,8.44827586,0,0.06451613,0.03225806,0.06451613,stats_player_week_2023.csv.gz
00-0033936,C.J. Beathard,QB,JAX,2023,17,REG,CAR,17,24,178,0,0,3,-16,0,0,9,3,24,0,0,0,1,5.19107691,2.36332369,27,0,0,92.013889,7.41666667,0,0.11111111,0,0.88888889,stats_player_week_2023.csv.gz
00-0034401,Mike White,QB,MIA,2023,17,REG,BAL,0,0,0,0,0,0,0,0,0,0,1,0,0,1,1,0,0,-6.13761724,0,1,1,,,,,,,stats_player_week_2023.csv.gz
00-0034577,Kyle Allen,QB,BUF,2023,17,REG,NE,0,0,0,0,0,0,0,0,0,0,2,-2,0,0,0,0,0,-3.7665372,0,0,0,,,,,,,stats_player_week_2023.csv.gz
00-0034771,Mason Rudolph,QB,PIT,2023,17,REG,SEA,18,24,274,0,0,1,-8,0,0,11,6,5,0,0,0,3,11.09758042,-2.48474915,25,0,0,112.152778,11.41666667,0,0.04,0,0.2,stats_player_week_2023.csv.gz
00-0034796,Lamar Jackson,QB,BAL,2023,17,REG,MIA,18,21,321,5,0,1,-9,0,0,14,6,35,0,0,0,1,28.99592825,-0.87669071,22,0,0,158.333333,15.28571429,0,0.04545455,0,1.59090909,stats_player_week_2023.csv.gz
00-0034855,Baker Mayfield,QB,TB,2023,17,REG,NO,22,33,309,2,2,2,-17,0,0,10,1,-1,0,0,0,0,6.0327373,0,35,0,0,91.603535,9.36363636,0.06060606,0.05714286,0,-0.02857143,stats_player_week_2023.csv.gz
00-0034857,Josh Allen,QB,BUF,2023,17,REG,NE,15,30,169,0,1,1,-15,1,0,8,11,44,2,1,0,7,-4.94509824,4.58810365,31,2,0,53.333333,5.63333333,0.03333333,0.03225806,0.06451613,1.41935484,stats_player_week_2023.csv.gz
00-0034869,Sam Darnold,QB,SF,2023,17,REG,WAS,0,0,0,0,0,1,-6,1,0,0,2,-2,0,0,0,0,-1.7085371,-3.20548999,1,1,0,,,,1,1,-2,stats_player_week_2023.csv.gz
00-0035100,Jake Browning,QB,CIN,2023,17,REG,KC,19,33,197,1,0,6,-38,0,0,11,7,32,1,0,0,5,0.06725447,4.94919831,39,0,0,85.037879,5.96969697,0,0.15384615,0,0.82051282,stats_player_week_2023.csv.gz
00-0035228,Kyler Murray,QB,ARI,2023,17,REG,PHI,25,31,232,3,1,1,-4,0,0,16,5,24,0,1,0,2,9.11639607,0.76041374,32,1,0,116.666667,7.48387097,0.03225806,0.03125,0.03125,0.75,stats_player_week_2023.csv.gz
00-0035264,Jarrett Stidham,QB,DEN,2023,17,REG,LAC,20,32,224,1,0,2,-12,0,0,7,6,6,0,0,0,1,4.70023241,-2.22746434,34,0,0,93.75,7,0,0.05882353,0,0.17647059,stats_player_week_2023.csv.gz
00-0035282,Easton Stick,QB,LAC,2023,17,REG,DEN,24,38,220,0,0,1,-5,0,0,10,5,31,0,0,0,2,-0.69904877,1.35632546,39,0,0,78.837719,5.78947368,0,0.02564103,0,0.79487179,stats_player_week_2023.csv.gz
00-0035289,Gardner Minshew,QB,IND,2023,17,REG,LV,15,23,224,1,0,1,-9,0,0,7,2,3,0,0,0,0,11.4922198,-0.83278511,24,0,0,111.503623,9.73913043,0,0.04166667,0,0.125,stats_player_week_2023.csv.gz
00-0035993,Tyler Huntley,QB,BAL,2023,17,REG,MIA,1,1,19,1,0,0,0,0,0,1,1,-1,0,0,0,0,4.22594324,-1.87721474,1,0,0,158.333333,19,0,0,0,-1,stats_player_week_2023.csv.gz
00-0036212,Tua Tagovailoa,QB,MIA,2023,17,REG,BAL,22,38,237,2,2,3,-16,0,0,13,2,14,0,0,0,0,-1.38893967,-2.48096457,41,0,0,71.929825,6.23684211,0.05263158,0.07317073,0,0.34146341,stats_player_week_2023.csv.gz
00-0036264,Jordan Love,QB,GB,2023,17,REG,MIN,24,33,256,3,0,0,0,0,0,16,2,2,1,0,0,1,14.01336582,-0.17268936,33,0,0,125.315657,7.75757576,0,0,0,0.06060606,stats_player_week_2023.csv.gz
00-0036389,Jalen Hurts,QB,PHI,2023,17,REG,ARI,18,23,167,3,1,0,0,0,0,10,8,25,0,0,0,2,11.54995584,-0.77235096,23,0,0,118.387681,7.26086957,0.04347826,0,0,1.08695652,stats_player_week_2023.csv.gz
00-0036945,Justin Fields,QB,CHI,2023,17,REG,ATL,20,32,268,1,0,3,-28,1,0,12,11,45,1,0,0,4,5.36798564,2.83993332,35,1,0,99.479167,8.375,0,0.08571429,0.02857143,1.28571429,stats_player_week_2023.csv.gz
00-0037077,Sam Howell,QB,WAS,2023,17,REG,SF,17,28,169,1,2,1,-6,0,0,6,1,-1,0,0,0,0,-9.63256584,-0.78080252,29,0,0,59.970238,6.03571429,0.07142857,0.03448276,0,-0.03448276,stats_player_week_2023.csv.gz
00-0037834,Brock Purdy,QB,SF,2023,17,REG,WAS,22,28,230,2,0,0,0,0,0,14,1,4,0,0,0,1,12.4507185,1.20648328,28,0,0,124.702381,8.21428571,0,0,0,0.14285714,stats_player_week_2023.csv.gz
00-0038108,Bailey Zappe,QB,NE,2023,17,REG,BUF,16,26,209,0,3,3,-18,0,0,8,5,37,1,0,0,3,-12.08241955,3.27478604,29,0,0,47.275641,8.03846154,0.11538462,0.10344828,0,1.27586207,stats_player_week_2023.csv.gz
00-0038122,Desmond Ridder,QB,ATL,2023,17,REG,CHI,3,4,17,0,1,0,0,0,0,1,0,0,0,0,0,0,-2.75917106,0,4,0,0,42.708333,4.25,0.25,0,0,0,stats_player_week_2023.csv.gz
00-0038391,Sean Clifford,QB,GB,2023,17,REG,MIN,1,1,37,0,0,0,0,0,0,1,2,-2,0,0,0,0,2.14362683,-2.64479404,1,0,0,118.75,37,0,0,0,-2,stats_player_week_2023.csv.gz
00-0038579,Aidan O'Connell,QB,LV,2023,17,REG,IND,30,47,299,2,0,2,-13,0,0,19,2,3,0,0,0,1,8.47691133,-1.01541048,49,0,0,95.966312,6.36170213,0,0.04081633,0,0.06122449,stats_player_week_2023.csv.gz
00-0038598,Jaren Hall,QB,MIN,2023,17,REG,GB,5,10,67,0,1,3,-28,1,1,3,2,4,0,0,0,0,-14.99169086,0.11347686,13,1,1,32.083333,6.7,0.1,0.23076923,0.07692308,0.30769231,stats_player_week_2023.csv.gz
00-0039150,Bryce Young,QB,CAR,2023,17,REG,JAX,19,32,112,0,1,6,-45,0,0,5,1,2,0,0,0,0,-21.46514407,-1.21946317,38,0,0,53.125,3.5,0.03125,0.15789474,0,0.05263158,stats_player_week_2023.csv.gz
00-0039152,Will Levis,QB,TEN,2023,17,REG,HOU,2,6,16,0,0,1,-10,1,1,1,0,0,0,0,0,0,-9.64654428,0,7,1,1,42.361111,2.66666667,0,0.14285714,0.14285714,0,stats_player_week_2023.csv.gz
00-0039163,C.J. Stroud,QB,HOU,2023,17,REG,TEN,24,32,213,1,0,1,-12,0,0,12,1,4,0,0,0,0,4.08605323,-0.95906827,33,0,0,102.734375,6.65625,0,0.03030303,0,0.12121212,stats_player_week_2023.csv.gz
00-0027948,Blaine Gabbert,QB,KC,2023,18,REG,LAC,15,30,154,0,1,1,-9,0,0,6,5,46,0,0,0,2,-9.43724171,1.87027762,31,0,0,51.25,5.13333333,0.03333333,0.03225806,0,1.48387097,stats_player_week_2023.csv.gz
00-0028118,Tyrod Taylor,QB,NYG,2023,18,REG,PHI,23,32,297,1,1,1,-5,0,0,13,8,38,0,1,0,2,9.55054857,-0.99514959,33,1,0,98.046875,9.28125,0.03125,0.03030303,0.03030303,1.15151515,stats_player_week_2023.csv.gz
00-0029701,Ryan Tannehill,QB,TEN,2023,18,REG,JAX,17,26,168,2,1,2,-16,0,0,10,3,-3,0,0,0,0,0.88122463,-1.82835828,28,0,0,93.108974,6.46153846,0.03846154,0.07142857,0,-0.10714286,stats_player_week_2023.csv.gz
00-0030565,Geno Smith,QB,SEA,2023,18,REG,ARI,16,28,189,2,0,0,0,0,0,8,3,28,0,0,0,2,6.70784689,0.03340233,28,0,0,101.636905,6.75,0,0,0,1,stats_player_week_2023.csv.gz
00-0031280,Derek Carr,QB,NO,2023,18,REG,ATL,22,28,264,4,0,2,-17,1,0,13,1,6,0,0,0,0,14.97874615,0.13519226,30,1,0,145.535714,9.42857143,0,0.06666667,0.03333333,0.2,stats_player_week_2023.csv.gz
00-0031288,AJ McCarron,QB,CIN,2023,18,REG,CLE,3,4,20,0,0,1,-9,0,0,0,0,0,0,0,0,0,-3.55794011,0,5,0,0,85.416667,5,0,0.2,0,0,stats_player_week_2023.csv.gz
00-0031345,Jimmy Garoppolo,QB,LV,2023,18,REG,DEN,0,1,0,0,0,1,0,0,0,0,0,0,0,0,0,0,-2.13510303,0,2,0,0,39.583333,0,0,0.5,0,0,stats_player_week_2023.csv.gz
00-0032156,Trevor Siemian,QB,NYJ,2023,18,REG,NE,8,20,70,0,0,1,-1,0,0,3,2,1,0,0,0,1,-11.00763259,-1.82827868,21,0,0,50,3.5,0,0.04761905,0,0.04761905,stats_player_week_2023.csv.gz
00-0032268,Marcus Mariota,QB,PHI,2023,18,REG,NYG,13,20,148,1,1,3,-11,1,1,9,6,46,0,0,0,5,-4.76245238,4.27472068,23,1,1,82.916667,7.4,0.05,0.13043478,0.04347826,2,stats_player_week_2023.csv.gz
00-0032436,Jeff Driskel,QB,CLE,2023,18,REG,CIN,13,26,166,2,2,3,-26,0,0,8,7,33,0,0,0,4,-10.95720805,0.47511246,29,0,0,63.942308,6.38461538,0.07692308,0.10344828,0,1.13793103,stats_player_week_2023.csv.gz
00-0032950,Carson Wentz,QB,LA,2023,18,REG,SF,17,24,163,2,1,2,-14,0,0,11,17,56,1,0,0,4,8.11785306,0.96400134,26,0,0,99.826389,6.79166667,0.04166667,0.07692308,0,2.15384615,stats_player_week_2023.csv.gz
00-0033077,Dak Prescott,QB,DAL,2023,18,REG,WAS,31,36,279,4,1,0,0,0,0,21,0,0,0,0,0,0,22.09942298,0,36,0,0,124.421296,7.75,0.02777778,0,0,0,stats_player_week_2023.csv.gz
00-0033106,Jared Goff,QB,DET,2023,18,REG,MIN,23,32,320,2,0,1,-9,0,0,13,0,0,0,0,0,0,10.87409845,0,33,0,0,124.479167,10,0,0.03030303,0,0,stats_player_week_2023.csv.gz
00-0033319,Nick Mullens,QB,MIN,2023,18,REG,DET,30,44,396,2,2,4,-37,0,0,15,2,8,0,0,0,2,-2.61575236,4.14681004,48,0,0,92.613636,9,0.04545455,0.08333333,0,0.16666667,stats_player_week_2023.csv.gz
00-0033662,Cooper Rush,QB,DAL,2023,18,REG,WAS,3,4,30,0,0,0,0,0,0,2,0,0,0,0,0,0,0.90622246,0,4,0,0,95.833333,7.5,0,0,0,0,stats_player_week_2023.csv.gz
00-0034438,Logan Woodside,QB,ATL,2023,18,REG,NO,3,4,27,0,1,1,-7,0,0,3,1,6,0,0,0,0,-10.0795751,0.32587035,5,0,0,53.125,6.75,0.25,0.2,0,1.2,stats_player_week_2023.csv.gz
00-0034771,Mason Rudolph,QB,PIT,2023,18,REG,BAL,18,20,152,1,0,3,-18,2,1,8,2,-1,0,1,0,0,0.57304085,-2.24652544,23,3,1,115,7.6,0,0.13043478,0.13043478,-0.04347826,stats_player_week_2023.csv.gz
00-0034855,Baker Mayfield,QB,TB,2023,18,REG,CAR,20,32,137,0,0,3,-22,0,0,6,5,7,0,0,0,2,-7.99126026,-2.45407478,35,0,0,72.005208,4.28125,0,0.08571429,0,0.2,stats_player_week_2023.csv.gz
00-0034857,Josh Allen,QB,BUF,2023,18,REG,MIA,30,38,359,2,2,3,-14,1,1,14,15,67,0,0,0,8,3.93581786,4.85247438,41,1,1,101.644737,9.44736842,0.05263158,0.07317073,0.02439024,1.63414634,stats_player_week_2023.csv.gz
00-0034869,Sam Darnold,QB,SF,2023,18,REG,LA,16,26,189,1,0,3,-14,1,1,10,7,19,1,1,0,3,5.52399591,0.17422161,29,2,1,96.474359,7.26923077,0,0.10344828,0.06896552,0.65517241,stats_player_week_2023.csv.gz
00-0035100,Jake Browning,QB,CIN,2023,18,REG,CLE,18,24,156,3,1,2,-22,1,0,10,2,18,0,0,0,1,2.50322287,1.29027431,26,1,0,113.888889,6.5,0.04166667,0.07692308,0.03846154,0.69230769,stats_player_week_2023.csv.gz
00-0035228,Kyler Murray,QB,ARI,2023,18,REG,SEA,22,30,262,1,0,1,-2,0,0,11,5,33,0,0,0,1,14.69753075,-1.98114652,31,0,0,110.694444,8.73333333,0,0.03225806,0,1.06451613,stats_player_week_2023.csv.gz
00-0035264,Jarrett Stidham,QB,DEN,2023,18,REG,LV,20,34,272,1,1,5,-34,0,0,12,3,2,0,1,0,0,0.35318878,-2.91500947,39,1,0,81.985294,8,0.02941176,0.12820513,0.02564103,0.05128205,stats_player_week_2023.csv.gz
00-0035282,Easton Stick,QB,LAC,2023,18,REG,KC,28,47,258,0,0,3,-23,1,1,12,13,77,0,0,0,5,-15.18635025,5.92343336,50,1,1,74.601064,5.4893617,0,0.06,0.02,1.54,stats_player_week_2023.csv.gz
00-0035289,Gardner Minshew,QB,IND,2023,18,REG,HOU,13,24,141,0,0,1,-8,0,0,6,1,9,0,0,0,0,-3.51275712,0.78085967,25,0,0,71.701389,5.875,0,0.04,0,0.36,stats_player_week_2023.csv.gz
00-0035993,Tyler Huntley,QB,BAL,2023,18,REG,PIT,15,28,146,1,0,4,-28,0,0,9,8,40,0,0,0,2,-4.67427544,1.34115837,32,0,0,80.357143,5.21428571,0,0.125,0,1.25,stats_player_week_2023.csv.gz
00-0036212,Tua Tagovailoa,QB,MIA,2023,18,REG,BUF,17,27,173,1,2,0,0,0,0,9,1,7,0,0,0,1,1.25384115,0.81864396,27,0,0,62.731481,6.40740741,0.07407407,0,0,0.25925926,stats_player_week_2023.csv.gz
00-0036264,Jordan Love,QB,GB,2023,18,REG,CHI,27,32,316,2,0,1,-8,0,0,14,3,-1,0,1,1,0,15.07380519,-6.22641004,33,1,1,128.645833,9.875,0,0.03030303,0.03030303,-0.03030303,stats_player_week_2023.csv.gz
00-0036389,Jalen Hurts,QB,PHI,2023,18,REG,NYG,7,16,55,0,1,2,-26,0,0,0,2,4,0,0,0,1,-10.87321349,0.37910819,18,0,0,26.822917,3.4375,0.0625,0.11111111,0,0.22222222,stats_player_week_2023.csv.gz
00-0036945,Justin Fields,QB,CHI,2023,18,REG,GB,11,16,148,0,0,5,-31,0,0,8,8,27,0,0,0,4,-1.29323869,1.88836745,21,0,0,97.916667,9.25,0,0.23809524,0,1.28571429,stats_player_week_2023.csv.gz
00-0036971,Trevor Lawrence,QB,JAX,2023,18,REG,TEN,29,43,280,2,2,0,0,0,0,12,3,10,0,0,0,0,1.64986097,-4.89303948,43,0,0,81.540698,6.51162791,0.04651163,0,0,0.23255814,stats_player_week_2023.csv.gz
00-0037077,Sam Howell,QB,WAS,2023,18,REG,DAL,19,27,153,1,2,4,-27,0,0,9,4,-1,0,0,0,0,-6.82263393,-2.37688254,31,0,0,65.817901,5.66666667,0.07407407,0.12903226,0,-0.03225806,stats_player_week_2023.csv.gz
00-0038108,Bailey Zappe,QB,NE,2023,18,REG,NYJ,12,30,88,0,2,7,-57,0,0,3,3,13,0,0,0,0,-27.74901896,-2.43476727,37,0,0,20.138889,2.93333333,0.06666667,0.18918919,0,0.35135135,stats_player_week_2023.csv.gz
00-0038122,Desmond Ridder,QB,ATL,2023,18,REG,NO,22,30,291,2,1,0,0,0,0,8,2,0,0,1,1,0,6.8677698,-6.3828526,30,1,1,111.944444,9.7,0.03333333,0,0.03333333,0,stats_player_week_2023.csv.gz
00-0038476,Tommy DeVito,QB,NYG,2023,18,REG,PHI,2,2,14,0,0,1,0,0,0,0,0,0,0,0,0,0,-1.44832964,0,3,0,0,95.833333,7,0,0.33333333,0,0,stats_player_week_2023.csv.gz
00-0038579,Aidan O'Connell,QB,LV,2023,18,REG,DEN,20,31,244,2,0,2,-14,0,0,12,4,1,0,0,0,1,11.44188593,-0.52020392,33,0,0,110.147849,7.87096774,0,0.06060606,0,0.03030303,stats_player_week_2023.csv.gz
00-0038582,Clayton Tune,QB,ARI,2023,18,REG,SEA,0,0,0,0,0,0,0,0,0,0,1,1,0,0,0,1,0,0.43654156,0,0,0,,,,,,,stats_player_week_2023.csv.gz
00-0039150,Bryce Young,QB,CAR,2023,18,REG,TB,11,18,94,0,0,3,-26,1,1,2,2,24,0,0,0,1,-5.8021884,1.45941405,21,1,1,74.768519,5.22222222,0,0.14285714,0.04761905,1.14285714,stats_player_week_2023.csv.gz
00-0039163,C.J. Stroud,QB,HOU,2023,18,REG,IND,20,26,264,2,0,2,-18,0,0,10,3,20,0,0,0,2,12.06285736,2.00772855,28,0,0,134.134615,10.15384615,0,0.07142857,0,0.71428571,stats_player_week_2023.csv.gz
00-0023459,Aaron Rodgers,QB,NYJ,2024,1,REG,SF,13,21,167,1,1,1,-5,0,0,8,1,-1,0,0,0,0,3.2582828,0,22,0,0,82.837302,7.95238095,0.04761905,0.04545455,0,-0.04545455,stats_player_week_2024.csv.gz
00-0026498,Matthew Stafford,QB,LA,2024,1,REG,DET,34,49,317,1,1,2,-13,0,0,15,0,0,0,0,0,0,4.53642091,0,51,0,0,85.161565,6.46938776,0.02040816,0.03921569,0,0,stats_player_week_2024.csv.gz
00-0027973,Andy Dalton,QB,CAR,2024,1,REG,NO,0,1,0,0,0,0,0,0,0,0,0,0,0,0,0,0,-0.62102382,0,1,0,0,39.583333,0,0,0,0,0,stats_player_week_2024.csv.gz
00-0028118,Tyrod Taylor,QB,NYJ,2024,1,REG,SF,6,8,36,1,0,0,0,0,0,3,1,7,0,0,0,0,2.26353655,0.77277824,8,0,0,122.916667,4.5,0,0,0,0.875,stats_player_week_2024.csv.gz
00-0029604,Kirk Cousins,QB,ATL,2024,1,REG,PIT,16,26,155,1,2,2,-18,0,0,8,1,0,0,0,0,0,-11.08485261,-5.98031699,28,0,0,58.974359,5.96153846,0.07692308,0.07142857,0,0,stats_player_week_2024.csv.gz
00-0030565,Geno Smith,QB,SEA,2024,1,REG,DEN,18,25,171,1,1,2,-13,0,0,11,4,30,1,0,0,1,-5.73969622,3.42037556,27,0,0,87.25,6.84,0.04,0.07407407,0,1.11111111,stats_player_week_2024.csv.gz
00-0031280,Derek Carr,QB,NO,2024,1,REG,CAR,19,23,200,3,0,1,-1,0,0,7,2,13,0,0,0,1,8.54713064,-0.32529789,24,0,0,142.481884,8.69565217,0,0.04166667,0,0.54166667,stats_player_week_2024.csv.gz
00-0032434,Brandon Allen,QB,SF,2024,1,REG,NYJ,0,0,0,0,0,0,0,0,0,0,1,-1,0,0,0,0,0,0,0,0,0,,,,,,,stats_player_week_2024.csv.gz
00-0033077,Dak Prescott,QB,DAL,2024,1,REG,CLE,19,32,179,1,0,3,-16,1,0,8,1,3,0,0,0,1,-6.6673378,0.43215161,35,1,0,85.286458,5.59375,0,0.08571429,0.02857143,0.08571429,stats_player_week_2024.csv.gz
00-0033106,Jared Goff,QB,DET,2024,1,REG,LA,18,28,217,1,1,2,-17,0,0,7,1,7,0,0,0,1,-4.80845641,1.60951155,30,0,0,84.970238,7.75,0.03571429,0.06666667,0,0.23333333,stats_player_week_2024.csv.gz
00-0033119,Jacoby Brissett,QB,NE,2024,1,REG,CIN,15,24,121,0,0,1,-1,0,0,6,7,32,0,0,0,3,-1.96937973,2.13117208,25,0,0,75.173611,5.04166667,0,0.04,0,1.28,stats_player_week_2024.csv.gz
00-0033537,Deshaun Watson,QB,CLE,2024,1,REG,DAL,24,45,169,1,2,6,-32,1,0,8,5,39,0,0,0,2,-23.11565648,3.49728138,51,1,0,51.064815,3.75555556,0.04444444,0.11764706,0.01960784,0.76470588,stats_player_week_2024.csv.gz
00-0033662,Cooper Rush,QB,DAL,2024,1,REG,CLE,0,0,0,0,0,0,0,0,0,0,1,-1,0,0,0,0,0,0,0,0,0,,,,,,,stats_player_week_2024.csv.gz
00-0033873,Patrick Mahomes,QB,KC,2024,1,REG,BAL,20,28,291,1,1,2,-10,0,0,15,2,3,0,0,0,1,11.08440621,1.02199266,30,0,0,101.934524,10.39285714,0.03571429,0.06666667,0,0.1,stats_player_week_2024.csv.gz
00-0034796,Lamar Jackson,QB,BAL,2024,1,REG,KC,26,41,273,1,0,1,-6,1,1,11,16,122,0,0,0,7,-2.4911596,5.00822226,42,1,1,90.802846,6.65853659,0,0.02380952,0.02380952,2.9047619,stats_player_week_2024.csv.gz
00-0034855,Baker Mayfield,QB,TB,2024,1,REG,WAS,24,30,289,4,0,1,-9,0,0,15,3,21,0,0,0,1,20.59176505,0.51679661,31,0,0,146.388889,9.63333333,0,0.03225806,0,0.67741935,stats_player_week_2024.csv.gz
00-0034857,Josh Allen,QB,BUF,2024,1,REG,ARI,18,23,232,2,0,2,-10,1,1,11,9,39,2,0,0,4,9.16109809,8.55768604,25,1,1,137.681159,10.08695652,0,0.08,0.04,1.56,stats_player_week_2024.csv.gz
00-0034869,Sam Darnold,QB,MIN,2024,1,REG,NYG,19,24,208,2,1,1,-7,0,0,8,3,3,0,0,0,1,9.55471641,-0.18829509,25,0,0,113.194444,8.66666667,0.04166667,0.04,0,0.12,stats_player_week_2024.csv.gz
00-0035228,Kyler Murray,QB,ARI,2024,1,REG,BUF,21,31,162,1,0,4,-16,1,1,10,5,57,0,0,0,3,-1.18484974,7.94293281,35,1,1,91.061828,5.22580645,0,0.11428571,0.02857143,1.62857143,stats_player_week_2024.csv.gz
00-0035289,Gardner Minshew,QB,LV,2024,1,REG,LAC,25,33,257,1,1,4,-32,1,1,12,3,5,0,0,0,0,-1.24270464,-3.27933143,37,1,1,95.138889,7.78787879,0.03030303,0.10810811,0.02702703,0.13513514,stats_player_week_2024.csv.gz
00-0035710,Daniel Jones,QB,NYG,2024,1,REG,MIN,22,42,186,0,2,5,-20,0,0,8,6,15,0,0,0,2,-22.59383772,0.23789128,47,0,0,44.345238,4.42857143,0.04761905,0.10638298,0,0.31914894,stats_player_week_2024.csv.gz
00-0036212,Tua Tagovailoa,QB,MIA,2024,1,REG,JAX,23,37,338,1,0,3,-19,0,0,11,1,11,0,0,0,1,4.32355224,1.00080896,40,0,0,100.957207,9.13513514,0,0.075,0,0.275,stats_player_week_2024.csv.gz
00-0036264,Jordan Love,QB,GB,2024,1,REG,PHI,17,34,260,2,1,1,-5,0,0,9,0,0,0,0,0,0,2.81122477,0,35,0,0,82.965686,7.64705882,0.02941176,0.02857143,0,0,stats_player_week_2024.csv.gz
00-0036355,Justin Herbert,QB,LAC,2024,1,REG,LV,17,26,144,1,0,1,-4,0,0,6,4,6,0,0,0,0,-4.87587975,-0.51782925,27,0,0,92.467949,5.53846154,0,0.03703704,0,0.22222222,stats_player_week_2024.csv.gz
00-0036389,Jalen Hurts,QB,PHI,2024,1,REG,GB,20,34,278,2,2,2,-12,0,0,14,13,33,0,2,1,2,11.17717209,-6.40180641,36,2,1,80.269608,8.17647059,0.05882353,0.05555556,0.05555556,0.91666667,stats_player_week_2024.csv.gz
00-0036442,Joe Burrow,QB,CIN,2024,1,REG,NE,21,29,164,0,0,3,-10,1,0,7,4,15,0,0,0,1,-4.17061478,0.042172,32,1,0,85.991379,5.65517241,0,0.09375,0.03125,0.46875,stats_player_week_2024.csv.gz
00-0036928,Kyle Trask,QB,TB,2024,1,REG,WAS,0,0,0,0,0,0,0,0,0,0,2,-2,0,0,0,0,0,-1.94921824,0,0,0,,,,,,,stats_player_week_2024.csv.gz
00-0036945,Justin Fields,QB,PIT,2024,1,REG,ATL,17,23,156,0,0,2,-23,0,0,6,14,57,0,1,0,5,-1.35227671,-0.53492963,25,1,0,91.938406,6.7826087,0,0.08,0.04,2.28,stats_player_week_2024.csv.gz
00-0036971,Trevor Lawrence,QB,JAX,2024,1,REG,MIA,12,21,162,1,0,3,-23,0,0,8,1,8,0,0,0,1,1.70655049,0.99415468,24,0,0,97.718254,7.71428571,0,0.125,0,0.33333333,stats_player_week_2024.csv.gz
00-0037834,Brock Purdy,QB,SF,2024,1,REG,NYJ,19,29,231,0,0,2,-6,0,0,12,1,11,0,0,0,1,6.50139942,0.66162307,31,0,0,89.87069,7.96551724,0,0.06451613,0,0.35483871,stats_player_week_2024.csv.gz
00-0038128,Malik Willis,QB,GB,2024,1,REG,PHI,0,1,0,0,0,1,-4,0,0,0,0,0,0,0,0,0,-0.43754349,0,2,0,0,39.583333,0,0,0.5,0,0,stats_player_week_2024.csv.gz
00-0038998,Jake Haener,QB,NO,2024,1,REG,CAR,0,1,0,0,0,0,0,0,0,0,0,0,0,0,0,0,-0.55363988,0,1,0,0,39.583333,0,0,0,0,0,stats_player_week_2024.csv.gz
00-0039150,Bryce Young,QB,CAR,2024,1,REG,NO,13,30,161,0,2,4,-26,0,0,7,4,12,1,0,0,1,-17.8462707,3.25291456,34,0,0,32.777778,5.36666667,0.06666667,0.11764706,0,0.35294118,stats_player_week_2024.csv.gz
00-0039152,Will Levis,QB,TEN,2024,1,REG,CHI,19,32,127,1,2,3,-23,1,1,6,4,36,0,0,0,2,-18.17117941,2.66376792,35,1,1,52.473958,3.96875,0.0625,0.08571429,0.02857143,1.02857143,stats_player_week_2024.csv.gz
00-0039163,C.J. Stroud,QB,HOU,2024,1,REG,IND,24,32,234,2,0,4,-30,0,0,13,4,13,0,0,0,0,7.507697,-2.47936812,36,0,0,115.885417,7.3125,0,0.11111111,0,0.36111111,stats_player_week_2024.csv.gz
00-0039164,Anthony Richardson,QB,IND,2024,1,REG,HOU,9,19,212,2,1,2,-13,0,0,4,6,56,1,0,0,5,-3.0331258,8.763088,21,0,0,101.20614,11.15789474,0.05263158,0.0952381,0,2.66666667,stats_player_week_2024.csv.gz
00-0039732,Bo Nix,QB,DEN,2024,1,REG,SEA,26,42,138,0,2,2,-6,0,0,6,5,35,1,0,0,3,-18.27770508,3.28967838,44,0,0,47.519841,3.28571429,0.04761905,0.04545455,0,0.79545455,stats_player_week_2024.csv.gz
00-0039910,Jayden Daniels,QB,WAS,2024,1,REG,TB,17,24,184,0,0,2,-23,1,0,7,16,88,2,2,0,8,-1.73887948,8.70616254,26,3,0,93.055556,7.66666667,0,0.07692308,0.11538462,3.38461538,stats_player_week_2024.csv.gz
00-0039918,Caleb Williams,QB,CHI,2024,1,REG,TEN,14,29,93,0,0,2,-29,0,0,5,5,15,0,0,0,1,-12.14670419,1.08107997,31,0,0,55.675287,3.20689655,0,0.06451613,0,0.48387097,stats_player_week_2024.csv.gz
00-0023459,Aaron Rodgers,QB,NYJ,2024,2,REG,TEN,18,30,176,2,0,2,-12,0,0,9,2,1,0,0,0,0,1.65376895,-0.32714107,32,0,0,98.75,5.86666667,0,0.0625,0,0.03125,stats_player_week_2024.csv.gz
00-0026498,Matthew Stafford,QB,LA,2024,2,REG,ARI,19,27,216,0,0,5,-24,1,1,9,0,0,0,0,0,0,-11.15959263,0,32,1,1,94.058642,8,0,0.15625,0.03125,0,stats_player_week_2024.csv.gz
00-0029604,Kirk Cousins,QB,ATL,2024,2,REG,PHI,20,29,241,2,0,1,-8,0,0,11,4,-1,0,1,0,0,9.08310134,-1.61926596,30,1,0,117.16954,8.31034483,0,0.03333333,0.03333333,-0.03333333,stats_player_week_2024.csv.gz
00-0030565,Geno Smith,QB,SEA,2024,2,REG,NE,33,44,327,1,0,3,-15,0,0,11,5,8,0,0,0,3,9.29315744,1.67973298,47,0,0,103.125,7.43181818,0,0.06382979,0,0.17021277,stats_player_week_2024.csv.gz
00-0031280,Derek Carr,QB,NO,2024,2,REG,DAL,11,16,243,2,1,1,-1,0,0,8,1,1,1,0,0,1,14.02582974,0.70590792,17,0,0,125,15.1875,0.0625,0.05882353,0,0.05882353,stats_player_week_2024.csv.gz
00-0031503,Jameis Winston,QB,CLE,2024,2,REG,JAX,0,0,0,0,0,0,0,0,0,0,2,4,0,0,0,2,0,3.8141074,0,0,0,,,,,,,stats_player_week_2024.csv.gz
00-0033077,Dak Prescott,QB,DAL,2024,2,REG,NO,27,39,293,1,2,3,-14,1,0,13,2,12,0,0,0,1,-8.37560999,2.5945636,42,1,0,78.258547,7.51282051,0.05128205,0.07142857,0.02380952,0.28571429,stats_player_week_2024.csv.gz
00-0033106,Jared Goff,QB,DET,2024,2,REG,TB,34,55,307,0,2,0,0,0,0,15,2,5,0,0,0,1,-13.66827438,0.06736256,55,0,0,61.704545,5.58181818,0.03636364,0,0,0.09090909,stats_player_week_2024.csv.gz
00-0033119,Jacoby Brissett,QB,NE,2024,2,REG,SEA,15,27,149,1,0,3,-24,0,0,9,2,6,0,0,0,0,-0.17010633,0.95563332,30,0,0,83.719136,5.51851852,0,0.1,0,0.2,stats_player_week_2024.csv.gz
00-0033537,Deshaun Watson,QB,CLE,2024,2,REG,JAX,22,34,186,0,0,2,-14,0,0,7,5,20,1,0,0,1,1.24595411,-0.69467372,36,0,0,78.79902,5.47058824,0,0.05555556,0,0.55555556,stats_player_week_2024.csv.gz
00-0033662,Cooper Rush,QB,DAL,2024,2,REG,NO,1,3,6,0,0,0,0,0,0,0,0,0,0,0,0,0,-1.98565844,0,3,0,0,42.361111,2,0,0,0,0,stats_player_week_2024.csv.gz
00-0033869,Mitchell Trubisky,QB,BUF,2024,2,REG,MIA,0,0,0,0,0,0,0,0,0,0,2,-2,0,0,0,0,0,0,0,0,0,,,,,,,stats_player_week_2024.csv.gz
00-0033873,Patrick Mahomes,QB,KC,2024,2,REG,CIN,18,25,151,2,2,2,-14,0,0,7,4,29,0,0,0,1,-9.66845725,1.77772,27,0,0,80.583333,6.04,0.08,0.07407407,0,1.07407407,stats_player_week_2024.csv.gz
00-0034796,Lamar Jackson,QB,BAL,2024,2,REG,LV,21,34,247,1,1,2,-15,0,0,14,5,45,0,0,0,1,0.9536016,-0.54183623,36,0,0,81.372549,7.26470588,0.02941176,0.05555556,0,1.25,stats_player_week_2024.csv.gz
00-0034855,Baker Mayfield,QB,TB,2024,2,REG,DET,12,19,185,1,1,5,-39,2,0,9,5,34,1,0,0,3,-3.43617994,4.12950771,24,2,0,90.899123,9.73684211,0.05263158,0.20833333,0.08333333,1.41666667,stats_player_week_2024.csv.gz
00-0034857,Josh Allen,QB,BUF,2024,2,REG,MIA,13,19,139,1,0,0,0,0,0,5,2,2,0,0,0,0,11.15141288,-0.32773584,19,0,0,107.127193,7.31578947,0,0,0,0.10526316,stats_player_week_2024.csv.gz
00-0034869,Sam Darnold,QB,MIN,2024,2,REG,SF,17,26,268,2,1,3,-10,1,0,9,5,32,0,1,0,2,-1.31442692,-0.18972123,29,2,0,109.134615,10.30769231,0.03846154,0.10344828,0.06896552,1.10344828,stats_player_week_2024.csv.gz
00-0035228,Kyler Murray,QB,ARI,2024,2,REG,LA,17,21,266,3,0,1,-8,0,0,9,5,59,0,0,0,2,18.10108859,3.88739242,22,0,0,158.333333,12.66666667,0,0.04545455,0,2.68181818,stats_player_week_2024.csv.gz
00-0035289,Gardner Minshew,QB,LV,2024,2,REG,BAL,30,38,276,1,1,5,-43,1,0,14,1,-1,0,0,0,0,-2.41613253,0,43,1,0,94.736842,7.26315789,0.02631579,0.11627907,0.02325581,-0.02325581,stats_player_week_2024.csv.gz
00-0035710,Daniel Jones,QB,NYG,2024,2,REG,WAS,16,28,178,2,0,1,-3,0,0,11,5,32,0,0,0,1,6.82496416,1.21567892,29,0,0,100,6.35714286,0,0.03448276,0,1.10344828,stats_player_week_2024.csv.gz
00-0036212,Tua Tagovailoa,QB,MIA,2024,2,REG,BUF,17,25,145,1,3,1,-6,0,0,8,2,17,0,0,0,2,-10.66723145,3.71644933,26,0,0,56.666667,5.8,0.12,0.03846154,0,0.65384615,stats_player_week_2024.csv.gz
00-0036355,Justin Herbert,QB,LAC,2024,2,REG,CAR,14,20,130,2,1,1,0,1,1,8,6,18,0,0,0,1,1.43365128,-0.78162826,21,1,1,100,6.5,0.05,0.04761905,0.04761905,0.85714286,stats_player_week_2024.csv.gz
00-0036389,Jalen Hurts,QB,PHI,2024,2,REG,ATL,23,30,183,1,1,1,-4,0,0,12,13,85,1,0,0,7,1.80382428,8.92416973,31,0,0,88.611111,6.1,0.03333333,0.03225806,0,2.74193548,stats_player_week_2024.csv.gz
00-0036442,Joe Burrow,QB,CIN,2024,2,REG,KC,23,36,258,2,0,3,-12,1,1,11,6,9,0,1,0,3,3.92093492,-0.22716306,39,2,1,103.703704,7.16666667,0,0.07692308,0.05128205,0.23076923,stats_player_week_2024.csv.gz
00-0036945,Justin Fields,QB,PIT,2024,2,REG,DEN,13,20,117,1,0,2,-7,0,0,7,8,27,0,1,0,1,2.20967597,-3.63191588,22,1,0,97.291667,5.85,0,0.09090909,0.04545455,1.22727273,stats_player_week_2024.csv.gz
00-0036971,Trevor Lawrence,QB,JAX,2024,2,REG,CLE,14,30,220,0,0,4,-24,1,0,9,2,45,0,0,0,2,-6.10134373,3.96678247,34,1,0,71.527778,7.33333333,0,0.11764706,0.02941176,1.32352941,stats_player_week_2024.csv.gz
00-0037327,Skylar Thompson,QB,MIA,2024,2,REG,BUF,8,14,80,0,0,1,-7,0,0,4,1,4,0,0,0,0,-5.73660835,-2.46101771,15,0,0,73.511905,5.71428571,0,0.06666667,0,0.26666667,stats_player_week_2024.csv.gz
00-0037834,Brock Purdy,QB,SF,2024,2,REG,MIN,28,36,319,1,1,6,-25,1,1,17,2,12,0,0,0,1,0.5646059,-1.59153352,42,1,1,101.273148,8.86111111,0.02777778,0.14285714,0.02380952,0.28571429,stats_player_week_2024.csv.gz
00-0038128,Malik Willis,QB,GB,2024,2,REG,IND,12,14,122,1,0,0,0,0,0,6,6,41,0,0,0,1,8.98679386,-0.03311938,14,0,0,126.785714,8.71428571,0,0,0,2.92857143,stats_player_week_2024.csv.gz
00-0038582,Clayton Tune,QB,ARI,2024,2,REG,LA,0,0,0,0,0,0,0,0,0,0,1,-6,0,1,1,0,0,-5.84428731,0,1,1,,,,,,,stats_player_week_2024.csv.gz
00-0038998,Jake Haener,QB,NO,2024,2,REG,DAL,0,0,0,0,0,0,0,0,0,0,3,-3,0,0,0,0,0,0,0,0,0,,,,,,,stats_player_week_2024.csv.gz
00-0039150,Bryce Young,QB,CAR,2024,2,REG,LAC,18,26,84,0,1,2,-15,0,0,3,1,6,0,0,0,0,-22.05285058,0.18016424,28,0,0,57.211538,3.23076923,0.03846154,0.07142857,0,0.21428571,stats_player_week_2024.csv.gz
00-0039152,Will Levis,QB,TEN,2024,2,REG,NYJ,19,28,192,1,1,4,-22,1,1,7,4,38,0,0,0,3,-6.44535795,2.2927162,32,1,1,84.22619,6.85714286,0.03571429,0.125,0.03125,1.1875,stats_player_week_2024.csv.gz
00-0039163,C.J. Stroud,QB,HOU,2024,2,REG,CHI,23,36,260,1,0,3,-25,0,0,11,1,-1,0,0,0,0,1.60885612,-1.54643719,39,0,0,94.675926,7.22222222,0,0.07692308,0,-0.02564103,stats_player_week_2024.csv.gz
00-0039164,Anthony Richardson,QB,IND,2024,2,REG,GB,17,34,204,1,3,1,-6,0,0,10,4,37,0,1,0,2,-8.04049355,2.40452987,35,1,0,41.789216,6,0.08823529,0.02857143,0.02857143,1.05714286,stats_player_week_2024.csv.gz
00-0039732,Bo Nix,QB,DEN,2024,2,REG,PIT,20,35,246,0,2,2,-15,0,0,8,4,25,0,0,0,2,-8.62482517,0.79562327,37,0,0,55.178571,7.02857143,0.05714286,0.05405405,0,0.67567568,stats_player_week_2024.csv.gz
00-0039910,Jayden Daniels,QB,WAS,2024,2,REG,NYG,23,29,226,0,0,5,-16,0,0,11,10,44,0,0,0,2,4.70781598,1.69062458,34,0,0,99.137931,7.79310345,0,0.14705882,0,1.29411765,stats_player_week_2024.csv.gz
00-0039918,Caleb Williams,QB,CHI,2024,2,REG,HOU,23,37,174,0,2,7,-40,0,0,7,5,44,0,0,0,1,-21.56136448,1.63190083,44,0,0,50.957207,4.7027027,0.05405405,0.15909091,0,1,stats_player_week_2024.csv.gz
00-0023459,Aaron Rodgers,QB,NYJ,2024,3,REG,NE,27,35,281,2,0,2,-14,0,0,16,3,18,0,0,0,2,18.20478461,1.41498433,37,0,0,118.869048,8.02857143,0,0.05405405,0,0.48648649,stats_player_week_2024.csv.gz
00-0026498,Matthew Stafford,QB,LA,2024,3,REG,SF,16,25,221,1,0,3,-23,0,0,8,0,0,0,0,0,0,3.40812084,0,28,0,0,105.583333,8.84,0,0.10714286,0,0,stats_player_week_2024.csv.gz
00-0027973,Andy Dalton,QB,CAR,2024,3,REG,LV,26,37,319,3,0,2,-13,0,0,15,2,-2,0,0,0,0,12.35477882,-2.52874648,39,0,0,123.592342,8.62162162,0,0.05128205,0,-0.05128205,stats_player_week_2024.csv.gz
00-0029604,Kirk Cousins,QB,ATL,2024,3,REG,KC,20,29,230,1,1,2,-1,1,0,11,1,-1,0,0,0,0,2.79672937,0,31,1,0,89.727011,7.93103448,0.03448276,0.06451613,0.03225806,-0.03225806,stats_player_week_2024.csv.gz
00-0030565,Geno Smith,QB,SEA,2024,3,REG,MIA,26,34,289,1,2,3,-19,0,0,13,2,-2,0,0,0,0,-0.81269822,0,37,0,0,86.519608,8.5,0.05882353,0.08108108,0,-0.05405405,stats_player_week_2024.csv.gz
00-0031280,Derek Carr,QB,NO,2024,3,REG,PHI,14,25,142,1,1,1,-12,0,0,7,2,3,0,0,0,0,0.58454967,-0.13071495,26,0,0,69.083333,5.68,0.04,0.03846154,0,0.11538462,stats_player_week_2024.csv.gz
00-0031503,Jameis Winston,QB,CLE,2024,3,REG,NYG,0,0,0,0,0,0,0,0,0,0,2,1,0,0,0,1,0,-0.6804077,0,0,0,,,,,,,stats_player_week_2024.csv.gz
00-0031800,Taylor Heinicke,QB,LAC,2024,3,REG,PIT,2,2,24,0,0,3,-28,0,0,1,0,0,0,0,0,0,-3.60795848,0,5,0,0,116.666667,12,0,0.6,0,0,stats_player_week_2024.csv.gz
00-0033077,Dak Prescott,QB,DAL,2024,3,REG,BAL,28,51,379,2,0,3,-18,1,0,18,2,7,1,0,0,1,6.1971608,0.61230263,54,1,0,91.870915,7.43137255,0,0.05555556,0.01851852,0.12962963,stats_player_week_2024.csv.gz
00-0033106,Jared Goff,QB,DET,2024,3,REG,ARI,18,23,199,2,1,2,-13,0,0,11,3,6,0,0,0,1,5.8691523,-0.97176209,25,0,0,113.586957,8.65217391,0.04347826,0.08,0,0.24,stats_player_week_2024.csv.gz
00-0033119,Jacoby Brissett,QB,NE,2024,3,REG,NYJ,12,18,98,0,0,5,-46,0,0,4,0,0,0,0,0,0,-10.96536202,0,23,0,0,80.324074,5.44444444,0,0.2173913,0,0,stats_player_week_2024.csv.gz
00-0033319,Nick Mullens,QB,MIN,2024,3,REG,HOU,0,0,0,0,0,0,0,0,0,0,1,0,0,0,0,0,0,0,0,0,0,,,,,,,stats_player_week_2024.csv.gz
00-0033537,Deshaun Watson,QB,CLE,2024,3,REG,NYG,21,37,196,2,0,8,-48,1,1,7,4,26,0,1,1,2,-19.51902969,-2.21060742,45,2,2,89.470721,5.2972973,0,0.17777778,0.04444444,0.57777778,stats_player_week_2024.csv.gz
00-0033869,Mitchell Trubisky,QB,BUF,2024,3,REG,JAX,1,1,3,0,0,0,0,0,0,0,1,-1,0,0,0,0,-1.03433123,0,1,0,0,79.166667,3,0,0,0,-1,stats_player_week_2024.csv.gz
00-0033873,Patrick Mahomes,QB,KC,2024,3,REG,ATL,26,39,217,2,1,0,0,0,0,13,6,17,0,0,0,1,2.41287786,2.58528842,39,0,0,87.232906,5.56410256,0.02564103,0,0,0.43589744,stats_player_week_2024.csv.gz
00-0034177,Tim Boyle,QB,MIA,2024,3,REG,SEA,7,13,79,0,0,1,-9,0,0,4,1,6,0,0,0,0,-7.54800815,0.36487614,14,0,0,72.275641,6.07692308,0,0.07142857,0,0.42857143,stats_player_week_2024.csv.gz
00-0034796,Lamar Jackson,QB,BAL,2024,3,REG,DAL,12,15,182,1,0,0,0,0,0,8,14,87,1,0,0,6,10.67085865,6.82947533,15,0,0,139.444444,12.13333333,0,0,0,5.8,stats_player_week_2024.csv.gz
00-0034855,Baker Mayfield,QB,TB,2024,3,REG,DEN,25,33,163,1,1,7,-31,0,0,11,0,0,0,0,0,0,-18.2820712,0,40,0,0,83.270202,4.93939394,0.03030303,0.175,0,0,stats_player_week_2024.csv.gz
00-0034857,Josh Allen,QB,BUF,2024,3,REG,JAX,23,30,263,4,0,0,0,0,0,15,6,44,0,0,0,5,22.41553523,6.29256529,30,0,0,142.083333,8.76666667,0,0,0,1.46666667,stats_player_week_2024.csv.gz
00-0034869,Sam Darnold,QB,MIN,2024,3,REG,HOU,17,28,181,4,0,4,-25,1,0,12,0,0,0,0,0,0,5.25261193,0,32,1,0,119.196429,6.46428571,0,0.125,0.03125,0,stats_player_week_2024.csv.gz
00-0035228,Kyler Murray,QB,ARI,2024,3,REG,DET,21,34,207,1,1,1,-7,0,0,10,5,45,0,0,0,2,-5.63190472,-2.4999077,35,0,0,76.470588,6.08823529,0.02941176,0.02857143,0,1.28571429,stats_player_week_2024.csv.gz
00-0035289,Gardner Minshew,QB,LV,2024,3,REG,CAR,18,28,214,1,1,2,-8,0,0,10,3,14,0,0,0,1,-4.29636285,-1.9506462,30,0,0,84.52381,7.64285714,0.03571429,0.06666667,0,0.46666667,stats_player_week_2024.csv.gz
00-0035710,Daniel Jones,QB,NYG,2024,3,REG,CLE,24,34,236,2,0,2,-8,0,0,13,8,20,0,0,0,1,9.84773779,-7.56013926,36,0,0,109.436275,6.94117647,0,0.05555556,0,0.55555556,stats_player_week_2024.csv.gz
00-0036355,Justin Herbert,QB,LAC,2024,3,REG,PIT,12,18,125,1,0,2,-16,1,0,6,1,0,0,0,0,0,1.56036041,-1.27388802,20,1,0,105.092593,6.94444444,0,0.1,0.05,0,stats_player_week_2024.csv.gz
00-0036389,Jalen Hurts,QB,PHI,2024,3,REG,NO,29,38,311,0,1,4,-23,1,1,11,8,25,0,0,0,1,-5.04856884,-0.19523001,42,1,1,88.815789,8.18421053,0.02631579,0.0952381,0.02380952,0.5952381,stats_player_week_2024.csv.gz
00-0036442,Joe Burrow,QB,CIN,2024,3,REG,WAS,29,38,324,3,0,2,-12,0,0,18,1,4,0,0,0,1,16.02796297,0.5617097,40,0,0,127.52193,8.52631579,0,0.05,0,0.1,stats_player_week_2024.csv.gz
00-0036898,Davis Mills,QB,HOU,2024,3,REG,MIN,7,12,79,0,0,1,-7,0,0,4,0,0,0,0,0,0,-1.2606541,0,13,0,0,78.125,6.58333333,0,0.07692308,0,0,stats_player_week_2024.csv.gz
00-0036945,Justin Fields,QB,PIT,2024,3,REG,LAC,25,32,245,1,1,2,-13,0,0,9,6,6,1,0,0,1,8.20547507,-5.79074539,34,0,0,95.963542,7.65625,0.03125,0.05882353,0,0.17647059,stats_player_week_2024.csv.gz
00-0036971,Trevor Lawrence,QB,JAX,2024,3,REG,BUF,21,38,178,1,1,4,-36,0,0,9,2,3,0,0,0,1,-16.0831056,0.61354726,42,0,0,65.460526,4.68421053,0.02631579,0.0952381,0,0.07142857,stats_player_week_2024.csv.gz
00-0036972,Mac Jones,QB,JAX,2024,3,REG,BUF,5,8,22,0,0,1,-17,1,1,1,0,0,0,0,0,0,-10.05273532,0,9,1,1,66.666667,2.75,0,0.11111111,0.11111111,0,stats_player_week_2024.csv.gz
00-0037327,Skylar Thompson,QB,MIA,2024,3,REG,SEA,13,19,107,0,0,5,-37,2,0,4,0,0,0,0,0,0,-9.77441679,0,24,2,0,82.565789,5.63157895,0,0.20833333,0.08333333,0,stats_player_week_2024.csv.gz
00-0037834,Brock Purdy,QB,SF,2024,3,REG,LA,22,30,292,3,0,1,-4,1,1,13,10,41,0,0,0,4,14.32209846,1.57272322,31,1,1,137.083333,9.73333333,0,0.03225806,0.03225806,1.32258065,stats_player_week_2024.csv.gz
00-0038128,Malik Willis,QB,GB,2024,3,REG,TEN,13,19,202,1,0,3,-12,0,0,6,6,73,1,0,0,4,3.52078202,8.2812501,22,0,0,120.942982,10.63157895,0,0.13636364,0,3.31818182,stats_player_week_2024.csv.gz
00-0038579,Aidan O'Connell,QB,LV,2024,3,REG,CAR,9,12,82,1,0,1,-12,0,0,5,0,0,0,0,0,0,5.55514223,0,13,0,0,120.833333,6.83333333,0,0.07692308,0,0,stats_player_week_2024.csv.gz
00-0039152,Will Levis,QB,TEN,2024,3,REG,GB,26,34,260,2,2,8,-56,1,1,14,3,12,0,0,0,2,-16.97985835,-0.54085263,42,1,1,92.769608,7.64705882,0.05882353,0.19047619,0.02380952,0.28571429,stats_player_week_2024.csv.gz
00-0039163,C.J. Stroud,QB,HOU,2024,3,REG,MIN,20,31,215,1,2,4,-42,0,0,11,3,12,0,0,0,0,-8.83702185,-2.49279059,35,0,0,68.615591,6.93548387,0.06451613,0.11428571,0,0.34285714,stats_player_week_2024.csv.gz
00-0039164,Anthony Richardson,QB,IND,2024,3,REG,CHI,10,20,167,0,2,1,-11,0,0,4,8,24,0,0,0,1,-10.29302442,0.77209552,21,0,0,38.958333,8.35,0.1,0.04761905,0,1.14285714,stats_player_week_2024.csv.gz
00-0039732,Bo Nix,QB,DEN,2024,3,REG,TB,25,36,216,0,0,0,0,0,0,8,9,47,1,0,0,6,2.11585522,5.74156071,36,0,0,84.953704,6,0,0,0,1.30555556,stats_player_week_2024.csv.gz
00-0039851,Drake Maye,QB,NE,2024,3,REG,NYJ,4,8,22,0,0,2,-13,0,0,2,2,12,0,0,0,1,-5.41098862,1.05398336,10,0,0,56.25,2.75,0,0.2,0,1.2,stats_player_week_2024.csv.gz
00-0039910,Jayden Daniels,QB,WAS,2024,3,REG,CIN,21,23,254,2,0,2,-6,0,0,13,12,39,1,0,0,5,21.61194529,3.29551998,25,0,0,141.666667,11.04347826,0,0.08,0,1.56,stats_player_week_2024.csv.gz
00-0039918,Caleb Williams,QB,CHI,2024,3,REG,IND,33,52,363,2,2,4,-31,1,1,18,1,8,0,0,0,1,-7.58454726,0.36612312,56,1,1,80.849359,6.98076923,0.03846154,0.07142857,0.01785714,0.14285714,stats_player_week_2024.csv.gz
00-0023459,Aaron Rodgers,QB,NYJ,2024,4,REG,DEN,24,42,225,0,0,5,-41,0,0,10,5,26,0,0,0,1,-12.08222806,-0.57036579,47,0,0,72.02381,5.35714286,0,0.10638298,0,0.55319149,stats_player_week_2024.csv.gz
00-0026158,Joe Flacco,QB,IND,2024,4,REG,PIT,16,26,168,2,0,2,-14,0,0,10,2,3,0,0,0,0,7.75792679,-3.0194134,28,0,0,105.929487,6.46153846,0,0.07142857,0,0.10714286,stats_player_week_2024.csv.gz
00-0026300,Josh Johnson,QB,BAL,2024,4,REG,BUF,1,1,1,0,0,0,0,0,0,0,0,0,0,0,0,0,-1.40565619,0,1,0,0,79.166667,1,0,0,0,0,stats_player_week_2024.csv.gz
00-0026498,Matthew Stafford,QB,LA,2024,4,REG,CHI,20,29,224,0,1,3,-21,1,1,11,1,-1,0,0,0,0,-2.2876257,0,32,1,1,77.37069,7.72413793,0.03448276,0.09375,0.03125,-0.03125,stats_player_week_2024.csv.gz
00-0027973,Andy Dalton,QB,CAR,2024,4,REG,CIN,25,40,220,2,1,0,0,0,0,12,3,9,0,0,0,1,3.09906837,-0.21875434,40,0,0,83.333333,5.5,0.025,0,0,0.225,stats_player_week_2024.csv.gz
00-0029604,Kirk Cousins,QB,ATL,2024,4,REG,NO,21,35,238,0,1,1,-11,1,0,9,0,0,0,0,0,0,-1.06919666,0,36,1,0,68.511905,6.8,0.02857143,0.02777778,0.02777778,0,stats_player_week_2024.csv.gz
00-0030565,Geno Smith,QB,SEA,2024,4,REG,DET,38,56,395,1,1,3,-12,0,0,22,5,38,0,0,0,4,8.86720235,4.24037966,59,0,0,86.532738,7.05357143,0.01785714,0.05084746,0,0.6440678,stats_player_week_2024.csv.gz
00-0031280,Derek Carr,QB,NO,2024,4,REG,ATL,28,36,239,0,1,1,-4,0,0,11,3,5,0,0,0,0,-0.10868627,-1.30715473,37,0,0,82.75463,6.63888889,0.02777778,0.02702703,0,0.13513514,stats_player_week_2024.csv.gz
00-0033077,Dak Prescott,QB,DAL,2024,4,REG,NYG,22,27,221,2,0,1,-8,0,0,9,2,-1,0,0,0,0,10.95228149,-0.76085587,28,0,0,125.462963,8.18518519,0,0.03571429,0,-0.03571429,stats_player_week_2024.csv.gz
00-0033106,Jared Goff,QB,DET,2024,4,REG,SEA,18,18,292,2,0,3,-26,0,0,11,2,-2,0,0,0,0,17.89840752,0,21,0,0,155.787037,16.22222222,0,0.14285714,0,-0.0952381,stats_player_week_2024.csv.gz
00-0033119,Jacoby Brissett,QB,NE,2024,4,REG,SF,19,32,168,1,1,6,-25,3,1,8,2,3,0,0,0,1,-15.76836074,-0.32749689,38,3,1,70.833333,5.25,0.03125,0.15789474,0.07894737,0.07894737,stats_player_week_2024.csv.gz
00-0033537,Deshaun Watson,QB,CLE,2024,4,REG,LV,24,32,176,1,1,3,-27,0,0,9,8,32,0,1,0,1,-6.92235082,-1.42591463,35,1,0,84.895833,5.5,0.03125,0.08571429,0.02857143,0.91428571,stats_player_week_2024.csv.gz
00-0033869,Mitchell Trubisky,QB,BUF,2024,4,REG,BAL,1,2,2,0,0,0,0,0,0,0,0,0,0,0,0,0,-0.74314616,0,2,0,0,56.25,1,0,0,0,0,stats_player_week_2024.csv.gz
00-0033873,Patrick Mahomes,QB,KC,2024,4,REG,LAC,19,29,245,1,1,3,-17,0,0,8,5,12,0,0,0,1,-1.60649226,0.26754837,32,0,0,89.008621,8.44827586,0.03448276,0.09375,0,0.375,stats_player_week_2024.csv.gz
00-0034771,Mason Rudolph,QB,TEN,2024,4,REG,MIA,9,17,85,0,0,1,-8,0,0,5,0,0,0,0,0,0,-3.86734558,0,18,0,0,67.034314,5,0,0.05555556,0,0,stats_player_week_2024.csv.gz
00-0034796,Lamar Jackson,QB,BAL,2024,4,REG,BUF,13,18,156,2,0,1,-1,0,0,9,6,54,1,1,1,2,9.18240898,0.07575719,19,1,1,135.416667,8.66666667,0,0.05263158,0.05263158,2.84210526,stats_player_week_2024.csv.gz
00-0034855,Baker Mayfield,QB,TB,2024,4,REG,PHI,30,47,347,2,0,2,-13,0,0,18,4,10,1,1,0,2,9.35312565,-0.95644193,49,1,0,100.221631,7.38297872,0,0.04081633,0.02040816,0.20408163,stats_player_week_2024.csv.gz
00-0034857,Josh Allen,QB,BUF,2024,4,REG,BAL,16,29,180,0,0,3,-27,1,1,6,5,21,0,0,0,2,-7.57548468,1.57720274,32,1,1,73.922414,6.20689655,0,0.09375,0.03125,0.65625,stats_player_week_2024.csv.gz
00-0034869,Sam Darnold,QB,MIN,2024,4,REG,GB,20,28,275,3,1,2,-21,1,1,11,7,15,0,0,0,2,8.12683829,-1.36291042,30,1,1,123.363095,9.82142857,0.03571429,0.06666667,0.03333333,0.5,stats_player_week_2024.csv.gz
00-0035228,Kyler Murray,QB,ARI,2024,4,REG,WAS,16,22,142,1,0,4,-27,0,0,5,1,3,0,0,0,0,-0.43325262,-0.25348388,26,0,0,104.734848,6.45454545,0,0.15384615,0,0.11538462,stats_player_week_2024.csv.gz
00-0035289,Gardner Minshew,QB,LV,2024,4,REG,CLE,14,24,130,0,0,2,-14,0,0,7,2,-2,0,0,0,0,-3.77517822,0,26,0,0,73.263889,5.41666667,0,0.07692308,0,-0.07692308,stats_player_week_2024.csv.gz
00-0035710,Daniel Jones,QB,NYG,2024,4,REG,DAL,29,40,281,0,1,1,-4,0,0,12,4,3,0,0,0,1,4.43963196,-1.53940067,41,0,0,81.354167,7.025,0.025,0.02439024,0,0.07317073,stats_player_week_2024.csv.gz
00-0035993,Tyler Huntley,QB,MIA,2024,4,REG,TEN,14,22,96,0,0,2,-18,0,0,4,8,40,1,1,1,3,-11.76269284,-3.50574361,24,1,1,73.295455,4.36363636,0,0.08333333,0.04166667,1.66666667,stats_player_week_2024.csv.gz
00-0036264,Jordan Love,QB,GB,2024,4,REG,MIN,32,54,389,4,3,1,-10,0,0,19,1,6,0,0,0,1,-5.0171324,1.53095558,55,0,0,83.024691,7.2037037,0.05555556,0.01818182,0,0.10909091,stats_player_week_2024.csv.gz
00-0036355,Justin Herbert,QB,LAC,2024,4,REG,KC,16,27,179,1,0,2,-10,0,0,9,3,0,0,1,0,1,-2.04998479,-1.78651738,29,1,0,91.435185,6.62962963,0,0.06896552,0.03448276,0,stats_player_week_2024.csv.gz
00-0036389,Jalen Hurts,QB,PHI,2024,4,REG,TB,18,30,158,1,0,6,-44,2,1,6,8,20,1,0,0,6,-10.59236396,4.06321556,36,2,1,85.138889,5.26666667,0,0.16666667,0.05555556,0.55555556,stats_player_week_2024.csv.gz
00-0036442,Joe Burrow,QB,CIN,2024,4,REG,CAR,22,31,232,2,1,0,0,0,0,14,1,10,0,0,0,1,8.98819513,0.7494018,31,0,0,100.47043,7.48387097,0.03225806,0,0,0.32258065,stats_player_week_2024.csv.gz
00-0036945,Justin Fields,QB,PIT,2024,4,REG,IND,22,34,312,1,0,4,-30,1,1,11,10,55,2,1,0,4,3.55402587,1.97053793,38,2,1,104.044118,9.17647059,0,0.10526316,0.05263158,1.44736842,stats_player_week_2024.csv.gz
00-0036971,Trevor Lawrence,QB,JAX,2024,4,REG,HOU,18,33,169,2,0,1,-14,0,0,11,3,5,0,0,0,0,-1.38053592,-4.24082188,34,0,0,89.078283,5.12121212,0,0.02941176,0,0.14705882,stats_player_week_2024.csv.gz
00-0037834,Brock Purdy,QB,SF,2024,4,REG,NE,15,27,288,1,1,1,-5,0,0,12,5,11,0,2,0,2,6.95503555,-0.63653589,28,2,0,89.737654,10.66666667,0.03703704,0.03571429,0.07142857,0.39285714,stats_player_week_2024.csv.gz
00-0039152,Will Levis,QB,TEN,2024,4,REG,MIA,3,4,25,0,1,0,0,0,0,0,2,5,0,0,0,1,-3.08477672,-0.56244747,4,0,0,51.041667,6.25,0.25,0,0,1.25,stats_player_week_2024.csv.gz
00-0039163,C.J. Stroud,QB,HOU,2024,4,REG,JAX,27,40,345,2,0,2,-11,0,0,20,3,17,0,0,0,2,14.30558793,0.36647519,42,0,0,110.9375,8.625,0,0.04761905,0,0.4047619,stats_player_week_2024.csv.gz
00-0039164,Anthony Richardson,QB,IND,2024,4,REG,PIT,3,4,71,0,0,0,0,0,0,3,3,24,0,1,0,2,4.27792865,2.23223692,4,1,0,116.666667,17.75,0,0,0.25,6,stats_player_week_2024.csv.gz
00-0039732,Bo Nix,QB,DEN,2024,4,REG,NYJ,12,25,60,1,0,0,0,0,0,3,5,3,0,0,0,0,-12.9650779,-1.58776514,25,0,0,67.916667,2.4,0,0,0,0.12,stats_player_week_2024.csv.gz
00-0039910,Jayden Daniels,QB,WAS,2024,4,REG,ARI,26,30,233,1,1,0,0,0,0,14,8,47,1,0,0,3,14.16125828,2.59248493,30,0,0,96.25,7.76666667,0.03333333,0,0,1.56666667,stats_player_week_2024.csv.gz
00-0039918,Caleb Williams,QB,CHI,2024,4,REG,LA,17,23,157,1,0,3,-24,1,0,7,5,12,0,0,0,1,2.08351519,-3.2563577,26,1,0,106.612319,6.82608696,0,0.11538462,0.03846154,0.46153846,stats_player_week_2024.csv.gz
00-0023459,Aaron Rodgers,QB,NYJ,2024,5,REG,MIN,29,54,244,2,3,3,-26,1,0,13,0,0,0,0,0,0,-16.15632874,0,57,1,0,54.861111,4.51851852,0.05555556,0.05263158,0.01754386,0,stats_player_week_2024.csv.gz
00-0026158,Joe Flacco,QB,IND,2024,5,REG,JAX,33,44,359,3,0,4,-35,1,1,16,3,22,0,0,0,2,10.40488087,3.07108751,48,1,1,121.306818,8.15909091,0,0.08333333,0.02083333,0.45833333,stats_player_week_2024.csv.gz
00-0026498,Matthew Stafford,QB,LA,2024,5,REG,GB,29,45,260,1,1,3,-24,0,0,11,0,0,0,0,0,0,-8.95564868,0,48,0,0,78.009259,5.77777778,0.02222222,0.0625,0,0,stats_player_week_2024.csv.gz
00-0027973,Andy Dalton,QB,CAR,2024,5,REG,CHI,18,28,136,0,1,3,-20,0,0,6,1,3,0,0,0,0,-12.50287078,-0.63040969,31,0,0,61.011905,4.85714286,0.03571429,0.09677419,0,0.09677419,stats_player_week_2024.csv.gz
00-0029604,Kirk Cousins,QB,ATL,2024,5,REG,TB,42,58,509,4,1,4,-32,0,0,24,0,0,0,0,0,0,21.91405089,0,62,0,0,114.798851,8.77586207,0.01724138,0.06451613,0,0,stats_player_week_2024.csv.gz
00-0030565,Geno Smith,QB,SEA,2024,5,REG,NYG,28,40,284,1,0,7,-53,0,0,14,4,72,0,0,0,2,-4.12015832,4.13205065,47,0,0,98.333333,7.1,0,0.14893617,0,1.53191489,stats_player_week_2024.csv.gz
00-0031280,Derek Carr,QB,NO,2024,5,REG,KC,18,28,165,2,1,1,-8,0,0,9,0,0,0,0,0,0,-0.03540391,0,29,0,0,89.136905,5.89285714,0.03571429,0.03448276,0,0,stats_player_week_2024.csv.gz
00-0031503,Jameis Winston,QB,CLE,2024,5,REG,WAS,1,1,16,0,0,0,0,0,0,1,1,-3,0,0,0,0,0.80745649,-0.59885941,1,0,0,118.75,16,0,0,0,-3,stats_player_week_2024.csv.gz
00-0032268,Marcus Mariota,QB,WAS,2024,5,REG,CLE,1,3,-2,0,0,0,0,0,0,0,2,2,0,0,0,0,-3.30109408,-1.57974561,3,0,0,42.361111,-0.66666667,0,0,0,0.66666667,stats_player_week_2024.csv.gz
00-0033077,Dak Prescott,QB,DAL,2024,5,REG,PIT,29,42,352,2,2,2,-16,1,1,14,1,3,0,0,0,0,10.67730303,0.25990421,44,1,1,90.575397,8.38095238,0.04761905,0.04545455,0.02272727,0.06818182,stats_player_week_2024.csv.gz
00-0033119,Jacoby Brissett,QB,NE,2024,5,REG,MIA,18,34,160,0,0,2,-12,0,0,8,1,10,0,0,0,0,-8.80810502,1.01287742,36,0,0,65.808824,4.70588235,0,0.05555556,0,0.27777778,stats_player_week_2024.csv.gz
00-0033319,Nick Mullens,QB,MIN,2024,5,REG,NYJ,1,1,24,0,0,0,0,0,0,1,0,0,0,0,0,0,2.59322251,0,1,0,0,118.75,24,0,0,0,0,stats_player_week_2024.csv.gz
00-0033537,Deshaun Watson,QB,CLE,2024,5,REG,WAS,15,28,125,1,0,7,-33,1,1,6,3,14,0,0,0,0,-15.07219008,-1.2091488,35,1,1,77.232143,4.46428571,0,0.2,0.02857143,0.4,stats_player_week_2024.csv.gz
00-0033873,Patrick Mahomes,QB,KC,2024,5,REG,NO,28,39,331,0,1,2,-10,0,0,15,6,22,0,0,0,3,2.95011155,3.25092177,41,0,0,86.59188,8.48717949,0.02564103,0.04878049,0,0.53658537,stats_player_week_2024.csv.gz
00-0034577,Kyle Allen,QB,PIT,2024,5,REG,DAL,1,1,19,0,0,0,0,0,0,1,0,0,0,0,0,0,1.43255294,0,1,0,0,118.75,19,0,0,0,0,stats_player_week_2024.csv.gz
00-0034796,Lamar Jackson,QB,BAL,2024,5,REG,CIN,26,42,348,4,0,1,-3,0,0,18,12,55,0,1,1,1,21.24820987,-6.30704604,43,1,1,119.940476,8.28571429,0,0.02325581,0.02325581,1.27906977,stats_player_week_2024.csv.gz
00-0034855,Baker Mayfield,QB,TB,2024,5,REG,ATL,19,24,180,3,0,1,-7,0,0,12,6,42,0,0,0,2,9.38763799,1.62898856,25,0,0,137.5,7.5,0,0.04,0,1.68,stats_player_week_2024.csv.gz
00-0034857,Josh Allen,QB,BUF,2024,5,REG,HOU,9,30,131,1,0,1,-5,0,0,5,4,54,0,0,0,3,-5.1319462,6.59053366,31,0,0,56.388889,4.36666667,0,0.03225806,0,1.74193548,stats_player_week_2024.csv.gz
00-0034869,Sam Darnold,QB,MIN,2024,5,REG,NYJ,14,31,179,0,1,4,-32,0,0,7,5,11,0,1,1,2,-12.02991957,-4.48378382,35,1,1,50.336022,5.77419355,0.03225806,0.11428571,0.02857143,0.31428571,stats_player_week_2024.csv.gz
00-0035228,Kyler Murray,QB,ARI,2024,5,REG,SF,19,30,195,1,1,1,-6,0,0,10,7,83,1,1,0,3,-1.82734852,5.57759004,31,1,0,79.166667,6.5,0.03333333,0.03225806,0.03225806,2.67741935,stats_player_week_2024.csv.gz
00-0035289,Gardner Minshew,QB,LV,2024,5,REG,DEN,12,17,137,1,2,2,-9,0,0,7,2,22,0,0,0,2,-10.35655636,4.498034,19,0,0,74.509804,8.05882353,0.11764706,0.10526316,0,1.15789474,stats_player_week_2024.csv.gz
00-0035710,Daniel Jones,QB,NYG,2024,5,REG,SEA,23,34,257,2,0,3,-12,1,0,14,11,38,0,0,0,3,7.59021431,0.9142084,37,1,0,109.558824,7.55882353,0,0.08108108,0.02702703,1.02702703,stats_player_week_2024.csv.gz
00-0035993,Tyler Huntley,QB,MIA,2024,5,REG,NE,18,31,194,0,1,3,-15,0,0,10,3,7,0,0,0,1,-3.4954294,-3.12964876,34,0,0,63.104839,6.25806452,0.03225806,0.08823529,0,0.20588235,stats_player_week_2024.csv.gz
00-0036264,Jordan Love,QB,GB,2024,5,REG,LA,15,26,224,2,1,2,-22,1,0,8,3,10,0,0,0,1,-0.74909765,2.41812159,28,1,0,95.673077,8.61538462,0.03846154,0.07142857,0.03571429,0.35714286,stats_player_week_2024.csv.gz
00-0036442,Joe Burrow,QB,CIN,2024,5,REG,BAL,30,39,392,5,1,3,-21,0,0,19,2,1,0,0,0,0,23.6110696,-0.8636399,42,0,0,136.965812,10.05128205,0.02564103,0.07142857,0,0.02380952,stats_player_week_2024.csv.gz
00-0036945,Justin Fields,QB,PIT,2024,5,REG,DAL,15,27,131,2,0,3,-16,1,0,6,6,27,0,0,0,2,-3.47151121,4.80280409,30,1,0,93.287037,4.85185185,0,0.1,0.03333333,0.9,stats_player_week_2024.csv.gz
00-0036971,Trevor Lawrence,QB,JAX,2024,5,REG,IND,28,34,371,2,1,0,0,0,0,13,2,4,0,0,0,2,16.75668475,2.59008134,34,0,0,119.485294,10.91176471,0.02941176,0,0,0.11764706,stats_player_week_2024.csv.gz
00-0037834,Brock Purdy,QB,SF,2024,5,REG,ARI,19,35,244,1,2,2,-13,0,0,13,4,33,0,0,0,3,-0.89683911,2.64407936,37,0,0,62.083333,6.97142857,0.05714286,0.05405405,0,0.89189189,stats_player_week_2024.csv.gz
00-0038416,Tyson Bagent,QB,CHI,2024,5,REG,CAR,0,0,0,0,0,0,0,0,0,0,3,-4,0,0,0,0,0,0,0,0,0,,,,,,,stats_player_week_2024.csv.gz
00-0038579,Aidan O'Connell,QB,LV,2024,5,REG,DEN,10,20,94,0,1,1,-7,0,0,6,0,0,0,0,0,0,-5.34393968,0,21,0,0,42.5,4.7,0.05,0.04761905,0,0,stats_player_week_2024.csv.gz
00-0038998,Jake Haener,QB,NO,2024,5,REG,KC,2,7,17,0,0,0,0,0,0,2,2,11,0,0,0,0,-2.62091365,0.13291546,7,0,0,39.583333,2.42857143,0,0,0,1.57142857,stats_player_week_2024.csv.gz
00-0039150,Bryce Young,QB,CAR,2024,5,REG,CHI,4,7,58,0,0,1,-2,0,0,3,1,8,0,0,0,0,-0.35612845,-0.32484804,8,0,0,84.22619,8.28571429,0,0.125,0,1,stats_player_week_2024.csv.gz
00-0039163,C.J. Stroud,QB,HOU,2024,5,REG,BUF,28,38,331,1,1,1,0,1,1,13,3,27,0,0,0,2,6.22630781,0.78809516,39,1,1,97.587719,8.71052632,0.02631579,0.02564103,0.02564103,0.69230769,stats_player_week_2024.csv.gz
00-0039732,Bo Nix,QB,DEN,2024,5,REG,LV,19,27,206,2,0,3,-26,0,0,9,8,9,1,0,0,2,2.48556131,-6.51512052,30,0,0,117.20679,7.62962963,0,0.1,0,0.3,stats_player_week_2024.csv.gz
00-0039910,Jayden Daniels,QB,WAS,2024,5,REG,CLE,14,25,238,1,1,3,-17,0,0,8,11,82,0,0,0,4,2.37871156,4.61388362,28,0,0,85.083333,9.52,0.04,0.10714286,0,2.92857143,stats_player_week_2024.csv.gz
00-0039918,Caleb Williams,QB,CHI,2024,5,REG,CAR,20,29,304,2,0,1,-8,0,0,12,5,34,0,0,0,3,14.14291418,3.09950176,30,0,0,126.221264,10.48275862,0,0.03333333,0,1.13333333,stats_player_week_2024.csv.gz
00-0023459,Aaron Rodgers,QB,NYJ,2024,6,REG,BUF,23,35,294,2,1,3,-22,1,0,12,0,0,0,0,0,0,11.1570516,0,38,1,0,98.988095,8.4,0.02857143,0.07894737,0.02631579,0,stats_player_week_2024.csv.gz
00-0026158,Joe Flacco,QB,IND,2024,6,REG,TEN,22,38,189,2,1,0,0,0,0,11,1,1,0,0,0,0,1.57339304,-0.75240907,38,0,0,77.631579,4.97368421,0.02631579,0,0,0.02631579,stats_player_week_2024.csv.gz
00-0027973,Andy Dalton,QB,CAR,2024,6,REG,ATL,26,38,221,2,2,0,0,0,0,12,3,21,0,0,0,1,-4.90679465,-0.06008439,38,0,0,78.947368,5.81578947,0.05263158,0,0,0.55263158,stats_player_week_2024.csv.gz
00-0029604,Kirk Cousins,QB,ATL,2024,6,REG,CAR,19,30,225,1,0,0,0,0,0,11,4,-5,0,0,0,0,12.31161466,-4.60404219,30,0,0,97.222222,7.5,0,0,0,-0.16666667,stats_player_week_2024.csv.gz
00-0030565,Geno Smith,QB,SEA,2024,6,REG,SF,30,52,312,1,2,1,-6,0,0,18,1,0,0,0,0,0,3.71631645,-0.23114722,53,0,0,65.544872,6,0.03846154,0.01886792,0,0,stats_player_week_2024.csv.gz
00-0033077,Dak Prescott,QB,DAL,2024,6,REG,DET,17,33,178,0,2,4,-26,0,0,6,1,1,0,0,0,0,-19.51792664,-0.47360184,37,0,0,42.234848,5.39393939,0.06060606,0.10810811,0,0.02702703,stats_player_week_2024.csv.gz
00-0033106,Jared Goff,QB,DET,2024,6,REG,DAL,18,25,315,3,0,2,-17,0,0,13,3,5,0,0,0,0,19.55894776,-0.53288782,27,0,0,153.75,12.6,0,0.07407407,0,0.18518519,stats_player_week_2024.csv.gz
00-0033537,Deshaun Watson,QB,CLE,2024,6,REG,PHI,16,23,168,0,0,5,-24,0,0,7,4,17,0,0,0,1,1.51598507,0.75032367,28,0,0,90.48913,7.30434783,0,0.17857143,0,0.60714286,stats_player_week_2024.csv.gz
00-0033662,Cooper Rush,QB,DAL,2024,6,REG,DET,8,11,46,0,1,0,0,0,0,4,1,2,0,0,0,1,-3.49634122,0.37210929,11,0,0,42.234848,4.18181818,0.09090909,0,0,0.18181818,stats_player_week_2024.csv.gz
00-0034796,Lamar Jackson,QB,BAL,2024,6,REG,WAS,20,26,323,1,1,2,-15,0,0,16,11,40,0,0,0,3,11.00163138,-3.47642743,28,0,0,114.74359,12.42307692,0.03846154,0.07142857,0,1.42857143,stats_player_week_2024.csv.gz
00-0034855,Baker Mayfield,QB,TB,2024,6,REG,NO,24,36,325,4,3,1,-8,0,0,15,3,29,0,0,0,1,3.20928483,1.91460888,37,0,0,97.569444,9.02777778,0.08333333,0.02702703,0,0.78378378,stats_player_week_2024.csv.gz
00-0034857,Josh Allen,QB,BUF,2024,6,REG,NYJ,19,25,215,2,0,2,-5,1,0,10,9,18,1,0,0,3,10.84787616,0.15158806,27,1,0,127.916667,8.6,0,0.07407407,0.03703704,0.66666667,stats_player_week_2024.csv.gz
00-0035228,Kyler Murray,QB,ARI,2024,6,REG,GB,22,32,214,1,0,0,0,0,0,8,7,14,0,1,1,0,7.70892989,-6.64078649,32,1,1,97.65625,6.6875,0,0,0.03125,0.4375,stats_player_week_2024.csv.gz
00-0035710,Daniel Jones,QB,NYG,2024,6,REG,CIN,22,41,205,0,1,2,-15,0,0,10,11,56,0,0,0,6,-15.26495139,5.17898412,43,0,0,57.469512,5,0.02439024,0.04651163,0,1.30232558,stats_player_week_2024.csv.gz
00-0036264,Jordan Love,QB,GB,2024,6,REG,ARI,22,32,258,4,1,0,0,0,0,15,5,13,0,0,0,2,14.85465711,-0.14326596,32,0,0,119.53125,8.0625,0.03125,0,0,0.40625,stats_player_week_2024.csv.gz
00-0036355,Justin Herbert,QB,LAC,2024,6,REG,DEN,21,34,237,1,0,3,-15,1,0,10,4,2,0,0,0,0,8.1157463,-2.15741939,37,1,0,92.401961,6.97058824,0,0.08108108,0.02702703,0.05405405,stats_player_week_2024.csv.gz
00-0036389,Jalen Hurts,QB,PHI,2024,6,REG,CLE,16,25,264,2,0,1,-8,0,0,11,14,33,0,0,0,5,7.14371746,2.59044266,26,0,0,126.083333,10.56,0,0.03846154,0,1.26923077,stats_player_week_2024.csv.gz
00-0036442,Joe Burrow,QB,CIN,2024,6,REG,NYG,19,28,208,0,0,4,-25,0,0,10,4,55,1,0,0,2,-0.51269244,8.48553616,32,0,0,89.583333,7.42857143,0,0.125,0,1.71875,stats_player_week_2024.csv.gz
00-0036898,Davis Mills,QB,HOU,2024,6,REG,NE,0,1,0,0,0,0,0,0,0,0,0,0,0,0,0,0,-0.76817803,0,1,0,0,39.583333,0,0,0,0,0,stats_player_week_2024.csv.gz
00-0036945,Justin Fields,QB,PIT,2024,6,REG,LV,14,24,145,0,0,3,-35,0,0,6,11,59,2,1,0,4,-0.43266824,3.93113819,27,1,0,75.868056,6.04166667,0,0.11111111,0.03703704,2.18518519,stats_player_week_2024.csv.gz
00-0036971,Trevor Lawrence,QB,JAX,2024,6,REG,CHI,23,35,234,2,1,3,-20,0,0,14,4,17,0,0,0,1,8.48462732,-0.49924776,38,0,0,91.845238,6.68571429,0.02857143,0.07894737,0,0.44736842,stats_player_week_2024.csv.gz
00-0036972,Mac Jones,QB,JAX,2024,6,REG,CHI,1,1,6,0,0,1,-10,0,0,0,0,0,0,0,0,0,-1.50774074,0,2,0,0,91.666667,6,0,0.5,0,0,stats_player_week_2024.csv.gz
00-0037834,Brock Purdy,QB,SF,2024,6,REG,SEA,18,28,255,3,0,0,0,0,0,10,4,19,0,0,0,2,11.72602603,2.26992391,28,0,0,129.315476,9.10714286,0,0,0,0.67857143,stats_player_week_2024.csv.gz
00-0038416,Tyson Bagent,QB,CHI,2024,6,REG,JAX,0,0,0,0,0,0,0,0,0,0,3,-3,0,0,0,0,0,0,0,0,0,,,,,,,stats_player_week_2024.csv.gz
00-0038550,Hendon Hooker,QB,DET,2024,6,REG,DAL,1,2,19,0,0,1,-9,0,0,1,1,-1,0,0,0,0,-3.35311813,0,3,0,0,83.333333,9.5,0,0.33333333,0,-0.33333333,stats_player_week_2024.csv.gz
00-0038579,Aidan O'Connell,QB,LV,2024,6,REG,PIT,27,40,227,1,1,1,-9,0,0,11,0,0,0,0,0,0,-3.81664116,0,41,0,0,79.895833,5.675,0.025,0.02439024,0,0,stats_player_week_2024.csv.gz
00-0039152,Will Levis,QB,TEN,2024,6,REG,IND,16,27,95,1,1,0,0,0,0,7,3,15,0,0,0,1,-5.68486238,-0.01606132,27,0,0,63.040123,3.51851852,0.03703704,0,0,0.55555556,stats_player_week_2024.csv.gz
00-0039163,C.J. Stroud,QB,HOU,2024,6,REG,NE,20,31,192,3,1,2,-16,0,0,13,3,7,0,1,0,1,2.62392375,0.35011929,33,1,0,100.47043,6.19354839,0.03225806,0.06060606,0.03030303,0.21212121,stats_player_week_2024.csv.gz
00-0039376,Spencer Rattler,QB,NO,2024,6,REG,TB,22,40,243,1,2,5,-21,0,0,13,4,27,0,1,0,1,-13.84639313,0.89970386,45,1,0,60.729167,6.075,0.05,0.11111111,0.02222222,0.6,stats_player_week_2024.csv.gz
00-0039732,Bo Nix,QB,DEN,2024,6,REG,LAC,19,33,216,2,1,2,-10,0,0,10,6,61,0,0,0,5,-3.46127699,6.24837917,35,0,0,84.911616,6.54545455,0.03030303,0.05714286,0,1.74285714,stats_player_week_2024.csv.gz
00-0039851,Drake Maye,QB,NE,2024,6,REG,HOU,20,33,243,3,2,4,-34,1,1,12,5,38,0,0,0,3,-9.78136672,3.97228148,37,1,1,88.320707,7.36363636,0.06060606,0.10810811,0.02702703,1.02702703,stats_player_week_2024.csv.gz
00-0039910,Jayden Daniels,QB,WAS,2024,6,REG,BAL,24,35,269,2,0,3,-16,0,0,16,6,22,0,0,0,1,9.49313517,-0.18518912,38,0,0,110.297619,7.68571429,0,0.07894737,0,0.57894737,stats_player_week_2024.csv.gz
00-0039918,Caleb Williams,QB,CHI,2024,6,REG,JAX,23,29,226,4,1,3,-5,0,0,14,4,56,0,0,0,3,14.27304402,4.21458384,32,0,0,124.353448,7.79310345,0.03448276,0.09375,0,1.75,stats_player_week_2024.csv.gz
00-0023459,Aaron Rodgers,QB,NYJ,2024,7,REG,PIT,24,39,276,1,2,1,-7,0,0,13,0,0,0,0,0,0,0.08472124,0,40,0,0,70.032051,7.07692308,0.05128205,0.025,0,0,stats_player_week_2024.csv.gz
00-0026498,Matthew Stafford,QB,LA,2024,7,REG,LV,14,23,154,0,1,1,-10,0,0,6,2,-2,0,0,0,0,-7.25289068,-2.25446512,24,0,0,62.59058,6.69565217,0.04347826,0.04166667,0,-0.08333333,stats_player_week_2024.csv.gz
00-0027973,Andy Dalton,QB,CAR,2024,7,REG,WAS,11,16,93,0,2,2,-4,0,0,5,2,3,0,0,0,0,-16.46604927,0.00632031,18,0,0,44.010417,5.8125,0.125,0.11111111,0,0.16666667,stats_player_week_2024.csv.gz
00-0029263,Russell Wilson,QB,PIT,2024,7,REG,NYJ,16,29,264,2,0,1,-4,0,0,12,3,3,1,0,0,2,8.76133867,1.43774519,30,0,0,108.979885,9.10344828,0,0.03333333,0,0.1,stats_player_week_2024.csv.gz
00-0029604,Kirk Cousins,QB,ATL,2024,7,REG,SEA,24,35,232,1,2,3,-32,1,1,12,1,-1,0,0,0,0,-9.43023948,0,38,1,1,72.559524,6.62857143,0.05714286,0.07894737,0.02631579,-0.02631579,stats_player_week_2024.csv.gz
00-0030565,Geno Smith,QB,SEA,2024,7,REG,ATL,18,28,207,2,0,1,-6,0,0,11,4,15,0,1,0,0,7.13020795,-3.93277222,29,1,0,110.267857,7.39285714,0,0.03448276,0.03448276,0.51724138,stats_player_week_2024.csv.gz
00-0031503,Jameis Winston,QB,CLE,2024,7,REG,CIN,5,11,67,1,0,1,-2,0,0,4,0,0,0,0,0,0,7.03115019,0,12,0,0,95.643939,6.09090909,0,0.08333333,0,0,stats_player_week_2024.csv.gz
00-0032268,Marcus Mariota,QB,WAS,2024,7,REG,CAR,18,23,205,2,0,1,-4,0,0,12,11,34,0,0,0,3,11.83208976,0.6513754,24,0,0,132.789855,8.91304348,0,0.04166667,0,1.41666667,stats_player_week_2024.csv.gz
00-0033106,Jared Goff,QB,DET,2024,7,REG,MIN,22,25,280,2,0,4,-33,2,0,15,2,-4,0,0,0,0,14.91789674,-1.4851724,29,2,0,140,11.2,0,0.13793103,0.06896552,-0.13793103,stats_player_week_2024.csv.gz
00-0033537,Deshaun Watson,QB,CLE,2024,7,REG,CIN,15,17,128,0,0,2,-13,0,0,5,2,0,0,0,0,1,0.32601188,-0.55230109,19,0,0,98.039216,7.52941176,0,0.10526316,0,0,stats_player_week_2024.csv.gz
00-0033873,Patrick Mahomes,QB,KC,2024,7,REG,SF,16,27,154,0,2,2,-9,0,0,11,5,39,1,0,0,3,-5.72324237,4.26893552,29,0,0,44.367284,5.7037037,0.07407407,0.06896552,0,1.34482759,stats_player_week_2024.csv.gz
00-0034177,Tim Boyle,QB,MIA,2024,7,REG,IND,8,13,74,0,0,0,0,0,0,3,1,4,0,0,0,1,0.44980135,0.28449963,13,0,0,77.083333,5.69230769,0,0,0,0.30769231,stats_player_week_2024.csv.gz
00-0034771,Mason Rudolph,QB,TEN,2024,7,REG,BUF,25,40,215,1,1,3,-15,1,0,13,5,13,0,2,1,1,-3.63625609,-2.72882094,43,3,1,74.479167,5.375,0.025,0.06976744,0.06976744,0.30232558,stats_player_week_2024.csv.gz
00-0034796,Lamar Jackson,QB,BAL,2024,7,REG,TB,17,22,281,5,0,2,-17,0,0,12,9,52,0,1,1,3,25.11704378,-3.79999304,24,1,1,158.143939,12.77272727,0,0.08333333,0.04166667,2.16666667,stats_player_week_2024.csv.gz
00-0034855,Baker Mayfield,QB,TB,2024,7,REG,BAL,31,45,370,3,2,3,-14,0,0,19,5,22,0,0,0,1,12.24604793,-4.22618178,48,0,0,97.453704,8.22222222,0.04444444,0.0625,0,0.45833333,stats_player_week_2024.csv.gz
00-0034857,Josh Allen,QB,BUF,2024,7,REG,TEN,21,33,323,2,0,1,-8,0,0,14,3,1,0,0,0,0,12.85194656,-2.20083872,34,0,0,116.098485,9.78787879,0,0.02941176,0,0.02941176,stats_player_week_2024.csv.gz
00-0034869,Sam Darnold,QB,MIN,2024,7,REG,DET,22,27,259,1,1,4,-15,0,0,10,4,39,0,0,0,1,-0.76699917,3.27896651,31,0,0,103.549383,9.59259259,0.03703704,0.12903226,0,1.25806452,stats_player_week_2024.csv.gz
00-0035228,Kyler Murray,QB,ARI,2024,7,REG,LAC,14,26,145,1,1,0,0,0,0,10,6,64,1,0,0,2,-0.34208451,3.2812662,26,0,0,66.987179,5.57692308,0.03846154,0,0,2.46153846,stats_player_week_2024.csv.gz
00-0035264,Jarrett Stidham,QB,DEN,2024,7,REG,NO,0,0,0,0,0,0,0,0,0,0,2,-2,0,0,0,0,0,-3.36790058,0,0,0,,,,,,,stats_player_week_2024.csv.gz
00-0035289,Gardner Minshew,QB,LV,2024,7,REG,LA,15,34,154,0,3,2,-11,1,1,9,1,2,0,0,0,1,-23.16512447,-0.10035731,36,1,1,20.955882,4.52941176,0.08823529,0.05555556,0.02777778,0.05555556,stats_player_week_2024.csv.gz
00-0035704,Drew Lock,QB,NYG,2024,7,REG,PHI,3,8,6,0,0,1,-6,1,0,0,1,13,0,0,0,1,-7.0372736,1.29205274,9,1,0,45.833333,0.75,0,0.11111111,0.11111111,1.44444444,stats_player_week_2024.csv.gz
00-0035710,Daniel Jones,QB,NYG,2024,7,REG,PHI,14,21,99,0,0,7,-56,0,0,6,5,20,0,0,0,1,-15.50885828,-0.58288412,28,0,0,77.281746,4.71428571,0,0.25,0,0.71428571,stats_player_week_2024.csv.gz
00-0035993,Tyler Huntley,QB,MIA,2024,7,REG,IND,7,13,87,1,0,2,-12,0,0,5,5,20,0,0,0,2,-2.91016859,0.64866524,15,0,0,100.480769,6.69230769,0,0.13333333,0,1.33333333,stats_player_week_2024.csv.gz
00-0036264,Jordan Love,QB,GB,2024,7,REG,HOU,24,33,220,3,2,3,-25,0,0,12,0,0,0,0,0,0,-0.62161792,0,36,0,0,95.517677,6.66666667,0.06060606,0.08333333,0,0,stats_player_week_2024.csv.gz
00-0036355,Justin Herbert,QB,LAC,2024,7,REG,ARI,27,39,349,0,0,3,-13,0,0,14,2,8,0,0,0,0,13.25013419,0.25696592,42,0,0,97.061966,8.94871795,0,0.07142857,0,0.19047619,stats_player_week_2024.csv.gz
00-0036389,Jalen Hurts,QB,PHI,2024,7,REG,NYG,10,14,114,1,0,4,-36,0,0,6,7,22,2,0,0,4,-2.07272099,7.53108415,18,0,0,119.345238,8.14285714,0,0.22222222,0,1.22222222,stats_player_week_2024.csv.gz
00-0036442,Joe Burrow,QB,CIN,2024,7,REG,CLE,15,25,181,2,0,3,-17,0,0,8,3,-3,0,0,0,0,-1.77186366,-1.70455188,28,0,0,108.916667,7.24,0,0.10714286,0,-0.10714286,stats_player_week_2024.csv.gz
00-0036971,Trevor Lawrence,QB,JAX,2024,7,REG,NE,15,20,193,1,0,0,0,0,0,9,2,13,0,0,0,2,11.18894467,2.49700424,20,0,0,121.458333,9.65,0,0,0,0.65,stats_player_week_2024.csv.gz
00-0037834,Brock Purdy,QB,SF,2024,7,REG,KC,17,31,212,0,3,1,-3,0,0,8,8,27,2,0,0,4,-10.69541663,3.2783354,32,0,0,36.693548,6.83870968,0.09677419,0.03125,0,0.84375,stats_player_week_2024.csv.gz
00-0038102,Kenny Pickett,QB,PHI,2024,7,REG,NYG,0,1,0,0,0,1,-8,0,0,0,0,0,0,0,0,0,-1.67581973,0,2,0,0,39.583333,0,0,0.5,0,0,stats_player_week_2024.csv.gz
00-0038579,Aidan O'Connell,QB,LV,2024,7,REG,LA,6,10,52,0,0,0,0,0,0,3,0,0,0,0,0,0,-1.13138372,0,10,0,0,73.75,5.2,0,0,0,0,stats_player_week_2024.csv.gz
00-0038582,Clayton Tune,QB,ARI,2024,7,REG,LAC,0,0,0,0,0,0,0,0,0,0,3,2,0,0,0,1,0,-4.84051883,0,0,0,,,,,,,stats_player_week_2024.csv.gz
00-0038583,Dorian Thompson-Robinson,QB,CLE,2024,7,REG,CIN,11,24,82,0,2,1,-3,1,0,3,3,44,0,0,0,2,-19.31839747,4.0635853,25,1,0,19.791667,3.41666667,0.08333333,0.04,0.04,1.76,stats_player_week_2024.csv.gz
00-0038998,Jake Haener,QB,NO,2024,7,REG,DEN,3,4,38,1,0,0,0,0,0,2,0,0,0,0,0,0,3.72810383,0,4,0,0,143.75,9.5,0,0,0,0,stats_player_week_2024.csv.gz
00-0039150,Bryce Young,QB,CAR,2024,7,REG,WAS,2,2,-4,0,0,0,0,0,0,0,0,0,0,0,0,0,-1.86007951,0,2,0,0,79.166667,-2,0,0,0,0,stats_player_week_2024.csv.gz
00-0039163,C.J. Stroud,QB,HOU,2024,7,REG,GB,10,21,86,0,0,4,-31,0,0,6,5,19,0,0,0,2,-11.36351556,1.02939258,25,0,0,58.829365,4.0952381,0,0.16,0,0.76,stats_player_week_2024.csv.gz
00-0039164,Anthony Richardson,QB,IND,2024,7,REG,MIA,10,24,129,0,0,0,0,0,0,6,14,56,0,1,1,3,-5.32929618,-6.57257556,24,1,1,59.201389,5.375,0,0,0.04166667,2.33333333,stats_player_week_2024.csv.gz
00-0039376,Spencer Rattler,QB,NO,2024,7,REG,DEN,25,35,172,0,0,6,-36,2,2,5,5,34,0,0,0,2,-28.09436148,3.50535857,41,2,2,82.083333,4.91428571,0,0.14634146,0.04878049,0.82926829,stats_player_week_2024.csv.gz
00-0039732,Bo Nix,QB,DEN,2024,7,REG,NO,16,26,164,0,0,0,0,0,0,8,10,75,0,0,0,4,1.1637443,3.02245257,26,0,0,79.647436,6.30769231,0,0,0,2.88461538,stats_player_week_2024.csv.gz
00-0039851,Drake Maye,QB,NE,2024,7,REG,JAX,26,37,276,2,0,2,-19,0,0,13,3,18,0,0,0,1,6.86378566,1.24658577,39,0,0,109.740991,7.45945946,0,0.05128205,0,0.46153846,stats_player_week_2024.csv.gz
00-0039910,Jayden Daniels,QB,WAS,2024,7,REG,CAR,2,2,6,0,0,0,0,0,0,0,3,50,0,0,0,1,-1.23999595,1.9645004,2,0,0,79.166667,3,0,0,0,25,stats_player_week_2024.csv.gz
00-0039917,Michael Penix Jr.,QB,ATL,2024,7,REG,SEA,1,1,14,0,0,0,0,0,0,1,0,0,0,0,0,0,1.37681666,0,1,0,0,118.75,14,0,0,0,0,stats_player_week_2024.csv.gz
00-0023459,Aaron Rodgers,QB,NYJ,2024,8,REG,NE,17,28,233,2,0,1,-9,0,0,12,0,0,0,0,0,0,4.21573919,0,29,0,0,111.160714,8.32142857,0,0.03448276,0,0,stats_player_week_2024.csv.gz
00-0026498,Matthew Stafford,QB,LA,2024,8,REG,MIN,25,34,279,4,1,0,0,0,0,16,3,-4,0,0,0,0,15.89027773,-2.07833066,34,0,0,124.509804,8.20588235,0.02941176,0,0,-0.11764706,stats_player_week_2024.csv.gz
00-0029263,Russell Wilson,QB,PIT,2024,8,REG,NYG,20,28,278,1,0,4,-19,1,1,12,3,7,0,0,0,0,3.76213792,-0.56344381,32,1,1,114.880952,9.92857143,0,0.125,0.03125,0.21875,stats_player_week_2024.csv.gz
00-0029604,Kirk Cousins,QB,ATL,2024,8,REG,TB,23,29,276,4,0,2,-11,0,0,11,3,16,0,1,0,1,15.14207897,2.08939358,31,1,0,145.905172,9.51724138,0,0.06451613,0.03225806,0.51612903,stats_player_week_2024.csv.gz
00-0030565,Geno Smith,QB,SEA,2024,8,REG,BUF,21,29,212,0,1,1,-11,0,0,13,5,16,0,0,0,1,1.15311451,-7.29504944,30,0,0,78.520115,7.31034483,0.03448276,0.03333333,0,0.53333333,stats_player_week_2024.csv.gz
00-0031503,Jameis Winston,QB,CLE,2024,8,REG,BAL,27,41,334,3,0,2,-13,1,1,16,2,2,0,0,0,2,11.89956042,0.77096231,43,1,1,115.294715,8.14634146,0,0.04651163,0.02325581,0.04651163,stats_player_week_2024.csv.gz
00-0033077,Dak Prescott,QB,DAL,2024,8,REG,SF,25,38,243,2,2,2,-7,0,0,13,1,-1,0,0,0,0,0.92618058,0,40,0,0,79.166667,6.39473684,0.05263158,0.05,0,-0.025,stats_player_week_2024.csv.gz
00-0033106,Jared Goff,QB,DET,2024,8,REG,TEN,12,15,85,3,0,4,-33,2,0,8,1,1,0,0,0,0,-3.54987914,-0.03351882,19,2,0,129.861111,5.66666667,0,0.21052632,0.10526316,0.05263158,stats_player_week_2024.csv.gz
00-0033119,Jacoby Brissett,QB,NE,2024,8,REG,NYJ,15,24,132,0,0,1,-11,0,0,6,3,11,0,1,0,1,2.74770635,-0.6605126,25,1,0,77.083333,5.5,0,0.04,0.04,0.44,stats_player_week_2024.csv.gz
00-0033869,Mitchell Trubisky,QB,BUF,2024,8,REG,SEA,0,0,0,0,0,0,0,0,0,0,3,-3,0,0,0,0,0,-3.70011733,0,0,0,,,,,,,stats_player_week_2024.csv.gz
00-0033873,Patrick Mahomes,QB,KC,2024,8,REG,LV,27,38,262,2,1,1,-10,0,0,17,6,17,0,0,0,2,10.57641999,1.0817741,39,0,0,96.600877,6.89473684,0.02631579,0.02564103,0,0.43589744,stats_player_week_2024.csv.gz
00-0034771,Mason Rudolph,QB,TEN,2024,8,REG,DET,22,38,266,1,2,1,-8,0,0,12,4,29,1,0,0,3,-12.47518506,3.85995519,39,0,0,66.337719,7,0.05263158,0.02564103,0,0.74358974,stats_player_week_2024.csv.gz
00-0034796,Lamar Jackson,QB,BAL,2024,8,REG,CLE,23,38,289,2,0,3,-26,0,0,14,8,46,0,0,0,2,7.56571185,0.00285916,41,0,0,101.754386,7.60526316,0,0.07317073,0,1.12195122,stats_player_week_2024.csv.gz
00-0034855,Baker Mayfield,QB,TB,2024,8,REG,ATL,37,50,330,3,2,0,0,0,0,16,3,11,0,1,0,2,8.49093467,3.63595524,50,1,0,94.583333,6.6,0.04,0,0.02,0.22,stats_player_week_2024.csv.gz
00-0034857,Josh Allen,QB,BUF,2024,8,REG,SEA,24,34,283,2,1,1,-2,1,0,12,7,25,0,0,0,3,12.49539778,1.86855325,35,1,0,102.941176,8.32352941,0.02941176,0.02857143,0.02857143,0.71428571,stats_player_week_2024.csv.gz
00-0034869,Sam Darnold,QB,MIN,2024,8,REG,LA,18,25,240,2,0,3,-28,0,0,14,3,6,0,0,0,1,8.46824148,0.58392257,28,0,0,128.75,9.6,0,0.10714286,0,0.21428571,stats_player_week_2024.csv.gz
00-0035228,Kyler Murray,QB,ARI,2024,8,REG,MIA,26,36,307,2,0,0,0,0,0,15,5,19,0,0,0,1,18.33353971,0.56816867,36,0,0,116.319444,8.52777778,0,0,0,0.52777778,stats_player_week_2024.csv.gz
00-0035289,Gardner Minshew,QB,LV,2024,8,REG,KC,24,30,209,2,0,5,-14,1,1,13,2,6,0,0,0,0,6.04688261,0.28388949,35,1,1,117.916667,6.96666667,0,0.14285714,0.02857143,0.17142857,stats_player_week_2024.csv.gz
00-0035710,Daniel Jones,QB,NYG,2024,8,REG,PIT,24,38,264,0,1,4,-27,1,1,10,3,1,0,0,0,1,-1.20344385,-0.15131399,42,1,1,72.697368,6.94736842,0.02631579,0.0952381,0.02380952,0.02380952,stats_player_week_2024.csv.gz
00-0036212,Tua Tagovailoa,QB,MIA,2024,8,REG,ARI,28,38,234,1,0,1,-7,1,0,15,3,13,0,2,0,1,8.73197643,-0.99110315,39,3,0,97.916667,6.15789474,0,0.02564103,0.07692308,0.33333333,stats_player_week_2024.csv.gz
00-0036264,Jordan Love,QB,GB,2024,8,REG,JAX,14,22,196,0,1,0,0,0,0,8,1,-1,0,0,0,0,2.87248521,0,22,0,0,73.295455,8.90909091,0.04545455,0,0,-0.04545455,stats_player_week_2024.csv.gz
00-0036355,Justin Herbert,QB,LAC,2024,8,REG,NO,20,32,279,2,0,3,-23,0,0,12,4,49,0,0,0,1,2.14943296,2.563759,35,0,0,111.328125,8.71875,0,0.08571429,0,1.4,stats_player_week_2024.csv.gz
00-0036389,Jalen Hurts,QB,PHI,2024,8,REG,CIN,16,20,236,1,0,0,0,0,0,10,10,37,3,0,0,7,14.40456037,7.02105153,20,0,0,132.5,11.8,0,0,0,1.85,stats_player_week_2024.csv.gz
00-0036442,Joe Burrow,QB,CIN,2024,8,REG,PHI,26,37,234,1,1,1,-12,0,0,15,3,15,0,0,0,1,6.64494654,2.36991735,38,0,0,84.740991,6.32432432,0.02702703,0.02631579,0,0.39473684,stats_player_week_2024.csv.gz
00-0036971,Trevor Lawrence,QB,JAX,2024,8,REG,GB,21,32,308,2,1,1,-9,1,1,14,4,10,1,0,0,2,5.36896218,1.2607313,33,1,1,104.6875,9.625,0.03125,0.03030303,0.03030303,0.3030303,stats_player_week_2024.csv.gz
00-0037834,Brock Purdy,QB,SF,2024,8,REG,DAL,18,26,260,1,0,2,-14,1,0,9,8,56,1,0,0,5,7.32197711,0.67384652,28,1,0,114.262821,10,0,0.07142857,0.03571429,2,stats_player_week_2024.csv.gz
00-0038128,Malik Willis,QB,GB,2024,8,REG,JAX,4,5,56,1,0,1,0,0,0,3,4,23,0,0,0,1,3.15587229,-1.47577296,6,0,0,152.916667,11.2,0,0.16666667,0,3.83333333,stats_player_week_2024.csv.gz
00-0038550,Hendon Hooker,QB,DET,2024,8,REG,TEN,2,3,6,0,0,0,0,0,0,0,0,0,0,0,0,0,-2.34709156,0,3,0,0,70.138889,2,0,0,0,0,stats_player_week_2024.csv.gz
00-0038998,Jake Haener,QB,NO,2024,8,REG,LAC,9,17,122,0,0,2,-16,0,0,4,2,10,0,0,0,0,-4.72029578,-0.68302949,19,0,0,76.102941,7.17647059,0,0.10526316,0,0.52631579,stats_player_week_2024.csv.gz
00-0039150,Bryce Young,QB,CAR,2024,8,REG,DEN,24,37,224,2,2,2,-9,0,0,11,3,6,0,0,0,0,-2.80137031,-1.21563374,39,0,0,76.858108,6.05405405,0.05405405,0.05128205,0,0.15384615,stats_player_week_2024.csv.gz
00-0039163,C.J. Stroud,QB,HOU,2024,8,REG,IND,25,37,285,1,0,2,-18,0,0,15,1,-10,0,1,1,0,5.50370747,-5.44491883,39,1,1,99.493243,7.7027027,0,0.05128205,0.02564103,-0.25641026,stats_player_week_2024.csv.gz
00-0039164,Anthony Richardson,QB,IND,2024,8,REG,HOU,10,32,175,1,1,5,-35,1,1,7,6,45,0,1,0,4,-8.09227265,2.99340509,37,2,1,48.307292,5.46875,0.03125,0.13513514,0.05405405,1.21621622,stats_player_week_2024.csv.gz
00-0039376,Spencer Rattler,QB,NO,2024,8,REG,LAC,12,24,156,0,0,3,-16,0,0,5,0,0,0,0,0,0,-5.94772838,0,27,0,0,70.833333,6.5,0,0.11111111,0,0,stats_player_week_2024.csv.gz
00-0039732,Bo Nix,QB,DEN,2024,8,REG,CAR,28,37,284,3,0,2,-17,0,0,15,5,4,1,0,0,2,13.63726206,1.37602883,39,0,0,124.155405,7.67567568,0,0.05128205,0,0.1025641,stats_player_week_2024.csv.gz
00-0039851,Drake Maye,QB,NE,2024,8,REG,NYJ,3,6,23,0,0,1,-8,0,0,1,3,46,1,0,0,3,-2.80582125,4.40964971,7,0,0,59.722222,3.83333333,0,0.14285714,0,6.57142857,stats_player_week_2024.csv.gz
00-0039910,Jayden Daniels,QB,WAS,2024,8,REG,CHI,21,38,326,1,0,2,-13,0,0,15,8,52,0,0,0,2,6.4380867,4.18213439,40,0,0,92.653509,8.57894737,0,0.05,0,1.3,stats_player_week_2024.csv.gz
00-0039918,Caleb Williams,QB,CHI,2024,8,REG,WAS,10,24,131,0,0,3,-26,0,0,6,9,47,0,1,1,2,-8.28472126,-4.77520211,27,1,1,59.548611,5.45833333,0,0.11111111,0.03703704,1.74074074,stats_player_week_2024.csv.gz
00-0023459,Aaron Rodgers,QB,NYJ,2024,9,REG,HOU,22,32,211,3,0,2,-18,0,0,11,1,-1,0,0,0,0,8.60553916,-1.8987704,34,0,0,118.098958,6.59375,0,0.05882353,0,-0.02941176,stats_player_week_2024.csv.gz
00-0026158,Joe Flacco,QB,IND,2024,9,REG,MIN,16,27,179,0,1,3,-20,0,0,9,2,-1,0,1,1,0,-8.77537293,-5.8948934,30,1,1,63.657407,6.62962963,0.03703704,0.1,0.03333333,-0.03333333,stats_player_week_2024.csv.gz
00-0026300,Josh Johnson,QB,BAL,2024,9,REG,DEN,0,0,0,0,0,0,0,0,0,0,3,2,0,0,0,0,0,0.15871324,0,0,0,,,,,,,stats_player_week_2024.csv.gz
00-0026498,Matthew Stafford,QB,LA,2024,9,REG,SEA,25,44,298,2,1,0,0,0,0,13,1,0,0,1,0,0,3.87341851,-0.96912961,44,1,0,83.333333,6.77272727,0.02272727,0,0.02272727,0,stats_player_week_2024.csv.gz
00-0029604,Kirk Cousins,QB,ATL,2024,9,REG,DAL,19,24,222,3,0,2,-12,1,1,12,4,-11,0,1,0,0,8.40133203,-3.28247442,26,2,1,144.791667,9.25,0,0.07692308,0.07692308,-0.42307692,stats_player_week_2024.csv.gz
00-0030565,Geno Smith,QB,SEA,2024,9,REG,LA,21,34,363,3,3,7,-46,0,0,14,6,16,0,1,0,1,-5.46529631,-5.62096242,41,1,0,90.686275,10.67647059,0.08823529,0.17073171,0.02439024,0.3902439,stats_player_week_2024.csv.gz
00-0031280,Derek Carr,QB,NO,2024,9,REG,CAR,18,31,236,1,0,1,-6,0,0,12,0,0,0,0,0,0,3.40296013,0,32,0,0,92.943548,7.61290323,0,0.03125,0,0,stats_player_week_2024.csv.gz
00-0031503,Jameis Winston,QB,CLE,2024,9,REG,LAC,26,46,235,1,3,6,-22,1,0,14,5,27,0,0,0,4,-20.96432229,5.63030884,52,1,0,50.543478,5.10869565,0.06521739,0.11538462,0.01923077,0.51923077,stats_player_week_2024.csv.gz
00-0033077,Dak Prescott,QB,DAL,2024,9,REG,ATL,18,24,133,1,0,3,-7,0,0,6,3,30,0,0,0,2,-3.45343743,1.84852812,27,0,0,101.5625,5.54166667,0,0.11111111,0,1.11111111,stats_player_week_2024.csv.gz
00-0033106,Jared Goff,QB,DET,2024,9,REG,GB,18,22,145,1,0,1,-8,0,0,8,3,-2,0,0,0,0,5.94298054,-3.68742153,23,0,0,109.280303,6.59090909,0,0.04347826,0,-0.08695652,stats_player_week_2024.csv.gz
00-0033662,Cooper Rush,QB,DAL,2024,9,REG,ATL,13,25,115,1,0,0,0,0,0,7,1,4,0,1,0,1,1.42938477,0.75750965,25,1,0,77.916667,4.6,0,0,0.04,0.16,stats_player_week_2024.csv.gz
00-0033873,Patrick Mahomes,QB,KC,2024,9,REG,TB,34,44,291,3,0,4,-31,0,0,19,2,9,0,0,0,1,16.10550987,0.51717154,48,0,0,116.761364,6.61363636,0,0.08333333,0,0.1875,stats_player_week_2024.csv.gz
00-0034771,Mason Rudolph,QB,TEN,2024,9,REG,NE,20,33,240,2,1,1,-7,0,0,13,4,19,0,1,0,2,5.17484952,1.34271575,34,1,0,90.467172,7.27272727,0.03030303,0.02941176,0.02941176,0.55882353,stats_player_week_2024.csv.gz
00-0034796,Lamar Jackson,QB,BAL,2024,9,REG,DEN,16,19,280,3,0,1,-11,0,0,12,3,4,0,0,0,1,19.33901561,-0.91457287,20,0,0,158.333333,14.73684211,0,0.05,0,0.2,stats_player_week_2024.csv.gz
00-0034855,Baker Mayfield,QB,TB,2024,9,REG,KC,23,31,200,2,0,2,-11,0,0,8,4,20,0,0,0,1,7.63886384,-1.34997286,33,0,0,112.298387,6.4516129,0,0.06060606,0,0.60606061,stats_player_week_2024.csv.gz
00-0034857,Josh Allen,QB,BUF,2024,9,REG,MIA,25,39,235,3,1,1,-4,0,0,15,2,7,0,0,0,1,8.92641708,-0.36242184,40,0,0,95.566239,6.02564103,0.02564103,0.025,0,0.175,stats_player_week_2024.csv.gz
00-0034869,Sam Darnold,QB,MIN,2024,9,REG,IND,28,34,290,3,2,4,-30,1,1,16,4,14,0,0,0,3,-6.18527818,1.56312825,38,1,1,107.107843,8.52941176,0.05882353,0.10526316,0.02631579,0.36842105,stats_player_week_2024.csv.gz
00-0035100,Jake Browning,QB,CIN,2024,9,REG,LV,0,0,0,0,0,0,0,0,0,0,1,-1,0,0,0,0,0,0,0,0,0,,,,,,,stats_player_week_2024.csv.gz
00-0035228,Kyler Murray,QB,ARI,2024,9,REG,CHI,13,20,154,0,0,3,-17,0,0,7,2,6,0,1,1,1,-1.32383255,-2.63748625,23,1,1,88.333333,7.7,0,0.13043478,0.04347826,0.26086957,stats_player_week_2024.csv.gz
00-0035289,Gardner Minshew,QB,LV,2024,9,REG,CIN,10,17,124,0,0,1,-7,0,0,6,1,0,0,1,1,0,0.95049529,-6.82715837,18,1,1,81.495098,7.29411765,0,0.05555556,0.05555556,0,stats_player_week_2024.csv.gz
00-0035710,Daniel Jones,QB,NYG,2024,9,REG,WAS,20,26,174,2,0,2,-12,1,1,10,7,54,1,0,0,6,-1.96801252,7.25239914,28,1,1,119.711538,6.69230769,0,0.07142857,0.03571429,1.92857143,stats_player_week_2024.csv.gz
00-0036212,Tua Tagovailoa,QB,MIA,2024,9,REG,BUF,25,28,231,2,0,1,-7,0,0,14,2,3,0,0,0,1,17.54432813,2.41864772,29,0,0,124.85119,8.25,0,0.03448276,0,0.10344828,stats_player_week_2024.csv.gz
00-0036264,Jordan Love,QB,GB,2024,9,REG,DET,23,39,273,0,1,0,0,0,0,10,3,0,0,3,0,0,-3.08127624,-3.15383024,39,3,0,69.711538,7,0.02564103,0,0.07692308,0,stats_player_week_2024.csv.gz
00-0036355,Justin Herbert,QB,LAC,2024,9,REG,CLE,18,27,282,2,0,6,-36,0,0,10,3,2,0,0,0,0,1.32420072,-0.16471714,33,0,0,125.848765,10.44444444,0,0.18181818,0,0.06060606,stats_player_week_2024.csv.gz
00-0036389,Jalen Hurts,QB,PHI,2024,9,REG,JAX,18,24,230,2,0,3,-20,0,0,11,13,67,1,0,0,4,4.1836919,4.84649434,27,0,0,132.291667,9.58333333,0,0.11111111,0,2.48148148,stats_player_week_2024.csv.gz
00-0036442,Joe Burrow,QB,CIN,2024,9,REG,LV,27,39,251,5,1,1,-8,0,0,18,3,11,0,0,0,2,7.01667319,0.9349663,40,0,0,115.491453,6.43589744,0.02564103,0.025,0,0.275,stats_player_week_2024.csv.gz
00-0036971,Trevor Lawrence,QB,JAX,2024,9,REG,PHI,16,31,169,0,2,2,-14,0,0,9,5,8,2,0,0,2,-8.78526807,0.676516,33,0,0,40.927419,5.4516129,0.06451613,0.06060606,0,0.24242424,stats_player_week_2024.csv.gz
00-0038122,Desmond Ridder,QB,LV,2024,9,REG,CIN,11,16,74,1,0,4,-34,1,1,4,1,2,0,0,0,0,-10.53820404,-0.04062787,20,1,1,99.479167,4.625,0,0.2,0.05,0.1,stats_player_week_2024.csv.gz
00-0039150,Bryce Young,QB,CAR,2024,9,REG,NO,16,26,171,1,1,1,-5,0,0,8,4,9,0,0,0,1,-0.5590031,0.12141918,27,0,0,77.564103,6.57692308,0.03846154,0.03703704,0,0.33333333,stats_player_week_2024.csv.gz
00-0039163,C.J. Stroud,QB,HOU,2024,9,REG,NYJ,11,30,191,0,0,8,-56,1,1,6,8,59,0,0,0,3,-13.43764723,6.81045292,38,1,1,59.166667,6.36666667,0,0.21052632,0.02631579,1.55263158,stats_player_week_2024.csv.gz
00-0039732,Bo Nix,QB,DEN,2024,9,REG,BAL,19,33,223,0,1,4,-28,0,0,9,6,36,0,0,0,3,-11.44222787,3.03754607,37,0,0,65.593434,6.75757576,0.03030303,0.10810811,0,0.97297297,stats_player_week_2024.csv.gz
00-0039851,Drake Maye,QB,NE,2024,9,REG,TEN,29,41,206,1,2,4,-21,1,1,10,8,95,0,1,0,5,-11.39064809,9.01196858,45,2,1,69.76626,5.02439024,0.04878049,0.08888889,0.04444444,2.11111111,stats_player_week_2024.csv.gz
00-0039910,Jayden Daniels,QB,WAS,2024,9,REG,NYG,15,22,209,2,0,0,0,0,0,8,8,35,0,0,0,3,9.80972033,-2.09022136,22,0,0,128.787879,9.5,0,0,0,1.59090909,stats_player_week_2024.csv.gz
00-0039918,Caleb Williams,QB,CHI,2024,9,REG,ARI,22,41,217,0,0,6,-45,0,0,10,4,5,0,0,0,0,-10.91194955,-2.1255361,47,0,0,68.851626,5.29268293,0,0.12765957,0,0.10638298,stats_player_week_2024.csv.gz
00-0023459,Aaron Rodgers,QB,NYJ,2024,10,REG,ARI,22,35,151,0,0,3,-23,1,1,10,0,0,0,0,0,0,-10.89334806,0,38,1,1,72.440476,4.31428571,0,0.07894737,0.02631579,0,stats_player_week_2024.csv.gz
00-0026158,Joe Flacco,QB,IND,2024,10,REG,BUF,26,35,272,2,3,4,-32,1,1,14,0,0,0,0,0,0,-12.45116131,0,39,1,1,79.702381,7.77142857,0.08571429,0.1025641,0.02564103,0,stats_player_week_2024.csv.gz
00-0026498,Matthew Stafford,QB,LA,2024,10,REG,MIA,32,46,293,0,1,4,-36,1,0,16,1,0,0,1,0,0,-7.01956509,-2.02761054,50,2,0,77.536232,6.36956522,0.02173913,0.08,0.04,0,stats_player_week_2024.csv.gz
00-0029263,Russell Wilson,QB,PIT,2024,10,REG,WAS,14,28,195,3,1,3,-23,0,0,9,4,3,0,0,0,1,7.32939568,-0.26491119,31,0,0,93.60119,6.96428571,0.03571429,0.09677419,0,0.09677419,stats_player_week_2024.csv.gz
00-0029604,Kirk Cousins,QB,ATL,2024,10,REG,NO,23,38,306,0,1,3,-19,2,0,12,0,0,0,0,0,0,-1.24544649,0,41,2,0,75.109649,8.05263158,0.02631579,0.07317073,0.04878049,0,stats_player_week_2024.csv.gz
00-0031280,Derek Carr,QB,NO,2024,10,REG,ATL,16,25,269,2,0,0,0,0,0,8,4,17,0,1,0,0,6.22285702,-1.79063269,25,1,0,126.916667,10.76,0,0,0.04,0.68,stats_player_week_2024.csv.gz
00-0033106,Jared Goff,QB,DET,2024,10,REG,HOU,15,30,240,2,5,0,0,0,0,11,1,2,0,0,0,1,-1.86882131,0.49398061,30,0,0,59.722222,8,0.16666667,0,0,0.06666667,stats_player_week_2024.csv.gz
00-0033662,Cooper Rush,QB,DAL,2024,10,REG,PHI,13,23,45,0,0,1,-10,1,1,3,2,2,0,1,1,1,-16.95471365,-4.03580077,24,2,2,61.684783,1.95652174,0,0.04166667,0.08333333,0.08333333,stats_player_week_2024.csv.gz
00-0033869,Mitchell Trubisky,QB,BUF,2024,10,REG,IND,0,0,0,0,0,0,0,0,0,0,1,-1,0,0,0,0,0,0,0,0,0,,,,,,,stats_player_week_2024.csv.gz
00-0033873,Patrick Mahomes,QB,KC,2024,10,REG,DEN,28,42,266,1,0,4,-23,0,0,13,3,19,0,0,0,1,3.87798302,1.46698411,46,0,0,91.964286,6.33333333,0,0.08695652,0,0.41304348,stats_player_week_2024.csv.gz
00-0034796,Lamar Jackson,QB,BAL,2024,10,REG,CIN,25,33,290,4,0,0,0,0,0,14,7,33,0,0,0,2,19.65990232,1.03085803,33,0,0,141.414141,8.78787879,0,0,0,1,stats_player_week_2024.csv.gz
00-0034855,Baker Mayfield,QB,TB,2024,10,REG,SF,18,29,116,1,0,2,-11,0,0,8,3,3,0,2,0,0,-1.52073397,-2.57791441,31,2,0,81.968391,4,0,0.06451613,0.06451613,0.09677419,stats_player_week_2024.csv.gz
00-0034857,Josh Allen,QB,BUF,2024,10,REG,IND,22,37,280,0,2,2,0,0,0,11,8,50,1,0,0,5,-6.46351329,7.7677914,39,0,0,60.641892,7.56756757,0.05405405,0.05128205,0,1.28205128,stats_player_week_2024.csv.gz
00-0034869,Sam Darnold,QB,MIN,2024,10,REG,JAX,24,38,241,0,3,1,-8,0,0,15,7,28,0,0,0,3,-2.4223577,3.97214158,39,0,0,48.245614,6.34210526,0.07894737,0.02564103,0,0.71794872,stats_player_week_2024.csv.gz
00-0035228,Kyler Murray,QB,ARI,2024,10,REG,NYJ,22,24,266,1,0,1,-7,1,0,15,3,21,2,0,0,3,17.98055608,2.90971124,25,1,0,126.736111,11.08333333,0,0.04,0.04,0.84,stats_player_week_2024.csv.gz
00-0035710,Daniel Jones,QB,NYG,2024,10,REG,CAR,22,37,190,0,2,2,-15,0,0,12,7,26,1,0,0,4,-10.28025679,3.01379523,39,0,0,50.506757,5.13513514,0.05405405,0.05128205,0,0.66666667,stats_player_week_2024.csv.gz
00-0036212,Tua Tagovailoa,QB,MIA,2024,10,REG,LA,20,28,207,1,1,3,-36,1,1,11,1,-1,0,0,0,0,-1.53125146,-2.37153973,31,1,1,89.434524,7.39285714,0.03571429,0.09677419,0.03225806,-0.03225806,stats_player_week_2024.csv.gz
00-0036355,Justin Herbert,QB,LAC,2024,10,REG,TEN,14,18,164,1,0,0,0,0,0,8,9,32,1,0,0,4,9.66890459,0.57533584,18,0,0,123.148148,9.11111111,0,0,0,1.77777778,stats_player_week_2024.csv.gz
00-0036389,Jalen Hurts,QB,PHI,2024,10,REG,DAL,14,20,202,2,1,5,-46,1,1,9,7,56,2,0,0,4,-4.8000113,5.95552167,25,1,1,115,10.1,0.05,0.2,0.04,2.24,stats_player_week_2024.csv.gz
00-0036442,Joe Burrow,QB,CIN,2024,10,REG,BAL,34,56,428,4,0,3,-7,1,0,21,2,6,0,1,0,0,12.23419832,-0.93897327,59,2,0,108.333333,7.64285714,0,0.05084746,0.03389831,0.10169492,stats_player_week_2024.csv.gz
00-0036972,Mac Jones,QB,JAX,2024,10,REG,MIN,14,22,111,0,2,3,-24,0,0,5,5,8,1,1,1,2,-8.99773466,-2.62488295,25,1,1,38.257576,5.04545455,0.09090909,0.12,0.04,0.32,stats_player_week_2024.csv.gz
00-0037012,Trey Lance,QB,DAL,2024,10,REG,PHI,4,6,21,0,1,2,-7,0,0,1,3,17,0,0,0,2,-5.34237773,0.72823461,8,0,0,32.638889,3.5,0.16666667,0.25,0,2.125,stats_player_week_2024.csv.gz
00-0037834,Brock Purdy,QB,SF,2024,10,REG,TB,25,36,353,2,0,3,-15,1,0,17,4,17,0,0,0,1,17.42038858,1.20060104,39,1,0,119.328704,9.80555556,0,0.07692308,0.02564103,0.43589744,stats_player_week_2024.csv.gz
00-0038102,Kenny Pickett,QB,PHI,2024,10,REG,DAL,1,2,5,0,0,0,0,0,0,0,1,1,0,0,0,1,-1.31991371,-1.64424383,2,0,0,56.25,2.5,0,0,0,0.5,stats_player_week_2024.csv.gz
00-0038582,Clayton Tune,QB,ARI,2024,10,REG,NYJ,0,0,0,0,0,0,0,0,0,0,1,-1,0,0,0,0,0,0,0,0,0,,,,,,,stats_player_week_2024.csv.gz
00-0039150,Bryce Young,QB,CAR,2024,10,REG,NYG,15,25,126,1,0,1,-8,0,0,6,2,30,0,0,0,1,-2.38272735,1.86464456,26,0,0,86.416667,5.04,0,0.03846154,0,1.15384615,stats_player_week_2024.csv.gz
00-0039152,Will Levis,QB,TEN,2024,10,REG,LAC,18,23,175,2,0,7,-18,1,0,10,5,41,0,0,0,4,1.36351781,4.90170162,30,1,0,127.355072,7.60869565,0,0.23333333,0.03333333,1.36666667,stats_player_week_2024.csv.gz
00-0039163,C.J. Stroud,QB,HOU,2024,10,REG,DET,19,33,232,1,2,4,-40,1,0,12,1,5,0,0,0,0,-5.87445884,-0.19315185,37,1,0,64.204545,7.03030303,0.06060606,0.10810811,0.02702703,0.13513514,stats_player_week_2024.csv.gz
00-0039732,Bo Nix,QB,DEN,2024,10,REG,KC,22,30,215,2,0,2,-33,0,0,12,3,-5,0,0,0,0,7.69634867,-2.31653309,32,0,0,115.277778,7.16666667,0,0.0625,0,-0.15625,stats_player_week_2024.csv.gz
00-0039851,Drake Maye,QB,NE,2024,10,REG,CHI,15,25,184,1,1,1,0,0,0,9,4,24,0,0,0,1,-1.33424407,-0.35784409,26,0,0,79.416667,7.36,0.04,0.03846154,0,0.92307692,stats_player_week_2024.csv.gz
00-0039910,Jayden Daniels,QB,WAS,2024,10,REG,PIT,17,34,202,0,0,3,-20,0,0,7,3,5,0,0,0,0,-9.26198055,-1.10610311,37,0,0,68.504902,5.94117647,0,0.08108108,0,0.13513514,stats_player_week_2024.csv.gz
00-0039918,Caleb Williams,QB,CHI,2024,10,REG,NE,16,30,120,0,0,9,-51,0,0,6,2,15,0,0,0,2,-22.35746096,2.80973552,39,0,0,63.194444,4,0,0.23076923,0,0.38461538,stats_player_week_2024.csv.gz
00-0023459,Aaron Rodgers,QB,NYJ,2024,11,REG,IND,22,29,184,2,0,3,-22,1,0,7,1,7,0,0,0,0,-0.44817846,-0.35392329,32,1,0,114.727011,6.34482759,0,0.09375,0.03125,0.21875,stats_player_week_2024.csv.gz
00-0026498,Matthew Stafford,QB,LA,2024,11,REG,NE,18,27,295,4,0,0,0,0,0,13,4,0,0,0,0,1,16.00179266,-0.90810063,27,0,0,142.746914,10.92592593,0,0,0,0,stats_player_week_2024.csv.gz
00-0029263,Russell Wilson,QB,PIT,2024,11,REG,BAL,23,36,205,0,1,4,-24,0,0,9,4,1,0,0,0,0,-11.59121234,-2.58040663,40,0,0,67.476852,5.69444444,0.02777778,0.1,0,0.025,stats_player_week_2024.csv.gz
00-0029604,Kirk Cousins,QB,ATL,2024,11,REG,DEN,18,27,173,0,1,3,-21,0,0,8,1,0,0,1,0,0,-7.25500905,-1.42002403,30,1,0,68.904321,6.40740741,0.03703704,0.1,0.03333333,0,stats_player_week_2024.csv.gz
00-0030565,Geno Smith,QB,SEA,2024,11,REG,SF,25,32,221,0,1,4,-26,0,0,10,4,29,1,1,0,2,-0.75493104,1.04162685,36,1,0,82.421875,6.90625,0.03125,0.11111111,0.02777778,0.80555556,stats_player_week_2024.csv.gz
00-0031280,Derek Carr,QB,NO,2024,11,REG,CLE,21,27,248,2,0,1,-7,1,0,10,1,8,0,0,0,1,12.27016735,0.8241498,28,1,0,129.62963,9.18518519,0,0.03571429,0.03571429,0.28571429,stats_player_week_2024.csv.gz
00-0031503,Jameis Winston,QB,CLE,2024,11,REG,NO,30,46,395,2,0,3,-18,0,0,17,1,8,0,0,0,0,9.08358894,0.06520996,49,0,0,106.702899,8.58695652,0,0.06122449,0,0.16326531,stats_player_week_2024.csv.gz
00-0033106,Jared Goff,QB,DET,2024,11,REG,JAX,24,29,412,4,0,0,0,0,0,20,4,21,0,0,0,2,32.97643591,3.51272611,29,0,0,158.333333,14.20689655,0,0,0,0.72413793,stats_player_week_2024.csv.gz
00-0033662,Cooper Rush,QB,DAL,2024,11,REG,HOU,32,55,354,1,1,5,-34,1,0,17,2,2,0,1,0,0,-13.67956624,-1.98500587,60,2,0,75.871212,6.43636364,0.01818182,0.08333333,0.03333333,0.03333333,stats_player_week_2024.csv.gz
00-0033873,Patrick Mahomes,QB,KC,2024,11,REG,BUF,23,33,196,3,2,2,-15,0,0,15,0,0,0,0,0,0,5.59977836,0,35,0,0,89.962121,5.93939394,0.06060606,0.05714286,0,0,stats_player_week_2024.csv.gz
00-0034796,Lamar Jackson,QB,BAL,2024,11,REG,PIT,16,33,207,1,1,2,-2,0,0,9,4,46,0,0,0,2,-2.43862098,3.2117205,35,0,0,66.098485,6.27272727,0.03030303,0.05714286,0,1.31428571,stats_player_week_2024.csv.gz
00-0034857,Josh Allen,QB,BUF,2024,11,REG,KC,27,40,262,1,1,0,0,0,0,13,12,55,1,0,0,4,5.96175869,5.13751916,40,0,0,83.541667,6.55,0.025,0,0,1.375,stats_player_week_2024.csv.gz
00-0034869,Sam Darnold,QB,MIN,2024,11,REG,TEN,20,32,246,2,0,2,-10,0,0,12,8,18,1,1,1,4,7.44695669,-3.32082015,34,1,1,107.03125,7.6875,0,0.05882353,0.02941176,0.52941176,stats_player_week_2024.csv.gz
00-0035289,Gardner Minshew,QB,LV,2024,11,REG,MIA,30,43,282,2,1,3,-14,0,0,17,2,7,0,0,0,1,4.92272397,0.97553016,46,0,0,93.362403,6.55813953,0.02325581,0.06521739,0,0.15217391,stats_player_week_2024.csv.gz
00-0036212,Tua Tagovailoa,QB,MIA,2024,11,REG,LV,28,36,288,3,0,2,-17,1,0,18,0,0,0,0,0,0,24.54144702,0,38,1,0,127.777778,8,0,0.05263158,0.02631579,0,stats_player_week_2024.csv.gz
00-0036264,Jordan Love,QB,GB,2024,11,REG,CHI,13,17,261,1,1,1,-1,0,0,10,4,18,1,0,0,2,13.07574553,-0.55752365,18,0,0,112.990196,15.35294118,0.05882353,0.05555556,0,1,stats_player_week_2024.csv.gz
00-0036355,Justin Herbert,QB,LAC,2024,11,REG,CIN,17,36,297,2,0,2,-17,0,0,14,5,65,0,1,1,3,1.99909936,-0.9517934,38,1,1,94.328704,8.25,0,0.05263158,0.02631579,1.71052632,stats_player_week_2024.csv.gz
00-0036389,Jalen Hurts,QB,PHI,2024,11,REG,WAS,18,28,221,0,0,2,-15,0,0,9,10,39,1,0,0,4,0.87373127,3.29524717,30,0,0,88.541667,7.89285714,0,0.06666667,0,1.3,stats_player_week_2024.csv.gz
00-0036442,Joe Burrow,QB,CIN,2024,11,REG,LAC,28,50,356,3,0,3,-14,0,0,14,2,28,0,0,0,2,6.43615314,2.83961469,53,0,0,98.416667,7.12,0,0.05660377,0,0.52830189,stats_player_week_2024.csv.gz
00-0036945,Justin Fields,QB,PIT,2024,11,REG,BAL,0,0,0,0,0,0,0,0,0,0,2,17,0,0,0,0,0,0.67079746,0,0,0,,,,,,,stats_player_week_2024.csv.gz
00-0036972,Mac Jones,QB,JAX,2024,11,REG,DET,17,29,138,0,1,1,-9,0,0,7,2,7,0,0,0,1,-11.86847911,0.46307103,30,0,0,56.393678,4.75862069,0.03448276,0.03333333,0,0.23333333,stats_player_week_2024.csv.gz
00-0037834,Brock Purdy,QB,SF,2024,11,REG,SEA,21,28,159,1,1,2,-13,0,0,10,5,40,1,0,0,3,0.76701784,4.63724502,30,0,0,85.267857,5.67857143,0.03571429,0.06666667,0,1.33333333,stats_player_week_2024.csv.gz
00-0038550,Hendon Hooker,QB,DET,2024,11,REG,JAX,3,4,37,0,0,0,0,0,0,2,4,3,0,0,0,1,3.62332212,-2.99576761,4,0,0,103.125,9.25,0,0,0,0.75,stats_player_week_2024.csv.gz
00-0038583,Dorian Thompson-Robinson,QB,CLE,2024,11,REG,NO,0,1,0,0,0,0,0,0,0,0,0,0,0,0,0,0,-0.47643924,0,1,0,0,39.583333,0,0,0,0,0,stats_player_week_2024.csv.gz
00-0038998,Jake Haener,QB,NO,2024,11,REG,CLE,0,0,0,0,0,0,0,0,0,0,2,-2,0,0,0,0,0,0,0,0,0,,,,,,,stats_player_week_2024.csv.gz
00-0039152,Will Levis,QB,TEN,2024,11,REG,MIN,17,31,295,1,1,5,-34,0,0,8,7,18,0,0,0,2,1.86654007,-2.1210167,36,0,0,84.744624,9.51612903,0.03225806,0.13888889,0,0.5,stats_player_week_2024.csv.gz
00-0039163,C.J. Stroud,QB,HOU,2024,11,REG,DAL,23,34,257,0,1,1,-7,0,0,13,3,26,0,0,0,1,6.41801195,0.67949497,35,0,0,77.696078,7.55882353,0.02941176,0.02857143,0,0.74285714,stats_player_week_2024.csv.gz
00-0039164,Anthony Richardson,QB,IND,2024,11,REG,NYJ,20,30,272,1,0,2,-31,1,1,13,10,32,2,1,0,3,8.69070818,2.73519718,32,2,1,106.527778,9.06666667,0,0.0625,0.0625,1,stats_player_week_2024.csv.gz
00-0039732,Bo Nix,QB,DEN,2024,11,REG,ATL,28,33,307,4,0,1,-12,0,0,14,2,5,0,0,0,0,22.72140827,-0.62235746,34,0,0,145.012626,9.3030303,0,0.02941176,0,0.14705882,stats_player_week_2024.csv.gz
00-0039851,Drake Maye,QB,NE,2024,11,REG,LA,29,39,282,2,1,3,-25,1,1,16,3,27,0,0,0,1,11.09398224,1.82253134,42,1,1,100.587607,7.23076923,0.02564103,0.07142857,0.02380952,0.64285714,stats_player_week_2024.csv.gz
00-0039910,Jayden Daniels,QB,WAS,2024,11,REG,PHI,22,32,191,1,1,3,-20,0,0,10,7,18,0,0,0,1,1.39634559,-4.84685746,35,0,0,81.640625,5.96875,0.03125,0.08571429,0,0.51428571,stats_player_week_2024.csv.gz
00-0039917,Michael Penix Jr.,QB,ATL,2024,11,REG,DEN,2,4,24,0,0,1,0,0,0,2,0,0,0,0,0,0,1.80463381,0,5,0,0,68.75,6,0,0.2,0,0,stats_player_week_2024.csv.gz
00-0039918,Caleb Williams,QB,CHI,2024,11,REG,GB,23,31,231,0,0,3,-19,0,0,12,9,70,0,0,0,5,3.19334448,9.59517161,34,0,0,94.959677,7.4516129,0,0.08823529,0,2.05882353,stats_player_week_2024.csv.gz
00-0026498,Matthew Stafford,QB,LA,2024,12,REG,PHI,24,36,243,2,0,5,-45,1,0,13,1,15,0,0,0,1,4.14663812,0.84577001,41,1,0,104.282407,6.75,0,0.12195122,0.02439024,0.36585366,stats_player_week_2024.csv.gz
00-0029263,Russell Wilson,QB,PIT,2024,12,REG,CLE,21,28,270,1,0,4,-22,1,1,10,3,10,0,0,0,0,7.81128631,-1.27444567,32,1,1,116.666667,9.64285714,0,0.125,0.03125,0.3125,stats_player_week_2024.csv.gz
00-0030565,Geno Smith,QB,SEA,2024,12,REG,ARI,22,31,254,1,1,5,-34,1,0,12,3,2,0,0,0,0,2.13066064,-0.37889932,36,1,0,92.674731,8.19354839,0.03225806,0.13888889,0.02777778,0.05555556,stats_player_week_2024.csv.gz
00-0031503,Jameis Winston,QB,CLE,2024,12,REG,PIT,18,27,219,0,1,1,0,1,1,8,3,7,1,0,0,3,-0.75708561,3.82640257,28,1,1,76.003086,8.11111111,0.03703704,0.03571429,0.03571429,0.25,stats_player_week_2024.csv.gz
00-0032434,Brandon Allen,QB,SF,2024,12,REG,GB,17,29,199,1,1,2,-2,2,1,8,2,5,0,0,0,0,-10.66756505,-0.99027761,31,2,1,76.652299,6.86206897,0.03448276,0.06451613,0.06451613,0.16129032,stats_player_week_2024.csv.gz
00-0033106,Jared Goff,QB,DET,2024,12,REG,IND,26,36,269,0,0,3,-16,1,0,15,2,0,0,0,0,0,9.31117049,-4.14000525,39,1,0,93.402778,7.47222222,0,0.07692308,0.02564103,0,stats_player_week_2024.csv.gz
00-0033319,Nick Mullens,QB,MIN,2024,12,REG,CHI,1,1,14,0,0,0,0,0,0,1,0,0,0,0,0,0,2.27550311,0,1,0,0,118.75,14,0,0,0,0,stats_player_week_2024.csv.gz
00-0033662,Cooper Rush,QB,DAL,2024,12,REG,WAS,24,32,247,2,0,1,-6,0,0,12,4,1,0,1,0,0,8.53961233,-3.91943946,33,1,0,117.578125,7.71875,0,0.03030303,0.03030303,0.03030303,stats_player_week_2024.csv.gz
00-0033873,Patrick Mahomes,QB,KC,2024,12,REG,CAR,27,37,269,3,0,5,-43,0,0,15,5,60,0,1,0,3,9.16923968,4.02140926,42,1,0,120.213964,7.27027027,0,0.11904762,0.02380952,1.42857143,stats_player_week_2024.csv.gz
00-0034796,Lamar Jackson,QB,BAL,2024,12,REG,LAC,16,22,177,2,0,1,0,0,0,6,8,15,1,0,0,1,8.12339573,-2.95584991,23,0,0,126.515152,8.04545455,0,0.04347826,0,0.65217391,stats_player_week_2024.csv.gz
00-0034855,Baker Mayfield,QB,TB,2024,12,REG,NYG,24,30,294,0,0,0,0,0,0,12,4,29,1,2,1,3,16.71585633,1.23383349,30,2,1,107.5,9.8,0,0,0.06666667,0.96666667,stats_player_week_2024.csv.gz
00-0034869,Sam Darnold,QB,MIN,2024,12,REG,CHI,22,34,330,2,0,3,-16,0,0,12,2,-1,0,0,0,1,10.17537104,-1.45367931,37,0,0,116.053922,9.70588235,0,0.08108108,0,-0.02702703,stats_player_week_2024.csv.gz
00-0035228,Kyler Murray,QB,ARI,2024,12,REG,SEA,24,37,285,0,1,5,-36,0,0,15,2,9,0,0,0,0,-5.31243997,-0.47884431,42,0,0,76.970721,7.7027027,0.02702703,0.11904762,0,0.21428571,stats_player_week_2024.csv.gz
00-0035289,Gardner Minshew,QB,LV,2024,12,REG,DEN,25,42,230,1,1,3,-12,0,0,11,2,5,0,1,0,0,-12.67881557,-1.16467688,45,1,0,72.519841,5.47619048,0.02380952,0.06666667,0.02222222,0.11111111,stats_player_week_2024.csv.gz
00-0035704,Drew Lock,QB,NYG,2024,12,REG,TB,1,1,3,0,0,0,0,0,0,0,0,0,0,0,0,0,-0.27051148,0,1,0,0,79.166667,3,0,0,0,0,stats_player_week_2024.csv.gz
00-0036212,Tua Tagovailoa,QB,MIA,2024,12,REG,NE,29,40,317,4,0,2,-9,0,0,19,3,-2,0,0,0,0,13.06181557,0,42,0,0,128.854167,7.925,0,0.04761905,0,-0.04761905,stats_player_week_2024.csv.gz
00-0036264,Jordan Love,QB,GB,2024,12,REG,SF,13,23,163,2,0,2,-7,0,0,9,1,2,0,0,0,1,6.63126454,1.64093897,25,0,0,107.699275,7.08695652,0,0.08,0,0.08,stats_player_week_2024.csv.gz
00-0036355,Justin Herbert,QB,LAC,2024,12,REG,BAL,21,36,218,0,0,4,-16,1,0,9,4,29,1,0,0,2,-1.83924857,2.00001407,40,1,0,75.925926,6.05555556,0,0.1,0.025,0.725,stats_player_week_2024.csv.gz
00-0036389,Jalen Hurts,QB,PHI,2024,12,REG,LA,15,22,179,1,0,1,-12,0,0,10,12,39,0,0,0,4,7.47146181,-0.32075996,23,0,0,107.954545,8.13636364,0,0.04347826,0,1.69565217,stats_player_week_2024.csv.gz
00-0036945,Justin Fields,QB,PIT,2024,12,REG,CLE,0,1,0,0,0,0,0,0,0,0,3,26,0,0,0,1,-1.11985027,-1.33341587,1,0,0,39.583333,0,0,0,0,26,stats_player_week_2024.csv.gz
00-0037012,Trey Lance,QB,DAL,2024,12,REG,WAS,0,0,0,0,0,0,0,0,0,0,1,-3,0,0,0,0,0,-1.02827851,0,0,0,,,,,,,stats_player_week_2024.csv.gz
00-0038102,Kenny Pickett,QB,PHI,2024,12,REG,LA,0,0,0,0,0,0,0,0,0,0,2,-2,0,0,0,0,0,0,0,0,0,,,,,,,stats_player_week_2024.csv.gz
00-0038122,Desmond Ridder,QB,LV,2024,12,REG,DEN,5,10,64,0,0,2,-16,1,1,3,1,3,0,0,0,0,-5.31582182,-0.41714414,12,1,1,70.416667,6.4,0,0.16666667,0.08333333,0.25,stats_player_week_2024.csv.gz
00-0038476,Tommy DeVito,QB,NYG,2024,12,REG,TB,21,31,189,0,0,4,-23,0,0,11,7,32,0,0,0,1,-6.28094351,0.71822969,35,0,0,83.938172,6.09677419,0,0.11428571,0,0.91428571,stats_player_week_2024.csv.gz
00-0039150,Bryce Young,QB,CAR,2024,12,REG,KC,21,35,263,1,0,2,-14,1,0,13,3,20,0,0,0,1,6.3489713,0.98847787,37,1,0,92.916667,7.51428571,0,0.05405405,0.02702703,0.54054054,stats_player_week_2024.csv.gz
00-0039152,Will Levis,QB,TEN,2024,12,REG,HOU,18,24,278,2,1,8,-41,0,0,8,8,10,0,1,1,3,-1.97456991,-6.86115837,32,1,1,123.263889,11.58333333,0.04166667,0.25,0.03125,0.3125,stats_player_week_2024.csv.gz
00-0039163,C.J. Stroud,QB,HOU,2024,12,REG,TEN,20,33,247,2,2,4,-27,0,0,11,3,18,0,0,0,0,-6.3654179,1.28141005,37,0,0,78.724747,7.48484848,0.06060606,0.10810811,0,0.48648649,stats_player_week_2024.csv.gz
00-0039164,Anthony Richardson,QB,IND,2024,12,REG,DET,11,28,172,0,0,0,0,0,0,7,10,61,0,1,0,3,-2.59162711,-0.85810768,28,1,0,60.416667,6.14285714,0,0,0.03571429,2.17857143,stats_player_week_2024.csv.gz
00-0039732,Bo Nix,QB,DEN,2024,12,REG,LV,25,42,273,2,0,1,-11,0,0,13,1,5,0,0,0,0,8.33752932,0.19645632,43,0,0,94.642857,6.5,0,0.02325581,0,0.11627907,stats_player_week_2024.csv.gz
00-0039851,Drake Maye,QB,NE,2024,12,REG,MIA,22,37,222,1,1,4,-39,1,1,8,5,26,0,0,0,0,-11.34917225,1.38362253,41,1,1,74.380631,6,0.02702703,0.09756098,0.02439024,0.63414634,stats_player_week_2024.csv.gz
00-0039910,Jayden Daniels,QB,WAS,2024,12,REG,DAL,25,38,275,2,2,4,-8,0,0,11,7,74,1,0,0,4,-6.08259267,9.36231041,42,0,0,82.675439,7.23684211,0.05263158,0.0952381,0,1.76190476,stats_player_week_2024.csv.gz
00-0039918,Caleb Williams,QB,CHI,2024,12,REG,MIN,32,47,340,2,0,3,-20,0,0,14,6,33,0,0,0,3,4.46716838,3.70837269,50,0,0,103.147163,7.23404255,0,0.06,0,0.66,stats_player_week_2024.csv.gz
00-0023459,Aaron Rodgers,QB,NYJ,2024,13,REG,SEA,21,39,185,2,1,2,-16,0,0,12,2,6,0,0,0,1,-14.03903068,1.09752338,41,0,0,73.130342,4.74358974,0.02564103,0.04878049,0,0.14634146,stats_player_week_2024.csv.gz
00-0026498,Matthew Stafford,QB,LA,2024,13,REG,NO,14,24,183,2,0,2,-17,0,0,9,4,3,0,0,0,2,0.29898912,2.78161278,26,0,0,110.243056,7.625,0,0.07692308,0,0.11538462,stats_player_week_2024.csv.gz
00-0029263,Russell Wilson,QB,PIT,2024,13,REG,CIN,29,38,414,3,1,2,-4,0,0,18,3,3,0,0,0,0,15.51566477,-1.97666439,40,0,0,126.425439,10.89473684,0.02631579,0.05,0,0.075,stats_player_week_2024.csv.gz
00-0029604,Kirk Cousins,QB,ATL,2024,13,REG,LAC,24,39,245,0,4,1,-11,1,0,13,1,3,0,0,0,1,-11.63355349,0.44074204,40,1,0,39.957265,6.28205128,0.1025641,0.025,0.025,0.075,stats_player_week_2024.csv.gz
00-0030565,Geno Smith,QB,SEA,2024,13,REG,NYJ,20,31,206,1,0,3,-31,0,0,7,2,2,0,0,0,0,-1.55871534,0.49022335,34,0,0,94.287634,6.64516129,0,0.08823529,0,0.05882353,stats_player_week_2024.csv.gz
00-0031280,Derek Carr,QB,NO,2024,13,REG,LA,24,37,184,1,0,0,0,0,0,11,2,12,0,0,0,1,-1.60412874,0.79010734,37,0,0,85.867117,4.97297297,0,0,0,0.32432432,stats_player_week_2024.csv.gz
00-0031503,Jameis Winston,QB,CLE,2024,13,REG,DEN,34,58,497,4,3,3,-22,0,0,24,3,11,0,0,0,1,-2.33928085,2.00329017,61,0,0,88.074713,8.56896552,0.05172414,0.04918033,0,0.18032787,stats_player_week_2024.csv.gz
00-0033106,Jared Goff,QB,DET,2024,13,REG,CHI,21,34,221,2,0,1,-9,0,0,12,1,1,0,0,0,1,7.1281699,0.6287495,35,0,0,100.245098,6.5,0,0.02857143,0,0.02857143,stats_player_week_2024.csv.gz
00-0033662,Cooper Rush,QB,DAL,2024,13,REG,NYG,21,36,195,1,0,0,0,0,0,10,5,0,0,1,0,0,-2.71940301,-1.55478184,36,1,0,82.523148,5.41666667,0,0,0.02777778,0,stats_player_week_2024.csv.gz
00-0033869,Mitchell Trubisky,QB,BUF,2024,13,REG,SF,1,1,4,0,0,0,0,0,0,0,4,-3,0,0,0,0,-0.1403976,-4.41929008,1,0,0,83.333333,4,0,0,0,-3,stats_player_week_2024.csv.gz
00-0033873,Patrick Mahomes,QB,KC,2024,13,REG,LV,26,46,306,1,0,5,-40,1,0,14,2,4,0,0,0,0,1.57444238,-0.05619032,51,1,0,84.148551,6.65217391,0,0.09803922,0.01960784,0.07843137,stats_player_week_2024.csv.gz
00-0034796,Lamar Jackson,QB,BAL,2024,13,REG,PHI,23,36,237,2,0,3,-31,0,0,11,8,79,0,2,0,5,-0.97268863,3.01023604,39,2,0,101.273148,6.58333333,0,0.07692308,0.05128205,2.02564103,stats_player_week_2024.csv.gz
00-0034855,Baker Mayfield,QB,TB,2024,13,REG,CAR,21,33,235,1,2,4,-31,0,0,14,3,8,0,1,0,1,-8.41891952,-3.43263306,37,1,0,69.633838,7.12121212,0.06060606,0.10810811,0.02702703,0.21621622,stats_player_week_2024.csv.gz
00-0034857,Josh Allen,QB,BUF,2024,13,REG,SF,13,17,148,2,0,0,0,0,0,7,3,18,1,0,0,3,7.45933077,4.52223501,17,0,0,141.29902,8.70588235,0,0,0,1.05882353,stats_player_week_2024.csv.gz
00-0034869,Sam Darnold,QB,MIN,2024,13,REG,ARI,21,31,235,2,0,5,-30,0,0,13,4,22,0,0,0,1,1.08370762,1.43342921,36,0,0,111.626344,7.58064516,0,0.13888889,0,0.61111111,stats_player_week_2024.csv.gz
00-0035228,Kyler Murray,QB,ARI,2024,13,REG,MIN,31,45,260,1,2,1,-8,1,0,13,7,48,0,0,0,2,0.9122894,2.37625877,46,1,0,72.453704,5.77777778,0.04444444,0.02173913,0.02173913,1.04347826,stats_player_week_2024.csv.gz
00-0035704,Drew Lock,QB,NYG,2024,13,REG,DAL,21,32,178,0,1,6,-47,1,1,8,4,57,1,0,0,3,-20.77091952,5.63860917,38,1,1,66.927083,5.5625,0.03125,0.15789474,0.02631579,1.5,stats_player_week_2024.csv.gz
00-0036212,Tua Tagovailoa,QB,MIA,2024,13,REG,GB,37,46,365,2,0,5,-29,0,0,20,2,6,0,0,0,0,11.94311647,-2.29525724,51,0,0,114.221014,7.93478261,0,0.09803922,0,0.11764706,stats_player_week_2024.csv.gz
00-0036264,Jordan Love,QB,GB,2024,13,REG,MIA,21,28,274,2,0,0,0,0,0,11,0,0,0,0,0,0,12.66735924,0,28,0,0,129.166667,9.78571429,0,0,0,0,stats_player_week_2024.csv.gz
00-0036355,Justin Herbert,QB,LAC,2024,13,REG,ATL,16,23,147,0,0,5,-19,0,0,5,5,1,0,0,0,2,-5.19822468,0.81075988,28,0,0,86.684783,6.39130435,0,0.17857143,0,0.03571429,stats_player_week_2024.csv.gz
00-0036389,Jalen Hurts,QB,PHI,2024,13,REG,BAL,11,19,118,1,0,2,-6,0,0,7,9,29,1,1,0,4,-1.56735605,3.15210435,21,1,0,93.75,6.21052632,0,0.0952381,0.04761905,1.38095238,stats_player_week_2024.csv.gz
00-0036442,Joe Burrow,QB,CIN,2024,13,REG,PIT,28,38,309,3,1,4,-27,2,2,16,2,9,0,0,0,0,-1.19445014,-0.16792984,42,2,2,112.719298,8.13157895,0.02631579,0.0952381,0.04761905,0.21428571,stats_player_week_2024.csv.gz
00-0036928,Kyle Trask,QB,TB,2024,13,REG,CAR,1,1,5,0,0,0,0,0,0,0,0,0,0,0,0,0,0.29781094,0,1,0,0,87.5,5,0,0,0,0,stats_player_week_2024.csv.gz
00-0036945,Justin Fields,QB,PIT,2024,13,REG,CIN,0,0,0,0,0,0,0,0,0,0,1,7,0,0,0,1,0,0.98490556,0,0,0,,,,,,,stats_player_week_2024.csv.gz
00-0036971,Trevor Lawrence,QB,JAX,2024,13,REG,HOU,4,10,41,0,1,0,0,0,0,1,1,6,0,0,0,0,-5.04194347,0.55203511,10,0,0,12.916667,4.1,0.1,0,0,0.6,stats_player_week_2024.csv.gz
00-0036972,Mac Jones,QB,JAX,2024,13,REG,HOU,20,32,235,2,0,0,0,0,0,12,3,6,0,0,0,0,14.26484844,-2.53404091,32,0,0,105.598958,7.34375,0,0,0,0.1875,stats_player_week_2024.csv.gz
00-0037834,Brock Purdy,QB,SF,2024,13,REG,BUF,11,18,94,0,0,2,-8,1,1,4,2,4,0,0,0,0,-6.68632351,-1.08747747,20,1,1,74.768519,5.22222222,0,0.1,0.05,0.2,stats_player_week_2024.csv.gz
00-0038579,Aidan O'Connell,QB,LV,2024,13,REG,KC,23,35,340,2,0,3,-22,0,0,13,1,0,0,1,1,0,9.18315134,-2.12086124,38,1,1,116.369048,9.71428571,0,0.07894737,0.02631579,0,stats_player_week_2024.csv.gz
00-0039150,Bryce Young,QB,CAR,2024,13,REG,TB,26,46,298,1,0,1,-9,0,0,14,3,17,1,0,0,1,4.51833309,2.13108665,47,0,0,83.423913,6.47826087,0,0.0212766,0,0.36170213,stats_player_week_2024.csv.gz
00-0039152,Will Levis,QB,TEN,2024,13,REG,WAS,18,37,212,2,0,2,-2,0,0,9,2,-3,0,1,0,0,1.92321707,-2.37031753,39,1,0,84.515766,5.72972973,0,0.05128205,0.02564103,-0.07692308,stats_player_week_2024.csv.gz
00-0039163,C.J. Stroud,QB,HOU,2024,13,REG,JAX,22,34,242,1,0,2,-24,0,0,10,5,7,0,0,0,0,2.83019421,-1.76038741,36,0,0,95.465686,7.11764706,0,0.05555556,0,0.19444444,stats_player_week_2024.csv.gz
00-0039164,Anthony Richardson,QB,IND,2024,13,REG,NE,12,24,109,2,2,0,0,0,0,5,9,48,1,0,0,5,-1.42261526,5.786665,24,0,0,55.729167,4.54166667,0.08333333,0,0,2,stats_player_week_2024.csv.gz
00-0039732,Bo Nix,QB,DEN,2024,13,REG,CLE,18,35,294,1,2,0,0,0,0,11,3,4,0,0,0,0,3.29786936,-1.70857834,35,0,0,65.654762,8.4,0.05714286,0,0,0.11428571,stats_player_week_2024.csv.gz
00-0039851,Drake Maye,QB,NE,2024,13,REG,IND,24,30,238,1,1,4,-16,0,0,14,5,59,0,0,0,2,7.79395303,3.74778044,34,0,0,96.944444,7.93333333,0.03333333,0.11764706,0,1.73529412,stats_player_week_2024.csv.gz
00-0039910,Jayden Daniels,QB,WAS,2024,13,REG,TEN,25,30,206,3,1,2,-10,1,0,12,9,34,1,0,0,2,10.12790516,-1.85120748,32,1,0,114.722222,6.86666667,0.03333333,0.0625,0.03125,1.0625,stats_player_week_2024.csv.gz
00-0039918,Caleb Williams,QB,CHI,2024,13,REG,DET,20,39,256,3,0,5,-33,0,0,11,4,39,0,0,0,1,-1.30950373,1.83426069,44,0,0,97.809829,6.56410256,0,0.11363636,0,0.88636364,stats_player_week_2024.csv.gz
00-0023459,Aaron Rodgers,QB,NYJ,2024,14,REG,MIA,27,39,339,1,0,3,-20,0,0,18,0,0,0,0,0,0,14.79969728,0,42,0,0,104.540598,8.69230769,0,0.07142857,0,0,stats_player_week_2024.csv.gz
00-0026498,Matthew Stafford,QB,LA,2024,14,REG,BUF,23,30,320,2,0,0,0,0,0,15,0,0,0,0,0,0,24.56409092,0,30,0,0,132.638889,10.66666667,0,0,0,0,stats_player_week_2024.csv.gz
00-0029263,Russell Wilson,QB,PIT,2024,14,REG,CLE,15,26,158,2,0,1,-11,0,0,6,6,17,0,0,0,3,-0.56081098,-3.06585252,27,0,0,101.121795,6.07692308,0,0.03703704,0,0.62962963,stats_player_week_2024.csv.gz
00-0029604,Kirk Cousins,QB,ATL,2024,14,REG,MIN,23,37,344,0,2,1,-6,0,0,15,0,0,0,0,0,0,0.71577642,0,38,0,0,70.101351,9.2972973,0.05405405,0.02631579,0,0,stats_player_week_2024.csv.gz
00-0030565,Geno Smith,QB,SEA,2024,14,REG,ARI,24,30,233,1,0,0,0,0,0,10,1,0,0,1,0,0,7.16109256,-1.43547525,30,1,0,110.138889,7.76666667,0,0,0.03333333,0,stats_player_week_2024.csv.gz
00-0031280,Derek Carr,QB,NO,2024,14,REG,NYG,20,31,219,1,1,1,-9,1,0,10,2,12,0,0,0,0,4.2640995,0.13918527,32,1,0,82.594086,7.06451613,0.03225806,0.03125,0.03125,0.375,stats_player_week_2024.csv.gz
00-0031503,Jameis Winston,QB,CLE,2024,14,REG,PIT,24,41,212,2,2,3,-16,0,0,11,4,28,0,0,0,4,-10.03739314,3.01046231,44,0,0,68.343496,5.17073171,0.04878049,0.06818182,0,0.63636364,stats_player_week_2024.csv.gz
00-0031800,Taylor Heinicke,QB,LAC,2024,14,REG,KC,0,0,0,0,0,0,0,0,0,0,1,12,0,0,0,0,0,-0.16525775,0,0,0,,,,,,,stats_player_week_2024.csv.gz
00-0032434,Brandon Allen,QB,SF,2024,14,REG,CHI,0,1,0,0,1,0,0,0,0,0,0,0,0,0,0,0,-1.6866125,0,1,0,0,0,0,1,0,0,0,stats_player_week_2024.csv.gz
00-0033106,Jared Goff,QB,DET,2024,14,REG,GB,32,41,283,3,1,1,-3,0,0,18,4,7,0,0,0,1,11.8485977,1.64266163,42,0,0,109.654472,6.90243902,0.02439024,0.02380952,0,0.16666667,stats_player_week_2024.csv.gz
00-0033319,Nick Mullens,QB,MIN,2024,14,REG,ATL,0,0,0,0,0,0,0,0,0,0,2,-2,0,0,0,0,0,0,0,0,0,,,,,,,stats_player_week_2024.csv.gz
00-0033662,Cooper Rush,QB,DAL,2024,14,REG,CIN,16,31,183,2,1,3,-17,0,0,9,2,5,0,0,0,1,-5.96356598,0.60749365,34,0,0,77.755376,5.90322581,0.03225806,0.08823529,0,0.14705882,stats_player_week_2024.csv.gz
00-0033873,Patrick Mahomes,QB,KC,2024,14,REG,LAC,24,37,210,1,0,3,-8,0,0,11,4,17,0,0,0,2,0.63031114,1.1012447,40,0,0,88.795045,5.67567568,0,0.075,0,0.425,stats_player_week_2024.csv.gz
00-0034855,Baker Mayfield,QB,TB,2024,14,REG,LV,18,29,295,3,2,4,-27,1,1,13,2,12,0,0,0,0,4.73274773,0.28027861,33,1,1,101.939655,10.17241379,0.06896552,0.12121212,0.03030303,0.36363636,stats_player_week_2024.csv.gz
00-0034857,Josh Allen,QB,BUF,2024,14,REG,LA,22,37,342,3,0,0,0,0,0,14,10,82,3,0,0,6,16.82364494,9.62992943,37,0,0,117.173423,9.24324324,0,0,0,2.21621622,stats_player_week_2024.csv.gz
00-0034869,Sam Darnold,QB,MIN,2024,14,REG,ATL,22,28,347,5,0,4,-29,0,0,15,4,7,0,0,0,0,23.60484577,-1.67286031,32,0,0,157.886905,12.39285714,0,0.125,0,0.21875,stats_player_week_2024.csv.gz
00-0035228,Kyler Murray,QB,ARI,2024,14,REG,SEA,25,38,259,2,2,2,-24,0,0,14,3,16,0,0,0,1,-4.43118471,1.26633094,40,0,0,80.921053,6.81578947,0.05263158,0.05,0,0.4,stats_player_week_2024.csv.gz
00-0035704,Drew Lock,QB,NYG,2024,14,REG,NO,21,49,227,0,1,2,-14,0,0,12,5,59,0,0,0,3,-11.0914914,5.77423803,51,0,0,48.596939,4.63265306,0.02040816,0.03921569,0,1.15686275,stats_player_week_2024.csv.gz
00-0036212,Tua Tagovailoa,QB,MIA,2024,14,REG,NYJ,33,47,331,2,0,0,0,0,0,21,1,3,0,0,0,0,21.08773021,-0.0579507,47,0,0,104.12234,7.04255319,0,0,0,0.06382979,stats_player_week_2024.csv.gz
00-0036264,Jordan Love,QB,GB,2024,14,REG,DET,12,20,206,1,0,1,-7,0,0,7,4,23,0,0,0,1,6.70113651,1.7571253,21,0,0,111.666667,10.3,0,0.04761905,0,1.0952381,stats_player_week_2024.csv.gz
00-0036355,Justin Herbert,QB,LAC,2024,14,REG,KC,21,30,213,1,0,3,-19,0,0,11,4,12,0,0,0,2,8.15570705,-0.58952854,33,0,0,101.111111,7.1,0,0.09090909,0,0.36363636,stats_player_week_2024.csv.gz
00-0036389,Jalen Hurts,QB,PHI,2024,14,REG,CAR,14,21,108,2,0,4,-25,1,0,7,8,59,1,0,0,4,-1.79476411,2.55469378,25,1,0,110.813492,5.14285714,0,0.16,0.04,2.36,stats_player_week_2024.csv.gz
00-0036442,Joe Burrow,QB,CIN,2024,14,REG,DAL,33,44,369,3,1,2,-10,1,0,18,2,-2,0,0,0,0,10.57528745,-1.03306451,46,1,0,112.784091,8.38636364,0.02272727,0.04347826,0.02173913,-0.04347826,stats_player_week_2024.csv.gz
00-0036972,Mac Jones,QB,JAX,2024,14,REG,TEN,23,31,220,0,2,1,0,0,0,11,3,3,0,0,0,0,5.34427676,-3.62669913,32,0,0,66.599462,7.09677419,0.06451613,0.03125,0,0.09375,stats_player_week_2024.csv.gz
00-0037834,Brock Purdy,QB,SF,2024,14,REG,CHI,20,25,325,2,0,1,-4,0,0,13,5,11,0,0,0,2,22.78080664,0.06068879,26,0,0,145.416667,13,0,0.03846154,0,0.42307692,stats_player_week_2024.csv.gz
00-0038122,Desmond Ridder,QB,LV,2024,14,REG,TB,12,18,101,0,0,1,0,0,0,5,2,3,0,1,0,0,0.99123403,-1.45168327,19,1,0,81.018519,5.61111111,0,0.05263158,0.05263158,0.15789474,stats_player_week_2024.csv.gz
00-0038416,Tyson Bagent,QB,CHI,2024,14,REG,SF,1,1,6,0,0,0,0,0,0,1,0,0,0,0,0,0,0.39104868,0,1,0,0,91.666667,6,0,0,0,0,stats_player_week_2024.csv.gz
00-0038579,Aidan O'Connell,QB,LV,2024,14,REG,TB,11,19,104,0,1,1,-10,0,0,3,6,6,1,1,1,3,-7.5808054,-4.25383972,20,1,1,51.20614,5.47368421,0.05263158,0.05,0.05,0.3,stats_player_week_2024.csv.gz
00-0038998,Jake Haener,QB,NO,2024,14,REG,NYG,0,0,0,0,0,1,-10,0,0,0,1,-1,0,0,0,0,-1.33921841,0,1,0,0,,,,1,0,-1,stats_player_week_2024.csv.gz
00-0039150,Bryce Young,QB,CAR,2024,14,REG,PHI,19,34,191,1,1,1,-7,0,0,11,7,29,0,0,0,2,2.78333639,1.89876738,35,0,0,69.607843,5.61764706,0.02941176,0.02857143,0,0.82857143,stats_player_week_2024.csv.gz
00-0039152,Will Levis,QB,TEN,2024,14,REG,JAX,19,32,168,0,0,2,-22,1,0,8,1,3,0,0,0,1,-10.75772617,0.46220374,34,1,0,73.4375,5.25,0,0.05882353,0.02941176,0.08823529,stats_player_week_2024.csv.gz
00-0039918,Caleb Williams,QB,CHI,2024,14,REG,SF,17,23,134,2,0,7,-46,1,1,9,4,27,0,0,0,1,-7.52240023,1.48183905,30,1,1,116.938406,5.82608696,0,0.23333333,0.03333333,0.9,stats_player_week_2024.csv.gz
00-0023459,Aaron Rodgers,QB,NYJ,2024,15,REG,JAX,16,30,289,3,0,1,-14,0,0,10,6,45,0,0,0,3,13.7743219,5.1794612,31,0,0,120,9.63333333,0,0.03225806,0,1.4516129,stats_player_week_2024.csv.gz
00-0026300,Josh Johnson,QB,BAL,2024,15,REG,NYG,0,0,0,0,0,1,-5,0,0,0,1,-1,0,0,0,0,-1.17933199,-3.72154455,1,0,0,,,,1,0,-1,stats_player_week_2024.csv.gz
00-0026498,Matthew Stafford,QB,LA,2024,15,REG,SF,16,27,160,0,0,0,0,0,0,6,4,18,0,0,0,3,-5.8965312,2.94042789,27,0,0,76.157407,5.92592593,0,0,0,0.66666667,stats_player_week_2024.csv.gz
00-0029263,Russell Wilson,QB,PIT,2024,15,REG,PHI,14,22,128,1,0,2,-21,0,0,5,4,13,0,1,1,2,-5.86317927,-3.91929205,24,1,1,94.507576,5.81818182,0,0.08333333,0.04166667,0.54166667,stats_player_week_2024.csv.gz
00-0029604,Kirk Cousins,QB,ATL,2024,15,REG,LV,11,17,112,1,1,3,-19,0,0,6,3,0,0,1,0,0,-7.51199789,-2.39610842,20,1,0,78.553922,6.58823529,0.05882353,0.15,0.05,0,stats_player_week_2024.csv.gz
00-0030565,Geno Smith,QB,SEA,2024,15,REG,GB,15,19,149,0,1,3,-24,0,0,6,1,5,0,0,0,1,-5.20553554,1.27962141,22,0,0,77.412281,7.84210526,0.05263158,0.13636364,0,0.22727273,stats_player_week_2024.csv.gz
00-0031503,Jameis Winston,QB,CLE,2024,15,REG,KC,16,25,146,0,3,5,-37,1,0,8,2,-2,0,0,0,0,-20.19763108,-1.138801,30,1,0,40.166667,5.84,0.12,0.16666667,0.03333333,-0.06666667,stats_player_week_2024.csv.gz
00-0031800,Taylor Heinicke,QB,LAC,2024,15,REG,TB,1,1,4,0,0,0,0,0,0,0,0,0,0,0,0,0,-0.28928325,0,1,0,0,83.333333,4,0,0,0,0,stats_player_week_2024.csv.gz
00-0032950,Carson Wentz,QB,KC,2024,15,REG,CLE,2,2,20,0,0,0,0,0,0,1,3,0,0,0,0,0,2.02910937,-3.54260906,2,0,0,108.333333,10,0,0,0,0,stats_player_week_2024.csv.gz
00-0033106,Jared Goff,QB,DET,2024,15,REG,BUF,38,59,494,5,0,3,-21,1,0,27,2,13,0,0,0,1,27.99841333,1.44095357,62,1,0,118.891243,8.37288136,0,0.0483871,0.01612903,0.20967742,stats_player_week_2024.csv.gz
00-0033662,Cooper Rush,QB,DAL,2024,15,REG,CAR,18,29,214,3,0,1,-15,0,0,11,4,5,0,2,1,0,11.53410494,-6.57371052,30,2,1,119.037356,7.37931034,0,0.03333333,0.06666667,0.16666667,stats_player_week_2024.csv.gz
00-0033873,Patrick Mahomes,QB,KC,2024,15,REG,CLE,19,38,159,2,0,0,0,0,0,11,2,14,0,0,0,1,-4.49124024,1.66021225,38,0,0,78.72807,4.18421053,0,0,0,0.36842105,stats_player_week_2024.csv.gz
00-0034177,Tim Boyle,QB,NYG,2024,15,REG,BAL,12,24,123,1,1,1,-2,0,0,4,1,-1,0,0,0,0,-7.38970462,0,25,0,0,61.631944,5.125,0.04166667,0.04,0,-0.04,stats_player_week_2024.csv.gz
00-0034771,Mason Rudolph,QB,TEN,2024,15,REG,CIN,21,26,209,2,1,0,0,0,0,10,2,14,0,0,0,2,9.53958356,1.14084701,26,0,0,109.775641,8.03846154,0.03846154,0,0,0.53846154,stats_player_week_2024.csv.gz
00-0034796,Lamar Jackson,QB,BAL,2024,15,REG,NYG,21,25,290,5,0,2,-10,0,0,13,6,65,0,1,1,4,24.62604584,-1.67812481,27,1,1,154.583333,11.6,0,0.07407407,0.03703704,2.40740741,stats_player_week_2024.csv.gz
00-0034855,Baker Mayfield,QB,TB,2024,15,REG,LAC,22,27,288,4,1,1,-5,0,0,12,2,25,0,0,0,1,17.86193652,0.77685843,28,0,0,135.262346,10.66666667,0.03703704,0.03571429,0,0.89285714,stats_player_week_2024.csv.gz
00-0034857,Josh Allen,QB,BUF,2024,15,REG,DET,23,34,362,2,0,0,0,0,0,15,11,68,2,0,0,6,19.88584447,6.02457925,34,0,0,122.426471,10.64705882,0,0,0,2,stats_player_week_2024.csv.gz
00-0034869,Sam Darnold,QB,MIN,2024,15,REG,CHI,24,40,231,1,1,2,-16,0,0,14,0,0,0,0,0,0,2.88645001,0,42,0,0,74.0625,5.775,0.025,0.04761905,0,0,stats_player_week_2024.csv.gz
00-0035228,Kyler Murray,QB,ARI,2024,15,REG,NE,23,30,224,0,0,0,0,0,0,9,5,11,0,0,0,0,11.53068654,-3.70616581,30,0,0,97.083333,7.46666667,0,0,0,0.36666667,stats_player_week_2024.csv.gz
00-0036212,Tua Tagovailoa,QB,MIA,2024,15,REG,HOU,29,40,196,1,3,3,-24,1,1,11,0,0,0,0,0,0,-8.85468627,0,43,1,1,60,4.9,0.075,0.06976744,0.02325581,0,stats_player_week_2024.csv.gz
00-0036264,Jordan Love,QB,GB,2024,15,REG,SEA,20,27,229,2,0,0,0,0,0,10,1,4,0,0,0,0,10.78230667,0.41282231,27,0,0,123.842593,8.48148148,0,0,0,0.14814815,stats_player_week_2024.csv.gz
00-0036355,Justin Herbert,QB,LAC,2024,15,REG,TB,21,33,195,2,1,3,-25,0,0,10,0,0,0,0,0,0,-11.1762095,0,36,0,0,87.310606,5.90909091,0.03030303,0.08333333,0,0,stats_player_week_2024.csv.gz
00-0036389,Jalen Hurts,QB,PHI,2024,15,REG,PIT,25,32,290,2,0,3,-20,0,0,15,15,45,1,1,1,5,21.31153848,-6.63181653,35,1,1,125.260417,9.0625,0,0.08571429,0.02857143,1.28571429,stats_player_week_2024.csv.gz
00-0036442,Joe Burrow,QB,CIN,2024,15,REG,TEN,26,37,271,3,2,1,-2,1,1,12,0,0,0,0,0,0,7.05975479,0,38,1,1,95.664414,7.32432432,0.05405405,0.02631579,0.02631579,0,stats_player_week_2024.csv.gz
00-0036945,Justin Fields,QB,PIT,2024,15,REG,PHI,0,0,0,0,0,0,0,0,0,0,1,8,0,0,0,0,0,1.3654498,0,0,0,,,,,,,stats_player_week_2024.csv.gz
00-0036972,Mac Jones,QB,JAX,2024,15,REG,NYJ,31,46,294,2,2,2,-9,0,0,13,4,29,0,0,0,3,4.56038845,3.81374576,48,0,0,81.25,6.39130435,0.04347826,0.04166667,0,0.60416667,stats_player_week_2024.csv.gz
00-0037077,Sam Howell,QB,SEA,2024,15,REG,GB,5,14,24,0,1,4,-21,0,0,1,1,2,0,0,0,0,-15.57291831,-0.70749635,18,0,0,14.583333,1.71428571,0.07142857,0.22222222,0,0.11111111,stats_player_week_2024.csv.gz
00-0037834,Brock Purdy,QB,SF,2024,15,REG,LA,14,31,142,0,1,3,-14,0,0,7,1,3,0,0,0,1,-10.56654485,0.5765568,34,0,0,45.362903,4.58064516,0.03225806,0.08823529,0,0.08823529,stats_player_week_2024.csv.gz
00-0038122,Desmond Ridder,QB,LV,2024,15,REG,ATL,23,39,208,1,2,3,-14,0,0,11,5,28,0,0,0,2,-7.51598012,3.4071292,42,0,0,60.630342,5.33333333,0.05128205,0.07142857,0,0.66666667,stats_player_week_2024.csv.gz
00-0038416,Tyson Bagent,QB,CHI,2024,15,REG,MIN,1,1,5,0,0,0,0,0,0,0,0,0,0,0,0,0,-0.07218117,0,1,0,0,87.5,5,0,0,0,0,stats_player_week_2024.csv.gz
00-0038476,Tommy DeVito,QB,NYG,2024,15,REG,BAL,10,13,68,0,0,2,-8,0,0,4,1,0,0,0,0,0,-1.72798898,-3.45817564,15,0,0,87.980769,5.23076923,0,0.13333333,0,0,stats_player_week_2024.csv.gz
00-0038582,Clayton Tune,QB,ARI,2024,15,REG,NE,2,2,8,0,0,0,0,0,0,0,1,-1,0,0,0,0,-1.12801868,-1.89173326,2,0,0,83.333333,4,0,0,0,-0.5,stats_player_week_2024.csv.gz
00-0038583,Dorian Thompson-Robinson,QB,CLE,2024,15,REG,KC,4,9,18,0,1,0,0,0,0,1,3,16,0,0,0,2,-7.47104184,0.71609566,9,0,0,12.037037,2,0.11111111,0,0,1.77777778,stats_player_week_2024.csv.gz
00-0038998,Jake Haener,QB,NO,2024,15,REG,WAS,4,10,49,0,1,3,-29,0,0,2,1,7,0,0,0,0,-9.44251525,-1.0061772,13,0,0,16.25,4.9,0.1,0.23076923,0,0.53846154,stats_player_week_2024.csv.gz
00-0039150,Bryce Young,QB,CAR,2024,15,REG,DAL,19,28,219,1,2,6,-44,1,1,7,3,12,1,1,1,1,-10.28511112,-3.43383361,34,2,2,73.363095,7.82142857,0.07142857,0.17647059,0.05882353,0.35294118,stats_player_week_2024.csv.gz
00-0039152,Will Levis,QB,TEN,2024,15,REG,CIN,8,12,89,0,3,1,-7,0,0,3,2,0,0,1,1,1,-12.2998171,-3.13925886,13,1,1,48.958333,7.41666667,0.25,0.07692308,0.07692308,0,stats_player_week_2024.csv.gz
00-0039163,C.J. Stroud,QB,HOU,2024,15,REG,MIA,18,26,131,2,0,4,-27,0,0,8,6,4,0,1,1,1,-6.68822988,-5.04129877,30,1,1,106.410256,5.03846154,0,0.13333333,0.03333333,0.13333333,stats_player_week_2024.csv.gz
00-0039164,Anthony Richardson,QB,IND,2024,15,REG,DEN,17,38,172,0,2,2,-11,0,0,8,7,46,1,0,0,2,-15.75578245,1.16139469,40,0,0,36.29386,4.52631579,0.05263158,0.05,0,1.15,stats_player_week_2024.csv.gz
00-0039376,Spencer Rattler,QB,NO,2024,15,REG,WAS,10,21,135,1,0,0,0,0,0,8,0,0,0,0,0,0,6.28820632,0,21,0,0,84.424603,6.42857143,0,0,0,0,stats_player_week_2024.csv.gz
00-0039732,Bo Nix,QB,DEN,2024,15,REG,IND,20,33,130,3,3,1,-9,0,0,5,8,23,0,0,0,4,-14.8256102,2.72389266,34,0,0,61.426768,3.93939394,0.09090909,0.02941176,0,0.67647059,stats_player_week_2024.csv.gz
00-0039851,Drake Maye,QB,NE,2024,15,REG,ARI,19,23,202,1,1,2,-7,0,0,10,4,14,1,1,0,1,3.4368945,-0.13767582,25,1,0,99.637681,8.7826087,0.04347826,0.08,0.04,0.56,stats_player_week_2024.csv.gz
00-0039910,Jayden Daniels,QB,WAS,2024,15,REG,NO,25,31,226,2,0,8,-37,0,0,11,11,66,0,1,0,6,1.10654859,9.047136,39,1,0,118.548387,7.29032258,0,0.20512821,0.02564103,1.69230769,stats_player_week_2024.csv.gz
00-0039918,Caleb Williams,QB,CHI,2024,15,REG,MIN,18,31,191,1,0,2,-25,1,1,8,4,3,0,0,0,0,-4.34817373,-3.16396662,33,1,1,86.895161,6.16129032,0,0.06060606,0.03030303,0.09090909,stats_player_week_2024.csv.gz
00-0023459,Aaron Rodgers,QB,NYJ,2024,16,REG,LA,28,42,256,1,0,1,-10,1,1,14,1,6,0,0,0,0,2.75804334,-0.26120399,43,1,1,90.972222,6.0952381,0,0.02325581,0.02325581,0.13953488,stats_player_week_2024.csv.gz
00-0026498,Matthew Stafford,QB,LA,2024,16,REG,NYJ,14,19,110,1,1,0,0,0,0,7,3,-4,0,0,0,0,3.18677963,-3.81671091,19,0,0,83.223684,5.78947368,0.05263158,0,0,-0.21052632,stats_player_week_2024.csv.gz
00-0029263,Russell Wilson,QB,PIT,2024,16,REG,BAL,22,33,217,2,1,3,-19,0,0,14,3,27,0,1,1,0,-6.29624919,-3.75963415,36,1,1,92.613636,6.57575758,0.03030303,0.08333333,0.02777778,0.75,stats_player_week_2024.csv.gz
00-0030565,Geno Smith,QB,SEA,2024,16,REG,MIN,31,43,314,3,2,2,-12,0,0,17,1,8,0,0,0,0,0.30338777,0.55186576,45,0,0,96.463178,7.30232558,0.04651163,0.04444444,0,0.17777778,stats_player_week_2024.csv.gz
00-0033106,Jared Goff,QB,DET,2024,16,REG,CHI,23,32,336,3,0,1,-7,0,0,15,1,-1,0,0,0,0,15.49068331,0,33,0,0,136.979167,10.5,0,0.03030303,0,-0.03030303,stats_player_week_2024.csv.gz
00-0033662,Cooper Rush,QB,DAL,2024,16,REG,TB,26,35,292,1,0,1,-6,0,0,12,3,-4,0,0,0,0,9.25454559,-2.27160751,36,0,0,108.27381,8.34285714,0,0.02777778,0,-0.11111111,stats_player_week_2024.csv.gz
00-0033873,Patrick Mahomes,QB,KC,2024,16,REG,HOU,28,41,260,1,0,1,-9,0,0,14,5,33,1,0,0,1,9.49025184,0.14836129,42,0,0,93.546748,6.34146341,0,0.02380952,0,0.78571429,stats_player_week_2024.csv.gz
00-0034771,Mason Rudolph,QB,TEN,2024,16,REG,IND,23,34,252,2,3,1,-10,0,0,11,4,3,0,0,0,1,3.61877758,-1.64865368,35,0,0,72.181373,7.41176471,0.08823529,0.02857143,0,0.08571429,stats_player_week_2024.csv.gz
00-0034796,Lamar Jackson,QB,BAL,2024,16,REG,PIT,15,23,207,3,1,1,-9,1,0,12,9,22,0,0,0,1,7.08226947,0.79167723,24,1,0,115.398551,9,0.04347826,0.04166667,0.04166667,0.91666667,stats_player_week_2024.csv.gz
00-0034855,Baker Mayfield,QB,TB,2024,16,REG,DAL,31,43,303,2,1,4,-27,1,0,14,3,42,0,0,0,3,2.20109844,3.11422938,47,1,0,97.335271,7.04651163,0.02325581,0.08510638,0.0212766,0.89361702,stats_player_week_2024.csv.gz
00-0034857,Josh Allen,QB,BUF,2024,16,REG,NE,16,29,154,1,1,1,-2,0,0,11,6,30,0,0,0,3,1.52876198,-0.33078363,30,0,0,67.313218,5.31034483,0.03448276,0.03333333,0,1,stats_player_week_2024.csv.gz
00-0034869,Sam Darnold,QB,MIN,2024,16,REG,SEA,22,35,246,3,0,3,-29,1,0,12,5,11,0,0,0,1,8.35543621,-0.62210876,38,1,0,112.321429,7.02857143,0,0.07894737,0.02631579,0.28947368,stats_player_week_2024.csv.gz
00-0035100,Jake Browning,QB,CIN,2024,16,REG,CLE,0,0,0,0,0,0,0,0,0,0,1,-1,0,0,0,0,0,-1.65984879,0,0,0,,,,,,,stats_player_week_2024.csv.gz
00-0035228,Kyler Murray,QB,ARI,2024,16,REG,CAR,20,32,202,1,1,3,-26,0,0,11,8,63,1,1,1,4,1.33983279,2.916601,35,1,1,77.864583,6.3125,0.03125,0.08571429,0.02857143,1.8,stats_player_week_2024.csv.gz
00-0035704,Drew Lock,QB,NYG,2024,16,REG,ATL,22,39,210,1,2,3,-21,1,1,11,1,1,0,0,0,0,-21.45495369,-0.80584019,42,1,1,58.707265,5.38461538,0.05128205,0.07142857,0.02380952,0.02380952,stats_player_week_2024.csv.gz
00-0036212,Tua Tagovailoa,QB,MIA,2024,16,REG,SF,22,34,215,1,0,0,0,0,0,13,2,-1,0,1,0,0,5.65235801,-0.94801344,34,1,0,92.156863,6.32352941,0,0,0.02941176,-0.02941176,stats_player_week_2024.csv.gz
00-0036264,Jordan Love,QB,GB,2024,16,REG,NO,16,28,182,1,0,0,0,0,0,9,1,2,0,0,0,1,3.25558901,1.91308314,28,0,0,88.690476,6.5,0,0,0,0.07142857,stats_player_week_2024.csv.gz
00-0036355,Justin Herbert,QB,LAC,2024,16,REG,DEN,23,31,284,2,1,2,-21,0,0,14,8,28,0,0,0,3,12.31831166,1.81584677,33,0,0,110.147849,9.16129032,0.03225806,0.06060606,0,0.84848485,stats_player_week_2024.csv.gz
00-0036389,Jalen Hurts,QB,PHI,2024,16,REG,WAS,1,4,11,0,0,0,0,0,0,1,3,41,0,0,0,1,-2.07824543,4.3598674,4,0,0,39.583333,2.75,0,0,0,10.25,stats_player_week_2024.csv.gz
00-0036442,Joe Burrow,QB,CIN,2024,16,REG,CLE,23,30,252,3,0,4,-42,1,1,14,2,19,0,0,0,1,3.05367666,1.32485588,34,1,1,134.305556,8.4,0,0.11764706,0.02941176,0.55882353,stats_player_week_2024.csv.gz
00-0036972,Mac Jones,QB,JAX,2024,16,REG,LV,25,39,247,1,0,1,-11,0,0,9,0,0,0,0,0,0,-5.37773848,0,40,0,0,90.438034,6.33333333,0,0.025,0,0,stats_player_week_2024.csv.gz
00-0037834,Brock Purdy,QB,SF,2024,16,REG,MIA,26,40,313,2,1,3,-20,0,0,16,4,26,0,0,0,2,4.94343284,1.26961949,43,0,0,95.104167,7.825,0.025,0.06976744,0,0.60465116,stats_player_week_2024.csv.gz
00-0038102,Kenny Pickett,QB,PHI,2024,16,REG,WAS,14,24,143,1,1,3,-25,1,0,8,3,13,0,0,0,0,-0.60767421,-0.36483975,27,1,0,72.048611,5.95833333,0.04166667,0.11111111,0.03703704,0.48148148,stats_player_week_2024.csv.gz
00-0038128,Malik Willis,QB,GB,2024,16,REG,NO,1,2,34,0,0,0,0,0,0,1,3,-2,0,0,0,0,2.83547128,-2.76070037,2,0,0,95.833333,17,0,0,0,-1,stats_player_week_2024.csv.gz
00-0038579,Aidan O'Connell,QB,LV,2024,16,REG,JAX,24,38,257,0,0,2,-12,0,0,13,7,12,0,0,0,4,-0.24109466,-1.04008949,40,0,0,82.894737,6.76315789,0,0.05,0,0.3,stats_player_week_2024.csv.gz
00-0038583,Dorian Thompson-Robinson,QB,CLE,2024,16,REG,CIN,20,34,157,0,2,5,-32,0,0,8,9,49,0,1,0,3,-17.84603052,2.18107557,39,1,0,45.833333,4.61764706,0.05882353,0.12820513,0.02564103,1.25641026,stats_player_week_2024.csv.gz
00-0039150,Bryce Young,QB,CAR,2024,16,REG,ARI,17,26,158,2,0,3,-9,0,0,9,5,68,1,0,0,3,1.08985724,6.043137,29,0,0,107.532051,6.07692308,0,0.10344828,0,2.34482759,stats_player_week_2024.csv.gz
00-0039163,C.J. Stroud,QB,HOU,2024,16,REG,KC,23,39,244,2,2,2,-17,0,0,14,2,23,0,0,0,2,6.03594642,0.27228021,41,0,0,73.023504,6.25641026,0.05128205,0.04878049,0,0.56097561,stats_player_week_2024.csv.gz
00-0039164,Anthony Richardson,QB,IND,2024,16,REG,TEN,7,11,131,1,1,1,-8,0,0,6,9,70,1,0,0,4,2.4243844,4.37006622,12,0,0,97.159091,11.90909091,0.09090909,0.08333333,0,5.83333333,stats_player_week_2024.csv.gz
00-0039376,Spencer Rattler,QB,NO,2024,16,REG,GB,15,30,153,0,1,3,-24,1,1,9,5,28,0,0,0,1,-17.42324051,1.74169326,33,1,1,51.111111,5.1,0.03333333,0.09090909,0.03030303,0.84848485,stats_player_week_2024.csv.gz
00-0039732,Bo Nix,QB,DEN,2024,16,REG,LAC,29,40,263,2,0,2,-18,0,0,14,3,25,0,1,0,2,7.12793667,2.22391146,42,1,0,106.5625,6.575,0,0.04761905,0.02380952,0.5952381,stats_player_week_2024.csv.gz
00-0039851,Drake Maye,QB,NE,2024,16,REG,BUF,22,36,261,2,1,2,-8,1,0,13,6,30,0,1,1,3,4.18428439,-2.43167056,38,2,1,90.162037,7.25,0.02777778,0.05263158,0.05263158,0.78947368,stats_player_week_2024.csv.gz
00-0039910,Jayden Daniels,QB,WAS,2024,16,REG,PHI,24,39,258,5,2,1,-3,0,0,13,9,81,0,0,0,4,4.38852546,10.30038025,40,0,0,99.145299,6.61538462,0.05128205,0.025,0,2.025,stats_player_week_2024.csv.gz
00-0039917,Michael Penix Jr.,QB,ATL,2024,16,REG,NYG,18,27,202,0,1,0,0,0,0,10,4,3,0,0,0,0,6.54773979,-1.45000122,27,0,0,73.37963,7.48148148,0.03703704,0,0,0.11111111,stats_player_week_2024.csv.gz
00-0039918,Caleb Williams,QB,CHI,2024,16,REG,DET,26,40,334,2,0,2,-11,0,0,15,6,34,0,2,1,1,16.46451891,-5.78141659,42,2,1,107.708333,8.35,0,0.04761905,0.04761905,0.80952381,stats_player_week_2024.csv.gz
00-0023459,Aaron Rodgers,QB,NYJ,2024,17,REG,BUF,12,18,112,0,2,4,-26,0,0,3,0,0,0,0,0,0,-15.62554799,0,22,0,0,43.981481,6.22222222,0.11111111,0.18181818,0,0,stats_player_week_2024.csv.gz
00-0026158,Joe Flacco,QB,IND,2024,17,REG,NYG,26,38,330,2,2,2,-10,1,1,16,1,1,0,0,0,0,7.23771944,-0.40650838,40,1,1,90.899123,8.68421053,0.05263158,0.05,0.025,0.025,stats_player_week_2024.csv.gz
00-0026300,Josh Johnson,QB,BAL,2024,17,REG,HOU,1,2,16,0,0,0,0,0,0,1,0,0,0,0,0,0,0.77525266,0,2,0,0,77.083333,8,0,0,0,0,stats_player_week_2024.csv.gz
00-0026498,Matthew Stafford,QB,LA,2024,17,REG,ARI,17,32,189,0,0,0,0,0,0,8,6,16,0,0,0,3,-0.48225712,2.47469413,32,0,0,70.963542,5.90625,0,0,0,0.5,stats_player_week_2024.csv.gz
00-0028118,Tyrod Taylor,QB,NYJ,2024,17,REG,BUF,11,14,83,2,0,0,0,0,0,6,2,6,0,1,0,0,8.79954957,-1.4492642,14,1,0,130.952381,5.92857143,0,0,0.07142857,0.42857143,stats_player_week_2024.csv.gz
00-0029263,Russell Wilson,QB,PIT,2024,17,REG,KC,23,37,205,0,1,5,-43,1,0,9,6,55,1,0,0,6,-15.37522879,7.80586393,42,1,0,65.709459,5.54054054,0.02702703,0.11904762,0.02380952,1.30952381,stats_player_week_2024.csv.gz
00-0030565,Geno Smith,QB,SEA,2024,17,REG,CHI,17,23,160,0,0,3,-17,2,0,7,3,19,0,0,0,1,-4.18387352,2.1170855,26,2,0,92.663043,6.95652174,0,0.11538462,0.07692308,0.73076923,stats_player_week_2024.csv.gz
00-0031800,Taylor Heinicke,QB,LAC,2024,17,REG,NE,0,2,0,0,0,0,0,0,0,0,1,8,0,0,0,1,-2.05835786,0.61361457,2,0,0,39.583333,0,0,0,0,4,stats_player_week_2024.csv.gz
00-0033106,Jared Goff,QB,DET,2024,17,REG,SF,26,34,303,3,0,2,-16,0,0,16,3,-3,0,0,0,0,21.92110836,-1.67003993,36,0,0,132.352941,8.91176471,0,0.05555556,0,-0.08333333,stats_player_week_2024.csv.gz
00-0033119,Jacoby Brissett,QB,NE,2024,17,REG,LAC,1,2,-2,0,0,0,0,0,0,0,0,0,0,0,0,0,-2.18107087,0,2,0,0,56.25,-1,0,0,0,0,stats_player_week_2024.csv.gz
00-0033662,Cooper Rush,QB,DAL,2024,17,REG,PHI,15,28,147,1,2,1,-7,0,0,7,1,2,0,0,0,1,-8.82291461,0.43666796,29,0,0,50.744048,5.25,0.07142857,0.03448276,0,0.06896552,stats_player_week_2024.csv.gz
00-0033869,Mitchell Trubisky,QB,BUF,2024,17,REG,NYJ,1,1,69,1,0,0,0,0,0,1,2,-1,0,0,0,0,7.09404285,0,1,0,0,158.333333,69,0,0,0,-1,stats_player_week_2024.csv.gz
00-0033873,Patrick Mahomes,QB,KC,2024,17,REG,PIT,29,38,320,3,0,0,0,0,0,16,1,12,0,0,0,1,19.15145948,1.19989328,38,0,0,127.083333,8.42105263,0,0,0,0.31578947,stats_player_week_2024.csv.gz
00-0033949,Joshua Dobbs,QB,SF,2024,17,REG,DET,3,4,35,0,0,0,0,0,0,2,1,7,1,0,0,1,2.77557037,2.34578376,4,0,0,101.041667,8.75,0,0,0,1.75,stats_player_week_2024.csv.gz
00-0034771,Mason Rudolph,QB,TEN,2024,17,REG,JAX,19,31,193,1,1,3,-15,1,0,11,5,23,0,0,0,3,0.23417034,0.82155629,34,1,0,76.41129,6.22580645,0.03225806,0.08823529,0.02941176,0.67647059,stats_player_week_2024.csv.gz
00-0034796,Lamar Jackson,QB,BAL,2024,17,REG,HOU,10,15,168,2,0,1,-3,0,0,7,4,87,1,0,0,3,8.43263728,9.17420915,16,0,0,143.888889,11.2,0,0.0625,0,5.4375,stats_player_week_2024.csv.gz
00-0034855,Baker Mayfield,QB,TB,2024,17,REG,CAR,27,32,359,5,0,2,-10,0,0,17,1,2,0,0,0,0,25.20525337,-0.75180395,34,0,0,152.994792,11.21875,0,0.05882353,0,0.05882353,stats_player_week_2024.csv.gz
00-0034857,Josh Allen,QB,BUF,2024,17,REG,NYJ,16,27,182,2,0,0,0,0,0,9,5,17,1,0,0,3,9.76999233,2.10709826,27,0,0,104.243827,6.74074074,0,0,0,0.62962963,stats_player_week_2024.csv.gz
00-0034869,Sam Darnold,QB,MIN,2024,17,REG,GB,33,43,377,3,1,1,-5,0,0,20,3,-3,0,0,0,0,12.19130658,-1.50271543,44,0,0,116.133721,8.76744186,0.02325581,0.02272727,0,-0.06818182,stats_player_week_2024.csv.gz
00-0035228,Kyler Murray,QB,ARI,2024,17,REG,LA,33,48,321,1,2,4,-38,0,0,16,4,32,0,0,0,1,2.22349452,1.69630022,52,0,0,76.822917,6.6875,0.04166667,0.07692308,0,0.61538462,stats_player_week_2024.csv.gz
00-0035704,Drew Lock,QB,NYG,2024,17,REG,IND,17,23,309,4,0,0,0,0,0,10,5,0,1,0,0,1,27.63103198,-0.0961514,23,0,0,155.344203,13.43478261,0,0,0,0,stats_player_week_2024.csv.gz
00-0035993,Tyler Huntley,QB,MIA,2024,17,REG,CLE,22,26,225,1,0,4,-19,0,0,12,7,52,1,1,0,3,5.3478835,3.7131924,30,1,0,115.544872,8.65384615,0,0.13333333,0.03333333,1.73333333,stats_player_week_2024.csv.gz
00-0036264,Jordan Love,QB,GB,2024,17,REG,MIN,19,30,185,1,0,3,-18,0,0,11,1,6,0,0,0,0,0.75447468,0.29170083,33,0,0,91.666667,6.16666667,0,0.09090909,0,0.18181818,stats_player_week_2024.csv.gz
00-0036355,Justin Herbert,QB,LAC,2024,17,REG,NE,26,38,281,3,0,0,0,0,0,16,3,12,0,0,0,2,19.62700717,2.63051261,38,0,0,116.22807,7.39473684,0,0,0,0.31578947,stats_player_week_2024.csv.gz
00-0036442,Joe Burrow,QB,CIN,2024,17,REG,DEN,39,49,412,3,0,7,-28,0,0,23,4,25,1,0,0,2,18.63396873,4.67237576,56,0,0,122.108844,8.40816327,0,0.125,0,0.44642857,stats_player_week_2024.csv.gz
00-0036898,Davis Mills,QB,HOU,2024,17,REG,BAL,1,1,5,0,0,0,0,0,0,1,0,0,0,0,0,0,0.57917058,0,1,0,0,87.5,5,0,0,0,0,stats_player_week_2024.csv.gz
00-0036928,Kyle Trask,QB,TB,2024,17,REG,CAR,0,0,0,0,0,0,0,0,0,0,3,-2,0,0,0,0,0,-4.67381534,0,0,0,,,,,,,stats_player_week_2024.csv.gz
00-0036972,Mac Jones,QB,JAX,2024,17,REG,TEN,15,22,174,2,0,2,-1,0,0,9,6,22,0,0,0,4,7.60807287,3.82341639,24,0,0,122.159091,7.90909091,0,0.08333333,0,0.91666667,stats_player_week_2024.csv.gz
00-0037012,Trey Lance,QB,DAL,2024,17,REG,PHI,1,1,1,0,0,0,0,0,0,0,1,1,0,0,0,0,-0.46330617,-0.38704725,1,0,0,79.166667,1,0,0,0,1,stats_player_week_2024.csv.gz
00-0037834,Brock Purdy,QB,SF,2024,17,REG,DET,27,35,377,3,2,2,-12,0,0,17,3,12,1,0,0,2,13.32500946,3.69495679,37,0,0,116.011905,10.77142857,0.05714286,0.05405405,0,0.32432432,stats_player_week_2024.csv.gz
00-0038102,Kenny Pickett,QB,PHI,2024,17,REG,DAL,10,15,143,1,0,0,0,0,0,4,3,3,1,0,0,2,7.04061878,3.7368803,15,0,0,119.583333,9.53333333,0,0,0,0.2,stats_player_week_2024.csv.gz
00-0038400,Tanner McKee,QB,PHI,2024,17,REG,DAL,3,4,54,2,0,0,0,0,0,2,2,-2,0,0,0,0,7.16098681,0,4,0,0,156.25,13.5,0,0,0,-0.5,stats_player_week_2024.csv.gz
00-0038579,Aidan O'Connell,QB,LV,2024,17,REG,NO,20,35,242,2,0,1,-10,0,0,14,3,-1,0,0,0,1,9.65595756,-1.31708574,36,0,0,97.559524,6.91428571,0,0.02777778,0,-0.02777778,stats_player_week_2024.csv.gz
00-0038583,Dorian Thompson-Robinson,QB,CLE,2024,17,REG,MIA,24,47,170,0,1,1,-8,1,1,7,4,10,0,0,0,2,-25.16163846,0.12133086,48,1,1,50.842199,3.61702128,0.0212766,0.02083333,0.02083333,0.20833333,stats_player_week_2024.csv.gz
00-0039150,Bryce Young,QB,CAR,2024,17,REG,TB,15,28,203,2,0,5,-38,1,0,10,2,8,0,0,0,1,-2.50213311,1.08977813,33,1,0,100.744048,7.25,0,0.15151515,0.03030303,0.24242424,stats_player_week_2024.csv.gz
00-0039163,C.J. Stroud,QB,HOU,2024,17,REG,BAL,17,31,185,0,1,5,-37,0,0,7,1,7,0,0,0,0,-18.87997326,0.17319094,36,0,0,59.206989,5.96774194,0.03225806,0.13888889,0,0.19444444,stats_player_week_2024.csv.gz
00-0039376,Spencer Rattler,QB,NO,2024,17,REG,LV,20,36,218,1,2,3,-27,1,0,8,3,46,0,0,0,3,-15.64332048,5.31629616,39,1,0,59.722222,6.05555556,0.05555556,0.07692308,0.02564103,1.17948718,stats_player_week_2024.csv.gz
00-0039732,Bo Nix,QB,DEN,2024,17,REG,CIN,24,31,219,3,1,2,-13,1,0,10,7,31,0,0,0,3,9.4964855,0.571942,33,1,0,114.852151,7.06451613,0.03225806,0.06060606,0.03030303,0.93939394,stats_player_week_2024.csv.gz
00-0039851,Drake Maye,QB,NE,2024,17,REG,LAC,12,22,117,1,0,4,-30,0,0,4,6,32,0,1,1,1,-15.04043167,-3.61293762,26,1,1,84.848485,5.31818182,0,0.15384615,0.03846154,1.23076923,stats_player_week_2024.csv.gz
00-0039910,Jayden Daniels,QB,WAS,2024,17,REG,ATL,24,36,227,3,1,5,-31,0,0,13,16,127,0,0,0,7,4.97185352,9.97227909,41,0,0,100.115741,6.30555556,0.02777778,0.12195122,0,3.09756098,stats_player_week_2024.csv.gz
00-0039917,Michael Penix Jr.,QB,ATL,2024,17,REG,WAS,19,35,223,1,1,2,-12,2,0,11,2,3,0,0,0,0,-0.6429524,-0.58443396,37,2,0,71.488095,6.37142857,0.02857143,0.05405405,0.05405405,0.08108108,stats_player_week_2024.csv.gz
00-0039918,Caleb Williams,QB,CHI,2024,17,REG,SEA,16,28,122,0,1,7,-46,1,0,7,5,37,0,0,0,1,-10.22574662,1.38920735,35,1,0,52.97619,4.35714286,0.03571429,0.2,0.02857143,1.05714286,stats_player_week_2024.csv.gz
00-0023459,Aaron Rodgers,QB,NYJ,2024,18,REG,MIA,23,36,274,4,1,3,-17,0,0,14,0,0,0,0,0,0,2.02801938,0,39,0,0,112.5,7.61111111,0.02777778,0.07692308,0,0,stats_player_week_2024.csv.gz
00-0026158,Joe Flacco,QB,IND,2024,18,REG,JAX,23,40,264,1,0,3,-12,0,0,11,0,0,0,0,0,0,-3.69500003,0,43,0,0,85.833333,6.6,0,0.06976744,0,0,stats_player_week_2024.csv.gz
00-0029263,Russell Wilson,QB,PIT,2024,18,REG,CIN,17,31,148,1,0,4,-29,0,0,8,4,16,0,0,0,2,-5.40465577,0.56685174,35,0,0,78.427419,4.77419355,0,0.11428571,0,0.45714286,stats_player_week_2024.csv.gz
00-0030565,Geno Smith,QB,SEA,2024,18,REG,LA,20,27,223,4,0,2,-13,0,0,13,2,14,0,0,0,1,9.83886124,1.18265918,29,0,0,137.808642,8.25925926,0,0.06896552,0,0.48275862,stats_player_week_2024.csv.gz
00-0031345,Jimmy Garoppolo,QB,LA,2024,18,REG,SEA,27,41,334,2,1,3,-15,0,0,16,2,5,0,0,0,0,2.07763218,-1.98857976,44,0,0,97.002033,8.14634146,0.02439024,0.06818182,0,0.11363636,stats_player_week_2024.csv.gz
00-0032268,Marcus Mariota,QB,WAS,2024,18,REG,DAL,15,18,161,2,0,2,-25,0,0,10,5,56,1,0,0,3,10.33535595,4.45447821,20,0,0,140.972222,8.94444444,0,0.1,0,2.8,stats_player_week_2024.csv.gz
00-0032950,Carson Wentz,QB,KC,2024,18,REG,DEN,10,17,98,0,0,4,-22,0,0,4,0,0,0,0,0,0,-8.78485759,0,21,0,0,75.122549,5.76470588,0,0.19047619,0,0,stats_player_week_2024.csv.gz
00-0033106,Jared Goff,QB,DET,2024,18,REG,MIN,27,33,231,1,2,2,-15,0,0,14,0,0,0,0,0,0,1.58815706,0,35,0,0,80.681818,7,0.06060606,0.05714286,0,0,stats_player_week_2024.csv.gz
00-0033869,Mitchell Trubisky,QB,BUF,2024,18,REG,NE,15,21,101,1,0,0,0,0,0,6,4,12,0,1,0,1,4.54034238,-3.96949878,21,1,0,97.519841,4.80952381,0,0,0.04761905,0.57142857,stats_player_week_2024.csv.gz
00-0033949,Joshua Dobbs,QB,SF,2024,18,REG,ARI,29,43,326,2,2,2,-28,1,0,16,8,17,1,1,1,1,2.78190947,-5.14009805,45,2,1,85.998062,7.58139535,0.04651163,0.04444444,0.04444444,0.37777778,stats_player_week_2024.csv.gz
00-0034401,Mike White,QB,BUF,2024,18,REG,NE,3,11,28,0,0,0,0,0,0,1,0,0,0,0,0,0,-7.1528663,0,11,0,0,39.583333,2.54545455,0,0,0,0,stats_player_week_2024.csv.gz
00-0034771,Mason Rudolph,QB,TEN,2024,18,REG,HOU,7,9,70,0,0,1,-8,0,0,3,1,5,0,0,0,1,0.52826459,2.20138693,10,0,0,99.074074,7.77777778,0,0.1,0,0.5,stats_player_week_2024.csv.gz
00-0034796,Lamar Jackson,QB,BAL,2024,18,REG,CLE,16,32,217,2,0,0,0,0,0,12,9,63,0,0,0,3,5.17834851,2.19176862,32,0,0,92.838542,6.78125,0,0,0,1.96875,stats_player_week_2024.csv.gz
00-0034855,Baker Mayfield,QB,TB,2024,18,REG,NO,21,32,221,2,1,1,-5,0,0,11,9,68,0,0,0,3,9.41198056,2.857924,33,0,0,93.359375,6.90625,0.03125,0.03030303,0,2.06060606,stats_player_week_2024.csv.gz
00-0034869,Sam Darnold,QB,MIN,2024,18,REG,DET,18,41,166,0,0,2,-24,0,0,7,3,10,0,0,0,1,-24.81225374,0.82143027,43,0,0,55.538618,4.04878049,0,0.04651163,0,0.23255814,stats_player_week_2024.csv.gz
00-0035228,Kyler Murray,QB,ARI,2024,18,REG,SF,25,35,242,4,0,0,0,0,0,14,3,22,0,0,0,2,8.0108477,1.72736815,35,0,0,128.511905,6.91428571,0,0,0,0.62857143,stats_player_week_2024.csv.gz
00-0035264,Jarrett Stidham,QB,DEN,2024,18,REG,KC,0,0,0,0,0,0,0,0,0,0,2,7,0,0,0,1,0,1.30711531,0,0,0,,,,,,,stats_player_week_2024.csv.gz
00-0035704,Drew Lock,QB,NYG,2024,18,REG,PHI,22,29,138,1,1,0,0,0,0,4,2,3,0,1,0,1,-8.6753291,0.27252872,29,1,0,82.255747,4.75862069,0.03448276,0,0.03448276,0.10344828,stats_player_week_2024.csv.gz
00-0035993,Tyler Huntley,QB,MIA,2024,18,REG,NYJ,25,41,227,1,2,4,-28,3,1,14,3,16,0,0,0,1,-6.92162918,1.73752313,45,3,1,63.770325,5.53658537,0.04878049,0.08888889,0.06666667,0.35555556,stats_player_week_2024.csv.gz
00-0036264,Jordan Love,QB,GB,2024,18,REG,CHI,7,12,69,0,0,0,0,0,0,3,0,0,0,0,0,0,-2.79859957,0,12,0,0,74.652778,5.75,0,0,0,0,stats_player_week_2024.csv.gz
00-0036355,Justin Herbert,QB,LAC,2024,18,REG,LV,28,36,346,2,0,1,-10,0,0,13,4,42,0,0,0,2,17.74090346,1.73631852,37,0,0,125.231481,9.61111111,0,0.02702703,0,1.13513514,stats_player_week_2024.csv.gz
00-0036442,Joe Burrow,QB,CIN,2024,18,REG,PIT,37,46,277,1,1,4,-31,1,0,15,1,-1,0,0,0,0,-1.426245,-0.99240824,50,1,0,89.945652,6.02173913,0.02173913,0.08,0.02,-0.02,stats_player_week_2024.csv.gz
00-0036898,Davis Mills,QB,HOU,2024,18,REG,TEN,12,22,128,0,0,1,-11,0,0,4,3,11,0,0,0,1,-3.76297797,-1.13970203,23,0,0,71.780303,5.81818182,0,0.04347826,0,0.47826087,stats_player_week_2024.csv.gz
00-0036972,Mac Jones,QB,JAX,2024,18,REG,IND,20,32,225,1,1,2,-19,0,0,10,5,17,0,0,0,2,2.72837212,1.38501998,34,0,0,80.859375,7.03125,0.03125,0.05882353,0,0.5,stats_player_week_2024.csv.gz
00-0037012,Trey Lance,QB,DAL,2024,18,REG,WAS,20,34,244,0,0,2,-16,0,0,12,6,26,0,0,0,1,-2.55865247,-1.42937149,36,0,0,81.004902,7.17647059,0,0.05555556,0,0.72222222,stats_player_week_2024.csv.gz
00-0037324,Chris Oladokun,QB,KC,2024,18,REG,DEN,0,0,0,0,0,1,-5,1,0,0,1,5,0,0,0,0,-1.38983266,-0.55510904,1,1,0,,,,1,1,5,stats_player_week_2024.csv.gz
00-0038108,Bailey Zappe,QB,CLE,2024,18,REG,BAL,16,31,170,1,2,1,-5,0,0,8,2,2,0,0,0,0,-16.84880541,-0.2898512,32,0,0,51.814516,5.48387097,0.06451613,0.03125,0,0.0625,stats_player_week_2024.csv.gz
00-0038122,Desmond Ridder,QB,LV,2024,18,REG,LAC,1,2,11,0,0,0,0,0,0,1,0,0,0,0,0,0,0.29725856,0,2,0,0,66.666667,5.5,0,0,0,0,stats_player_week_2024.csv.gz
00-0038128,Malik Willis,QB,GB,2024,18,REG,CHI,10,13,136,0,0,3,-21,1,1,4,1,3,0,0,0,0,-2.76173671,-0.09325531,16,1,1,109.775641,10.46153846,0,0.1875,0.0625,0.1875,stats_player_week_2024.csv.gz
00-0038400,Tanner McKee,QB,PHI,2024,18,REG,NYG,27,41,269,2,0,2,-17,0,0,15,3,1,0,0,0,1,7.51672646,-3.00282556,43,0,0,100.558943,6.56097561,0,0.04651163,0,0.02325581,stats_player_week_2024.csv.gz
00-0038579,Aidan O'Connell,QB,LV,2024,18,REG,LAC,24,34,214,2,1,0,0,0,0,10,4,13,0,0,0,2,-3.87172282,0.61014182,34,0,0,94.485294,6.29411765,0.02941176,0,0,0.38235294,stats_player_week_2024.csv.gz
00-0038582,Clayton Tune,QB,ARI,2024,18,REG,SF,0,0,0,0,0,0,0,0,0,0,1,2,0,0,0,1,0,2.03691516,0,0,0,,,,,,,stats_player_week_2024.csv.gz
00-0038583,Dorian Thompson-Robinson,QB,CLE,2024,18,REG,BAL,2,3,13,0,0,1,-4,0,0,1,2,3,0,0,0,0,-0.86759945,-1.09068983,4,0,0,75.694444,4.33333333,0,0.25,0,0.75,stats_player_week_2024.csv.gz
00-0039150,Bryce Young,QB,CAR,2024,18,REG,ATL,25,34,251,3,0,0,0,0,0,15,5,24,2,0,0,3,20.03909871,2.95181103,34,0,0,123.529412,7.38235294,0,0,0,0.70588235,stats_player_week_2024.csv.gz
00-0039152,Will Levis,QB,TEN,2024,18,REG,HOU,9,17,175,1,0,1,-8,0,0,6,4,8,0,2,1,0,4.7259409,-12.20583086,18,2,1,108.70098,10.29411765,0,0.05555556,0.11111111,0.44444444,stats_player_week_2024.csv.gz
00-0039163,C.J. Stroud,QB,HOU,2024,18,REG,TEN,6,6,50,1,0,0,0,0,0,4,0,0,0,0,0,0,5.27787964,0,6,0,0,140.972222,8.33333333,0,0,0,0,stats_player_week_2024.csv.gz
00-0039376,Spencer Rattler,QB,NO,2024,18,REG,TB,26,42,240,1,0,2,-12,0,0,14,1,11,0,0,0,0,-1.07248933,2.11235124,44,0,0,85.416667,5.71428571,0,0.04545455,0,0.25,stats_player_week_2024.csv.gz
00-0039398,Joe Milton III,QB,NE,2024,18,REG,BUF,22,29,241,1,0,0,0,0,0,14,10,16,1,1,1,4,11.79071613,-3.96280624,29,1,1,111.422414,8.31034483,0,0,0.03448276,0.55172414,stats_player_week_2024.csv.gz
00-0039732,Bo Nix,QB,DEN,2024,18,REG,KC,26,29,321,4,0,0,0,0,0,15,7,47,0,0,0,5,25.95772983,5.59310727,29,0,0,152.37069,11.06896552,0,0,0,1.62068966,stats_player_week_2024.csv.gz
00-0039851,Drake Maye,QB,NE,2024,18,REG,BUF,0,1,0,0,0,1,-9,0,0,0,0,0,0,0,0,0,-2.71353649,0,2,0,0,39.583333,0,0,0.5,0,0,stats_player_week_2024.csv.gz
00-0039910,Jayden Daniels,QB,WAS,2024,18,REG,DAL,6,12,38,0,0,4,-18,0,0,1,4,27,0,0,0,2,-11.41375185,2.87796621,16,0,0,56.944444,3.16666667,0,0.25,0,1.6875,stats_player_week_2024.csv.gz
00-0039917,Michael Penix Jr.,QB,ATL,2024,18,REG,CAR,21,38,312,2,1,1,-2,0,0,11,1,5,1,0,0,1,5.46687908,2.62005432,39,0,0,88.925439,8.21052632,0.02631579,0.02564103,0,0.12820513,stats_player_week_2024.csv.gz
00-0039918,Caleb Williams,QB,CHI,2024,18,REG,GB,21,29,148,1,0,1,-7,1,0,10,3,10,0,0,0,1,4.35322358,-0.47721374,30,1,0,95.186782,5.10344828,0,0.03333333,0.03333333,0.33333333,stats_player_week_2024.csv.gz
00-0023459,Aaron Rodgers,QB,PIT,2025,1,REG,NYJ,22,30,244,4,0,4,-26,0,0,14,1,-1,0,0,0,0,10.20475525,-1.87390207,34,0,0,136.666667,8.13333333,0,0.11764706,0,-0.02941176,stats_player_week_2025.csv.gz
00-0026158,Joe Flacco,QB,CLE,2025,1,REG,CIN,31,45,290,1,2,2,-12,0,0,13,2,6,0,0,0,1,-1.84212752,0.13438333,47,0,0,75.231481,6.44444444,0.04444444,0.04255319,0,0.12765957,stats_player_week_2025.csv.gz
00-0026498,Matthew Stafford,QB,LA,2025,1,REG,HOU,21,29,245,1,0,3,-21,0,0,13,4,-2,0,1,0,0,6.09010886,-6.17606655,32,1,0,109.123563,8.44827586,0,0.09375,0.03125,-0.0625,stats_player_week_2025.csv.gz
00-0029263,Russell Wilson,QB,NYG,2025,1,REG,WAS,17,37,168,0,0,2,-11,0,0,9,8,44,0,1,0,3,-11.39383654,2.04311996,39,1,0,59.290541,4.54054054,0,0.05128205,0.02564103,1.12820513,stats_player_week_2025.csv.gz
00-0030565,Geno Smith,QB,LV,2025,1,REG,NE,24,34,362,1,1,4,-29,0,0,17,2,10,0,0,0,1,14.94532781,0.11908066,38,0,0,102.818627,10.64705882,0.02941176,0.10526316,0,0.26315789,stats_player_week_2025.csv.gz
00-0033077,Dak Prescott,QB,DAL,2025,1,REG,PHI,21,34,188,0,0,0,0,0,0,9,1,3,0,0,0,0,1.65437527,-0.27060342,34,0,0,76.593137,5.52941176,0,0,0,0.08823529,stats_player_week_2025.csv.gz
00-0033106,Jared Goff,QB,DET,2025,1,REG,GB,31,39,225,1,1,4,-25,0,0,13,1,-1,0,0,0,0,1.37437786,0,43,0,0,88.568376,5.76923077,0.02564103,0.09302326,0,-0.02325581,stats_player_week_2025.csv.gz
00-0033873,Patrick Mahomes,QB,KC,2025,1,REG,LAC,24,39,258,1,0,2,-9,0,0,9,6,57,1,0,0,5,3.44855268,7.21146706,41,0,0,89.476496,6.61538462,0,0.04878049,0,1.3902439,stats_player_week_2025.csv.gz
00-0034796,Lamar Jackson,QB,BAL,2025,1,REG,BUF,14,19,209,2,0,2,-15,0,0,8,6,70,1,0,0,5,8.79842058,9.6904383,21,0,0,144.407895,11,0,0.0952381,0,3.33333333,stats_player_week_2025.csv.gz
00-0034855,Baker Mayfield,QB,TB,2025,1,REG,ATL,17,32,167,3,0,1,-8,0,0,10,5,39,0,0,0,3,5.7662344,4.55453758,33,0,0,99.348958,5.21875,0,0.03030303,0,1.18181818,stats_player_week_2025.csv.gz
00-0034857,Josh Allen,QB,BUF,2025,1,REG,BAL,33,46,394,2,0,1,-5,0,0,18,14,30,2,0,0,4,14.23371439,2.01863248,47,0,0,112.047101,8.56521739,0,0.0212766,0,0.63829787,stats_player_week_2025.csv.gz
00-0034869,Sam Darnold,QB,SEA,2025,1,REG,SF,16,23,150,0,0,1,-4,1,1,6,2,14,0,0,0,1,-6.83103491,1.01632796,24,1,1,87.228261,6.52173913,0,0.04166667,0.04166667,0.58333333,stats_player_week_2025.csv.gz
00-0035228,Kyler Murray,QB,ARI,2025,1,REG,NO,21,29,163,2,0,5,-33,0,0,11,7,38,0,0,0,3,1.52479933,2.74106029,34,0,0,108.836207,5.62068966,0,0.14705882,0,1.11764706,stats_player_week_2025.csv.gz
00-0035710,Daniel Jones,QB,IND,2025,1,REG,MIA,22,29,272,1,0,1,-10,0,0,14,7,26,2,0,0,4,12.99771335,3.78613362,30,0,0,115.876437,9.37931034,0,0.03333333,0,0.86666667,stats_player_week_2025.csv.gz
00-0036212,Tua Tagovailoa,QB,MIA,2025,1,REG,IND,14,23,114,1,2,3,-13,1,1,6,1,7,0,0,0,0,-14.37257601,0.43628638,26,1,1,51.721014,4.95652174,0.08695652,0.11538462,0.03846154,0.26923077,stats_player_week_2025.csv.gz
00-0036264,Jordan Love,QB,GB,2025,1,REG,DET,16,22,188,2,0,0,0,0,0,8,3,4,0,0,0,1,10.06529425,-0.09109413,22,0,0,128.598485,8.54545455,0,0,0,0.18181818,stats_player_week_2025.csv.gz
00-0036355,Justin Herbert,QB,LAC,2025,1,REG,KC,25,34,318,3,0,3,-14,0,0,16,7,32,0,0,0,1,17.56726216,-0.1516466,37,0,0,131.740196,9.35294118,0,0.08108108,0,0.86486486,stats_player_week_2025.csv.gz
00-0036389,Jalen Hurts,QB,PHI,2025,1,REG,DAL,19,23,152,0,0,1,-8,0,0,6,14,62,2,0,0,7,1.59075204,5.47146437,24,0,0,94.202899,6.60869565,0,0.04166667,0,2.58333333,stats_player_week_2025.csv.gz
00-0036442,Joe Burrow,QB,CIN,2025,1,REG,CLE,14,23,113,1,0,3,-18,0,0,7,2,3,0,0,0,0,-0.33159274,-1.64468553,26,0,0,87.771739,4.91304348,0,0.11538462,0,0.11538462,stats_player_week_2025.csv.gz
00-0036945,Justin Fields,QB,NYJ,2025,1,REG,PIT,16,22,218,1,0,1,-6,0,0,9,12,48,2,0,0,5,10.05393822,3.60579971,23,0,0,119.128788,9.90909091,0,0.04347826,0,2.08695652,stats_player_week_2025.csv.gz
00-0036971,Trevor Lawrence,QB,JAX,2025,1,REG,CAR,19,31,178,1,1,0,0,0,0,9,4,12,0,0,0,2,1.31311295,0.56156037,31,0,0,74.395161,5.74193548,0.03225806,0,0,0.38709677,stats_player_week_2025.csv.gz
00-0037013,Zach Wilson,QB,MIA,2025,1,REG,IND,5,8,32,0,0,0,0,0,0,3,1,3,0,0,0,0,-1.76999321,-0.2385015,8,0,0,70.833333,4,0,0,0,0.375,stats_player_week_2025.csv.gz
00-0037834,Brock Purdy,QB,SF,2025,1,REG,SEA,26,35,277,2,2,1,-12,0,0,15,5,17,0,0,0,0,13.32988416,1.04081435,36,0,0,92.202381,7.91428571,0.05714286,0.02777778,0,0.47222222,stats_player_week_2025.csv.gz
00-0039150,Bryce Young,QB,CAR,2025,1,REG,JAX,18,35,154,1,2,1,-12,0,0,8,5,40,0,1,1,2,-15.40268957,1.87746048,36,1,1,48.988095,4.4,0.05714286,0.02777778,0.02777778,1.11111111,stats_player_week_2025.csv.gz
00-0039163,C.J. Stroud,QB,HOU,2025,1,REG,LA,19,27,188,0,1,3,-37,0,0,7,5,32,0,0,0,3,-4.06503334,5.63746438,30,0,0,74.305556,6.96296296,0.03703704,0.1,0,1.06666667,stats_player_week_2025.csv.gz
00-0039376,Spencer Rattler,QB,NO,2025,1,REG,ARI,27,46,214,0,0,1,-6,0,0,12,4,29,0,0,0,1,-3.94086113,1.82260033,47,0,0,70.380435,4.65217391,0,0.0212766,0,0.61702128,stats_player_week_2025.csv.gz
00-0039732,Bo Nix,QB,DEN,2025,1,REG,TEN,25,40,176,1,2,1,-10,1,1,9,8,18,0,0,0,2,-7.65576674,-5.08419129,41,1,1,60,4.4,0.05,0.02439024,0.02439024,0.43902439,stats_player_week_2025.csv.gz
00-0039851,Drake Maye,QB,NE,2025,1,REG,LV,30,46,287,1,1,4,-11,1,0,15,4,11,0,0,0,0,-0.32563244,-1.0414035,50,1,0,80.615942,6.23913043,0.02173913,0.08,0.02,0.22,stats_player_week_2025.csv.gz
00-0039910,Jayden Daniels,QB,WAS,2025,1,REG,NYG,19,30,233,1,0,3,-21,0,0,11,11,68,0,0,0,3,1.3647576,3.19802324,33,0,0,98.333333,7.76666667,0,0.09090909,0,2.06060606,stats_player_week_2025.csv.gz
00-0039917,Michael Penix Jr.,QB,ATL,2025,1,REG,TB,27,42,298,1,0,1,-9,0,0,16,6,21,1,1,0,3,9.62409521,5.93841436,43,1,0,93.154762,7.0952381,0,0.02325581,0.02325581,0.48837209,stats_player_week_2025.csv.gz
00-0039918,Caleb Williams,QB,CHI,2025,1,REG,MIN,21,35,210,1,0,2,-12,0,0,10,6,58,1,0,0,4,-6.98824781,6.63427419,37,0,0,86.607143,6,0,0.05405405,0,1.56756757,stats_player_week_2025.csv.gz
00-0039923,J.J. McCarthy,QB,MIN,2025,1,REG,CHI,13,20,143,2,1,3,-9,0,0,5,2,25,1,0,0,2,-9.8162909,3.3789936,23,0,0,98.541667,7.15,0.05,0.13043478,0,1.08695652,stats_player_week_2025.csv.gz
00-0040673,Jalen Milroe,QB,SEA,2025,1,REG,SF,0,0,0,0,0,0,0,0,0,0,1,1,0,0,0,0,0,-0.55149819,0,0,0,,,,,,,stats_player_week_2025.csv.gz
00-0040676,Cam Ward,QB,TEN,2025,1,REG,DEN,12,28,112,0,0,6,-50,1,1,5,0,0,0,0,0,0,-13.38945842,0,34,1,1,54.464286,4,0,0.17647059,0.02941176,0,stats_player_week_2025.csv.gz
00-0023459,Aaron Rodgers,QB,PIT,2025,2,REG,SEA,18,33,203,1,2,3,-20,0,0,5,1,3,0,0,0,0,-6.19322044,-1.08141472,36,0,0,58.017677,6.15151515,0.06060606,0.08333333,0,0.08333333,stats_player_week_2025.csv.gz
00-0026158,Joe Flacco,QB,CLE,2025,2,REG,BAL,25,45,199,1,1,2,-11,1,1,7,1,8,0,0,0,1,-26.7386999,1.3432668,47,1,1,64.953704,4.42222222,0.02222222,0.04255319,0.0212766,0.17021277,stats_player_week_2025.csv.gz
00-0026498,Matthew Stafford,QB,LA,2025,2,REG,TEN,23,33,298,2,1,1,-8,0,0,12,2,-6,0,0,0,0,9.77997059,-3.35274888,34,0,0,105.366162,9.03030303,0.03030303,0.02941176,0,-0.17647059,stats_player_week_2025.csv.gz
00-0028118,Tyrod Taylor,QB,NYJ,2025,2,REG,BUF,7,11,56,1,0,2,-10,0,0,4,3,21,0,0,0,1,5.39724755,-0.614648,13,0,0,106.628788,5.09090909,0,0.15384615,0,1.61538462,stats_player_week_2025.csv.gz
00-0029263,Russell Wilson,QB,NYG,2025,2,REG,DAL,30,41,450,3,1,3,-28,1,0,15,3,23,0,0,0,1,17.07344161,0.36623563,44,1,0,123.018293,10.97560976,0.02439024,0.06818182,0.02272727,0.52272727,stats_player_week_2025.csv.gz
00-0030565,Geno Smith,QB,LV,2025,2,REG,LAC,24,43,180,0,3,3,-30,0,0,8,5,20,0,0,0,2,-23.06792814,1.08591587,46,0,0,36.967054,4.18604651,0.06976744,0.06521739,0,0.43478261,stats_player_week_2025.csv.gz
00-0033077,Dak Prescott,QB,DAL,2025,2,REG,NYG,38,52,361,2,1,3,-18,0,0,18,3,17,0,1,0,1,10.09848766,-1.33667805,55,1,0,96.714744,6.94230769,0.01923077,0.05454545,0.01818182,0.30909091,stats_player_week_2025.csv.gz
00-0033106,Jared Goff,QB,DET,2025,2,REG,CHI,23,28,334,5,0,0,0,0,0,15,1,6,0,0,0,0,24.1034203,-0.52332268,28,0,0,155.952381,11.92857143,0,0,0,0.21428571,stats_player_week_2025.csv.gz
00-0033119,Jacoby Brissett,QB,ARI,2025,2,REG,CAR,0,0,0,0,0,0,0,0,0,0,1,2,0,0,0,1,0,2.25484248,0,0,0,,,,,,,stats_player_week_2025.csv.gz
00-0033662,Cooper Rush,QB,BAL,2025,2,REG,CLE,0,0,0,0,0,0,0,0,0,0,3,-4,0,0,0,0,0,0,0,0,0,,,,,,,stats_player_week_2025.csv.gz
00-0033869,Mitchell Trubisky,QB,BUF,2025,2,REG,NYJ,1,2,32,0,0,0,0,0,0,1,3,-3,0,0,0,0,2.51974665,-3.25372031,2,0,0,95.833333,16,0,0,0,-1.5,stats_player_week_2025.csv.gz
00-0033873,Patrick Mahomes,QB,KC,2025,2,REG,PHI,16,29,187,1,1,2,-14,0,0,7,7,66,1,0,0,5,-7.15356541,6.40895688,31,0,0,72.054598,6.44827586,0.03448276,0.06451613,0,2.12903226,stats_player_week_2025.csv.gz
00-0034771,Mason Rudolph,QB,PIT,2025,2,REG,SEA,2,2,12,0,0,0,0,0,0,1,0,0,0,0,0,0,-0.11230718,0,2,0,0,91.666667,6,0,0,0,0,stats_player_week_2025.csv.gz
00-0034796,Lamar Jackson,QB,BAL,2025,2,REG,CLE,19,29,225,4,0,3,-28,0,0,10,2,13,0,0,0,0,9.34270313,0.8407908,32,0,0,128.591954,7.75862069,0,0.09375,0,0.40625,stats_player_week_2025.csv.gz
00-0034855,Baker Mayfield,QB,TB,2025,2,REG,HOU,25,38,215,2,0,4,-24,1,0,12,3,33,0,0,0,3,-0.64338517,5.29313345,42,1,0,98.026316,5.65789474,0,0.0952381,0.02380952,0.78571429,stats_player_week_2025.csv.gz
00-0034857,Josh Allen,QB,BUF,2025,2,REG,NYJ,14,25,148,0,0,1,-1,0,0,8,6,59,0,0,0,3,-2.24747509,8.39008387,26,0,0,73.416667,5.92,0,0.03846154,0,2.26923077,stats_player_week_2025.csv.gz
00-0034869,Sam Darnold,QB,SEA,2025,2,REG,PIT,22,33,295,2,2,2,-17,0,0,13,0,0,0,0,0,0,2.8540621,0,35,0,0,89.835859,8.93939394,0.06060606,0.05714286,0,0,stats_player_week_2025.csv.gz
00-0035100,Jake Browning,QB,CIN,2025,2,REG,JAX,21,32,241,2,3,1,-7,0,0,11,1,1,1,0,0,1,-2.02130173,2.54037414,33,0,0,69.921875,7.53125,0.09375,0.03030303,0,0.03030303,stats_player_week_2025.csv.gz
00-0035228,Kyler Murray,QB,ARI,2025,2,REG,CAR,17,25,220,1,1,1,-9,0,0,10,7,32,0,0,0,1,6.13976776,-1.66343629,26,0,0,92.083333,8.8,0.04,0.03846154,0,1.23076923,stats_player_week_2025.csv.gz
00-0035710,Daniel Jones,QB,IND,2025,2,REG,DEN,23,34,316,1,0,1,-10,0,0,16,6,2,1,0,0,2,10.95338626,-0.45256619,35,0,0,106.985294,9.29411765,0,0.02857143,0,0.05714286,stats_player_week_2025.csv.gz
00-0036212,Tua Tagovailoa,QB,MIA,2025,2,REG,NE,26,32,315,2,1,5,-18,0,0,15,0,0,0,0,0,0,9.9321295,0,37,0,0,115.494792,9.84375,0.03125,0.13513514,0,0,stats_player_week_2025.csv.gz
00-0036264,Jordan Love,QB,GB,2025,2,REG,WAS,19,31,292,2,0,2,-23,0,0,14,3,12,0,0,0,1,6.66238021,0.32137877,33,0,0,113.91129,9.41935484,0,0.06060606,0,0.36363636,stats_player_week_2025.csv.gz
00-0036355,Justin Herbert,QB,LAC,2025,2,REG,LV,19,27,242,2,0,2,-6,0,0,8,9,31,0,2,1,2,10.16812541,-10.23685308,29,2,1,122.762346,8.96296296,0,0.06896552,0.06896552,1.06896552,stats_player_week_2025.csv.gz
00-0036389,Jalen Hurts,QB,PHI,2025,2,REG,KC,15,22,101,0,0,2,-7,1,0,4,9,15,1,0,0,5,-4.85998606,0.97481685,24,1,0,78.030303,4.59090909,0,0.08333333,0.04166667,0.625,stats_player_week_2025.csv.gz
00-0036442,Joe Burrow,QB,CIN,2025,2,REG,JAX,7,13,76,1,0,2,-8,0,0,6,0,0,0,0,0,0,0.19308384,0,15,0,0,96.955128,5.84615385,0,0.13333333,0,0,stats_player_week_2025.csv.gz
00-0036945,Justin Fields,QB,NYJ,2025,2,REG,BUF,3,11,27,0,0,2,-19,1,0,1,5,49,0,1,1,2,-9.52485501,-4.25403586,13,2,1,39.583333,2.45454545,0,0.15384615,0.15384615,3.76923077,stats_player_week_2025.csv.gz
00-0036971,Trevor Lawrence,QB,JAX,2025,2,REG,CIN,24,42,271,3,2,1,-10,0,0,15,2,4,0,1,0,1,5.00548855,-1.22701426,43,1,0,80.555556,6.45238095,0.04761905,0.02325581,0.02325581,0.09302326,stats_player_week_2025.csv.gz
00-0036972,Mac Jones,QB,SF,2025,2,REG,NO,26,39,279,3,0,3,-12,1,1,15,6,6,0,1,0,1,2.68814236,-2.98066333,42,2,1,113.087607,7.15384615,0,0.07142857,0.04761905,0.14285714,stats_player_week_2025.csv.gz
00-0038416,Tyson Bagent,QB,CHI,2025,2,REG,DET,2,3,27,0,0,0,0,0,0,1,2,7,0,1,0,0,0.89626663,-0.37115291,3,1,0,95.138889,9,0,0,0.33333333,2.33333333,stats_player_week_2025.csv.gz
00-0039150,Bryce Young,QB,CAR,2025,2,REG,ARI,35,55,328,3,1,3,-25,1,1,19,2,2,0,0,0,0,3.23423291,-0.42250979,58,1,1,90.568182,5.96363636,0.01818182,0.05172414,0.01724138,0.03448276,stats_player_week_2025.csv.gz
00-0039163,C.J. Stroud,QB,HOU,2025,2,REG,TB,13,24,207,1,0,3,-25,0,0,7,4,27,0,0,0,1,-4.48148262,1.8889251,27,0,0,97.048611,8.625,0,0.11111111,0,1,stats_player_week_2025.csv.gz
00-0039376,Spencer Rattler,QB,NO,2025,2,REG,SF,25,34,207,3,0,3,-21,1,0,12,4,14,0,0,0,2,-2.82334165,3.65380019,37,1,0,118.137255,6.08823529,0,0.08108108,0.02702703,0.37837838,stats_player_week_2025.csv.gz
00-0039732,Bo Nix,QB,DEN,2025,2,REG,IND,22,30,206,3,1,0,0,0,0,11,3,20,0,0,0,1,8.34534349,1.11090861,30,0,0,111.25,6.86666667,0.03333333,0,0,0.66666667,stats_player_week_2025.csv.gz
00-0039851,Drake Maye,QB,NE,2025,2,REG,MIA,19,23,230,2,0,3,-19,0,0,9,10,31,1,0,0,4,14.99050015,2.0032045,26,0,0,137.318841,10,0,0.11538462,0,1.19230769,stats_player_week_2025.csv.gz
00-0039910,Jayden Daniels,QB,WAS,2025,2,REG,GB,24,42,200,2,0,4,-21,0,0,10,7,17,0,0,0,0,-8.10563019,-2.19074627,46,0,0,85.416667,4.76190476,0,0.08695652,0,0.36956522,stats_player_week_2025.csv.gz
00-0039917,Michael Penix Jr.,QB,ATL,2025,2,REG,MIN,13,21,135,0,0,3,-27,0,0,5,1,-1,0,0,0,0,-3.24417159,-1.60061593,24,0,0,80.456349,6.42857143,0,0.125,0,-0.04166667,stats_player_week_2025.csv.gz
00-0039918,Caleb Williams,QB,CHI,2025,2,REG,DET,19,30,207,2,1,4,-29,0,0,10,5,27,0,0,0,2,-0.96547942,-3.63809827,34,0,0,91.944444,6.9,0.03333333,0.11764706,0,0.79411765,stats_player_week_2025.csv.gz
00-0039923,J.J. McCarthy,QB,MIN,2025,2,REG,ATL,11,21,158,0,2,6,-38,1,1,7,5,25,0,1,0,1,-17.96655729,-1.94136993,27,2,1,37.5,7.52380952,0.0952381,0.22222222,0.07407407,0.92592593,stats_player_week_2025.csv.gz
00-0040676,Cam Ward,QB,TEN,2025,2,REG,LA,19,33,175,1,0,5,-32,1,1,10,4,8,0,0,0,2,-6.73397418,-0.09805902,38,1,1,82.260101,5.3030303,0,0.13157895,0.02631579,0.21052632,stats_player_week_2025.csv.gz
00-0040691,Jaxson Dart,QB,NYG,2025,2,REG,DAL,0,0,0,0,0,0,0,0,0,0,1,-3,0,0,0,0,0,-0.97512775,0,0,0,,,,,,,stats_player_week_2025.csv.gz
00-0040704,Dillon Gabriel,QB,CLE,2025,2,REG,BAL,3,3,19,1,0,0,0,0,0,3,0,0,0,0,0,0,3.422181,0,3,0,0,132.638889,6.33333333,0,0,0,0,stats_player_week_2025.csv.gz
00-0023459,Aaron Rodgers,QB,PIT,2025,3,REG,NE,16,23,139,2,1,0,0,0,0,5,4,1,0,0,0,0,0.19340495,-0.36207721,23,0,0,96.105072,6.04347826,0.04347826,0,0,0.04347826,stats_player_week_2025.csv.gz
00-0026158,Joe Flacco,QB,CLE,2025,3,REG,GB,21,36,142,0,1,2,-17,0,0,7,0,0,0,0,0,0,-8.70979858,0,38,0,0,55.555556,3.94444444,0.02777778,0.05263158,0,0,stats_player_week_2025.csv.gz
00-0026498,Matthew Stafford,QB,LA,2025,3,REG,PHI,19,33,196,2,1,1,0,0,0,10,0,0,0,0,0,0,-2.47909251,0,34,0,0,82.386364,5.93939394,0.03030303,0.02941176,0,0,stats_player_week_2025.csv.gz
00-0027973,Andy Dalton,QB,CAR,2025,3,REG,ATL,0,0,0,0,0,0,0,0,0,0,1,-1,0,0,0,0,0,0,0,0,0,,,,,,,stats_player_week_2025.csv.gz
00-0028118,Tyrod Taylor,QB,NYJ,2025,3,REG,TB,26,36,197,2,1,4,-29,1,1,13,8,48,0,0,0,3,-7.88690157,2.16535992,40,1,1,92.013889,5.47222222,0.02777778,0.1,0.025,1.2,stats_player_week_2025.csv.gz
00-0029263,Russell Wilson,QB,NYG,2025,3,REG,KC,18,32,160,0,2,2,-9,0,0,7,5,27,0,0,0,1,-14.80833493,-2.43485737,34,0,0,43.75,5,0.0625,0.05882353,0,0.79411765,stats_player_week_2025.csv.gz
00-0029604,Kirk Cousins,QB,ATL,2025,3,REG,CAR,5,7,29,0,0,0,0,0,0,1,0,0,0,0,0,0,-3.04347518,0,7,0,0,78.869048,4.14285714,0,0,0,0,stats_player_week_2025.csv.gz
00-0030565,Geno Smith,QB,LV,2025,3,REG,WAS,19,29,289,3,0,5,-28,0,0,12,2,5,0,0,0,2,12.24070767,4.00943123,34,0,0,132.686782,9.96551724,0,0.14705882,0,0.14705882,stats_player_week_2025.csv.gz
00-0032268,Marcus Mariota,QB,WAS,2025,3,REG,LV,15,21,207,1,0,1,-8,0,0,7,6,40,1,1,1,2,10.78245009,-1.96925186,22,1,1,118.551587,9.85714286,0,0.04545455,0.04545455,1.81818182,stats_player_week_2025.csv.gz
00-0032950,Carson Wentz,QB,MIN,2025,3,REG,CIN,14,20,173,2,0,3,-19,0,0,9,2,4,0,0,0,0,9.44354982,-2.08628861,23,0,0,129.791667,8.65,0,0.13043478,0,0.17391304,stats_player_week_2025.csv.gz
00-0033077,Dak Prescott,QB,DAL,2025,3,REG,CHI,31,40,251,1,2,2,-17,0,0,12,0,0,0,0,0,0,-1.89648485,0,42,0,0,80.3125,6.275,0.05,0.04761905,0,0,stats_player_week_2025.csv.gz
00-0033106,Jared Goff,QB,DET,2025,3,REG,BAL,20,28,202,1,0,0,0,0,0,11,4,6,0,1,0,1,14.24986636,-2.79819472,28,1,0,103.571429,7.21428571,0,0,0.03571429,0.21428571,stats_player_week_2025.csv.gz
00-0033873,Patrick Mahomes,QB,KC,2025,3,REG,NYG,22,37,224,1,0,2,-23,2,0,13,5,2,0,0,0,0,8.23080711,-1.52141605,39,2,0,85.867117,6.05405405,0,0.05128205,0.05128205,0.05128205,stats_player_week_2025.csv.gz
00-0034796,Lamar Jackson,QB,BAL,2025,3,REG,DET,21,27,288,3,0,7,-55,1,0,14,7,35,0,0,0,2,11.02288083,-1.16293113,34,1,0,148.148148,10.66666667,0,0.20588235,0.02941176,1.02941176,stats_player_week_2025.csv.gz
00-0034855,Baker Mayfield,QB,TB,2025,3,REG,NYJ,19,29,233,1,0,1,-8,1,0,12,4,44,0,0,0,2,8.26902236,5.68453155,30,1,0,101.652299,8.03448276,0,0.03333333,0.03333333,1.46666667,stats_player_week_2025.csv.gz
00-0034857,Josh Allen,QB,BUF,2025,3,REG,MIA,22,28,213,3,0,2,-10,0,0,12,4,25,0,1,0,0,10.64952216,2.0526441,30,1,0,134.077381,7.60714286,0,0.06666667,0.03333333,0.83333333,stats_player_week_2025.csv.gz
00-0034869,Sam Darnold,QB,SEA,2025,3,REG,NO,14,18,218,2,0,0,0,0,0,10,0,0,0,0,0,0,16.96673511,0,18,0,0,154.166667,12.11111111,0,0,0,0,stats_player_week_2025.csv.gz
00-0034955,Brett Rypien,QB,CIN,2025,3,REG,MIN,0,0,0,0,0,1,-2,0,0,0,0,0,0,0,0,0,-1.23787799,0,1,0,0,,,,1,0,0,stats_player_week_2025.csv.gz
00-0035100,Jake Browning,QB,CIN,2025,3,REG,MIN,19,27,140,1,2,3,-20,0,0,6,1,3,0,0,0,1,-18.07166748,0.1369619,30,0,0,63.811728,5.18518519,0.07407407,0.1,0,0.1,stats_player_week_2025.csv.gz
00-0035228,Kyler Murray,QB,ARI,2025,3,REG,SF,22,35,159,1,0,1,-5,0,0,8,6,37,0,0,0,2,-0.61861316,2.60409303,36,0,0,82.916667,4.54285714,0,0.02777778,0,1.02777778,stats_player_week_2025.csv.gz
00-0035704,Drew Lock,QB,SEA,2025,3,REG,NO,2,3,15,0,0,0,0,0,0,1,1,-1,0,0,0,0,-0.89272281,0,3,0,0,78.472222,5,0,0,0,-0.33333333,stats_player_week_2025.csv.gz
00-0035710,Daniel Jones,QB,IND,2025,3,REG,TEN,18,25,228,1,0,0,0,0,0,10,4,27,0,0,0,2,10.81864015,4.92718964,25,0,0,113.416667,9.12,0,0,0,1.08,stats_player_week_2025.csv.gz
00-0036212,Tua Tagovailoa,QB,MIA,2025,3,REG,BUF,22,34,146,2,1,0,0,0,0,11,2,10,0,1,0,1,0.14744084,0.29270447,34,1,0,81.25,4.29411765,0.02941176,0,0.02941176,0.29411765,stats_player_week_2025.csv.gz
00-0036264,Jordan Love,QB,GB,2025,3,REG,CLE,18,25,183,1,1,5,-34,0,0,8,4,18,0,0,0,1,-0.94228722,1.4942455,30,0,0,89.25,7.32,0.04,0.16666667,0,0.6,stats_player_week_2025.csv.gz
00-0036355,Justin Herbert,QB,LAC,2025,3,REG,DEN,28,47,300,1,1,5,-30,0,0,17,2,6,0,0,0,1,-2.3949825,0.60986529,52,0,0,76.551418,6.38297872,0.0212766,0.09615385,0,0.11538462,stats_player_week_2025.csv.gz
00-0036389,Jalen Hurts,QB,PHI,2025,3,REG,LA,21,32,226,3,0,4,-24,1,1,9,9,40,1,0,0,5,-0.21159856,5.96337927,36,1,1,117.447917,7.0625,0,0.11111111,0.02777778,1.11111111,stats_player_week_2025.csv.gz
00-0036971,Trevor Lawrence,QB,JAX,2025,3,REG,HOU,20,40,222,0,1,2,-17,0,0,10,2,9,0,0,0,1,-9.54640579,1.62297197,42,0,0,56.458333,5.55,0.025,0.04761905,0,0.21428571,stats_player_week_2025.csv.gz
00-0036972,Mac Jones,QB,SF,2025,3,REG,ARI,27,41,284,1,1,1,-2,0,0,14,1,-1,0,0,0,0,1.50221513,0.15732594,42,0,0,83.79065,6.92682927,0.02439024,0.02380952,0,-0.02380952,stats_player_week_2025.csv.gz
00-0039150,Bryce Young,QB,CAR,2025,3,REG,ATL,16,24,121,0,0,1,-7,0,0,7,2,8,1,0,0,2,-2.48379495,1.61791138,25,0,0,78.645833,5.04166667,0,0.04,0,0.32,stats_player_week_2025.csv.gz
00-0039163,C.J. Stroud,QB,HOU,2025,3,REG,JAX,25,38,204,1,2,2,-20,0,0,8,4,22,0,0,0,1,-4.19034603,0.50016271,40,0,0,66.118421,5.36842105,0.05263158,0.05,0,0.55,stats_player_week_2025.csv.gz
00-0039164,Anthony Richardson,QB,IND,2025,3,REG,TEN,0,0,0,0,0,0,0,0,0,0,4,-1,0,0,0,1,0,-2.42982202,0,0,0,,,,,,,stats_player_week_2025.csv.gz
00-0039376,Spencer Rattler,QB,NO,2025,3,REG,SEA,28,39,218,1,1,2,-13,0,0,12,2,10,0,0,0,1,1.44281947,0.00112162,41,0,0,83.066239,5.58974359,0.02564103,0.04878049,0,0.24390244,stats_player_week_2025.csv.gz
00-0039398,Joe Milton III,QB,DAL,2025,3,REG,CHI,3,5,41,0,1,0,0,0,0,2,0,0,0,0,0,0,-0.72610076,0,5,0,0,46.666667,8.2,0.2,0,0,0,stats_player_week_2025.csv.gz
00-0039732,Bo Nix,QB,DEN,2025,3,REG,LAC,14,25,153,1,0,2,-6,0,0,5,8,33,0,0,0,0,-1.52553227,-1.49730219,27,0,0,87.583333,6.12,0,0.07407407,0,1.22222222,stats_player_week_2025.csv.gz
00-0039851,Drake Maye,QB,NE,2025,3,REG,PIT,28,37,268,2,1,5,-18,1,1,13,7,45,0,0,0,5,1.41291899,2.23586742,42,1,1,102.083333,7.24324324,0.02702703,0.11904762,0.02380952,1.07142857,stats_player_week_2025.csv.gz
00-0039917,Michael Penix Jr.,QB,ATL,2025,3,REG,CAR,18,36,172,0,2,0,0,0,0,10,2,9,0,0,0,0,-18.8046587,-0.68723168,36,0,0,40.509259,4.77777778,0.05555556,0,0,0.25,stats_player_week_2025.csv.gz
00-0039918,Caleb Williams,QB,CHI,2025,3,REG,DAL,19,28,298,4,0,0,0,0,0,11,5,12,0,0,0,0,17.97957473,-0.14860206,28,0,0,142.559524,10.64285714,0,0,0,0.42857143,stats_player_week_2025.csv.gz
00-0040494,Max Brosmer,QB,MIN,2025,3,REG,CIN,2,4,29,0,0,0,0,0,0,1,0,0,0,0,0,0,-3.82298171,0,4,0,0,73.958333,7.25,0,0,0,0,stats_player_week_2025.csv.gz
00-0040673,Jalen Milroe,QB,SEA,2025,3,REG,NO,0,0,0,0,0,0,0,0,0,0,1,3,0,0,0,0,0,-0.45087312,0,0,0,,,,,,,stats_player_week_2025.csv.gz
00-0040676,Cam Ward,QB,TEN,2025,3,REG,IND,23,38,219,1,1,4,-23,0,0,11,3,12,0,0,0,1,-12.52441089,1.20206655,42,0,0,74.342105,5.76315789,0.02631579,0.0952381,0,0.28571429,stats_player_week_2025.csv.gz
00-0040691,Jaxson Dart,QB,NYG,2025,3,REG,KC,0,0,0,0,0,0,0,0,0,0,1,3,0,0,0,0,0,-0.32427151,0,0,0,,,,,,,stats_player_week_2025.csv.gz
00-0040743,Tyler Shough,QB,NO,2025,3,REG,SEA,0,2,0,0,0,0,0,0,0,0,0,0,0,0,0,0,-1.77422115,0,2,0,0,39.583333,0,0,0,0,0,stats_player_week_2025.csv.gz
00-0023459,Aaron Rodgers,QB,PIT,2025,4,REG,MIN,18,22,200,1,0,2,-18,0,0,6,3,8,0,1,0,1,3.79973276,0.79942369,24,1,0,119.69697,9.09090909,0,0.08333333,0.04166667,0.33333333,stats_player_week_2025.csv.gz
00-0026158,Joe Flacco,QB,CLE,2025,4,REG,DET,16,34,184,0,2,3,-14,1,1,8,3,-1,0,0,0,0,-19.94723771,-1.58233072,37,1,1,39.338235,5.41176471,0.05882353,0.08108108,0.02702703,-0.02702703,stats_player_week_2025.csv.gz
00-0026498,Matthew Stafford,QB,LA,2025,4,REG,IND,29,41,375,3,0,3,-15,0,0,15,4,4,0,0,0,0,14.29376421,-6.02305606,44,0,0,123.526423,9.14634146,0,0.06818182,0,0.09090909,stats_player_week_2025.csv.gz
00-0027973,Andy Dalton,QB,CAR,2025,4,REG,NE,5,6,58,1,0,0,0,0,0,4,0,0,0,0,0,0,9.91380647,0,6,0,0,146.527778,9.66666667,0,0,0,0,stats_player_week_2025.csv.gz
00-0029263,Russell Wilson,QB,NYG,2025,4,REG,LAC,1,1,8,0,0,1,-5,1,0,0,0,0,0,0,0,0,-2.16858565,0,2,1,0,100,8,0,0.5,0.5,0,stats_player_week_2025.csv.gz
00-0030565,Geno Smith,QB,LV,2025,4,REG,CHI,14,21,117,2,3,0,0,0,0,6,4,31,0,0,0,1,-9.61362926,0.14608172,21,0,0,73.015873,5.57142857,0.14285714,0,0,1.47619048,stats_player_week_2025.csv.gz
00-0032268,Marcus Mariota,QB,WAS,2025,4,REG,ATL,16,27,156,2,1,2,-9,0,0,8,2,20,0,0,0,1,-0.04640426,2.52339734,29,0,0,84.799383,5.77777778,0.03703704,0.06896552,0,0.68965517,stats_player_week_2025.csv.gz
00-0032950,Carson Wentz,QB,MIN,2025,4,REG,PIT,30,46,350,2,2,6,-48,1,0,15,2,12,0,0,0,1,3.17431223,1.58362208,52,1,0,84.51087,7.60869565,0.04347826,0.11538462,0.01923077,0.23076923,stats_player_week_2025.csv.gz
00-0033077,Dak Prescott,QB,DAL,2025,4,REG,GB,31,40,319,3,0,1,0,0,0,17,1,2,1,0,0,1,22.43088339,1.43687544,41,0,0,124.895833,7.975,0,0.02439024,0,0.04878049,stats_player_week_2025.csv.gz
00-0033106,Jared Goff,QB,DET,2025,4,REG,CLE,16,27,168,2,1,0,0,0,0,8,0,0,0,0,0,0,-1.02210935,0,27,0,0,86.651235,6.22222222,0.03703704,0,0,0,stats_player_week_2025.csv.gz
00-0033662,Cooper Rush,QB,BAL,2025,4,REG,KC,9,13,52,0,0,0,0,0,0,3,0,0,0,0,0,0,-5.84878648,0,13,0,0,76.442308,4,0,0,0,0,stats_player_week_2025.csv.gz
00-0033873,Patrick Mahomes,QB,KC,2025,4,REG,BAL,25,37,270,4,0,1,-6,0,0,15,4,5,0,0,0,0,16.18895837,-2.56597965,38,0,0,124.831081,7.2972973,0,0.02631579,0,0.13157895,stats_player_week_2025.csv.gz
00-0033949,Joshua Dobbs,QB,NE,2025,4,REG,CAR,0,1,0,0,0,0,0,0,0,0,3,-2,0,0,0,0,-0.85463014,0,1,0,0,39.583333,0,0,0,0,-2,stats_player_week_2025.csv.gz
00-0034577,Kyle Allen,QB,DET,2025,4,REG,CLE,0,0,0,0,0,0,0,0,0,0,2,-2,0,0,0,0,0,0,0,0,0,,,,,,,stats_player_week_2025.csv.gz
00-0034796,Lamar Jackson,QB,BAL,2025,4,REG,KC,14,20,147,1,1,3,-5,1,1,7,6,48,0,0,0,3,-5.22017753,2.78464601,23,1,1,86.875,7.35,0.05,0.13043478,0.04347826,2.08695652,stats_player_week_2025.csv.gz
00-0034855,Baker Mayfield,QB,TB,2025,4,REG,PHI,22,40,289,2,1,2,-17,1,0,7,2,13,0,0,0,1,-5.43932639,1.52552759,42,1,0,84.270833,7.225,0.025,0.04761905,0.02380952,0.30952381,stats_player_week_2025.csv.gz
00-0034857,Josh Allen,QB,BUF,2025,4,REG,NO,16,22,209,2,1,3,-18,0,0,10,7,45,1,0,0,3,4.9171848,2.55400241,25,0,0,113.636364,9.5,0.04545455,0.12,0,1.8,stats_player_week_2025.csv.gz
00-0034869,Sam Darnold,QB,SEA,2025,4,REG,ARI,18,26,242,1,0,3,-13,1,0,11,1,24,0,0,0,1,9.92136531,1.47617128,29,1,0,111.378205,9.30769231,0,0.10344828,0.03448276,0.82758621,stats_player_week_2025.csv.gz
00-0035100,Jake Browning,QB,CIN,2025,4,REG,DEN,14,25,125,0,0,3,-19,0,0,3,3,4,0,0,0,1,-10.3546776,0.57186023,28,0,0,69.583333,5,0,0.10714286,0,0.14285714,stats_player_week_2025.csv.gz
00-0035228,Kyler Murray,QB,ARI,2025,4,REG,SEA,27,41,200,2,2,6,-36,0,0,13,5,41,0,0,0,1,-3.30439978,0.07268717,47,0,0,73.221545,4.87804878,0.04878049,0.12765957,0,0.87234043,stats_player_week_2025.csv.gz
00-0035289,Gardner Minshew,QB,KC,2025,4,REG,BAL,0,0,0,0,0,0,0,0,0,0,2,-3,0,0,0,0,0,0,0,0,0,,,,,,,stats_player_week_2025.csv.gz
00-0035710,Daniel Jones,QB,IND,2025,4,REG,LA,24,33,262,1,2,2,-14,1,0,11,1,-1,0,0,0,0,4.14326818,0,35,1,0,80.618687,7.93939394,0.06060606,0.05714286,0.02857143,-0.02857143,stats_player_week_2025.csv.gz
00-0036212,Tua Tagovailoa,QB,MIA,2025,4,REG,NYJ,17,25,177,2,0,0,0,0,0,12,3,6,0,1,0,0,10.3779439,1.13046098,25,1,0,114.916667,7.08,0,0,0.04,0.24,stats_player_week_2025.csv.gz
00-0036264,Jordan Love,QB,GB,2025,4,REG,DAL,31,43,337,3,0,1,-12,1,1,16,3,28,0,0,0,1,21.4509743,2.71443592,44,1,1,118.071705,7.8372093,0,0.02272727,0.02272727,0.63636364,stats_player_week_2025.csv.gz
00-0036355,Justin Herbert,QB,LAC,2025,4,REG,NYG,23,41,203,1,2,2,-17,0,0,8,1,24,0,0,0,1,-21.12179652,4.4021449,43,0,0,57.26626,4.95121951,0.04878049,0.04651163,0,0.55813953,stats_player_week_2025.csv.gz
00-0036389,Jalen Hurts,QB,PHI,2025,4,REG,TB,15,24,130,2,0,2,-18,0,0,10,9,62,0,1,0,3,-1.29286405,1.51593451,26,1,0,104.513889,5.41666667,0,0.07692308,0.03846154,2.38461538,stats_player_week_2025.csv.gz
00-0036945,Justin Fields,QB,NYJ,2025,4,REG,MIA,20,27,226,1,0,2,-19,1,1,12,7,81,1,0,0,3,5.60872868,8.1546636,29,1,1,111.033951,8.37037037,0,0.06896552,0.03448276,2.79310345,stats_player_week_2025.csv.gz
00-0036971,Trevor Lawrence,QB,JAX,2025,4,REG,SF,21,31,174,1,0,0,0,0,0,8,7,7,0,0,0,2,5.53223885,0.51872628,31,0,0,92.674731,5.61290323,0,0,0,0.22580645,stats_player_week_2025.csv.gz
00-0037834,Brock Purdy,QB,SF,2025,4,REG,JAX,22,38,309,2,2,1,-3,1,1,17,2,13,0,0,0,2,3.37196764,1.43715131,39,1,1,79.824561,8.13157895,0.05263158,0.02564103,0.02564103,0.33333333,stats_player_week_2025.csv.gz
00-0039150,Bryce Young,QB,CAR,2025,4,REG,NE,18,30,150,1,0,1,-11,0,0,7,1,3,0,0,0,1,-8.93644356,0.64619336,31,0,0,84.027778,5,0,0.03225806,0,0.09677419,stats_player_week_2025.csv.gz
00-0039163,C.J. Stroud,QB,HOU,2025,4,REG,TEN,22,28,233,2,0,2,-9,0,0,9,4,11,0,0,0,3,8.21145043,3.68282063,30,0,0,125.14881,8.32142857,0,0.06666667,0,0.36666667,stats_player_week_2025.csv.gz
00-0039376,Spencer Rattler,QB,NO,2025,4,REG,BUF,18,27,126,1,0,3,-17,1,0,7,6,49,0,0,0,5,-8.40994021,5.2589548,30,1,0,89.429012,4.66666667,0,0.1,0.03333333,1.63333333,stats_player_week_2025.csv.gz
00-0039732,Bo Nix,QB,DEN,2025,4,REG,CIN,29,42,326,2,1,0,0,0,0,17,6,7,1,0,0,1,13.2797962,1.41674692,42,0,0,97.916667,7.76190476,0.02380952,0,0,0.16666667,stats_player_week_2025.csv.gz
00-0039851,Drake Maye,QB,NE,2025,4,REG,CAR,14,17,203,2,0,1,0,0,0,8,3,11,1,0,0,1,19.27563391,1.00135778,18,0,0,155.637255,11.94117647,0,0.05555556,0,0.61111111,stats_player_week_2025.csv.gz
00-0039917,Michael Penix Jr.,QB,ATL,2025,4,REG,WAS,20,26,313,2,1,1,-6,0,0,14,4,2,0,0,0,1,18.2876763,-0.64996579,27,0,0,125.961538,12.03846154,0.03846154,0.03703704,0,0.07407407,stats_player_week_2025.csv.gz
00-0039918,Caleb Williams,QB,CHI,2025,4,REG,LV,22,37,212,1,1,1,-10,0,0,10,8,13,0,2,0,1,-1.12095802,-5.58331734,38,2,0,73.254505,5.72972973,0.02702703,0.02631579,0.05263158,0.34210526,stats_player_week_2025.csv.gz
00-0040676,Cam Ward,QB,TEN,2025,4,REG,HOU,10,26,108,0,1,2,-15,0,0,5,2,22,0,0,0,1,-16.60359527,2.3106658,28,0,0,35.416667,4.15384615,0.03846154,0.07142857,0,0.78571429,stats_player_week_2025.csv.gz
00-0040691,Jaxson Dart,QB,NYG,2025,4,REG,LAC,13,20,111,1,0,5,-25,0,0,6,10,54,1,1,0,5,-4.53694183,0.73416056,25,1,0,96.041667,5.55,0,0.2,0.04,2.16,stats_player_week_2025.csv.gz
00-0040704,Dillon Gabriel,QB,CLE,2025,4,REG,DET,0,1,0,0,0,0,0,0,0,0,0,0,0,0,0,0,-1.21306623,0,1,0,0,39.583333,0,0,0,0,0,stats_player_week_2025.csv.gz
00-0026498,Matthew Stafford,QB,LA,2025,5,REG,SF,30,47,389,3,0,1,-11,0,0,18,1,0,0,1,1,0,15.07245318,-5.882433,48,1,1,111.037234,8.27659574,0,0.02083333,0.02083333,0,stats_player_week_2025.csv.gz
00-0030565,Geno Smith,QB,LV,2025,5,REG,IND,25,36,228,0,2,4,-38,0,0,12,3,8,0,0,0,2,-10.90344679,0.15506164,40,0,0,63.194444,6.33333333,0.05555556,0.1,0,0.2,stats_player_week_2025.csv.gz
00-0032950,Carson Wentz,QB,MIN,2025,5,REG,CLE,25,34,236,1,0,3,-16,0,0,13,3,13,0,0,0,0,8.69971042,-1.61764317,37,0,0,102.083333,6.94117647,0,0.08108108,0,0.35135135,stats_player_week_2025.csv.gz
00-0033077,Dak Prescott,QB,DAL,2025,5,REG,NYJ,18,29,237,4,0,1,-1,0,0,12,7,28,0,0,0,2,11.84872979,0.76846506,30,0,0,127.442529,8.17241379,0,0.03333333,0,0.93333333,stats_player_week_2025.csv.gz
00-0033106,Jared Goff,QB,DET,2025,5,REG,CIN,19,23,258,3,0,4,-14,1,1,14,2,-2,0,0,0,0,11.63984144,-4.14635396,27,1,1,152.98913,11.2173913,0,0.14814815,0.03703704,-0.07407407,stats_player_week_2025.csv.gz
00-0033119,Jacoby Brissett,QB,ARI,2025,5,REG,TEN,0,1,0,0,0,0,0,0,0,0,0,0,0,0,0,0,-0.77913215,0,1,0,0,39.583333,0,0,0,0,0,stats_player_week_2025.csv.gz
00-0033662,Cooper Rush,QB,BAL,2025,5,REG,HOU,14,20,179,0,3,1,-16,0,0,7,0,0,0,0,0,0,-7.89495649,0,21,0,0,58.125,8.95,0.15,0.04761905,0,0,stats_player_week_2025.csv.gz
00-0033873,Patrick Mahomes,QB,KC,2025,5,REG,JAX,29,41,318,1,1,0,0,0,0,15,6,60,1,0,0,4,2.66431719,4.74175839,41,0,0,91.310976,7.75609756,0.02439024,0,0,1.46341463,stats_player_week_2025.csv.gz
00-0034855,Baker Mayfield,QB,TB,2025,5,REG,SEA,29,33,379,2,0,1,-9,0,0,17,5,15,0,0,0,1,25.98069025,-0.28154021,34,0,0,134.722222,11.48484848,0,0.02941176,0,0.44117647,stats_player_week_2025.csv.gz
00-0034857,Josh Allen,QB,BUF,2025,5,REG,NE,22,31,253,2,1,1,-8,0,0,16,9,53,0,1,1,3,10.64589825,-2.47614753,32,1,1,103.293011,8.16129032,0.03225806,0.03125,0.03125,1.65625,stats_player_week_2025.csv.gz
00-0034869,Sam Darnold,QB,SEA,2025,5,REG,TB,28,34,341,4,1,0,0,0,0,18,0,0,0,0,0,0,23.41312001,0,34,0,0,135.416667,10.02941176,0.02941176,0,0,0,stats_player_week_2025.csv.gz
00-0035100,Jake Browning,QB,CIN,2025,5,REG,DET,26,40,251,3,3,2,-14,1,0,12,4,31,0,0,0,2,-8.76611145,3.53686339,42,1,0,76.145833,6.275,0.075,0.04761905,0.02380952,0.73809524,stats_player_week_2025.csv.gz
00-0035228,Kyler Murray,QB,ARI,2025,5,REG,TEN,23,31,220,0,0,3,-28,0,0,8,4,25,1,1,1,3,1.97903698,0.33434358,34,1,1,93.481183,7.09677419,0,0.08823529,0.02941176,0.73529412,stats_player_week_2025.csv.gz
00-0035710,Daniel Jones,QB,IND,2025,5,REG,LV,20,29,212,2,0,0,0,0,0,11,1,2,0,0,0,1,12.35954374,0.44031777,29,0,0,113.002874,7.31034483,0,0,0,0.06896552,stats_player_week_2025.csv.gz
00-0036212,Tua Tagovailoa,QB,MIA,2025,5,REG,CAR,27,36,256,3,0,3,-27,0,0,13,1,5,0,0,0,0,11.48519129,-0.70197988,39,0,0,121.990741,7.11111111,0,0.07692308,0,0.12820513,stats_player_week_2025.csv.gz
00-0036355,Justin Herbert,QB,LAC,2025,5,REG,WAS,22,29,166,1,1,4,-24,0,0,9,4,60,0,0,0,3,-6.12444106,4.79232119,33,0,0,86.278736,5.72413793,0.03448276,0.12121212,0,1.81818182,stats_player_week_2025.csv.gz
00-0036389,Jalen Hurts,QB,PHI,2025,5,REG,DEN,23,38,280,2,0,6,-23,0,0,11,2,3,0,0,0,0,0.50497753,-0.00692903,44,0,0,100.767544,7.36842105,0,0.13636364,0,0.06818182,stats_player_week_2025.csv.gz
00-0036898,Davis Mills,QB,HOU,2025,5,REG,BAL,2,4,23,0,0,0,0,0,0,2,3,3,0,0,0,0,0.72888658,-2.92867391,4,0,0,67.708333,5.75,0,0,0,0.75,stats_player_week_2025.csv.gz
00-0036945,Justin Fields,QB,NYJ,2025,5,REG,DAL,32,46,283,2,0,5,-49,0,0,14,7,26,0,0,0,3,3.90826705,-1.1265928,51,0,0,100.181159,6.15217391,0,0.09803922,0,0.50980392,stats_player_week_2025.csv.gz
00-0036971,Trevor Lawrence,QB,JAX,2025,5,REG,KC,18,25,221,1,1,3,-11,0,0,8,10,54,2,1,1,6,-0.7439144,2.3073493,28,1,1,95.583333,8.84,0.04,0.10714286,0.03571429,1.92857143,stats_player_week_2025.csv.gz
00-0036972,Mac Jones,QB,SF,2025,5,REG,LA,33,49,342,2,0,1,-9,0,0,19,4,5,0,0,0,2,14.00177889,3.0037217,50,0,0,100.892857,6.97959184,0,0.02,0,0.1,stats_player_week_2025.csv.gz
00-0037012,Trey Lance,QB,LAC,2025,5,REG,WAS,3,4,44,0,0,1,-5,0,0,2,1,11,0,0,0,0,-1.42091703,0.60940387,5,0,0,110.416667,11,0,0.2,0,2.2,stats_player_week_2025.csv.gz
00-0039150,Bryce Young,QB,CAR,2025,5,REG,MIA,19,30,198,2,1,3,-19,1,1,12,3,1,0,0,0,0,-1.30483958,0.4145976,33,1,1,90.694444,6.6,0.03333333,0.09090909,0.03030303,0.03030303,stats_player_week_2025.csv.gz
00-0039163,C.J. Stroud,QB,HOU,2025,5,REG,BAL,23,27,244,4,0,2,-17,0,0,13,1,30,0,0,0,1,18.24793268,3.04217549,29,0,0,143.904321,9.03703704,0,0.06896552,0,1.03448276,stats_player_week_2025.csv.gz
00-0039164,Anthony Richardson,QB,IND,2025,5,REG,LV,1,2,9,0,0,0,0,0,0,1,0,0,0,0,0,0,-1.21161995,0,2,0,0,62.5,4.5,0,0,0,0,stats_player_week_2025.csv.gz
00-0039376,Spencer Rattler,QB,NO,2025,5,REG,NYG,21,31,225,1,0,0,0,0,0,9,6,21,0,0,0,3,7.47952106,0.06282697,31,0,0,99.52957,7.25806452,0,0,0,0.67741935,stats_player_week_2025.csv.gz
00-0039732,Bo Nix,QB,DEN,2025,5,REG,PHI,24,39,242,1,0,2,-14,0,0,12,3,22,0,0,0,1,4.24206702,2.44906268,41,0,0,87.767094,6.20512821,0,0.04878049,0,0.53658537,stats_player_week_2025.csv.gz
00-0039851,Drake Maye,QB,NE,2025,5,REG,BUF,22,30,273,0,0,4,-6,0,0,13,3,12,0,0,0,1,9.73183958,1.44930086,34,0,0,101.111111,9.1,0,0.11764706,0,0.35294118,stats_player_week_2025.csv.gz
00-0039910,Jayden Daniels,QB,WAS,2025,5,REG,LAC,15,26,231,1,0,1,-5,0,0,9,8,39,0,0,0,2,14.00638608,1.30844699,27,0,0,100,8.88461538,0,0.03703704,0,1.44444444,stats_player_week_2025.csv.gz
00-0040494,Max Brosmer,QB,MIN,2025,5,REG,CLE,0,0,0,0,0,0,0,0,0,0,1,-1,0,0,0,0,0,0,0,0,0,,,,,,,stats_player_week_2025.csv.gz
00-0040673,Jalen Milroe,QB,SEA,2025,5,REG,TB,0,0,0,0,0,0,0,0,0,0,1,0,0,1,1,0,0,-5.4387671,0,1,1,,,,,,,stats_player_week_2025.csv.gz
00-0040676,Cam Ward,QB,TEN,2025,5,REG,ARI,21,39,265,0,1,2,-16,0,0,12,5,-6,0,0,0,0,1.5977186,-2.94902528,41,0,0,64.583333,6.79487179,0.02564103,0.04878049,0,-0.14634146,stats_player_week_2025.csv.gz
00-0040691,Jaxson Dart,QB,NYG,2025,5,REG,NO,26,40,202,2,2,1,-3,1,1,10,7,55,0,0,0,4,-12.64855514,6.52695578,41,1,1,73.125,5.05,0.05,0.02439024,0.02439024,1.34146341,stats_player_week_2025.csv.gz
00-0040704,Dillon Gabriel,QB,CLE,2025,5,REG,MIN,19,33,190,2,0,2,-8,0,0,9,2,5,0,0,0,0,-2.27985028,-1.21970152,35,0,0,94.255051,5.75757576,0,0.05714286,0,0.14285714,stats_player_week_2025.csv.gz
00-0023459,Aaron Rodgers,QB,PIT,2025,6,REG,CLE,21,30,235,2,0,0,0,0,0,11,1,1,0,0,0,0,9.59919974,-0.41796766,30,0,0,115.277778,7.83333333,0,0,0,0.03333333,stats_player_week_2025.csv.gz
00-0026158,Joe Flacco,QB,CIN,2025,6,REG,GB,29,45,219,2,0,1,-6,0,0,12,0,0,0,0,0,0,6.49639711,0,46,0,0,90.87963,4.86666667,0,0.02173913,0,0,stats_player_week_2025.csv.gz
00-0026498,Matthew Stafford,QB,LA,2025,6,REG,BAL,17,26,181,1,0,2,-14,1,1,10,4,1,0,1,0,0,0.95944517,-2.12022748,28,2,1,98.397436,6.96153846,0,0.07142857,0.07142857,0.03571429,stats_player_week_2025.csv.gz
00-0029263,Russell Wilson,QB,NYG,2025,6,REG,PHI,0,1,0,0,0,0,0,0,0,0,0,0,0,0,0,0,-1.76822812,0,1,0,0,39.583333,0,0,0,0,0,stats_player_week_2025.csv.gz
00-0030565,Geno Smith,QB,LV,2025,6,REG,TEN,17,23,174,1,1,2,-16,0,0,9,4,-3,0,0,0,0,0.56932638,-3.64090632,25,0,0,91.576087,7.56521739,0.04347826,0.08,0,-0.12,stats_player_week_2025.csv.gz
00-0033077,Dak Prescott,QB,DAL,2025,6,REG,CAR,25,34,261,3,0,0,0,0,0,12,2,-1,0,1,0,0,17.74534857,-0.78415426,34,1,0,124.754902,7.67647059,0,0,0.02941176,-0.02941176,stats_player_week_2025.csv.gz
00-0033106,Jared Goff,QB,DET,2025,6,REG,KC,23,29,203,2,0,1,-4,0,0,13,1,7,0,0,0,1,6.71315138,1.16860803,30,0,0,118.821839,7,0,0.03333333,0,0.23333333,stats_player_week_2025.csv.gz
00-0033119,Jacoby Brissett,QB,ARI,2025,6,REG,IND,27,44,320,2,1,2,-8,0,0,17,3,19,0,0,0,3,6.25809431,2.14922261,46,0,0,89.204545,7.27272727,0.02272727,0.04347826,0,0.41304348,stats_player_week_2025.csv.gz
00-0033662,Cooper Rush,QB,BAL,2025,6,REG,LA,11,19,72,0,1,0,0,0,0,3,1,0,0,1,1,0,-5.10342921,-5.58112201,19,1,1,44.188596,3.78947368,0.05263158,0,0.05263158,0,stats_player_week_2025.csv.gz
00-0033873,Patrick Mahomes,QB,KC,2025,6,REG,DET,22,30,257,3,0,3,-14,1,0,16,10,32,1,0,0,3,15.57258389,-1.52378966,33,1,0,132.222222,8.56666667,0,0.09090909,0.03030303,0.96969697,stats_player_week_2025.csv.gz
00-0034771,Mason Rudolph,QB,PIT,2025,6,REG,CLE,0,0,0,0,0,0,0,0,0,0,3,0,0,0,0,0,0,0,0,0,0,,,,,,,stats_player_week_2025.csv.gz
00-0034855,Baker Mayfield,QB,TB,2025,6,REG,SF,17,23,256,2,0,1,-8,0,0,9,3,14,0,1,0,1,12.06748962,0.33247184,24,1,0,139.039855,11.13043478,0,0.04166667,0.04166667,0.58333333,stats_player_week_2025.csv.gz
00-0034857,Josh Allen,QB,BUF,2025,6,REG,ATL,15,26,180,2,2,4,-23,0,0,8,6,42,0,2,0,2,-7.16785238,-1.2744316,30,2,0,72.596154,6.92307692,0.07692308,0.13333333,0.06666667,1.4,stats_player_week_2025.csv.gz
00-0034869,Sam Darnold,QB,SEA,2025,6,REG,JAX,16,27,295,2,0,1,-9,0,0,10,4,2,0,0,0,1,10.52449973,-4.86782539,28,0,0,121.682099,10.92592593,0,0.03571429,0,0.07142857,stats_player_week_2025.csv.gz
00-0035710,Daniel Jones,QB,IND,2025,6,REG,ARI,22,30,212,2,1,1,-7,0,0,13,5,20,1,0,0,3,2.84822303,2.80243459,31,0,0,100.972222,7.06666667,0.03333333,0.03225806,0,0.64516129,stats_player_week_2025.csv.gz
00-0035993,Tyler Huntley,QB,BAL,2025,6,REG,LA,10,15,68,0,0,4,-23,0,0,3,3,39,0,0,0,2,-7.25576425,5.7872077,19,0,0,76.527778,4.53333333,0,0.21052632,0,2.05263158,stats_player_week_2025.csv.gz
00-0036212,Tua Tagovailoa,QB,MIA,2025,6,REG,LAC,21,32,205,1,3,2,-9,0,0,10,1,4,0,0,0,0,-0.03338861,-0.18017263,34,0,0,54.817708,6.40625,0.09375,0.05882353,0,0.11764706,stats_player_week_2025.csv.gz
00-0036264,Jordan Love,QB,GB,2025,6,REG,CIN,19,26,259,1,1,1,-3,0,0,11,7,26,0,0,0,3,7.35611214,3.86254744,27,0,0,101.282051,9.96153846,0.03846154,0.03703704,0,0.96296296,stats_player_week_2025.csv.gz
00-0036355,Justin Herbert,QB,LAC,2025,6,REG,MIA,29,38,264,2,0,1,-1,0,0,12,1,2,0,0,0,1,12.64188996,2.28849511,39,0,0,112.171053,6.94736842,0,0.02564103,0,0.05128205,stats_player_week_2025.csv.gz
00-0036389,Jalen Hurts,QB,PHI,2025,6,REG,NYG,24,33,283,1,1,3,-17,0,0,14,7,13,1,0,0,2,2.16158226,0.01409083,36,0,0,95.896465,8.57575758,0.03030303,0.08333333,0,0.36111111,stats_player_week_2025.csv.gz
00-0036945,Justin Fields,QB,NYJ,2025,6,REG,DEN,9,17,45,0,0,9,-55,0,0,2,7,31,0,0,0,1,-20.72145805,0.83370038,26,0,0,58.70098,2.64705882,0,0.34615385,0,1.19230769,stats_player_week_2025.csv.gz
00-0036971,Trevor Lawrence,QB,JAX,2025,6,REG,SEA,27,42,258,2,0,7,-44,0,0,13,3,9,0,0,0,1,-0.38684652,2.30728553,49,0,0,97.123016,6.14285714,0,0.14285714,0,0.18367347,stats_player_week_2025.csv.gz
00-0036972,Mac Jones,QB,SF,2025,6,REG,TB,27,39,347,0,2,6,-51,1,0,10,5,13,0,0,0,2,-4.42705244,-0.03902782,45,1,0,75.480769,8.8974359,0.05128205,0.13333333,0.02222222,0.28888889,stats_player_week_2025.csv.gz
00-0039150,Bryce Young,QB,CAR,2025,6,REG,DAL,17,25,199,3,1,1,-5,0,0,11,3,5,0,0,0,0,2.20137639,-0.31285304,26,0,0,114.833333,7.96,0.04,0.03846154,0,0.19230769,stats_player_week_2025.csv.gz
00-0039376,Spencer Rattler,QB,NO,2025,6,REG,NE,20,26,227,0,0,2,-4,0,0,7,4,20,0,0,0,3,3.90482275,1.79574348,28,0,0,102.564103,8.73076923,0,0.07142857,0,0.71428571,stats_player_week_2025.csv.gz
00-0039732,Bo Nix,QB,DEN,2025,6,REG,NYJ,19,30,174,1,0,1,-6,0,0,9,5,24,0,0,0,1,5.10716702,0.15759982,31,0,0,90.138889,5.8,0,0.03225806,0,0.77419355,stats_player_week_2025.csv.gz
00-0039851,Drake Maye,QB,NE,2025,6,REG,NO,18,26,261,3,0,1,-1,0,0,12,9,28,0,1,0,3,17.40663725,-1.40078099,27,1,0,140.064103,10.03846154,0,0.03703704,0.03703704,1.03703704,stats_player_week_2025.csv.gz
00-0039910,Jayden Daniels,QB,WAS,2025,6,REG,CHI,19,26,211,3,1,3,-6,1,0,11,10,52,0,1,1,2,6.43535754,-2.78354306,29,2,1,119.230769,8.11538462,0.03846154,0.10344828,0.06896552,1.79310345,stats_player_week_2025.csv.gz
00-0039917,Michael Penix Jr.,QB,ATL,2025,6,REG,BUF,20,32,250,1,0,2,-17,0,0,10,2,6,0,0,0,0,-0.41926983,0.29490613,34,0,0,97.135417,7.8125,0,0.05882353,0,0.17647059,stats_player_week_2025.csv.gz
00-0039918,Caleb Williams,QB,CHI,2025,6,REG,WAS,17,29,252,1,0,3,-16,0,0,10,4,3,1,1,0,2,3.27581412,-0.80595592,32,1,0,98.635057,8.68965517,0,0.09375,0.03125,0.09375,stats_player_week_2025.csv.gz
00-0040676,Cam Ward,QB,TEN,2025,6,REG,LV,26,38,222,1,1,6,-62,2,2,11,0,0,0,0,0,0,-14.68072225,0,44,2,2,81.25,5.84210526,0.02631579,0.13636364,0.04545455,0,stats_player_week_2025.csv.gz
00-0040691,Jaxson Dart,QB,NYG,2025,6,REG,PHI,17,25,195,1,0,2,-1,0,0,8,13,58,1,0,0,5,7.53858234,2.4029583,27,0,0,104.583333,7.8,0,0.07407407,0,2.14814815,stats_player_week_2025.csv.gz
00-0040704,Dillon Gabriel,QB,CLE,2025,6,REG,PIT,29,52,221,0,0,6,-38,0,0,10,0,0,0,0,0,0,-13.87761621,0,58,0,0,66.266026,4.25,0,0.10344828,0,0,stats_player_week_2025.csv.gz
00-0023459,Aaron Rodgers,QB,PIT,2025,7,REG,CIN,23,34,249,4,2,0,0,0,0,12,1,6,0,0,0,0,13.3119119,0.27693664,34,0,0,103.676471,7.32352941,0.05882353,0,0,0.17647059,stats_player_week_2025.csv.gz
00-0026158,Joe Flacco,QB,CIN,2025,7,REG,PIT,31,47,342,3,0,2,-14,0,0,16,5,3,0,0,0,2,15.14405856,0.60214183,49,0,0,108.643617,7.27659574,0,0.04081633,0,0.06122449,stats_player_week_2025.csv.gz
00-0026498,Matthew Stafford,QB,LA,2025,7,REG,JAX,21,33,182,5,0,0,0,0,0,14,2,1,0,0,0,0,8.78292111,-0.34990631,33,0,0,117.676768,5.51515152,0,0,0,0.03030303,stats_player_week_2025.csv.gz
00-0027973,Andy Dalton,QB,CAR,2025,7,REG,NYJ,4,7,60,0,0,1,-9,0,0,2,2,-2,0,0,0,0,-2.71458708,-3.00210299,8,0,0,85.416667,8.57142857,0,0.125,0,-0.25,stats_player_week_2025.csv.gz
00-0028118,Tyrod Taylor,QB,NYJ,2025,7,REG,CAR,10,22,126,0,2,3,-12,0,0,6,3,11,0,0,0,0,-4.264952,-1.32391798,25,0,0,25.94697,5.72727273,0.09090909,0.12,0,0.44,stats_player_week_2025.csv.gz
00-0030565,Geno Smith,QB,LV,2025,7,REG,KC,10,16,67,0,0,1,-5,0,0,2,2,1,0,1,0,0,-9.70972516,-2.25261605,17,1,0,71.614583,4.1875,0,0.05882353,0.05882353,0.05882353,stats_player_week_2025.csv.gz
00-0031237,Teddy Bridgewater,QB,TB,2025,7,REG,DET,0,0,0,0,0,0,0,0,0,0,1,-1,0,0,0,0,0,0,0,0,0,,,,,,,stats_player_week_2025.csv.gz
00-0031345,Jimmy Garoppolo,QB,LA,2025,7,REG,JAX,0,0,0,0,0,0,0,0,0,0,3,-3,0,0,0,0,0,0,0,0,0,,,,,,,stats_player_week_2025.csv.gz
00-0032268,Marcus Mariota,QB,WAS,2025,7,REG,DAL,4,10,63,0,1,2,-9,0,0,2,2,34,0,0,0,1,-14.07168678,2.70196774,12,0,0,22.083333,6.3,0.1,0.16666667,0,2.83333333,stats_player_week_2025.csv.gz
00-0032950,Carson Wentz,QB,MIN,2025,7,REG,PHI,26,42,313,0,2,2,-15,0,0,13,4,28,0,1,0,2,-2.27697244,-1.12795901,44,1,0,64.880952,7.45238095,0.04761905,0.04545455,0.02272727,0.63636364,stats_player_week_2025.csv.gz
00-0033077,Dak Prescott,QB,DAL,2025,7,REG,WAS,21,30,264,3,0,1,-7,0,0,11,5,7,0,1,0,1,7.19315471,0.24554991,31,1,0,130.416667,8.8,0,0.03225806,0.03225806,0.22580645,stats_player_week_2025.csv.gz
00-0033106,Jared Goff,QB,DET,2025,7,REG,TB,20,29,241,1,1,4,-26,1,1,9,2,7,0,0,0,1,-8.63504096,0.3411502,33,1,1,91.307471,8.31034483,0.03448276,0.12121212,0.03030303,0.21212121,stats_player_week_2025.csv.gz
00-0033119,Jacoby Brissett,QB,ARI,2025,7,REG,GB,25,36,279,2,0,6,-43,1,1,13,6,26,0,0,0,2,1.03583326,-1.69101578,42,1,1,110.763889,7.75,0,0.14285714,0.02380952,0.61904762,stats_player_week_2025.csv.gz
00-0033873,Patrick Mahomes,QB,KC,2025,7,REG,LV,26,35,286,3,0,1,-4,0,0,16,4,28,0,0,0,2,19.33917765,2.56133722,36,0,0,126.607143,8.17142857,0,0.02777778,0,0.77777778,stats_player_week_2025.csv.gz
00-0033949,Joshua Dobbs,QB,NE,2025,7,REG,TEN,1,1,12,0,0,0,0,0,0,1,2,-2,0,0,0,0,1.77493542,-1.77400611,1,0,0,116.666667,12,0,0,0,-2,stats_player_week_2025.csv.gz
00-0034855,Baker Mayfield,QB,TB,2025,7,REG,DET,28,50,228,1,1,4,-18,1,0,11,0,0,0,0,0,0,-25.04829073,0,54,1,0,66.083333,4.56,0.02,0.07407407,0.01851852,0,stats_player_week_2025.csv.gz
00-0034869,Sam Darnold,QB,SEA,2025,7,REG,HOU,17,31,213,1,1,2,-15,1,1,9,3,1,0,0,0,0,-5.61376146,2.13082033,33,1,1,73.723118,6.87096774,0.03225806,0.06060606,0.03030303,0.03030303,stats_player_week_2025.csv.gz
00-0035289,Gardner Minshew,QB,KC,2025,7,REG,LV,0,0,0,0,0,0,0,0,0,0,3,-3,0,0,0,0,0,-0.07120083,0,0,0,,,,,,,stats_player_week_2025.csv.gz
00-0035710,Daniel Jones,QB,IND,2025,7,REG,LAC,23,34,288,2,0,1,-7,0,0,14,5,7,0,0,0,0,14.86135435,-2.9515655,35,0,0,113.357843,8.47058824,0,0.02857143,0,0.2,stats_player_week_2025.csv.gz
00-0036212,Tua Tagovailoa,QB,MIA,2025,7,REG,CLE,12,23,100,0,3,2,-13,0,0,5,3,6,0,2,0,0,-23.48921893,-3.40816116,25,2,0,24.094203,4.34782609,0.13043478,0.08,0.08,0.24,stats_player_week_2025.csv.gz
00-0036264,Jordan Love,QB,GB,2025,7,REG,ARI,19,29,179,1,0,1,-11,0,0,10,4,22,0,1,0,1,6.06356152,2.1919704,30,1,0,93.893678,6.17241379,0,0.03333333,0.03333333,0.73333333,stats_player_week_2025.csv.gz
00-0036355,Justin Herbert,QB,LAC,2025,7,REG,IND,37,55,420,3,2,3,-29,0,0,19,6,31,0,0,0,4,5.8191268,3.70207554,58,0,0,92.992424,7.63636364,0.03636364,0.05172414,0,0.53448276,stats_player_week_2025.csv.gz
00-0036389,Jalen Hurts,QB,PHI,2025,7,REG,MIN,19,23,326,3,0,3,-10,0,0,9,4,-10,0,0,0,1,18.90667418,-0.47286403,26,0,0,158.333333,14.17391304,0,0.11538462,0,-0.38461538,stats_player_week_2025.csv.gz
00-0036945,Justin Fields,QB,NYJ,2025,7,REG,CAR,6,12,46,0,0,3,-21,0,0,2,4,22,0,0,0,1,-9.23441388,0.68598106,15,0,0,59.722222,3.83333333,0,0.2,0,1.46666667,stats_player_week_2025.csv.gz
00-0036971,Trevor Lawrence,QB,JAX,2025,7,REG,LA,23,48,296,1,0,7,-32,0,0,13,2,18,0,0,0,1,-13.93414801,-1.66142921,55,0,0,74.652778,6.16666667,0,0.12727273,0,0.32727273,stats_player_week_2025.csv.gz
00-0036972,Mac Jones,QB,SF,2025,7,REG,ATL,17,26,152,0,1,1,-2,0,0,10,5,11,0,0,0,2,1.96822638,-1.23713804,27,0,0,64.903846,5.84615385,0.03846154,0.03703704,0,0.40740741,stats_player_week_2025.csv.gz
00-0038102,Kenny Pickett,QB,LV,2025,7,REG,KC,2,2,8,0,0,0,0,0,0,0,1,0,0,1,1,0,-0.75356142,-5.25449428,2,1,1,83.333333,4,0,0,0.5,0,stats_player_week_2025.csv.gz
00-0039150,Bryce Young,QB,CAR,2025,7,REG,NYJ,15,25,138,1,0,1,-12,0,0,8,2,10,0,0,0,0,0.10843128,-0.49536225,26,0,0,88.416667,5.52,0,0.03846154,0,0.38461538,stats_player_week_2025.csv.gz
00-0039163,C.J. Stroud,QB,HOU,2025,7,REG,SEA,23,49,229,1,1,3,-31,0,0,13,2,25,0,0,0,0,-13.5244037,2.76548741,52,0,0,58.971088,4.67346939,0.02040816,0.05769231,0,0.48076923,stats_player_week_2025.csv.gz
00-0039376,Spencer Rattler,QB,NO,2025,7,REG,CHI,20,32,233,2,3,4,-24,1,1,9,2,12,0,0,0,1,-12.23894606,1.5589183,36,1,1,66.276042,7.28125,0.09375,0.11111111,0.02777778,0.33333333,stats_player_week_2025.csv.gz
00-0039732,Bo Nix,QB,DEN,2025,7,REG,NYG,27,50,279,2,0,2,-14,0,0,15,5,48,2,1,0,4,-1.40684891,8.09857341,52,1,0,83.666667,5.58,0,0.03846154,0.01923077,0.92307692,stats_player_week_2025.csv.gz
00-0039851,Drake Maye,QB,NE,2025,7,REG,TEN,21,23,222,2,0,4,-22,0,0,12,8,62,0,0,0,3,9.74793589,3.37032673,27,0,0,135.869565,9.65217391,0,0.14814815,0,2.2962963,stats_player_week_2025.csv.gz
00-0039910,Jayden Daniels,QB,WAS,2025,7,REG,DAL,12,22,156,1,0,2,-5,1,1,6,8,35,1,0,0,4,-5.88324433,2.40419688,24,1,1,92.234848,7.09090909,0,0.08333333,0.04166667,1.45833333,stats_player_week_2025.csv.gz
00-0039917,Michael Penix Jr.,QB,ATL,2025,7,REG,SF,21,38,241,1,0,2,-11,1,1,13,2,6,0,0,0,0,-6.73735714,1.05404521,40,1,1,83.333333,6.34210526,0,0.05,0.025,0.15,stats_player_week_2025.csv.gz
00-0039918,Caleb Williams,QB,CHI,2025,7,REG,NO,15,26,172,0,1,1,-8,0,0,10,4,-2,0,2,0,0,2.14981482,-6.15974641,27,2,0,61.698718,6.61538462,0.03846154,0.03703704,0.07407407,-0.07407407,stats_player_week_2025.csv.gz
00-0040234,Quinn Ewers,QB,MIA,2025,7,REG,CLE,5,8,53,0,0,2,-20,1,0,2,1,0,0,1,0,0,-3.03990878,-1.00480434,10,2,0,81.770833,6.625,0,0.2,0.2,0,stats_player_week_2025.csv.gz
00-0040676,Cam Ward,QB,TEN,2025,7,REG,NE,25,34,255,1,1,5,-39,1,1,14,0,0,0,0,0,0,-11.74268476,0,39,1,1,92.156863,7.5,0.02941176,0.12820513,0.02564103,0,stats_player_week_2025.csv.gz
00-0040691,Jaxson Dart,QB,NYG,2025,7,REG,DEN,15,33,283,3,1,4,-15,0,0,12,5,11,1,0,0,2,8.37708418,1.63233521,37,0,0,93.371212,8.57575758,0.03030303,0.10810811,0,0.2972973,stats_player_week_2025.csv.gz
00-0040704,Dillon Gabriel,QB,CLE,2025,7,REG,MIA,13,18,116,0,0,2,-14,0,0,6,4,12,0,0,0,0,0.84980109,-2.41996578,20,0,0,89.12037,6.44444444,0,0.1,0,0.6,stats_player_week_2025.csv.gz
00-0023459,Aaron Rodgers,QB,PIT,2025,8,REG,GB,24,36,219,2,0,3,-17,0,0,10,0,0,0,0,0,0,-4.05235293,0,39,0,0,101.50463,6.08333333,0,0.07692308,0,0,stats_player_week_2025.csv.gz
00-0026158,Joe Flacco,QB,CIN,2025,8,REG,NYJ,21,34,223,2,0,1,-6,0,0,11,2,14,1,0,0,2,3.18590041,3.03157239,35,0,0,100.490196,6.55882353,0,0.02857143,0,0.4,stats_player_week_2025.csv.gz
00-0027973,Andy Dalton,QB,CAR,2025,8,REG,BUF,16,24,175,0,1,7,-45,1,1,11,2,1,0,1,1,0,-12.86088977,-5.65705023,31,2,2,70.659722,7.29166667,0.04166667,0.22580645,0.06451613,0.03225806,stats_player_week_2025.csv.gz
00-0029604,Kirk Cousins,QB,ATL,2025,8,REG,MIA,21,31,173,0,0,1,-5,0,0,7,2,2,0,0,0,0,-5.86792896,0.08780238,32,0,0,81.787634,5.58064516,0,0.03125,0,0.0625,stats_player_week_2025.csv.gz
00-0032268,Marcus Mariota,QB,WAS,2025,8,REG,KC,21,30,213,1,2,2,-13,0,0,9,8,28,0,1,0,1,-7.40416935,0.24715379,32,1,0,73.333333,7.1,0.06666667,0.0625,0.03125,0.875,stats_player_week_2025.csv.gz
00-0032950,Carson Wentz,QB,MIN,2025,8,REG,LAC,15,27,144,1,1,5,-27,1,0,8,0,0,0,0,0,0,-12.73999707,0,32,1,0,67.515432,5.33333333,0.03703704,0.15625,0.03125,0,stats_player_week_2025.csv.gz
00-0033077,Dak Prescott,QB,DAL,2025,8,REG,DEN,19,31,188,0,2,2,-15,0,0,9,6,31,0,0,0,2,-4.38439433,2.38826237,33,0,0,51.545699,6.06451613,0.06451613,0.06060606,0,0.93939394,stats_player_week_2025.csv.gz
00-0033869,Mitchell Trubisky,QB,BUF,2025,8,REG,CAR,2,4,22,0,0,0,0,0,0,2,0,0,0,0,0,0,0.7297494,0,4,0,0,66.666667,5.5,0,0,0,0,stats_player_week_2025.csv.gz
00-0033873,Patrick Mahomes,QB,KC,2025,8,REG,WAS,25,34,299,3,2,3,-15,0,0,16,4,30,0,0,0,1,13.72870366,0.15241792,37,0,0,104.901961,8.79411765,0.05882353,0.08108108,0,0.81081081,stats_player_week_2025.csv.gz
00-0034855,Baker Mayfield,QB,TB,2025,8,REG,NO,15,24,152,0,0,3,-28,1,1,8,0,0,0,0,0,0,-1.77036246,0,27,1,1,80.555556,6.33333333,0,0.11111111,0.03703704,0,stats_player_week_2025.csv.gz
00-0034857,Josh Allen,QB,BUF,2025,8,REG,CAR,12,19,163,1,0,2,-20,0,0,8,3,7,2,0,0,2,7.69333903,1.6869564,21,0,0,108.004386,8.57894737,0,0.0952381,0,0.33333333,stats_player_week_2025.csv.gz
00-0035264,Jarrett Stidham,QB,DEN,2025,8,REG,DAL,0,0,0,0,0,0,0,0,0,0,1,-1,0,0,0,0,0,0,0,0,0,,,,,,,stats_player_week_2025.csv.gz
00-0035710,Daniel Jones,QB,IND,2025,8,REG,TEN,21,29,272,3,0,3,-16,0,0,14,1,3,0,0,0,0,13.84281714,-0.29471827,32,0,0,135.991379,9.37931034,0,0.09375,0,0.09375,stats_player_week_2025.csv.gz
00-0035993,Tyler Huntley,QB,BAL,2025,8,REG,CHI,17,22,186,1,0,2,-8,0,0,8,8,53,0,0,0,4,5.31554328,3.2386326,24,0,0,116.856061,8.45454545,0,0.08333333,0,2.20833333,stats_player_week_2025.csv.gz
00-0036212,Tua Tagovailoa,QB,MIA,2025,8,REG,ATL,20,26,205,4,0,1,-8,0,0,10,0,0,0,0,0,0,9.60991137,0,27,0,0,138.621795,7.88461538,0,0.03703704,0,0,stats_player_week_2025.csv.gz
00-0036264,Jordan Love,QB,GB,2025,8,REG,PIT,29,37,360,3,0,0,0,0,0,16,1,-1,0,0,0,0,22.35200752,-1.78449175,37,0,0,134.234234,9.72972973,0,0,0,-0.02702703,stats_player_week_2025.csv.gz
00-0036355,Justin Herbert,QB,LAC,2025,8,REG,MIN,18,25,227,3,1,2,-15,0,0,13,7,62,0,0,0,4,11.60753154,3.76690644,27,0,0,122.833333,9.08,0.04,0.07407407,0,2.2962963,stats_player_week_2025.csv.gz
00-0036389,Jalen Hurts,QB,PHI,2025,8,REG,NYG,15,20,179,4,0,4,-28,0,0,10,4,22,0,0,0,2,8.02651469,4.64646467,24,0,0,141.458333,8.95,0,0.16666667,0,0.91666667,stats_player_week_2025.csv.gz
00-0036945,Justin Fields,QB,NYJ,2025,8,REG,CIN,21,32,244,1,0,0,0,0,0,12,11,31,0,0,0,3,15.04811751,-0.78824763,32,0,0,98.958333,7.625,0,0,0,0.96875,stats_player_week_2025.csv.gz
00-0036972,Mac Jones,QB,SF,2025,8,REG,HOU,19,32,193,2,1,2,-18,0,0,10,2,23,0,0,0,1,-2.79156948,1.72815027,34,0,0,84.505208,6.03125,0.03125,0.05882353,0,0.67647059,stats_player_week_2025.csv.gz
00-0037013,Zach Wilson,QB,MIA,2025,8,REG,ATL,1,1,0,0,0,0,0,0,0,0,0,0,0,0,0,0,-3.38895024,0,1,0,0,79.166667,0,0,0,0,0,stats_player_week_2025.csv.gz
00-0038400,Tanner McKee,QB,PHI,2025,8,REG,NYG,0,0,0,0,0,0,0,0,0,0,3,-2,0,0,0,0,0,-3.63446495,0,0,0,,,,,,,stats_player_week_2025.csv.gz
00-0039163,C.J. Stroud,QB,HOU,2025,8,REG,SF,30,39,318,2,1,0,0,0,0,16,7,30,0,0,0,4,19.18803211,4.34994103,39,0,0,106.570513,8.15384615,0.02564103,0,0,0.76923077,stats_player_week_2025.csv.gz
00-0039376,Spencer Rattler,QB,NO,2025,8,REG,TB,15,21,136,0,1,3,-19,0,0,6,3,12,0,1,1,1,-7.02503782,-5.51408542,24,1,1,68.75,6.47619048,0.04761905,0.125,0.04166667,0.5,stats_player_week_2025.csv.gz
00-0039398,Joe Milton III,QB,DAL,2025,8,REG,DEN,3,4,58,1,0,0,0,0,0,3,0,0,0,0,0,0,5.73371046,0,4,0,0,156.25,14.5,0,0,0,0,stats_player_week_2025.csv.gz
00-0039732,Bo Nix,QB,DEN,2025,8,REG,DAL,19,29,247,4,1,0,0,0,0,15,1,-1,0,0,0,0,14.09282814,0,29,0,0,117.385057,8.51724138,0.03448276,0,0,-0.03448276,stats_player_week_2025.csv.gz
00-0039851,Drake Maye,QB,NE,2025,8,REG,CLE,18,24,282,3,1,6,-37,1,0,11,7,50,0,0,0,2,6.42118274,-0.9539889,30,1,0,135.763889,11.75,0.04166667,0.2,0.03333333,1.66666667,stats_player_week_2025.csv.gz
00-0039918,Caleb Williams,QB,CHI,2025,8,REG,BAL,25,38,285,0,1,1,-9,0,0,13,3,24,0,0,0,1,1.09993352,0.00819782,39,0,0,77.192982,7.5,0.02631579,0.02564103,0,0.61538462,stats_player_week_2025.csv.gz
00-0040206,Riley Leonard,QB,IND,2025,8,REG,TEN,0,2,0,0,0,0,0,0,0,0,1,1,0,0,0,0,-2.1162064,-0.58178192,2,0,0,39.583333,0,0,0,0,0.5,stats_player_week_2025.csv.gz
00-0040494,Max Brosmer,QB,MIN,2025,8,REG,LAC,3,4,13,0,0,0,0,0,0,1,0,0,0,0,0,0,-0.01077376,0,4,0,0,78.125,3.25,0,0,0,0,stats_player_week_2025.csv.gz
00-0040676,Cam Ward,QB,TEN,2025,8,REG,IND,22,38,259,1,1,4,-31,0,0,13,2,4,0,0,0,0,-7.90335976,-0.631146,42,0,0,76.535088,6.81578947,0.02631579,0.0952381,0,0.0952381,stats_player_week_2025.csv.gz
00-0040691,Jaxson Dart,QB,NYG,2025,8,REG,PHI,14,24,193,1,0,5,-15,0,0,9,6,17,1,0,0,2,3.37211063,4.05043693,29,0,0,98.090278,8.04166667,0,0.17241379,0,0.5862069,stats_player_week_2025.csv.gz
00-0040704,Dillon Gabriel,QB,CLE,2025,8,REG,NE,21,35,156,2,2,1,-11,0,0,7,1,13,0,0,0,1,-19.84580293,0.7576488,36,0,0,65.892857,4.45714286,0.05714286,0.02777778,0,0.36111111,stats_player_week_2025.csv.gz
00-0040743,Tyler Shough,QB,NO,2025,8,REG,TB,17,30,128,0,1,2,-18,0,0,7,3,12,0,0,0,1,-15.05785827,0.75703697,32,0,0,53.194444,4.26666667,0.03333333,0.0625,0,0.375,stats_player_week_2025.csv.gz
00-0023459,Aaron Rodgers,QB,PIT,2025,9,REG,IND,25,35,203,1,0,3,-16,0,0,10,2,0,0,0,0,0,0.01095417,-0.72897615,38,0,0,95.297619,5.8,0,0.07894737,0,0,stats_player_week_2025.csv.gz
00-0026158,Joe Flacco,QB,CIN,2025,9,REG,CHI,31,47,470,4,2,3,-21,1,1,22,1,-1,0,0,0,0,16.73174532,0,50,1,1,109.352837,10,0.04255319,0.06,0.02,-0.02,stats_player_week_2025.csv.gz
00-0026498,Matthew Stafford,QB,LA,2025,9,REG,NO,24,32,281,4,0,2,-14,0,0,14,4,-4,0,0,0,0,11.83874103,-3.12784292,34,0,0,140.755208,8.78125,0,0.05882353,0,-0.11764706,stats_player_week_2025.csv.gz
00-0030565,Geno Smith,QB,LV,2025,9,REG,JAX,29,39,284,4,1,2,-10,0,0,17,5,9,0,0,0,2,11.39639255,-0.33893384,41,0,0,117.895299,7.28205128,0.02564103,0.04878049,0,0.2195122,stats_player_week_2025.csv.gz
00-0033077,Dak Prescott,QB,DAL,2025,9,REG,ARI,24,39,250,1,1,5,-40,0,0,14,4,34,0,0,0,1,-4.50267879,1.75701697,44,0,0,77.938034,6.41025641,0.02564103,0.11363636,0,0.77272727,stats_player_week_2025.csv.gz
00-0033106,Jared Goff,QB,DET,2025,9,REG,MIN,25,37,284,2,0,5,-44,0,0,11,0,0,0,0,0,0,4.12880961,0,42,0,0,108.38964,7.67567568,0,0.11904762,0,0,stats_player_week_2025.csv.gz
00-0033119,Jacoby Brissett,QB,ARI,2025,9,REG,DAL,21,31,261,2,0,5,-40,0,0,14,5,4,1,1,0,1,7.0103685,0.06003727,36,1,0,115.120968,8.41935484,0,0.13888889,0.02777778,0.11111111,stats_player_week_2025.csv.gz
00-0033873,Patrick Mahomes,QB,KC,2025,9,REG,BUF,15,34,250,0,1,3,-24,0,0,10,1,5,0,0,0,0,-1.68272084,0.56068384,37,0,0,57.230392,7.35294118,0.02941176,0.08108108,0,0.13513514,stats_player_week_2025.csv.gz
00-0034796,Lamar Jackson,QB,BAL,2025,9,REG,MIA,18,23,204,4,0,2,-16,0,0,11,5,14,0,0,0,1,10.40170849,-1.04032772,25,0,0,143.206522,8.86956522,0,0.08,0,0.56,stats_player_week_2025.csv.gz
00-0034857,Josh Allen,QB,BUF,2025,9,REG,KC,23,26,273,1,0,3,-10,0,0,13,6,19,2,0,0,4,9.60338804,4.41136552,29,0,0,123.237179,10.5,0,0.10344828,0,0.65517241,stats_player_week_2025.csv.gz
00-0034869,Sam Darnold,QB,SEA,2025,9,REG,WAS,21,24,330,4,1,0,0,0,0,13,0,0,0,0,0,0,22.44793509,0,24,0,0,140.972222,13.75,0.04166667,0,0,0,stats_player_week_2025.csv.gz
00-0035710,Daniel Jones,QB,IND,2025,9,REG,PIT,31,50,342,1,3,5,-29,2,2,17,3,4,1,1,0,2,-16.25802782,4.53327883,55,3,2,63.916667,6.84,0.06,0.09090909,0.05454545,0.07272727,stats_player_week_2025.csv.gz
00-0036212,Tua Tagovailoa,QB,MIA,2025,9,REG,BAL,25,40,261,0,1,2,-16,0,0,12,1,1,0,0,0,0,3.51162502,-1.43282702,42,0,0,70.9375,6.525,0.025,0.04761905,0,0.02380952,stats_player_week_2025.csv.gz
00-0036264,Jordan Love,QB,GB,2025,9,REG,CAR,26,37,273,0,1,1,-8,0,0,13,1,1,0,0,0,0,5.89999847,-0.52422974,38,0,0,80.123874,7.37837838,0.02702703,0.02631579,0,0.02631579,stats_player_week_2025.csv.gz
00-0036355,Justin Herbert,QB,LAC,2025,9,REG,TEN,19,29,250,2,1,6,-38,0,0,12,9,57,1,0,0,6,1.83361712,4.05699666,35,0,0,101.221264,8.62068966,0.03448276,0.17142857,0,1.62857143,stats_player_week_2025.csv.gz
00-0036898,Davis Mills,QB,HOU,2025,9,REG,DEN,17,30,137,0,0,2,-16,0,0,7,2,7,0,0,0,0,-5.67850514,-0.21920302,32,0,0,68.333333,4.56666667,0,0.0625,0,0.21875,stats_player_week_2025.csv.gz
00-0036971,Trevor Lawrence,QB,JAX,2025,9,REG,LV,23,34,220,0,1,1,-4,0,0,9,9,24,2,0,0,4,-0.75714932,2.73695855,35,0,0,73.161765,6.47058824,0.02941176,0.02857143,0,0.68571429,stats_player_week_2025.csv.gz
00-0036972,Mac Jones,QB,SF,2025,9,REG,NYG,19,24,235,2,0,2,-14,1,1,13,4,4,0,0,0,1,13.49070095,0.91624082,26,1,1,135.243056,9.79166667,0,0.07692308,0.03846154,0.15384615,stats_player_week_2025.csv.gz
00-0038416,Tyson Bagent,QB,CHI,2025,9,REG,CIN,1,1,20,0,0,0,0,0,0,1,0,0,0,0,0,0,1.40881599,0,1,0,0,118.75,20,0,0,0,0,stats_player_week_2025.csv.gz
00-0038658,Adrian Martinez,QB,SF,2025,9,REG,NYG,0,0,0,0,0,0,0,0,0,0,1,-1,0,0,0,0,0,-2.32438811,0,0,0,,,,,,,stats_player_week_2025.csv.gz
00-0039150,Bryce Young,QB,CAR,2025,9,REG,GB,11,20,102,0,1,1,0,1,0,6,2,9,0,0,0,2,-3.30548286,3.56196275,21,1,0,48.333333,5.1,0.05,0.04761905,0.04761905,0.42857143,stats_player_week_2025.csv.gz
00-0039163,C.J. Stroud,QB,HOU,2025,9,REG,DEN,6,10,79,0,0,2,-9,0,0,4,2,12,0,0,0,1,3.08633002,0.87301419,12,0,0,85,7.9,0,0.16666667,0,1,stats_player_week_2025.csv.gz
00-0039732,Bo Nix,QB,DEN,2025,9,REG,HOU,18,37,173,2,1,1,-2,0,0,9,3,36,0,0,0,1,-3.50015967,1.77376806,38,0,0,68.862613,4.67567568,0.02702703,0.02631579,0,0.94736842,stats_player_week_2025.csv.gz
00-0039851,Drake Maye,QB,NE,2025,9,REG,ATL,19,29,259,2,1,6,-38,2,1,14,8,20,0,0,0,2,0.42372685,0.32944459,35,2,1,102.514368,8.93103448,0.03448276,0.17142857,0.05714286,0.57142857,stats_player_week_2025.csv.gz
00-0039910,Jayden Daniels,QB,WAS,2025,9,REG,SEA,16,22,153,0,1,4,-20,0,0,8,10,51,1,0,0,2,-1.32997166,0.46449411,26,0,0,72.727273,6.95454545,0.04545455,0.15384615,0,1.96153846,stats_player_week_2025.csv.gz
00-0039917,Michael Penix Jr.,QB,ATL,2025,9,REG,NE,22,37,221,3,0,1,-4,1,0,13,2,19,0,0,0,1,3.74243171,1.76294957,38,1,0,103.547297,5.97297297,0,0.02631579,0.02631579,0.5,stats_player_week_2025.csv.gz
00-0039918,Caleb Williams,QB,CHI,2025,9,REG,CIN,20,34,280,3,0,2,-9,0,0,15,5,53,0,0,0,2,14.03413071,2.09474121,36,0,0,114.828431,8.23529412,0,0.05555556,0,1.47222222,stats_player_week_2025.csv.gz
00-0039923,J.J. McCarthy,QB,MIN,2025,9,REG,DET,14,25,143,2,1,5,-27,0,0,8,9,12,1,1,0,1,-7.41834462,1.16505857,30,1,0,82.583333,5.72,0.04,0.16666667,0.03333333,0.4,stats_player_week_2025.csv.gz
00-0040676,Cam Ward,QB,TEN,2025,9,REG,LAC,12,21,145,0,0,4,-27,1,0,7,2,6,0,1,0,0,-1.69269069,-1.24843162,25,2,0,78.472222,6.9047619,0,0.16,0.08,0.24,stats_player_week_2025.csv.gz
00-0040691,Jaxson Dart,QB,NYG,2025,9,REG,SF,24,33,191,2,0,2,-12,0,0,7,8,56,1,0,0,5,1.71027116,6.95511569,35,0,0,107.007576,5.78787879,0,0.05714286,0,1.6,stats_player_week_2025.csv.gz
00-0040743,Tyler Shough,QB,NO,2025,9,REG,LA,15,24,176,1,1,1,-9,0,0,8,1,2,0,0,0,0,-0.08876821,-0.31519684,25,0,0,81.25,7.33333333,0.04166667,0.04,0,0.08,stats_player_week_2025.csv.gz
00-0023459,Aaron Rodgers,QB,PIT,2025,10,REG,LAC,16,31,161,1,2,3,-13,1,0,6,0,0,0,0,0,0,-18.09004053,0,34,1,0,50.604839,5.19354839,0.06451613,0.08823529,0.02941176,0,stats_player_week_2025.csv.gz
00-0026498,Matthew Stafford,QB,LA,2025,10,REG,SF,24,36,280,4,0,1,-5,0,0,20,3,-3,0,0,0,0,22.63015853,-3.18981634,37,0,0,127.083333,7.77777778,0,0.02702703,0,-0.08108108,stats_player_week_2025.csv.gz
00-0029263,Russell Wilson,QB,NYG,2025,10,REG,CHI,3,7,45,0,0,2,-13,0,0,1,2,12,0,0,0,1,-2.60071831,-1.26086214,9,0,0,64.583333,6.42857143,0,0.22222222,0,1.33333333,stats_player_week_2025.csv.gz
00-0030565,Geno Smith,QB,LV,2025,10,REG,DEN,16,26,143,0,1,6,-29,0,0,6,3,7,0,0,0,1,-16.31954671,-1.22519013,32,0,0,60.25641,5.5,0.03846154,0.1875,0,0.21875,stats_player_week_2025.csv.gz
00-0032268,Marcus Mariota,QB,WAS,2025,10,REG,DET,16,22,213,2,0,2,-18,0,0,9,5,22,0,0,0,1,10.92373224,0.63048766,24,0,0,133.333333,9.68181818,0,0.08333333,0,0.91666667,stats_player_week_2025.csv.gz
00-0033106,Jared Goff,QB,DET,2025,10,REG,WAS,25,33,320,3,0,0,0,0,0,19,0,0,0,0,0,0,25.34362704,0,33,0,0,135.921717,9.6969697,0,0,0,0,stats_player_week_2025.csv.gz
00-0033119,Jacoby Brissett,QB,ARI,2025,10,REG,SEA,22,44,258,2,0,5,-52,2,2,13,4,31,0,0,0,1,-11.87195915,1.9740082,49,2,2,83.333333,5.86363636,0,0.10204082,0.04081633,0.63265306,stats_player_week_2025.csv.gz
00-0033869,Mitchell Trubisky,QB,BUF,2025,10,REG,MIA,0,0,0,0,0,0,0,0,0,0,1,4,0,0,0,0,0,-0.63253784,0,0,0,,,,,,,stats_player_week_2025.csv.gz
00-0034577,Kyle Allen,QB,DET,2025,10,REG,WAS,0,2,0,0,0,0,0,0,0,0,1,-1,0,0,0,0,-1.35526537,0,2,0,0,39.583333,0,0,0,0,-0.5,stats_player_week_2025.csv.gz
00-0034796,Lamar Jackson,QB,BAL,2025,10,REG,MIN,17,29,176,1,0,1,-7,0,0,9,9,36,0,0,0,3,-1.38979655,0.97306988,30,0,0,87.715517,6.06896552,0,0.03333333,0,1.2,stats_player_week_2025.csv.gz
00-0034855,Baker Mayfield,QB,TB,2025,10,REG,NE,28,43,273,3,0,2,-15,0,0,14,0,0,0,0,0,0,0.96822084,0,45,0,0,106.056202,6.34883721,0,0.04444444,0,0,stats_player_week_2025.csv.gz
00-0034857,Josh Allen,QB,BUF,2025,10,REG,MIA,28,40,306,2,1,3,-17,0,0,12,4,31,0,1,1,2,4.18633139,-0.78993289,43,1,1,98.541667,7.65,0.025,0.06976744,0.02325581,0.72093023,stats_player_week_2025.csv.gz
00-0034869,Sam Darnold,QB,SEA,2025,10,REG,ARI,10,12,178,1,1,1,-4,1,1,6,3,-2,0,1,1,0,4.09513975,-5.20589306,13,2,2,111.805556,14.83333333,0.08333333,0.07692308,0.15384615,-0.15384615,stats_player_week_2025.csv.gz
00-0035704,Drew Lock,QB,SEA,2025,10,REG,ARI,0,0,0,0,0,0,0,0,0,0,4,-4,0,1,0,0,0,-0.4517662,0,1,0,,,,,,,stats_player_week_2025.csv.gz
00-0035710,Daniel Jones,QB,IND,2025,10,REG,ATL,19,26,255,1,1,7,-59,3,1,10,7,53,0,0,0,3,-2.11333849,2.08748108,33,3,1,100.641026,9.80769231,0.03846154,0.21212121,0.09090909,1.60606061,stats_player_week_2025.csv.gz
00-0036212,Tua Tagovailoa,QB,MIA,2025,10,REG,BUF,15,21,173,2,2,0,0,0,0,9,2,-1,0,0,0,0,9.00747014,0,21,0,0,88.095238,8.23809524,0.0952381,0,0,-0.04761905,stats_player_week_2025.csv.gz
00-0036264,Jordan Love,QB,GB,2025,10,REG,PHI,20,36,176,0,0,3,-19,1,1,10,5,28,0,1,0,2,-8.13769077,1.68908813,39,2,1,68.75,4.88888889,0,0.07692308,0.05128205,0.71794872,stats_player_week_2025.csv.gz
00-0036355,Justin Herbert,QB,LAC,2025,10,REG,PIT,20,33,220,1,0,5,-21,0,0,7,5,19,0,0,0,2,-6.66106734,0.18589713,38,0,0,90.467172,6.66666667,0,0.13157895,0,0.5,stats_player_week_2025.csv.gz
00-0036389,Jalen Hurts,QB,PHI,2025,10,REG,GB,15,26,183,1,0,0,0,0,0,8,5,27,0,1,1,1,8.49402575,-5.19547715,26,1,1,92.307692,7.03846154,0,0,0.03846154,1.03846154,stats_player_week_2025.csv.gz
00-0036898,Davis Mills,QB,HOU,2025,10,REG,JAX,27,45,292,2,1,2,-10,0,0,17,3,20,1,1,0,1,0.75440767,0.68200597,47,1,0,84.675926,6.48888889,0.02222222,0.04255319,0.0212766,0.42553191,stats_player_week_2025.csv.gz
00-0036945,Justin Fields,QB,NYJ,2025,10,REG,CLE,6,11,54,1,1,3,-12,0,0,1,7,28,0,0,0,2,-10.17578757,-0.38662591,14,0,0,60.416667,4.90909091,0.09090909,0.21428571,0,2,stats_player_week_2025.csv.gz
00-0036971,Trevor Lawrence,QB,JAX,2025,10,REG,HOU,13,23,158,1,1,5,-39,2,1,7,5,35,0,0,0,2,-7.29207538,-0.20427861,28,2,1,74.184783,6.86956522,0.04347826,0.17857143,0.07142857,1.25,stats_player_week_2025.csv.gz
00-0036972,Mac Jones,QB,SF,2025,10,REG,LA,33,39,319,3,1,0,0,0,0,16,1,3,0,0,0,1,18.25267895,0.3878957,39,0,0,115.705128,8.17948718,0.02564103,0,0,0.07692308,stats_player_week_2025.csv.gz
00-0038102,Kenny Pickett,QB,LV,2025,10,REG,DEN,0,1,0,0,0,0,0,0,0,0,0,0,0,0,0,0,-0.98509487,0,1,0,0,39.583333,0,0,0,0,0,stats_player_week_2025.csv.gz
00-0039150,Bryce Young,QB,CAR,2025,10,REG,NO,17,25,124,0,1,2,-22,0,0,6,2,6,0,1,1,1,-11.49787593,-4.27038525,27,1,1,62.75,4.96,0.04,0.07407407,0.03703704,0.22222222,stats_player_week_2025.csv.gz
00-0039577,Kedon Slovis,QB,ARI,2025,10,REG,SEA,0,1,0,0,0,0,0,0,0,0,0,0,0,0,0,0,-0.62023127,0,1,0,0,39.583333,0,0,0,0,0,stats_player_week_2025.csv.gz
00-0039732,Bo Nix,QB,DEN,2025,10,REG,LV,16,28,150,1,2,1,-9,0,0,5,5,-2,0,0,0,2,-6.54400651,-4.92636322,29,0,0,54.166667,5.35714286,0.07142857,0.03448276,0,-0.06896552,stats_player_week_2025.csv.gz
00-0039851,Drake Maye,QB,NE,2025,10,REG,TB,16,31,270,2,1,1,-1,0,0,9,7,13,0,0,0,0,6.26684846,-5.03541003,32,0,0,89.448925,8.70967742,0.03225806,0.03125,0,0.40625,stats_player_week_2025.csv.gz
00-0039917,Michael Penix Jr.,QB,ATL,2025,10,REG,IND,12,28,177,1,0,3,-27,1,1,10,1,-1,0,0,0,0,-8.0500636,0,31,1,1,76.041667,6.32142857,0,0.09677419,0.03225806,-0.03225806,stats_player_week_2025.csv.gz
00-0039918,Caleb Williams,QB,CHI,2025,10,REG,NYG,20,36,220,1,0,0,0,0,0,11,8,63,1,0,0,3,-6.06136675,4.51357508,36,0,0,83.101852,6.11111111,0,0,0,1.75,stats_player_week_2025.csv.gz
00-0039923,J.J. McCarthy,QB,MIN,2025,10,REG,BAL,20,42,248,1,2,1,-3,0,0,9,5,48,0,0,0,1,-9.89211825,0.03952766,43,0,0,54.464286,5.9047619,0.04761905,0.02325581,0,1.11627907,stats_player_week_2025.csv.gz
00-0040691,Jaxson Dart,QB,NYG,2025,10,REG,CHI,19,29,242,0,0,2,-12,0,0,10,6,66,2,1,1,3,3.44020634,4.05394257,31,1,1,91.451149,8.34482759,0,0.06451613,0.03225806,2.12903226,stats_player_week_2025.csv.gz
00-0040704,Dillon Gabriel,QB,CLE,2025,10,REG,NYJ,17,32,167,2,0,6,-47,0,0,8,5,54,0,0,0,3,-7.38952941,4.88219627,38,0,0,88.932292,5.21875,0,0.15789474,0,1.42105263,stats_player_week_2025.csv.gz
00-0040743,Tyler Shough,QB,NO,2025,10,REG,CAR,19,27,282,2,0,2,-16,0,0,9,4,-3,0,0,0,0,11.7770174,-5.32522006,29,0,0,128.935185,10.44444444,0,0.06896552,0,-0.10344828,stats_player_week_2025.csv.gz
00-0023459,Aaron Rodgers,QB,PIT,2025,11,REG,CIN,9,15,116,1,0,1,-11,0,0,5,1,8,0,0,0,1,1.23868406,0.6398022,16,0,0,106.527778,7.73333333,0,0.0625,0,0.5,stats_player_week_2025.csv.gz
00-0026158,Joe Flacco,QB,CIN,2025,11,REG,PIT,23,40,199,1,1,1,-7,0,0,9,1,-1,0,0,0,0,-9.32938856,0,41,0,0,68.645833,4.975,0.025,0.02439024,0,-0.02439024,stats_player_week_2025.csv.gz
00-0026498,Matthew Stafford,QB,LA,2025,11,REG,SEA,15,28,130,2,0,0,0,0,0,6,0,0,0,0,0,0,-4.04992616,0,28,0,0,89.880952,4.64285714,0,0,0,0,stats_player_week_2025.csv.gz
00-0029604,Kirk Cousins,QB,ATL,2025,11,REG,CAR,6,14,48,0,0,0,0,0,0,3,1,2,0,0,0,1,-3.79517837,0.40908401,14,0,0,52.083333,3.42857143,0,0,0,0.14285714,stats_player_week_2025.csv.gz
00-0030565,Geno Smith,QB,LV,2025,11,REG,DAL,27,42,238,1,1,4,-29,0,0,12,4,14,0,0,0,1,-14.23201256,2.85182473,46,0,0,77.281746,5.66666667,0.02380952,0.08695652,0,0.30434783,stats_player_week_2025.csv.gz
00-0031237,Teddy Bridgewater,QB,TB,2025,11,REG,BUF,0,0,0,0,0,0,0,0,0,0,1,-1,0,0,0,0,0,0,0,0,0,,,,,,,stats_player_week_2025.csv.gz
00-0031503,Jameis Winston,QB,NYG,2025,11,REG,GB,19,29,201,0,1,2,-7,1,1,10,3,10,1,0,0,2,6.39980281,2.01467951,31,1,1,71.192529,6.93103448,0.03448276,0.06451613,0.03225806,0.32258065,stats_player_week_2025.csv.gz
00-0032268,Marcus Mariota,QB,WAS,2025,11,REG,MIA,20,30,213,1,1,1,-6,0,0,10,4,49,0,0,0,1,4.05368816,1.28167782,31,0,0,84.444444,7.1,0.03333333,0.03225806,0,1.58064516,stats_player_week_2025.csv.gz
00-0033077,Dak Prescott,QB,DAL,2025,11,REG,LV,25,33,268,4,0,1,-1,1,1,16,4,-4,0,0,0,0,8.56269285,-6.04564963,34,1,1,138.636364,8.12121212,0,0.02941176,0.02941176,-0.11764706,stats_player_week_2025.csv.gz
00-0033106,Jared Goff,QB,DET,2025,11,REG,PHI,14,37,255,1,1,2,-12,0,0,10,1,-1,0,0,0,0,-14.26322681,0,39,0,0,60.078829,6.89189189,0.02702703,0.05128205,0,-0.02564103,stats_player_week_2025.csv.gz
00-0033119,Jacoby Brissett,QB,ARI,2025,11,REG,SF,47,57,452,2,2,0,0,0,0,18,2,-2,0,0,0,1,9.2129359,-0.94299803,57,0,0,96.783626,7.92982456,0.03508772,0,0,-0.03508772,stats_player_week_2025.csv.gz
00-0033873,Patrick Mahomes,QB,KC,2025,11,REG,DEN,29,45,276,1,1,3,-27,0,0,13,1,3,0,0,0,0,1.15124186,-0.33135656,48,0,0,79.490741,6.13333333,0.02222222,0.0625,0,0.0625,stats_player_week_2025.csv.gz
00-0034771,Mason Rudolph,QB,PIT,2025,11,REG,CIN,12,16,127,1,0,0,0,0,0,8,1,-1,0,0,0,0,10.72169395,0,16,0,0,118.489583,7.9375,0,0,0,-0.0625,stats_player_week_2025.csv.gz
00-0034796,Lamar Jackson,QB,BAL,2025,11,REG,CLE,14,25,193,0,2,5,-26,0,0,9,4,10,0,0,0,1,-12.84805474,1.58677128,30,0,0,47.583333,7.72,0.08,0.16666667,0,0.33333333,stats_player_week_2025.csv.gz
00-0034855,Baker Mayfield,QB,TB,2025,11,REG,BUF,16,28,173,1,1,1,-8,1,1,6,5,39,1,0,0,4,-8.95883606,8.25745092,29,1,1,72.470238,6.17857143,0.03571429,0.03448276,0.03448276,1.34482759,stats_player_week_2025.csv.gz
00-0034857,Josh Allen,QB,BUF,2025,11,REG,TB,19,30,317,3,2,0,0,0,0,13,6,40,3,0,0,4,12.44086281,4.20941926,30,0,0,104.444444,10.56666667,0.06666667,0,0,1.33333333,stats_player_week_2025.csv.gz
00-0034869,Sam Darnold,QB,SEA,2025,11,REG,LA,29,44,279,0,4,0,0,0,0,15,2,11,0,0,0,1,-13.13653337,1.05708639,44,0,0,45.549242,6.34090909,0.09090909,0,0,0.25,stats_player_week_2025.csv.gz
00-0036212,Tua Tagovailoa,QB,MIA,2025,11,REG,WAS,14,20,171,0,0,3,-29,0,0,8,0,0,0,0,0,0,1.96146731,0,23,0,0,96.041667,8.55,0,0.13043478,0,0,stats_player_week_2025.csv.gz
00-0036264,Jordan Love,QB,GB,2025,11,REG,NYG,13,24,174,2,0,2,-12,0,0,9,2,7,0,0,0,0,10.40877283,-0.56717648,26,0,0,105.208333,7.25,0,0.07692308,0,0.26923077,stats_player_week_2025.csv.gz
00-0036355,Justin Herbert,QB,LAC,2025,11,REG,JAX,10,18,81,0,1,2,-18,0,0,3,3,21,0,0,0,1,-14.24436331,1.01914603,20,0,0,43.981481,4.5,0.05555556,0.1,0,1.05,stats_player_week_2025.csv.gz
00-0036389,Jalen Hurts,QB,PHI,2025,11,REG,DET,14,28,135,0,0,1,-11,0,0,6,10,31,1,1,0,3,-8.389298,-4.05149594,29,1,0,63.839286,4.82142857,0,0.03448276,0.03448276,1.06896552,stats_player_week_2025.csv.gz
00-0036898,Davis Mills,QB,HOU,2025,11,REG,TEN,26,41,274,1,0,4,-34,0,0,13,2,14,0,0,0,0,-0.19297715,-0.14153745,45,0,0,90.904472,6.68292683,0,0.08888889,0,0.31111111,stats_player_week_2025.csv.gz
00-0036945,Justin Fields,QB,NYJ,2025,11,REG,NE,15,26,116,1,0,2,-11,0,0,5,11,67,1,1,1,6,-7.41415996,2.03817078,28,1,1,81.570513,4.46153846,0,0.07142857,0.03571429,2.39285714,stats_player_week_2025.csv.gz
00-0036971,Trevor Lawrence,QB,JAX,2025,11,REG,LAC,14,22,153,1,1,0,0,0,0,11,5,9,1,0,0,1,2.38774899,-0.4943978,22,0,0,80.30303,6.95454545,0.04545455,0,0,0.40909091,stats_player_week_2025.csv.gz
00-0036972,Mac Jones,QB,SF,2025,11,REG,ARI,0,0,0,0,0,0,0,0,0,0,3,-3,0,0,0,0,0,-3.33323747,0,0,0,,,,,,,stats_player_week_2025.csv.gz
00-0037012,Trey Lance,QB,LAC,2025,11,REG,JAX,3,8,37,0,0,1,-7,0,0,1,3,1,0,0,0,1,-7.45051946,-0.20705893,9,0,0,52.604167,4.625,0,0.11111111,0,0.11111111,stats_player_week_2025.csv.gz
00-0037834,Brock Purdy,QB,SF,2025,11,REG,ARI,19,26,200,3,0,1,-14,0,0,13,1,-7,0,0,0,0,8.64269556,-1.60440559,27,0,0,133.49359,7.69230769,0,0.03703704,0,-0.25925926,stats_player_week_2025.csv.gz
00-0038128,Malik Willis,QB,GB,2025,11,REG,NYG,2,2,6,1,0,0,0,0,0,2,1,16,0,0,0,1,2.07187495,2.210627,2,0,0,118.75,3,0,0,0,8,stats_player_week_2025.csv.gz
00-0039150,Bryce Young,QB,CAR,2025,11,REG,ATL,31,45,448,3,0,5,-29,0,0,20,1,-1,0,0,0,0,14.24202299,0,50,0,0,123.194444,9.95555556,0,0.1,0,-0.02,stats_player_week_2025.csv.gz
00-0039732,Bo Nix,QB,DEN,2025,11,REG,KC,24,37,295,0,0,2,-12,0,0,11,3,8,0,0,0,0,5.05302026,-1.02234487,39,0,0,89.358108,7.97297297,0,0.05128205,0,0.20512821,stats_player_week_2025.csv.gz
00-0039851,Drake Maye,QB,NE,2025,11,REG,NYJ,25,34,281,1,0,1,-10,0,0,16,4,2,0,0,0,0,12.24603814,-0.60897699,35,0,0,107.598039,8.26470588,0,0.02857143,0,0.05714286,stats_player_week_2025.csv.gz
00-0039917,Michael Penix Jr.,QB,ATL,2025,11,REG,CAR,13,16,175,0,0,0,0,0,0,8,1,9,0,0,0,0,10.74121232,0.99933814,16,0,0,112.239583,10.9375,0,0,0,0.5625,stats_player_week_2025.csv.gz
00-0039918,Caleb Williams,QB,CHI,2025,11,REG,MIN,16,32,193,0,0,2,-13,0,0,6,4,26,0,1,0,2,-0.9484718,-0.59931799,34,1,0,68.880208,6.03125,0,0.05882353,0.02941176,0.76470588,stats_player_week_2025.csv.gz
00-0039923,J.J. McCarthy,QB,MIN,2025,11,REG,CHI,16,32,150,1,2,0,0,0,0,10,0,0,0,0,0,0,-13.0619161,0,32,0,0,47.65625,4.6875,0.0625,0,0,0,stats_player_week_2025.csv.gz
00-0040668,Shedeur Sanders,QB,CLE,2025,11,REG,BAL,4,16,47,0,1,2,-27,1,0,2,3,16,0,0,0,1,-14.40838728,0.30208788,18,1,0,13.541667,2.9375,0.0625,0.11111111,0.05555556,0.88888889,stats_player_week_2025.csv.gz
00-0040676,Cam Ward,QB,TEN,2025,11,REG,HOU,24,37,194,1,0,3,-23,1,1,10,3,33,0,0,0,2,-2.71816846,2.84466075,40,1,1,86.993243,5.24324324,0,0.075,0.025,0.825,stats_player_week_2025.csv.gz
00-0040704,Dillon Gabriel,QB,CLE,2025,11,REG,BAL,7,10,68,0,0,1,-7,0,0,2,2,2,0,0,0,0,-2.58457368,-1.57217523,11,0,0,88.75,6.8,0,0.09090909,0,0.18181818,stats_player_week_2025.csv.gz
00-0026158,Joe Flacco,QB,CIN,2025,12,REG,NE,19,37,183,1,1,1,-10,0,0,9,1,3,0,0,0,1,-14.46444395,0.24319817,38,0,0,63.231982,4.94594595,0.02702703,0.02631579,0,0.07894737,stats_player_week_2025.csv.gz
00-0026498,Matthew Stafford,QB,LA,2025,12,REG,TB,25,35,273,3,0,1,-10,0,0,16,0,0,0,0,0,0,8.21942993,0,36,0,0,122.678571,7.8,0,0.02777778,0,0,stats_player_week_2025.csv.gz
00-0028118,Tyrod Taylor,QB,NYJ,2025,12,REG,BAL,17,28,222,1,1,3,-18,0,0,10,5,19,0,0,0,2,0.76971969,1.1030128,31,0,0,82.738095,7.92857143,0.03571429,0.09677419,0,0.61290323,stats_player_week_2025.csv.gz
00-0029604,Kirk Cousins,QB,ATL,2025,12,REG,NO,16,23,199,2,1,3,-18,1,0,7,2,5,0,0,0,1,-3.41453263,0.08065286,26,1,0,106.974638,8.65217391,0.04347826,0.11538462,0.03846154,0.19230769,stats_player_week_2025.csv.gz
00-0030565,Geno Smith,QB,LV,2025,12,REG,CLE,30,44,285,1,0,10,-77,2,1,15,3,8,0,0,0,1,-20.25894151,-0.36323432,54,2,1,93.465909,6.47727273,0,0.18518519,0.03703704,0.14814815,stats_player_week_2025.csv.gz
00-0031237,Teddy Bridgewater,QB,TB,2025,12,REG,LA,8,15,62,0,0,2,-21,0,0,2,1,6,0,0,0,0,-12.49852695,-0.01880608,17,0,0,63.75,4.13333333,0,0.11764706,0,0.35294118,stats_player_week_2025.csv.gz
00-0031503,Jameis Winston,QB,NYG,2025,12,REG,DET,18,36,366,2,1,1,-4,0,0,15,4,13,0,0,0,1,10.51961037,2.27345443,37,0,0,93.055556,10.16666667,0.02777778,0.02702703,0,0.35135135,stats_player_week_2025.csv.gz
00-0033077,Dak Prescott,QB,DAL,2025,12,REG,PHI,23,36,354,2,1,1,-6,0,0,16,5,9,1,0,0,1,4.56407701,-0.25622322,37,0,0,103.240741,9.83333333,0.02777778,0.02702703,0,0.24324324,stats_player_week_2025.csv.gz
00-0033106,Jared Goff,QB,DET,2025,12,REG,NYG,28,42,279,2,1,3,-22,0,0,13,0,0,0,0,0,0,-6.87338942,0,45,0,0,91.269841,6.64285714,0.02380952,0.06666667,0,0,stats_player_week_2025.csv.gz
00-0033119,Jacoby Brissett,QB,ARI,2025,12,REG,JAX,33,49,317,1,0,6,-44,0,0,15,3,20,0,0,0,2,-8.52208695,2.09291148,55,0,0,91.964286,6.46938776,0,0.10909091,0,0.36363636,stats_player_week_2025.csv.gz
00-0033873,Patrick Mahomes,QB,KC,2025,12,REG,IND,29,46,352,0,1,4,-6,0,0,15,4,30,0,0,0,2,8.50065089,3.09178741,50,0,0,77.445652,7.65217391,0.02173913,0.08,0,0.6,stats_player_week_2025.csv.gz
00-0034771,Mason Rudolph,QB,PIT,2025,12,REG,CHI,24,31,171,1,1,2,-12,1,1,8,3,7,0,0,0,2,-5.81727157,1.34117261,33,1,1,86.895161,5.51612903,0.03225806,0.06060606,0.03030303,0.21212121,stats_player_week_2025.csv.gz
00-0034796,Lamar Jackson,QB,BAL,2025,12,REG,NYJ,13,23,153,0,0,1,-10,0,0,7,7,11,0,0,0,0,-0.07102453,-1.8611009,24,0,0,76.902174,6.65217391,0,0.04166667,0,0.45833333,stats_player_week_2025.csv.gz
00-0034855,Baker Mayfield,QB,TB,2025,12,REG,LA,9,19,41,1,2,2,-12,0,0,3,4,19,0,0,0,2,-18.23645342,2.16723942,21,0,0,32.017544,2.15789474,0.10526316,0.0952381,0,0.9047619,stats_player_week_2025.csv.gz
00-0034857,Josh Allen,QB,BUF,2025,12,REG,HOU,24,34,253,0,2,8,-70,0,0,9,5,20,0,0,0,2,-7.27776372,3.37958761,42,0,0,67.401961,7.44117647,0.05882353,0.19047619,0,0.47619048,stats_player_week_2025.csv.gz
00-0034869,Sam Darnold,QB,SEA,2025,12,REG,TEN,16,26,244,2,0,1,-5,0,0,9,1,-1,0,0,0,0,9.42420726,-1.57042336,27,0,0,118.108974,9.38461538,0,0.03703704,0,-0.03703704,stats_player_week_2025.csv.gz
00-0035100,Jake Browning,QB,CIN,2025,12,REG,NE,1,1,14,0,0,0,0,0,0,1,0,0,0,0,0,0,0.82671941,0,1,0,0,118.75,14,0,0,0,0,stats_player_week_2025.csv.gz
00-0035710,Daniel Jones,QB,IND,2025,12,REG,KC,19,31,181,2,0,0,0,0,0,6,3,16,0,0,0,2,1.42967654,2.04260015,31,0,0,98.991935,5.83870968,0,0,0,0.51612903,stats_player_week_2025.csv.gz
00-0036264,Jordan Love,QB,GB,2025,12,REG,MIN,14,21,139,0,0,1,-4,0,0,8,3,15,0,0,0,1,5.49075861,0.53340667,22,0,0,85.218254,6.61904762,0,0.04545455,0,0.68181818,stats_player_week_2025.csv.gz
00-0036389,Jalen Hurts,QB,PHI,2025,12,REG,DAL,27,39,289,1,0,1,-13,0,0,14,7,33,2,0,0,3,8.19009188,2.4675599,40,0,0,99.198718,7.41025641,0,0.025,0,0.825,stats_player_week_2025.csv.gz
00-0036898,Davis Mills,QB,HOU,2025,12,REG,BUF,16,30,153,2,0,0,0,0,0,7,2,4,0,0,0,0,-6.35232302,1.1148106,30,0,0,90,5.1,0,0,0,0.13333333,stats_player_week_2025.csv.gz
00-0036971,Trevor Lawrence,QB,JAX,2025,12,REG,ARI,18,30,256,3,3,3,-19,1,1,13,5,29,0,0,0,2,-9.0057582,3.04396478,33,1,1,81.388889,8.53333333,0.1,0.09090909,0.03030303,0.87878788,stats_player_week_2025.csv.gz
00-0037834,Brock Purdy,QB,SF,2025,12,REG,CAR,23,32,193,1,3,0,0,0,0,11,6,16,0,0,0,4,-3.16852298,3.56902978,32,0,0,58.463542,6.03125,0.09375,0,0,0.5,stats_player_week_2025.csv.gz
00-0038128,Malik Willis,QB,GB,2025,12,REG,MIN,1,1,7,0,0,0,0,0,0,0,2,3,0,0,0,1,0.37004217,-2.24475649,1,0,0,95.833333,7,0,0,0,3,stats_player_week_2025.csv.gz
00-0039150,Bryce Young,QB,CAR,2025,12,REG,SF,18,29,169,1,2,1,-8,0,0,9,4,15,0,0,0,1,-9.9927237,0.95871314,30,0,0,60.847701,5.82758621,0.06896552,0.03333333,0,0.5,stats_player_week_2025.csv.gz
00-0039577,Kedon Slovis,QB,ARI,2025,12,REG,JAX,1,1,-2,0,0,0,0,0,0,0,0,0,0,0,0,0,-1.52640016,0,1,0,0,79.166667,-2,0,0,0,0,stats_player_week_2025.csv.gz
00-0039851,Drake Maye,QB,NE,2025,12,REG,CIN,22,35,294,1,1,1,-9,0,0,12,5,22,0,0,0,2,6.77430004,-0.48965043,36,0,0,87.083333,8.4,0.02857143,0.02777778,0,0.61111111,stats_player_week_2025.csv.gz
00-0039918,Caleb Williams,QB,CHI,2025,12,REG,PIT,19,35,239,3,0,1,-10,1,1,11,4,21,0,0,0,1,0.53642748,2.96113968,36,1,1,104.345238,6.82857143,0,0.02777778,0.02777778,0.58333333,stats_player_week_2025.csv.gz
00-0039923,J.J. McCarthy,QB,MIN,2025,12,REG,GB,12,19,87,0,2,5,-35,0,0,3,2,10,0,1,0,1,-16.4638351,-0.41995369,24,1,0,34.210526,4.57894737,0.10526316,0.20833333,0.04166667,0.41666667,stats_player_week_2025.csv.gz
00-0040668,Shedeur Sanders,QB,CLE,2025,12,REG,LV,11,20,209,1,1,1,-3,0,0,4,1,-1,0,0,0,0,1.98207522,0,21,0,0,87.291667,10.45,0.05,0.04761905,0,-0.04761905,stats_player_week_2025.csv.gz
00-0040676,Cam Ward,QB,TEN,2025,12,REG,SEA,28,42,256,1,0,4,-24,0,0,12,6,37,1,0,0,4,2.11971893,6.53120546,46,0,0,90.972222,6.0952381,0,0.08695652,0,0.80434783,stats_player_week_2025.csv.gz
00-0040743,Tyler Shough,QB,NO,2025,12,REG,ATL,30,43,243,0,1,5,-29,0,0,11,7,22,0,1,1,2,-10.29198742,-5.01006245,48,1,1,74.079457,5.65116279,0.02325581,0.10416667,0.02083333,0.45833333,stats_player_week_2025.csv.gz
00-0023459,Aaron Rodgers,QB,PIT,2025,13,REG,BUF,10,21,117,0,0,1,-9,1,1,4,1,0,0,0,0,0,-9.57851454,-2.17785987,22,1,1,64.980159,5.57142857,0,0.04545455,0.04545455,0,stats_player_week_2025.csv.gz
00-0026498,Matthew Stafford,QB,LA,2025,13,REG,CAR,18,28,243,2,2,2,-16,1,1,12,1,-1,0,0,0,0,-3.51206975,0,30,1,1,85.863095,8.67857143,0.07142857,0.06666667,0.03333333,-0.03333333,stats_player_week_2025.csv.gz
00-0028118,Tyrod Taylor,QB,NYJ,2025,13,REG,ATL,19,33,172,1,0,2,-13,0,0,8,8,44,1,0,0,4,-0.96870357,4.08343774,35,0,0,81.881313,5.21212121,0,0.05714286,0,1.25714286,stats_player_week_2025.csv.gz
00-0029604,Kirk Cousins,QB,ATL,2025,13,REG,NYJ,21,33,234,1,0,2,-12,0,0,12,0,0,0,0,0,0,5.85385831,0,35,0,0,94.760101,7.09090909,0,0.05714286,0,0,stats_player_week_2025.csv.gz
00-0030565,Geno Smith,QB,LV,2025,13,REG,LAC,18,23,165,2,1,5,-40,1,0,9,2,-6,0,0,0,0,-2.13561533,-1.26403675,28,1,0,107.427536,7.17391304,0.04347826,0.17857143,0.03571429,-0.21428571,stats_player_week_2025.csv.gz
00-0032268,Marcus Mariota,QB,WAS,2025,13,REG,DEN,28,50,294,2,1,2,-18,1,0,17,10,55,0,0,0,5,-0.33928528,4.40681067,52,1,0,78.25,5.88,0.02,0.03846154,0.01923077,1.05769231,stats_player_week_2025.csv.gz
00-0033077,Dak Prescott,QB,DAL,2025,13,REG,KC,27,39,320,2,1,0,0,0,0,15,3,-2,0,0,0,0,15.60695317,-2.54077013,39,0,0,100.373932,8.20512821,0.02564103,0,0,-0.05128205,stats_player_week_2025.csv.gz
00-0033106,Jared Goff,QB,DET,2025,13,REG,GB,20,26,256,2,0,3,-23,0,0,12,1,24,0,0,0,1,9.49450479,1.32260233,29,0,0,132.852564,9.84615385,0,0.10344828,0,0.82758621,stats_player_week_2025.csv.gz
00-0033119,Jacoby Brissett,QB,ARI,2025,13,REG,TB,29,40,301,2,1,2,-10,0,0,16,3,16,0,0,0,1,5.76927318,-0.43981606,42,0,0,100.104167,7.525,0.025,0.04761905,0,0.38095238,stats_player_week_2025.csv.gz
00-0033319,Nick Mullens,QB,JAX,2025,13,REG,TEN,0,0,0,0,0,0,0,0,0,0,3,-3,0,0,0,0,0,-2.45989226,0,0,0,,,,,,,stats_player_week_2025.csv.gz
00-0033873,Patrick Mahomes,QB,KC,2025,13,REG,DAL,23,34,261,4,0,3,-18,0,0,12,3,30,0,0,0,3,14.15764033,3.80340514,37,0,0,129.656863,7.67647059,0,0.08108108,0,0.81081081,stats_player_week_2025.csv.gz
00-0034771,Mason Rudolph,QB,PIT,2025,13,REG,BUF,0,3,0,0,1,0,0,0,0,0,0,0,0,0,0,0,-2.28875151,0,3,0,0,0,0,0.33333333,0,0,0,stats_player_week_2025.csv.gz
00-0034796,Lamar Jackson,QB,BAL,2025,13,REG,CIN,17,32,246,0,1,3,-23,2,2,7,6,27,0,0,0,3,-11.81199696,2.11940042,35,2,2,65.364583,7.6875,0.03125,0.08571429,0.05714286,0.77142857,stats_player_week_2025.csv.gz
00-0034855,Baker Mayfield,QB,TB,2025,13,REG,ARI,18,28,194,1,0,2,-10,1,0,8,6,27,0,0,0,1,1.75006122,-2.58546942,30,1,0,96.428571,6.92857143,0,0.06666667,0.03333333,0.9,stats_player_week_2025.csv.gz
00-0034857,Josh Allen,QB,BUF,2025,13,REG,PIT,15,23,123,1,1,0,0,0,0,9,8,38,1,0,0,4,5.39872849,5.23228103,23,0,0,75.09058,5.34782609,0.04347826,0,0,1.65217391,stats_player_week_2025.csv.gz
00-0034869,Sam Darnold,QB,SEA,2025,13,REG,MIN,14,26,128,0,0,4,-34,2,1,8,0,0,0,0,0,0,-8.51497631,0,30,2,1,67.467949,4.92307692,0,0.13333333,0.06666667,0,stats_player_week_2025.csv.gz
00-0035710,Daniel Jones,QB,IND,2025,13,REG,HOU,14,27,201,2,0,1,-6,0,0,9,1,1,0,1,0,0,0.62102595,-0.637514,28,1,0,101.003086,7.44444444,0,0.03571429,0.03571429,0.03571429,stats_player_week_2025.csv.gz
00-0036212,Tua Tagovailoa,QB,MIA,2025,13,REG,NO,12,23,157,0,1,4,-23,0,0,8,4,4,0,0,0,0,-8.04716255,-1.55385429,27,0,0,55.887681,6.82608696,0.04347826,0.14814815,0,0.14814815,stats_player_week_2025.csv.gz
00-0036264,Jordan Love,QB,GB,2025,13,REG,DET,18,30,234,4,0,0,0,0,0,11,5,4,0,0,0,0,16.35040877,-3.06376145,30,0,0,124.166667,7.8,0,0,0,0.13333333,stats_player_week_2025.csv.gz
00-0036355,Justin Herbert,QB,LAC,2025,13,REG,LV,15,20,151,2,1,3,-11,0,0,11,3,8,0,0,0,0,7.31783673,-0.95594598,23,0,0,108.541667,7.55,0.05,0.13043478,0,0.34782609,stats_player_week_2025.csv.gz
00-0036389,Jalen Hurts,QB,PHI,2025,13,REG,CHI,19,34,230,2,1,0,0,0,0,11,4,31,0,1,1,1,2.19848314,-3.30873589,34,1,1,84.191176,6.76470588,0.02941176,0,0.02941176,0.91176471,stats_player_week_2025.csv.gz
00-0036442,Joe Burrow,QB,CIN,2025,13,REG,BAL,24,46,261,2,0,1,-7,0,0,11,3,8,0,0,0,2,6.14268927,1.56698314,47,0,0,83.695652,5.67391304,0,0.0212766,0,0.17021277,stats_player_week_2025.csv.gz
00-0036971,Trevor Lawrence,QB,JAX,2025,13,REG,TEN,16,27,229,2,0,3,-27,0,0,13,3,25,0,0,0,1,4.86373668,3.43206828,30,0,0,111.496914,8.48148148,0,0.1,0,0.83333333,stats_player_week_2025.csv.gz
00-0036972,Mac Jones,QB,SF,2025,13,REG,CLE,0,0,0,0,0,0,0,0,0,0,2,2,0,0,0,1,0,-0.83022293,0,0,0,,,,,,,stats_player_week_2025.csv.gz
00-0037012,Trey Lance,QB,LAC,2025,13,REG,LV,1,1,9,0,0,0,0,0,0,0,4,4,0,0,0,0,0.90162403,-2.33373971,1,0,0,104.166667,9,0,0,0,4,stats_player_week_2025.csv.gz
00-0037834,Brock Purdy,QB,SF,2025,13,REG,CLE,16,29,168,1,0,1,-7,0,0,11,2,4,1,0,0,1,3.41488921,1.03046625,30,0,0,83.692529,5.79310345,0,0.03333333,0,0.13333333,stats_player_week_2025.csv.gz
00-0039150,Bryce Young,QB,CAR,2025,13,REG,LA,15,20,206,3,0,2,-12,0,0,8,5,23,0,0,0,1,14.25771617,0.79747219,22,0,0,147.083333,10.3,0,0.09090909,0,1.04545455,stats_player_week_2025.csv.gz
00-0039163,C.J. Stroud,QB,HOU,2025,13,REG,IND,22,35,276,0,1,2,-20,0,0,14,1,0,0,0,0,0,7.59568796,-1.22088184,37,0,0,75.416667,7.88571429,0.02857143,0.05405405,0,0,stats_player_week_2025.csv.gz
00-0039732,Bo Nix,QB,DEN,2025,13,REG,WAS,29,45,321,1,1,1,-6,1,0,17,2,16,0,0,0,1,9.88027036,1.78060245,46,1,0,83.657407,7.13333333,0.02222222,0.02173913,0.02173913,0.34782609,stats_player_week_2025.csv.gz
00-0039851,Drake Maye,QB,NE,2025,13,REG,NYG,24,31,282,2,0,3,-6,0,0,14,6,12,0,0,0,3,11.5391657,1.80306605,34,0,0,126.008065,9.09677419,0,0.08823529,0,0.35294118,stats_player_week_2025.csv.gz
00-0039918,Caleb Williams,QB,CHI,2025,13,REG,PHI,17,36,154,1,1,2,-10,0,0,10,5,13,0,0,0,4,-6.02851378,1.90068316,38,0,0,56.944444,4.27777778,0.02777778,0.05263158,0,0.34210526,stats_player_week_2025.csv.gz
00-0040494,Max Brosmer,QB,MIN,2025,13,REG,SEA,19,30,126,0,4,4,-30,0,0,6,1,-1,0,0,0,0,-29.14437765,0,34,0,0,32.777778,4.2,0.13333333,0.11764706,0,-0.02941176,stats_player_week_2025.csv.gz
00-0040668,Shedeur Sanders,QB,CLE,2025,13,REG,SF,16,25,149,1,0,3,-34,0,0,7,1,6,0,0,0,0,-3.94430251,-1.44243162,28,0,0,93.583333,5.96,0,0.10714286,0,0.21428571,stats_player_week_2025.csv.gz
00-0040676,Cam Ward,QB,TEN,2025,13,REG,JAX,24,38,141,0,0,3,-20,1,0,4,1,7,0,0,0,1,-20.39928945,1.47163858,41,1,0,70.175439,3.71052632,0,0.07317073,0.02439024,0.17073171,stats_player_week_2025.csv.gz
00-0040691,Jaxson Dart,QB,NYG,2025,13,REG,NE,17,24,139,1,0,2,-11,0,0,4,4,20,0,0,0,2,-4.81517193,-0.92269968,26,0,0,99.131944,5.79166667,0,0.07692308,0,0.76923077,stats_player_week_2025.csv.gz
00-0040704,Dillon Gabriel,QB,CLE,2025,13,REG,SF,1,1,0,0,0,0,0,0,0,0,0,0,0,0,0,0,-0.57124208,0,1,0,0,79.166667,0,0,0,0,0,stats_player_week_2025.csv.gz
00-0040743,Tyler Shough,QB,NO,2025,13,REG,MIA,26,38,239,2,1,4,-26,1,1,12,6,18,0,0,0,1,-11.17374751,1.9733372,42,1,1,91.885965,6.28947368,0.02631579,0.0952381,0.02380952,0.42857143,stats_player_week_2025.csv.gz
00-0023459,Aaron Rodgers,QB,PIT,2025,14,REG,BAL,23,34,284,1,0,0,0,0,0,7,2,0,1,0,0,1,10.56656206,1.36453312,34,0,0,103.063725,8.35294118,0,0,0,0,stats_player_week_2025.csv.gz
00-0026498,Matthew Stafford,QB,LA,2025,14,REG,ARI,22,31,281,3,0,0,0,0,0,13,0,0,0,0,0,0,15.40967561,0,31,0,0,131.25,9.06451613,0,0,0,0,stats_player_week_2025.csv.gz
00-0028118,Tyrod Taylor,QB,NYJ,2025,14,REG,MIA,1,4,6,0,1,0,0,0,0,0,0,0,0,0,0,0,-6.36132088,0,4,0,0,0,1.5,0.25,0,0,0,stats_player_week_2025.csv.gz
00-0029604,Kirk Cousins,QB,ATL,2025,14,REG,SEA,15,30,162,0,2,1,-8,0,0,6,0,0,0,0,0,0,-15.37334566,0,31,0,0,38.472222,5.4,0.06666667,0.03225806,0,0,stats_player_week_2025.csv.gz
00-0030565,Geno Smith,QB,LV,2025,14,REG,DEN,13,21,116,1,0,3,-19,0,0,7,1,4,0,0,0,0,-2.68538249,-0.13523955,24,0,0,92.559524,5.52380952,0,0.125,0,0.16666667,stats_player_week_2025.csv.gz
00-0031345,Jimmy Garoppolo,QB,LA,2025,14,REG,ARI,0,0,0,0,0,0,0,0,0,0,3,-4,0,0,0,0,0,0,0,0,0,,,,,,,stats_player_week_2025.csv.gz
00-0032268,Marcus Mariota,QB,WAS,2025,14,REG,MIN,2,4,30,0,1,1,-8,0,0,2,2,7,0,1,1,0,-5.85994378,-4.57497333,5,1,1,35.416667,7.5,0.25,0.2,0.2,1.4,stats_player_week_2025.csv.gz
00-0033077,Dak Prescott,QB,DAL,2025,14,REG,DET,31,47,376,1,2,5,-50,1,0,17,3,14,0,0,0,2,1.00071896,0.64319324,52,1,0,79.742908,8,0.04255319,0.09615385,0.01923077,0.26923077,stats_player_week_2025.csv.gz
00-0033106,Jared Goff,QB,DET,2025,14,REG,DAL,25,34,309,1,0,1,-10,0,0,10,2,-2,0,0,0,0,12.19800974,0,35,0,0,111.029412,9.08823529,0,0.02857143,0,-0.05714286,stats_player_week_2025.csv.gz
00-0033119,Jacoby Brissett,QB,ARI,2025,14,REG,LA,25,44,271,2,1,3,-8,0,0,15,4,22,0,0,0,1,-3.28855014,0.89313011,47,0,0,80.776515,6.15909091,0.02272727,0.06382979,0,0.46808511,stats_player_week_2025.csv.gz
00-0033319,Nick Mullens,QB,JAX,2025,14,REG,IND,1,1,3,0,0,0,0,0,0,0,3,-1,0,0,0,0,-0.54426765,0,1,0,0,79.166667,3,0,0,0,-1,stats_player_week_2025.csv.gz
00-0033873,Patrick Mahomes,QB,KC,2025,14,REG,HOU,14,33,160,0,3,2,-12,0,0,8,7,59,0,0,0,1,-22.3309291,4.226667,35,0,0,19.760101,4.84848485,0.09090909,0.05714286,0,1.68571429,stats_player_week_2025.csv.gz
00-0034796,Lamar Jackson,QB,BAL,2025,14,REG,PIT,19,35,219,1,1,2,-16,0,0,9,7,43,1,0,0,3,-5.12935255,5.78608609,37,0,0,71.011905,6.25714286,0.02857143,0.05405405,0,1.16216216,stats_player_week_2025.csv.gz
00-0034855,Baker Mayfield,QB,TB,2025,14,REG,NO,14,30,122,1,1,0,0,0,0,4,6,42,0,0,0,3,-9.81600643,2.696226,30,0,0,55.138889,4.06666667,0.03333333,0,0,1.4,stats_player_week_2025.csv.gz
00-0034857,Josh Allen,QB,BUF,2025,14,REG,CIN,22,28,251,3,0,3,-18,0,0,13,9,78,1,0,0,4,16.70126184,5.032553,31,0,0,139.732143,8.96428571,0,0.09677419,0,2.51612903,stats_player_week_2025.csv.gz
00-0034869,Sam Darnold,QB,SEA,2025,14,REG,ATL,20,30,249,3,1,2,-13,0,0,11,3,23,0,0,0,2,10.04137483,1.18386429,32,0,0,111.666667,8.3,0.03333333,0.0625,0,0.71875,stats_player_week_2025.csv.gz
00-0035704,Drew Lock,QB,SEA,2025,14,REG,ATL,0,0,0,0,0,0,0,0,0,0,1,0,0,1,0,0,0,-0.51518227,0,1,0,,,,,,,stats_player_week_2025.csv.gz
00-0035710,Daniel Jones,QB,IND,2025,14,REG,JAX,5,7,60,0,1,0,0,0,0,4,1,4,0,0,0,0,-1.24876738,-0.10666406,7,0,0,57.738095,8.57142857,0.14285714,0,0,0.57142857,stats_player_week_2025.csv.gz
00-0036212,Tua Tagovailoa,QB,MIA,2025,14,REG,NYJ,13,21,127,1,0,1,-8,0,0,8,1,0,0,1,0,0,1.66339083,-0.87171975,22,1,0,94.742063,6.04761905,0,0.04545455,0.04545455,0,stats_player_week_2025.csv.gz
00-0036264,Jordan Love,QB,GB,2025,14,REG,CHI,17,25,234,3,1,1,-14,0,0,9,1,-1,0,0,0,0,8.02732336,0,26,0,0,120.666667,9.36,0.04,0.03846154,0,-0.03846154,stats_player_week_2025.csv.gz
00-0036355,Justin Herbert,QB,LAC,2025,14,REG,PHI,12,26,139,1,1,7,-33,2,1,5,10,66,0,0,0,4,-15.57725469,3.2154374,33,2,1,59.615385,5.34615385,0.03846154,0.21212121,0.06060606,2,stats_player_week_2025.csv.gz
00-0036389,Jalen Hurts,QB,PHI,2025,14,REG,LAC,21,40,240,0,4,1,-9,0,0,12,4,8,0,0,0,0,-16.23603423,-0.57046563,41,0,0,31.25,6,0.1,0.02439024,0,0.19512195,stats_player_week_2025.csv.gz
00-0036442,Joe Burrow,QB,CIN,2025,14,REG,BUF,25,36,284,4,2,1,-8,0,0,18,0,0,0,0,0,0,8.17582199,0,37,0,0,106.712963,7.88888889,0.05555556,0.02702703,0,0,stats_player_week_2025.csv.gz
00-0036971,Trevor Lawrence,QB,JAX,2025,14,REG,IND,17,30,244,2,0,0,0,0,0,10,4,16,0,0,0,3,11.44681751,4.68459339,30,0,0,105.416667,8.13333333,0,0,0,0.53333333,stats_player_week_2025.csv.gz
00-0037013,Zach Wilson,QB,MIA,2025,14,REG,NYJ,0,0,0,0,0,0,0,0,0,0,2,-2,0,0,0,0,0,0,0,0,0,,,,,,,stats_player_week_2025.csv.gz
00-0038102,Kenny Pickett,QB,LV,2025,14,REG,DEN,8,11,97,1,0,1,-5,0,0,4,1,6,0,0,0,1,1.85444914,0.23104167,12,0,0,129.734848,8.81818182,0,0.08333333,0,0.5,stats_player_week_2025.csv.gz
00-0039163,C.J. Stroud,QB,HOU,2025,14,REG,KC,15,31,203,1,0,3,-17,0,0,7,2,5,0,0,0,1,0.18885408,0.33032186,34,0,0,80.443548,6.5483871,0,0.08823529,0,0.14705882,stats_player_week_2025.csv.gz
00-0039732,Bo Nix,QB,DEN,2025,14,REG,LV,31,38,212,0,0,3,-8,0,0,14,3,15,1,0,0,1,5.89592479,2.34652259,41,0,0,89.912281,5.57894737,0,0.07317073,0,0.36585366,stats_player_week_2025.csv.gz
00-0039910,Jayden Daniels,QB,WAS,2025,14,REG,MIN,9,20,78,0,1,1,-1,0,0,4,4,16,0,0,0,1,-11.26465105,-0.65264129,21,0,0,35,3.9,0.05,0.04761905,0,0.76190476,stats_player_week_2025.csv.gz
00-0039918,Caleb Williams,QB,CHI,2025,14,REG,GB,19,35,186,2,1,1,-9,0,0,12,4,15,0,0,0,2,-0.17887378,1.570333,36,0,0,76.607143,5.31428571,0.02857143,0.02777778,0,0.41666667,stats_player_week_2025.csv.gz
00-0039923,J.J. McCarthy,QB,MIN,2025,14,REG,WAS,16,23,163,3,0,4,-12,0,0,13,6,19,0,0,0,2,9.26110272,-1.67361142,27,0,0,129.166667,7.08695652,0,0.14814815,0,0.7037037,stats_player_week_2025.csv.gz
00-0040206,Riley Leonard,QB,IND,2025,14,REG,JAX,18,29,145,0,1,1,-9,0,0,8,2,5,1,0,0,1,-4.22890141,2.1521474,30,0,0,60.272989,5,0.03448276,0.03333333,0,0.16666667,stats_player_week_2025.csv.gz
00-0040398,Brady Cook,QB,NYJ,2025,14,REG,MIA,14,30,163,0,2,6,-27,1,0,8,1,0,0,1,0,0,-17.79291855,-2.19551286,36,2,0,35.833333,5.43333333,0.06666667,0.16666667,0.05555556,0,stats_player_week_2025.csv.gz
00-0040668,Shedeur Sanders,QB,CLE,2025,14,REG,TEN,23,42,364,3,1,2,-13,0,0,13,3,29,1,0,0,2,6.88680588,1.84827074,44,0,0,97.718254,8.66666667,0.02380952,0.04545455,0,0.65909091,stats_player_week_2025.csv.gz
00-0040676,Cam Ward,QB,TEN,2025,14,REG,CLE,14,28,117,2,1,1,-9,0,0,6,2,4,0,0,0,1,-8.78384227,0.2545292,29,0,0,70.089286,4.17857143,0.03571429,0.03448276,0,0.13793103,stats_player_week_2025.csv.gz
00-0040743,Tyler Shough,QB,NO,2025,14,REG,TB,13,20,144,0,1,3,-23,0,0,9,7,55,2,0,0,3,1.78321988,3.13848619,23,0,0,65.416667,7.2,0.05,0.13043478,0,2.39130435,stats_player_week_2025.csv.gz
00-0022942,Philip Rivers,QB,IND,2025,15,REG,SEA,18,27,120,1,1,1,-2,0,0,8,1,0,0,1,0,0,-2.5333071,-1.14645677,28,1,0,73.070988,4.44444444,0.03703704,0.03571429,0.03571429,0,stats_player_week_2025.csv.gz
00-0023459,Aaron Rodgers,QB,PIT,2025,15,REG,MIA,23,27,224,2,0,3,-23,0,0,11,0,0,0,0,0,0,11.12713446,0,30,0,0,125.925926,8.2962963,0,0.1,0,0,stats_player_week_2025.csv.gz
00-0026498,Matthew Stafford,QB,LA,2025,15,REG,DET,24,38,368,2,1,2,-8,0,0,20,1,2,0,0,0,0,8.23646517,-0.78715886,40,0,0,101.644737,9.68421053,0.02631579,0.05,0,0.05,stats_player_week_2025.csv.gz
00-0029604,Kirk Cousins,QB,ATL,2025,15,REG,TB,30,44,373,3,0,1,-8,1,0,19,0,0,0,0,0,0,17.24538291,0,45,1,0,116.950758,8.47727273,0,0.02222222,0.02222222,0,stats_player_week_2025.csv.gz
00-0031503,Jameis Winston,QB,NYG,2025,15,REG,WAS,0,1,0,0,0,0,0,0,0,0,0,0,0,0,0,0,-1.52771219,0,1,0,0,39.583333,0,0,0,0,0,stats_player_week_2025.csv.gz
00-0032268,Marcus Mariota,QB,WAS,2025,15,REG,NYG,10,19,211,1,0,2,-16,2,1,10,10,43,0,0,0,0,1.5052961,1.4485725,21,2,1,109.758772,11.10526316,0,0.0952381,0.0952381,2.04761905,stats_player_week_2025.csv.gz
00-0033077,Dak Prescott,QB,DAL,2025,15,REG,MIN,23,38,294,0,0,2,-9,0,0,12,1,2,0,0,0,0,0.95893299,-0.26961125,40,0,0,84.758772,7.73684211,0,0.05,0,0.05,stats_player_week_2025.csv.gz
00-0033106,Jared Goff,QB,DET,2025,15,REG,LA,25,41,338,3,0,1,-12,0,0,17,0,0,0,0,0,0,12.8015997,0,42,0,0,111.636179,8.24390244,0,0.02380952,0,0,stats_player_week_2025.csv.gz
00-0033119,Jacoby Brissett,QB,ARI,2025,15,REG,HOU,27,40,249,3,1,2,-14,0,0,14,3,6,0,0,0,1,-1.79121373,0.24056004,42,0,0,98.854167,6.225,0.025,0.04761905,0,0.14285714,stats_player_week_2025.csv.gz
00-0033319,Nick Mullens,QB,JAX,2025,15,REG,NYJ,0,0,0,0,0,0,0,0,0,0,3,-2,0,0,0,0,0,0,0,0,0,,,,,,,stats_player_week_2025.csv.gz
00-0033873,Patrick Mahomes,QB,KC,2025,15,REG,LAC,16,28,189,0,1,5,-21,0,0,8,2,15,1,0,0,1,-3.5684775,2.34855505,33,0,0,62.946429,6.75,0.03571429,0.15151515,0,0.45454545,stats_player_week_2025.csv.gz
00-0034796,Lamar Jackson,QB,BAL,2025,15,REG,CIN,8,12,150,2,1,4,-22,1,0,6,2,26,0,0,0,2,0.0706165,1.26095135,16,1,0,114.583333,12.5,0.08333333,0.25,0.0625,1.625,stats_player_week_2025.csv.gz
00-0034855,Baker Mayfield,QB,TB,2025,15,REG,ATL,19,34,277,2,1,5,-27,0,0,16,1,1,0,0,0,0,4.41692957,-0.78689828,39,0,0,89.95098,8.14705882,0.02941176,0.12820513,0,0.02564103,stats_player_week_2025.csv.gz
00-0034857,Josh Allen,QB,BUF,2025,15,REG,NE,19,28,193,3,0,2,-12,0,0,11,11,48,0,0,0,4,9.45444468,-0.49463972,30,0,0,123.065476,6.89285714,0,0.06666667,0,1.6,stats_player_week_2025.csv.gz
00-0034869,Sam Darnold,QB,SEA,2025,15,REG,IND,22,36,271,0,0,1,-7,0,0,9,4,5,0,1,0,2,4.55390199,-0.58443217,37,1,0,84.375,7.52777778,0,0.02702703,0.02702703,0.13513514,stats_player_week_2025.csv.gz
00-0035289,Gardner Minshew,QB,KC,2025,15,REG,LAC,3,5,22,0,1,0,0,0,0,1,0,0,0,0,0,0,-1.07421235,0,5,0,0,30.833333,4.4,0.2,0,0,0,stats_player_week_2025.csv.gz
00-0035993,Tyler Huntley,QB,BAL,2025,15,REG,CIN,0,0,0,0,0,0,0,0,0,0,3,-3,0,0,0,0,0,-2.4150404,0,0,0,,,,,,,stats_player_week_2025.csv.gz
00-0036212,Tua Tagovailoa,QB,MIA,2025,15,REG,PIT,22,28,253,2,1,4,-31,0,0,15,1,1,0,0,0,0,2.64083933,-1.18072395,32,0,0,113.244048,9.03571429,0.03571429,0.125,0,0.03125,stats_player_week_2025.csv.gz
00-0036264,Jordan Love,QB,GB,2025,15,REG,DEN,24,40,276,1,2,3,-29,0,0,12,3,29,0,0,0,2,-0.530707,5.27945943,43,0,0,68.333333,6.9,0.05,0.06976744,0,0.6744186,stats_player_week_2025.csv.gz
00-0036355,Justin Herbert,QB,LAC,2025,15,REG,KC,19,29,210,1,1,4,-9,0,0,9,2,0,0,0,0,0,0.43357921,-1.16184116,33,0,0,83.979885,7.24137931,0.03448276,0.12121212,0,0,stats_player_week_2025.csv.gz
00-0036389,Jalen Hurts,QB,PHI,2025,15,REG,LV,12,15,175,3,0,1,-4,0,0,9,7,39,0,0,0,4,12.75380988,6.1110266,16,0,0,154.861111,11.66666667,0,0.0625,0,2.4375,stats_player_week_2025.csv.gz
00-0036442,Joe Burrow,QB,CIN,2025,15,REG,BAL,25,39,225,0,2,3,-27,0,0,10,2,5,0,0,0,0,-13.74924652,-1.71392035,42,0,0,58.173077,5.76923077,0.05128205,0.07142857,0,0.11904762,stats_player_week_2025.csv.gz
00-0036971,Trevor Lawrence,QB,JAX,2025,15,REG,NYJ,20,32,330,5,0,0,0,0,0,16,5,51,1,0,0,3,23.76585618,5.34859098,32,0,0,136.71875,10.3125,0,0,0,1.59375,stats_player_week_2025.csv.gz
00-0037834,Brock Purdy,QB,SF,2025,15,REG,TEN,23,30,295,3,0,2,-3,1,1,18,7,44,0,0,0,4,17.8473837,4.2066045,32,1,1,140.277778,9.83333333,0,0.0625,0.03125,1.375,stats_player_week_2025.csv.gz
00-0038102,Kenny Pickett,QB,LV,2025,15,REG,PHI,15,25,64,0,1,4,-35,0,0,4,2,7,0,0,0,1,-16.72820817,0.16540666,29,0,0,47.916667,2.56,0.04,0.13793103,0,0.24137931,stats_player_week_2025.csv.gz
00-0038400,Tanner McKee,QB,PHI,2025,15,REG,LV,3,3,33,0,0,0,0,0,0,3,1,9,0,0,0,1,3.69479166,1.85032054,3,0,0,112.5,11,0,0,0,3,stats_player_week_2025.csv.gz
00-0039150,Bryce Young,QB,CAR,2025,15,REG,NO,15,24,163,1,0,1,-9,0,0,7,7,49,0,0,0,3,7.6973877,2.51854651,25,0,0,96.354167,6.79166667,0,0.04,0,1.96,stats_player_week_2025.csv.gz
00-0039163,C.J. Stroud,QB,HOU,2025,15,REG,ARI,22,29,260,3,0,1,-4,0,0,13,6,10,0,1,0,2,15.12892164,0.21097749,30,1,0,137.140805,8.96551724,0,0.03333333,0.03333333,0.33333333,stats_player_week_2025.csv.gz
00-0039376,Spencer Rattler,QB,NO,2025,15,REG,CAR,0,1,0,0,0,0,0,0,0,0,0,0,0,0,0,0,0.11301557,0,1,0,0,39.583333,0,0,0,0,0,stats_player_week_2025.csv.gz
00-0039732,Bo Nix,QB,DEN,2025,15,REG,GB,23,34,302,4,0,0,0,0,0,15,7,10,0,0,0,2,20.58817586,-0.31476917,34,0,0,134.681373,8.88235294,0,0,0,0.29411765,stats_player_week_2025.csv.gz
00-0039851,Drake Maye,QB,NE,2025,15,REG,BUF,14,23,155,0,1,3,-16,0,0,6,4,43,2,0,0,4,-3.40510795,4.37496344,26,0,0,62.771739,6.73913043,0.04347826,0.11538462,0,1.65384615,stats_player_week_2025.csv.gz
00-0039918,Caleb Williams,QB,CHI,2025,15,REG,CLE,17,28,242,2,0,3,-23,0,0,12,3,13,0,1,0,1,3.28693505,-0.09004058,31,1,0,112.5,8.64285714,0,0.09677419,0.03225806,0.41935484,stats_player_week_2025.csv.gz
00-0039923,J.J. McCarthy,QB,MIN,2025,15,REG,DAL,15,24,250,2,1,0,0,0,0,11,4,15,1,0,0,2,12.01816716,2.97035604,24,0,0,107.986111,10.41666667,0.04166667,0,0,0.625,stats_player_week_2025.csv.gz
00-0040398,Brady Cook,QB,NYJ,2025,15,REG,JAX,22,33,176,1,3,3,-22,0,0,11,6,39,0,0,0,2,-7.77506226,0.05933985,36,0,0,52.083333,5.33333333,0.09090909,0.08333333,0,1.08333333,stats_player_week_2025.csv.gz
00-0040668,Shedeur Sanders,QB,CLE,2025,15,REG,CHI,18,35,177,0,3,5,-35,0,0,7,2,24,0,0,0,1,-22.94725341,1.30439723,40,0,0,30.297619,5.05714286,0.08571429,0.125,0,0.6,stats_player_week_2025.csv.gz
00-0040676,Cam Ward,QB,TEN,2025,15,REG,SF,18,29,170,2,0,0,0,0,0,8,1,2,0,0,0,1,1.74318859,1.76759251,29,0,0,101.221264,5.86206897,0,0,0,0.06896552,stats_player_week_2025.csv.gz
00-0040691,Jaxson Dart,QB,NYG,2025,15,REG,WAS,20,36,246,2,1,1,-8,0,0,12,9,63,0,1,0,2,1.27851301,3.92133797,37,1,0,83.796296,6.83333333,0.02777778,0.02702703,0.02702703,1.7027027,stats_player_week_2025.csv.gz
00-0040743,Tyler Shough,QB,NO,2025,15,REG,CAR,24,32,272,1,0,5,-16,0,0,14,8,32,0,0,0,2,8.61219897,4.52138541,37,0,0,110.416667,8.5,0,0.13513514,0,0.86486486,stats_player_week_2025.csv.gz
00-0022942,Philip Rivers,QB,IND,2025,16,REG,SF,23,35,277,2,1,2,-23,1,0,13,0,0,0,0,0,0,2.88488871,0,37,1,0,96.964286,7.91428571,0.02857143,0.05405405,0.02702703,0,stats_player_week_2025.csv.gz
00-0023459,Aaron Rodgers,QB,PIT,2025,16,REG,DET,27,41,266,1,0,2,-15,0,0,14,2,9,0,0,0,0,11.0238373,-1.12036753,43,0,0,92.123984,6.48780488,0,0.04651163,0,0.20930233,stats_player_week_2025.csv.gz
00-0026158,Joe Flacco,QB,CIN,2025,16,REG,MIA,1,1,4,0,0,0,0,0,0,0,0,0,0,0,0,0,-0.97810113,0,1,0,0,83.333333,4,0,0,0,0,stats_player_week_2025.csv.gz
00-0026300,Josh Johnson,QB,WAS,2025,16,REG,PHI,5,9,43,0,1,1,-6,0,0,2,1,0,0,1,0,0,-4.51919638,-0.77899179,10,1,0,28.703704,4.77777778,0.11111111,0.1,0.1,0,stats_player_week_2025.csv.gz
00-0026498,Matthew Stafford,QB,LA,2025,16,REG,SEA,29,49,457,3,0,0,0,0,0,17,2,6,0,0,0,0,26.13978706,-0.56523813,49,0,0,110.671769,9.32653061,0,0,0,0.12244898,stats_player_week_2025.csv.gz
00-0029604,Kirk Cousins,QB,ATL,2025,16,REG,ARI,21,35,197,2,1,1,-7,0,0,11,5,-3,1,1,1,2,8.09414354,-1.14516322,36,1,1,82.678571,5.62857143,0.02857143,0.02777778,0.02777778,-0.08333333,stats_player_week_2025.csv.gz
00-0030565,Geno Smith,QB,LV,2025,16,REG,HOU,16,23,201,2,1,3,-31,0,0,8,0,0,0,0,0,0,1.66039537,0,26,0,0,107.336957,8.73913043,0.04347826,0.11538462,0,0,stats_player_week_2025.csv.gz
00-0032268,Marcus Mariota,QB,WAS,2025,16,REG,PHI,7,14,95,0,0,1,-2,0,0,5,1,-1,0,0,0,0,-3.4422492,0,15,0,0,72.02381,6.78571429,0,0.06666667,0,-0.06666667,stats_player_week_2025.csv.gz
00-0033077,Dak Prescott,QB,DAL,2025,16,REG,LAC,21,30,244,2,0,1,-6,0,0,12,2,14,0,0,0,1,12.77334713,-0.18794924,31,0,0,116.527778,8.13333333,0,0.03225806,0,0.4516129,stats_player_week_2025.csv.gz
00-0033106,Jared Goff,QB,DET,2025,16,REG,PIT,34,54,364,3,0,3,-18,0,0,19,1,-1,0,0,0,0,10.8518015,0,57,0,0,101.157407,6.74074074,0,0.05263158,0,-0.01754386,stats_player_week_2025.csv.gz
00-0033119,Jacoby Brissett,QB,ARI,2025,16,REG,ATL,16,31,203,1,1,2,-15,0,0,9,1,5,0,0,0,1,-2.39568152,0.63733691,33,0,0,69.69086,6.5483871,0.03225806,0.06060606,0,0.15151515,stats_player_week_2025.csv.gz
00-0034796,Lamar Jackson,QB,BAL,2025,16,REG,NE,7,10,101,0,0,0,0,0,0,7,2,7,0,0,0,0,6.29140734,-0.46524436,10,0,0,102.5,10.1,0,0,0,0.7,stats_player_week_2025.csv.gz
00-0034855,Baker Mayfield,QB,TB,2025,16,REG,CAR,18,26,145,1,1,2,-18,0,0,9,4,49,0,0,0,2,2.84069158,3.91668765,28,0,0,79.807692,5.57692308,0.03846154,0.07142857,0,1.75,stats_player_week_2025.csv.gz
00-0034857,Josh Allen,QB,BUF,2025,16,REG,CLE,12,19,130,0,0,2,-35,0,0,6,7,17,0,0,0,2,-8.47162468,0.8688689,21,0,0,83.223684,6.84210526,0,0.0952381,0,0.80952381,stats_player_week_2025.csv.gz
00-0034869,Sam Darnold,QB,SEA,2025,16,REG,LA,22,34,270,2,2,4,-26,0,0,11,3,7,0,0,0,1,-2.73390941,0.36898823,38,0,0,84.191176,7.94117647,0.05882353,0.10526316,0,0.18421053,stats_player_week_2025.csv.gz
00-0035289,Gardner Minshew,QB,KC,2025,16,REG,TEN,3,8,15,0,0,0,0,0,0,1,1,8,0,0,0,0,-5.34047068,-0.49979111,8,0,0,45.833333,1.875,0,0,0,1,stats_player_week_2025.csv.gz
00-0035993,Tyler Huntley,QB,BAL,2025,16,REG,NE,9,10,65,0,0,1,-7,0,0,2,2,2,0,0,0,0,1.14043131,-0.58920686,11,0,0,93.75,6.5,0,0.09090909,0,0.18181818,stats_player_week_2025.csv.gz
00-0036264,Jordan Love,QB,GB,2025,16,REG,CHI,8,13,77,0,0,0,0,0,0,4,2,7,0,1,0,1,0.09438085,0.28321712,13,1,0,78.044872,5.92307692,0,0,0.07692308,0.53846154,stats_player_week_2025.csv.gz
00-0036355,Justin Herbert,QB,LAC,2025,16,REG,DAL,23,29,300,2,0,0,0,0,0,15,8,42,1,1,0,3,23.74632159,-0.63293649,29,1,0,132.758621,10.34482759,0,0,0.03448276,1.44827586,stats_player_week_2025.csv.gz
00-0036389,Jalen Hurts,QB,PHI,2025,16,REG,WAS,22,30,185,2,0,2,-7,1,0,11,7,40,0,0,0,3,7.48114917,1.49122186,32,1,0,111.111111,6.16666667,0,0.0625,0.03125,1.25,stats_player_week_2025.csv.gz
00-0036442,Joe Burrow,QB,CIN,2025,16,REG,MIA,25,32,309,4,0,2,-11,0,0,16,2,6,0,0,0,1,20.57763632,1.98881717,34,0,0,146.484375,9.65625,0,0.05882353,0,0.17647059,stats_player_week_2025.csv.gz
00-0036971,Trevor Lawrence,QB,JAX,2025,16,REG,DEN,23,36,279,3,0,5,-14,0,0,12,6,20,1,0,0,5,9.17898456,3.04623177,41,0,0,115.393519,7.75,0,0.12195122,0,0.48780488,stats_player_week_2025.csv.gz
00-0036972,Mac Jones,QB,SF,2025,16,REG,IND,0,0,0,0,0,0,0,0,0,0,3,-3,0,0,0,0,0,-3.0408212,0,0,0,,,,,,,stats_player_week_2025.csv.gz
00-0037324,Chris Oladokun,QB,KC,2025,16,REG,TEN,11,16,111,0,0,4,-44,1,0,4,2,7,0,0,0,0,-5.79102584,-1.01937395,20,1,0,88.28125,6.9375,0,0.2,0.05,0.35,stats_player_week_2025.csv.gz
00-0037834,Brock Purdy,QB,SF,2025,16,REG,IND,25,34,295,5,1,1,0,1,0,20,2,11,0,0,0,1,20.52938875,2.16981938,35,1,0,126.838235,8.67647059,0.02941176,0.02857143,0.02857143,0.31428571,stats_player_week_2025.csv.gz
00-0038128,Malik Willis,QB,GB,2025,16,REG,CHI,9,11,121,1,0,2,-6,0,0,6,10,44,0,1,0,3,7.54514669,2.59953746,13,1,0,142.80303,11,0,0.15384615,0.07692308,3.38461538,stats_player_week_2025.csv.gz
00-0038400,Tanner McKee,QB,PHI,2025,16,REG,WAS,0,0,0,0,0,0,0,0,0,0,2,-2,0,0,0,0,0,-2.42463154,0,0,0,,,,,,,stats_player_week_2025.csv.gz
00-0039150,Bryce Young,QB,CAR,2025,16,REG,TB,21,32,191,2,0,2,-17,0,0,9,4,20,0,0,0,0,3.8695006,0.79728459,34,0,0,102.473958,5.96875,0,0.05882353,0,0.58823529,stats_player_week_2025.csv.gz
00-0039163,C.J. Stroud,QB,HOU,2025,16,REG,LV,23,35,187,1,0,0,0,0,0,10,4,0,0,1,0,0,2.88589461,-5.82340153,35,1,0,88.630952,5.34285714,0,0,0.02857143,0,stats_player_week_2025.csv.gz
00-0039398,Joe Milton III,QB,DAL,2025,16,REG,LAC,2,2,11,0,0,0,0,0,0,1,1,7,0,1,1,0,0.83468701,-5.42335492,2,1,1,89.583333,5.5,0,0,0.5,3.5,stats_player_week_2025.csv.gz
00-0039732,Bo Nix,QB,DEN,2025,16,REG,JAX,28,47,352,1,1,1,-8,0,0,14,4,11,0,1,1,1,0.28978907,-6.41539451,48,1,1,81.161348,7.4893617,0.0212766,0.02083333,0.02083333,0.22916667,stats_player_week_2025.csv.gz
00-0039851,Drake Maye,QB,NE,2025,16,REG,BAL,31,44,380,2,1,3,-6,1,1,17,10,25,0,1,0,3,15.80143079,-4.25917719,47,2,1,102.462121,8.63636364,0.02272727,0.06382979,0.04255319,0.53191489,stats_player_week_2025.csv.gz
00-0039918,Caleb Williams,QB,CHI,2025,16,REG,GB,19,34,250,2,0,0,0,0,0,10,3,30,0,0,0,1,5.73014725,3.07253495,34,0,0,98.897059,7.35294118,0,0,0,0.88235294,stats_player_week_2025.csv.gz
00-0039923,J.J. McCarthy,QB,MIN,2025,16,REG,NYG,9,14,108,0,1,3,-25,1,1,5,2,20,1,0,0,1,-8.34147574,3.82002141,17,1,1,58.035714,7.71428571,0.07142857,0.17647059,0.05882353,1.17647059,stats_player_week_2025.csv.gz
00-0040206,Riley Leonard,QB,IND,2025,16,REG,SF,0,1,0,0,0,0,0,0,0,0,0,0,0,0,0,0,-3.25976615,0,1,0,0,39.583333,0,0,0,0,0,stats_player_week_2025.csv.gz
00-0040234,Quinn Ewers,QB,MIA,2025,16,REG,CIN,20,30,260,0,2,0,0,0,0,14,2,5,0,0,0,0,4.66953813,-3.5543508,30,0,0,65.972222,8.66666667,0.06666667,0,0,0.16666667,stats_player_week_2025.csv.gz
00-0040398,Brady Cook,QB,NYJ,2025,16,REG,NO,22,35,188,0,1,8,-57,1,1,6,1,2,0,0,0,0,-21.28726562,-1.16358411,43,1,1,64.940476,5.37142857,0.02857143,0.18604651,0.02325581,0.04651163,stats_player_week_2025.csv.gz
00-0040494,Max Brosmer,QB,MIN,2025,16,REG,NYG,7,9,52,0,0,1,-9,0,0,3,3,-3,0,0,0,0,-0.5433187,-1.92524914,10,0,0,90.740741,5.77777778,0,0.1,0,-0.3,stats_player_week_2025.csv.gz
00-0040668,Shedeur Sanders,QB,CLE,2025,16,REG,BUF,20,29,157,1,2,2,-21,0,0,8,4,49,0,0,0,2,-11.66789667,5.12128346,31,0,0,64.87069,5.4137931,0.06896552,0.06451613,0,1.58064516,stats_player_week_2025.csv.gz
00-0040676,Cam Ward,QB,TEN,2025,16,REG,KC,21,28,228,2,0,2,-16,0,0,11,4,9,0,0,0,1,6.76911996,-4.20504424,30,0,0,122.321429,8.14285714,0,0.06666667,0,0.3,stats_player_week_2025.csv.gz
00-0040691,Jaxson Dart,QB,NYG,2025,16,REG,MIN,7,13,33,0,1,5,-20,0,0,1,2,7,0,0,0,1,-17.0581953,0.50678667,18,0,0,27.403846,2.53846154,0.07692308,0.27777778,0,0.38888889,stats_player_week_2025.csv.gz
00-0040704,Dillon Gabriel,QB,CLE,2025,16,REG,BUF,0,0,0,0,0,1,-2,0,0,0,0,0,0,0,0,0,-1.40814309,0,1,0,0,,,,1,0,0,stats_player_week_2025.csv.gz
00-0040743,Tyler Shough,QB,NO,2025,16,REG,NYJ,32,49,308,1,0,3,-18,0,0,16,2,8,0,0,0,0,2.71597192,-0.27524816,52,0,0,89.498299,6.28571429,0,0.05769231,0,0.15384615,stats_player_week_2025.csv.gz
00-0022942,Philip Rivers,QB,IND,2025,17,REG,JAX,17,30,147,1,1,2,-12,0,0,9,1,-1,0,0,0,0,-11.54711718,0,32,0,0,66.944444,4.9,0.03333333,0.0625,0,-0.03125,stats_player_week_2025.csv.gz
00-0023459,Aaron Rodgers,QB,PIT,2025,17,REG,CLE,21,39,168,0,0,2,-8,1,0,9,1,6,0,0,0,0,-12.28834116,-0.15989061,41,1,0,64.903846,4.30769231,0,0.04878049,0.02439024,0.14634146,stats_player_week_2025.csv.gz
00-0026158,Joe Flacco,QB,CIN,2025,17,REG,ARI,3,5,24,0,0,0,0,0,0,1,4,2,0,0,0,1,-0.42042927,1.36350633,5,0,0,72.083333,4.8,0,0,0,0.4,stats_player_week_2025.csv.gz
00-0026300,Josh Johnson,QB,WAS,2025,17,REG,DAL,15,23,198,0,0,1,-8,0,0,10,2,10,0,0,0,0,3.86684163,-0.1139976,24,0,0,92.300725,8.60869565,0,0.04166667,0,0.41666667,stats_player_week_2025.csv.gz
00-0026498,Matthew Stafford,QB,LA,2025,17,REG,ATL,22,38,269,2,3,3,-21,0,0,10,0,0,0,0,0,0,-2.7485058,0,41,0,0,64.473684,7.07894737,0.07894737,0.07317073,0,0,stats_player_week_2025.csv.gz
00-0029604,Kirk Cousins,QB,ATL,2025,17,REG,LA,13,20,126,1,0,0,0,0,0,9,1,1,0,0,0,0,4.92349587,-0.34064475,20,0,0,99.166667,6.3,0,0,0,0.05,stats_player_week_2025.csv.gz
00-0030565,Geno Smith,QB,LV,2025,17,REG,NYG,20,28,176,1,2,3,-24,0,0,8,1,1,0,0,0,0,-4.80732786,-0.82079319,31,0,0,69.940476,6.28571429,0.07142857,0.09677419,0,0.03225806,stats_player_week_2025.csv.gz
00-0033077,Dak Prescott,QB,DAL,2025,17,REG,WAS,19,37,307,2,0,6,-38,0,0,13,4,24,0,0,0,3,11.73820921,0.54677289,43,0,0,97.466216,8.2972973,0,0.13953488,0,0.55813953,stats_player_week_2025.csv.gz
00-0033106,Jared Goff,QB,DET,2025,17,REG,MIN,18,29,197,1,2,5,-34,1,1,12,3,2,0,2,2,1,-7.9425188,-9.78863226,34,3,3,64.87069,6.79310345,0.06896552,0.14705882,0.08823529,0.05882353,stats_player_week_2025.csv.gz
00-0033119,Jacoby Brissett,QB,ARI,2025,17,REG,CIN,21,37,212,2,0,4,-21,0,0,9,0,0,0,0,0,0,-0.76652003,0,41,0,0,91.272523,5.72972973,0,0.09756098,0,0,stats_player_week_2025.csv.gz
00-0033949,Joshua Dobbs,QB,NE,2025,17,REG,NYJ,3,4,30,0,0,0,0,0,0,1,2,-1,0,0,0,0,-1.08562278,0,4,0,0,95.833333,7.5,0,0,0,-0.25,stats_player_week_2025.csv.gz
00-0034855,Baker Mayfield,QB,TB,2025,17,REG,MIA,33,44,346,2,2,3,-19,2,1,14,3,16,0,0,0,2,1.74522884,2.39680484,47,2,1,93.560606,7.86363636,0.04545455,0.06382979,0.04255319,0.34042553,stats_player_week_2025.csv.gz
00-0034857,Josh Allen,QB,BUF,2025,17,REG,PHI,23,35,262,0,0,5,-51,1,1,11,7,27,2,1,0,3,-9.43362353,3.97132538,40,2,1,88.035714,7.48571429,0,0.125,0.05,0.675,stats_player_week_2025.csv.gz
00-0034869,Sam Darnold,QB,SEA,2025,17,REG,CAR,18,27,147,1,1,3,-22,1,1,8,3,2,0,0,0,0,-7.61429641,-5.92810229,30,1,1,77.237654,5.44444444,0.03703704,0.1,0.03333333,0.06666667,stats_player_week_2025.csv.gz
00-0035993,Tyler Huntley,QB,BAL,2025,17,REG,GB,16,20,107,1,0,1,0,0,0,6,8,60,0,0,0,5,6.45927287,4.82603149,21,0,0,105.625,5.35,0,0.04761905,0,2.85714286,stats_player_week_2025.csv.gz
00-0036355,Justin Herbert,QB,LAC,2025,17,REG,HOU,21,32,236,1,1,5,-35,1,0,11,6,37,0,1,0,1,-8.89677159,0.99624821,37,2,0,84.895833,7.375,0.03125,0.13513514,0.05405405,1,stats_player_week_2025.csv.gz
00-0036389,Jalen Hurts,QB,PHI,2025,17,REG,BUF,13,27,110,1,0,1,-2,0,0,6,3,5,0,0,0,0,-5.00383632,1.63115051,28,0,0,71.527778,4.07407407,0,0.03571429,0,0.17857143,stats_player_week_2025.csv.gz
00-0036442,Joe Burrow,QB,CIN,2025,17,REG,ARI,24,31,305,2,0,3,-20,0,0,16,3,2,0,0,0,1,19.04083456,1.66127784,34,0,0,129.099462,9.83870968,0,0.08823529,0,0.05882353,stats_player_week_2025.csv.gz
00-0036971,Trevor Lawrence,QB,JAX,2025,17,REG,IND,23,37,263,0,1,2,-14,0,0,12,8,26,2,0,0,4,6.40749406,-0.56855462,39,0,0,72.240991,7.10810811,0.02702703,0.05128205,0,0.66666667,stats_player_week_2025.csv.gz
00-0037324,Chris Oladokun,QB,KC,2025,17,REG,DEN,13,22,66,1,0,1,-9,0,0,4,2,11,0,0,0,0,-8.53884239,0.25023662,23,0,0,78.977273,3,0,0.04347826,0,0.47826087,stats_player_week_2025.csv.gz
00-0037834,Brock Purdy,QB,SF,2025,17,REG,CHI,24,33,303,3,1,1,-7,0,0,17,6,28,2,0,0,3,12.7213256,3.42229964,34,0,0,118.623737,9.18181818,0.03030303,0.02941176,0,0.82352941,stats_player_week_2025.csv.gz
00-0038102,Kenny Pickett,QB,LV,2025,17,REG,NYG,2,2,16,0,0,1,0,0,0,0,0,0,0,0,0,0,-1.33967601,0,3,0,0,100,8,0,0.33333333,0,0,stats_player_week_2025.csv.gz
00-0038128,Malik Willis,QB,GB,2025,17,REG,BAL,18,21,288,1,0,1,-9,0,0,11,9,60,2,1,1,4,18.09736127,-1.50229639,22,1,1,134.623016,13.71428571,0,0.04545455,0.04545455,2.72727273,stats_player_week_2025.csv.gz
00-0038582,Clayton Tune,QB,GB,2025,17,REG,BAL,1,4,8,0,1,1,-3,0,0,1,1,0,0,0,0,0,-6.72732928,-0.47658324,5,0,0,0,2,0.25,0.2,0,0,stats_player_week_2025.csv.gz
00-0039150,Bryce Young,QB,CAR,2025,17,REG,SEA,14,24,54,0,1,2,-14,0,0,3,9,27,1,0,0,3,-21.08358443,-2.01649319,26,0,0,45.833333,2.25,0.04166667,0.07692308,0,1.03846154,stats_player_week_2025.csv.gz
00-0039163,C.J. Stroud,QB,HOU,2025,17,REG,LAC,16,28,244,2,2,0,0,0,0,8,4,0,0,0,0,0,-4.72669939,-1.99190572,28,0,0,80.059524,8.71428571,0.07142857,0,0,0,stats_player_week_2025.csv.gz
00-0039732,Bo Nix,QB,DEN,2025,17,REG,KC,26,38,182,1,1,1,-7,0,0,12,9,42,1,0,0,4,2.93159518,5.07903586,39,0,0,76.864035,4.78947368,0.02631579,0.02564103,0,1.07692308,stats_player_week_2025.csv.gz
00-0039851,Drake Maye,QB,NE,2025,17,REG,NYJ,19,21,256,5,0,1,-1,0,0,15,3,22,0,0,0,2,29.203057,3.71672113,22,0,0,157.043651,12.19047619,0,0.04545455,0,1,stats_player_week_2025.csv.gz
00-0039918,Caleb Williams,QB,CHI,2025,17,REG,SF,25,42,330,2,0,0,0,0,0,16,5,18,0,0,0,2,17.85968088,0.16709639,42,0,0,100.297619,7.85714286,0,0,0,0.42857143,stats_player_week_2025.csv.gz
00-0040206,Riley Leonard,QB,IND,2025,17,REG,JAX,0,1,0,0,1,0,0,0,0,0,0,0,0,0,0,0,-0.47369426,0,1,0,0,0,0,1,0,0,0,stats_player_week_2025.csv.gz
00-0040234,Quinn Ewers,QB,MIA,2025,17,REG,TB,14,22,172,2,0,2,-19,0,0,6,4,5,0,1,0,1,4.75685916,-1.032334,24,1,0,117.992424,7.81818182,0,0.08333333,0.04166667,0.20833333,stats_player_week_2025.csv.gz
00-0040398,Brady Cook,QB,NYJ,2025,17,REG,NE,19,33,152,0,1,1,-12,0,0,5,2,1,0,0,0,1,-15.15589457,-0.50455253,34,0,0,56.628788,4.60606061,0.03030303,0.02941176,0,0.02941176,stats_player_week_2025.csv.gz
00-0040494,Max Brosmer,QB,MIN,2025,17,REG,DET,9,16,51,0,0,7,-48,1,0,2,2,16,0,0,0,1,-17.56102286,1.80201071,23,1,0,62.239583,3.1875,0,0.30434783,0.04347826,0.69565217,stats_player_week_2025.csv.gz
00-0040668,Shedeur Sanders,QB,CLE,2025,17,REG,PIT,17,23,186,1,2,2,-2,0,0,9,4,20,0,0,0,0,-5.50395238,0.43790173,25,0,0,75.634058,8.08695652,0.08695652,0.08,0,0.8,stats_player_week_2025.csv.gz
00-0040676,Cam Ward,QB,TEN,2025,17,REG,NO,21,40,251,2,0,4,-23,1,1,12,2,10,0,0,0,0,-8.58679034,-0.02958134,44,1,1,88.645833,6.275,0,0.09090909,0.02272727,0.22727273,stats_player_week_2025.csv.gz
00-0040691,Jaxson Dart,QB,NYG,2025,17,REG,LV,22,30,207,0,0,2,-19,0,0,9,9,48,2,0,0,6,2.98345339,8.51351543,32,0,0,91.944444,6.9,0,0.0625,0,1.5,stats_player_week_2025.csv.gz
00-0040743,Tyler Shough,QB,NO,2025,17,REG,TEN,22,27,333,2,0,2,-13,1,0,11,4,6,0,0,0,0,18.1681333,-0.87901025,29,1,0,142.746914,12.33333333,0,0.06896552,0.03448276,0.20689655,stats_player_week_2025.csv.gz
00-0023459,Aaron Rodgers,QB,PIT,2025,18,REG,BAL,31,47,294,1,0,2,-4,0,0,14,1,20,0,0,0,1,7.45087877,1.89055309,49,0,0,90.203901,6.25531915,0,0.04081633,0,0.40816327,stats_player_week_2025.csv.gz
00-0026158,Joe Flacco,QB,CIN,2025,18,REG,CLE,0,0,0,0,0,0,0,0,0,0,1,2,0,0,0,1,0,0.28809704,0,0,0,,,,,,,stats_player_week_2025.csv.gz
00-0026300,Josh Johnson,QB,WAS,2025,18,REG,PHI,14,22,131,1,1,0,0,0,0,9,9,45,1,1,1,4,4.47136463,-3.90633541,22,1,1,76.136364,5.95454545,0.04545455,0,0.04545455,2.04545455,stats_player_week_2025.csv.gz
00-0026498,Matthew Stafford,QB,LA,2025,18,REG,ARI,25,40,259,4,0,1,-7,0,0,16,1,3,0,0,0,0,15.79098126,-0.26081908,41,0,0,114.479167,6.475,0,0.02439024,0,0.07317073,stats_player_week_2025.csv.gz
00-0029604,Kirk Cousins,QB,ATL,2025,18,REG,NO,18,32,180,1,1,4,-21,0,0,11,3,0,0,0,0,0,-5.55321811,-1.58414984,36,0,0,69.791667,5.625,0.03125,0.11111111,0,0,stats_player_week_2025.csv.gz
00-0031345,Jimmy Garoppolo,QB,LA,2025,18,REG,ARI,0,0,0,0,0,0,0,0,0,0,3,-3,0,0,0,0,0,0,0,0,0,,,,,,,stats_player_week_2025.csv.gz
00-0032434,Brandon Allen,QB,TEN,2025,18,REG,JAX,17,30,72,0,1,1,-7,0,0,3,0,0,0,0,0,0,-24.02839086,0,31,0,0,47.916667,2.4,0.03333333,0.03225806,0,0,stats_player_week_2025.csv.gz
00-0033077,Dak Prescott,QB,DAL,2025,18,REG,NYG,7,11,70,0,0,0,0,0,0,5,2,-1,0,1,1,0,-1.04291952,-5.52564138,11,1,1,81.628788,6.36363636,0,0,0.09090909,-0.09090909,stats_player_week_2025.csv.gz
00-0033106,Jared Goff,QB,DET,2025,18,REG,CHI,27,42,331,1,1,2,-15,0,0,17,0,0,0,0,0,0,12.29742685,0,44,0,0,86.507937,7.88095238,0.02380952,0.04545455,0,0,stats_player_week_2025.csv.gz
00-0033119,Jacoby Brissett,QB,ARI,2025,18,REG,LA,22,31,243,2,1,6,-33,1,1,12,3,19,0,0,0,1,-3.08679281,0.23457666,37,1,1,101.948925,7.83870968,0.03225806,0.16216216,0.02702703,0.51351351,stats_player_week_2025.csv.gz
00-0033319,Nick Mullens,QB,JAX,2025,18,REG,TEN,2,2,16,0,0,0,0,0,0,2,3,-2,0,0,0,0,3.4440338,0,2,0,0,100,8,0,0,0,-1,stats_player_week_2025.csv.gz
00-0033869,Mitchell Trubisky,QB,BUF,2025,18,REG,NYJ,22,29,259,4,0,0,0,0,0,16,5,5,0,0,0,0,22.48497908,-2.90962619,29,0,0,142.097701,8.93103448,0,0,0,0.17241379,stats_player_week_2025.csv.gz
00-0033949,Joshua Dobbs,QB,NE,2025,18,REG,MIA,3,4,23,0,0,0,0,0,0,1,3,0,0,0,0,0,0.09337455,-4.85864737,4,0,0,88.541667,5.75,0,0,0,0,stats_player_week_2025.csv.gz
00-0034796,Lamar Jackson,QB,BAL,2025,18,REG,PIT,11,18,238,3,1,3,-16,0,0,5,4,9,0,0,0,1,8.69968817,0.09616837,21,0,0,121.527778,13.22222222,0.05555556,0.14285714,0,0.42857143,stats_player_week_2025.csv.gz
00-0034855,Baker Mayfield,QB,TB,2025,18,REG,CAR,16,22,203,1,1,2,-5,1,0,12,4,31,0,0,0,2,6.78564282,2.55076593,24,1,0,97.348485,9.22727273,0.04545455,0.08333333,0.04166667,1.29166667,stats_player_week_2025.csv.gz
00-0034869,Sam Darnold,QB,SEA,2025,18,REG,SF,20,26,198,0,0,2,-17,0,0,11,6,9,0,1,0,1,4.77963782,-2.04896725,28,1,0,97.916667,7.61538462,0,0.07142857,0.03571429,0.32142857,stats_player_week_2025.csv.gz
00-0036442,Joe Burrow,QB,CIN,2025,18,REG,CLE,29,39,236,3,1,2,-14,0,0,16,2,17,0,0,0,1,-3.44213338,1.7067217,41,0,0,104.220085,6.05128205,0.02564103,0.04878049,0,0.41463415,stats_player_week_2025.csv.gz
00-0036679,Shane Buechele,QB,KC,2025,18,REG,LV,7,14,88,0,0,5,-22,0,0,4,1,4,0,0,0,0,-6.82547294,-0.83470584,19,0,0,69.940476,6.28571429,0,0.26315789,0,0.21052632,stats_player_week_2025.csv.gz
00-0036898,Davis Mills,QB,HOU,2025,18,REG,IND,3,9,36,0,0,0,0,0,0,2,1,12,0,0,0,1,-6.01473934,0.64476572,9,0,0,46.527778,4,0,0,0,1.33333333,stats_player_week_2025.csv.gz
00-0036971,Trevor Lawrence,QB,JAX,2025,18,REG,TEN,22,30,255,3,0,2,-16,0,0,15,2,11,0,0,0,1,10.17454072,1.3901318,32,0,0,131.944444,8.5,0,0.0625,0,0.34375,stats_player_week_2025.csv.gz
00-0037012,Trey Lance,QB,LAC,2025,18,REG,DEN,20,44,136,0,1,4,-32,1,1,7,9,69,0,0,0,4,-31.4968801,3.18483075,48,1,1,43.371212,3.09090909,0.02272727,0.08333333,0.02083333,1.4375,stats_player_week_2025.csv.gz
00-0037013,Zach Wilson,QB,MIA,2025,18,REG,NE,0,2,0,0,0,0,0,0,0,0,0,0,0,0,0,0,-1.46240098,0,2,0,0,39.583333,0,0,0,0,0,stats_player_week_2025.csv.gz
00-0037324,Chris Oladokun,QB,KC,2025,18,REG,LV,11,17,58,0,0,3,-40,1,1,2,1,0,0,1,1,0,-15.79326091,-4.80010132,20,2,2,70.220588,3.41176471,0,0.15,0.1,0,stats_player_week_2025.csv.gz
00-0037834,Brock Purdy,QB,SF,2025,18,REG,SEA,19,27,127,0,1,3,-7,0,0,8,2,21,0,0,0,1,-13.55907252,0.92031009,30,0,0,64.891975,4.7037037,0.03703704,0.1,0,0.7,stats_player_week_2025.csv.gz
00-0038102,Kenny Pickett,QB,LV,2025,18,REG,KC,1,4,3,0,1,2,-14,0,0,0,1,9,0,0,0,1,-10.83560062,1.63901652,6,0,0,0,0.75,0.25,0.33333333,0,1.5,stats_player_week_2025.csv.gz
00-0038400,Tanner McKee,QB,PHI,2025,18,REG,WAS,21,40,241,1,1,3,-14,0,0,13,2,3,0,0,0,0,-6.1567298,-0.96148443,43,0,0,68.854167,6.025,0.025,0.06976744,0,0.06976744,stats_player_week_2025.csv.gz
00-0038579,Aidan O'Connell,QB,LV,2025,18,REG,KC,10,22,102,0,0,1,-5,0,0,5,1,7,0,0,0,0,-5.86369217,0.1567705,23,0,0,59.280303,4.63636364,0,0.04347826,0,0.30434783,stats_player_week_2025.csv.gz
00-0038582,Clayton Tune,QB,GB,2025,18,REG,MIN,6,11,34,0,0,4,-41,1,0,1,4,23,0,0,0,2,-13.17201524,2.65572043,15,1,0,60.416667,3.09090909,0,0.26666667,0.06666667,1.53333333,stats_player_week_2025.csv.gz
00-0039150,Bryce Young,QB,CAR,2025,18,REG,TB,24,35,266,2,1,0,0,0,0,13,2,-1,0,1,0,0,6.42385014,-1.49936332,35,1,0,98.035714,7.6,0.02857143,0,0.02857143,-0.02857143,stats_player_week_2025.csv.gz
00-0039163,C.J. Stroud,QB,HOU,2025,18,REG,IND,14,23,169,1,0,0,0,0,0,7,2,5,1,0,0,1,4.11605975,0.79714708,23,0,0,97.916667,7.34782609,0,0,0,0.2173913,stats_player_week_2025.csv.gz
00-0039398,Joe Milton III,QB,DAL,2025,18,REG,NYG,7,13,73,0,1,0,0,0,0,3,4,43,0,0,0,1,-5.20526435,3.33178914,13,0,0,38.301282,5.61538462,0.07692308,0,0,3.30769231,stats_player_week_2025.csv.gz
00-0039732,Bo Nix,QB,DEN,2025,18,REG,LAC,14,23,141,0,0,4,-17,0,0,6,8,49,0,0,0,3,-5.75090569,3.46128923,27,0,0,78.351449,6.13043478,0,0.14814815,0,1.81481481,stats_player_week_2025.csv.gz
00-0039851,Drake Maye,QB,NE,2025,18,REG,MIA,14,18,191,1,0,0,0,0,0,7,5,41,0,0,0,3,8.70406687,4.7180029,18,0,0,129.398148,10.61111111,0,0,0,2.27777778,stats_player_week_2025.csv.gz
00-0039918,Caleb Williams,QB,CHI,2025,18,REG,DET,20,33,212,2,1,1,-7,0,0,10,1,1,0,0,0,0,-1.44315143,-0.49866546,34,0,0,86.931818,6.42424242,0.03030303,0.02941176,0,0.02941176,stats_player_week_2025.csv.gz
00-0039923,J.J. McCarthy,QB,MIN,2025,18,REG,GB,14,23,182,0,0,0,0,0,0,9,2,7,0,0,0,1,7.57535334,-0.53531562,23,0,0,85.778986,7.91304348,0,0,0,0.30434783,stats_player_week_2025.csv.gz
00-0040206,Riley Leonard,QB,IND,2025,18,REG,HOU,21,34,270,2,1,1,-8,1,1,10,3,21,1,0,0,3,1.85241972,3.68971108,35,1,1,93.995098,7.94117647,0.02941176,0.02857143,0.02857143,0.6,stats_player_week_2025.csv.gz
00-0040234,Quinn Ewers,QB,MIA,2025,18,REG,NE,16,23,137,1,1,4,-20,0,0,7,1,9,0,0,0,0,-8.6380107,0.91497729,27,0,0,81.25,5.95652174,0.04347826,0.14814815,0,0.33333333,stats_player_week_2025.csv.gz
00-0040398,Brady Cook,QB,NYJ,2025,18,REG,BUF,11,22,60,1,0,1,-7,0,0,5,3,7,0,0,0,1,-6.33271967,-0.48403006,23,0,0,71.401515,2.72727273,0,0.04347826,0,0.30434783,stats_player_week_2025.csv.gz
00-0040494,Max Brosmer,QB,MIN,2025,18,REG,GB,7,8,57,0,0,2,-13,1,1,5,0,0,0,0,0,0,-5.44178533,0,10,1,1,96.354167,7.125,0,0.2,0.1,0,stats_player_week_2025.csv.gz
00-0040668,Shedeur Sanders,QB,CLE,2025,18,REG,CIN,11,22,111,0,0,6,-29,1,1,4,3,26,0,0,0,1,-9.69716329,2.21183617,28,1,1,64.772727,5.04545455,0,0.21428571,0.03571429,0.92857143,stats_player_week_2025.csv.gz
00-0040676,Cam Ward,QB,TEN,2025,18,REG,JAX,3,3,52,0,0,0,0,0,0,2,2,11,1,0,0,1,4.43548957,1.27322848,3,0,0,118.75,17.33333333,0,0,0,3.66666667,stats_player_week_2025.csv.gz
00-0040691,Jaxson Dart,QB,NYG,2025,18,REG,DAL,22,32,230,2,0,4,-11,1,0,14,5,32,0,0,0,1,13.77807542,1.04860091,36,1,0,110.15625,7.1875,0,0.11111111,0.02777778,0.88888889,stats_player_week_2025.csv.gz
00-0040743,Tyler Shough,QB,NO,2025,18,REG,ATL,23,35,259,1,1,4,-27,0,0,10,3,34,1,0,0,2,-2.61001998,2.43766929,39,0,0,85.297619,7.4,0.02857143,0.1025641,0,0.87179487,stats_player_week_2025.csv.gz
