season,week,game_id,gameday,away,home,location,observedMargin,h4Base,homeStrength,awayStrength,baselineMargin,residual,bookNetSUnits,travelMiles,EXT_ALTITUDE_HIGH,EXT_BYE_STRENGTH,EXT_REST_DIFF_DAYS,EXT_SURFACE_AWAY_SYNTH_MISMATCH,EXT_TRAVEL_1000MI,EXT_TRAVEL_1250_1999,EXT_TRAVEL_750_1249,EXT_TRAVEL_X_ROAD,EXT_TZ_EARLY_EASTWARD,EXT_TZ_NIGHT_WESTWARD,S_AWAY_BOUNCE,S_AWAY_BYE,S_AWAY_OFF_AWAY_OT,S_AWAY_OFF_HOME_OT,S_AWAY_OFF_MNF_AWAY,S_AWAY_OFF_MNF_HOME,S_DIFFERENT_CONFERENCE,S_EARLY_MOUNTAIN,S_EARLY_WEST,S_HOME_BOUNCE,S_HOME_BYE,S_HOME_MONDAY_NIGHT,S_HOME_OFF_AWAY_OT,S_HOME_OFF_HOME_OT,S_HOME_OFF_MNF_AWAY,S_HOME_SUNDAY_NIGHT,S_HOME_THURSDAY_NIGHT,S_NIGHT_CENTRAL,S_NIGHT_EAST,S_NIGHT_MOUNTAIN,S_SAME_DIVISION,S_SB_LOSER,S_SB_WINNER,S_SECOND_REMOTE_TWO_TZ,S_THIRD_AWAY_IN_FOUR,S_TRAVEL_2000_PLUS,S_TURF_OPPOSITE,S_TURF_SAME
2021,1,2021_01_ARI_TEN,2021-09-12,ARI,TEN,Home,-25.0,2.082,1.708151,-6.133074,9.923225,-34.923225,1.0,1452.67999,0.0,0.0,0.0,0.0,1.45268,1.0,0.0,0.0,1.0,0.0,0.0,0.0,0.0,0.0,0.0,0.0,1.0,1.0,0.0,0.0,0.0,0.0,0.0,0.0,0.0,0.0,0.0,0.0,0.0,0.0,0.0,0.0,0.0,0.0,0.0,0.0,0.0,-1.0
2021,1,2021_01_BAL_LV,2021-09-13,BAL,LV,Home,6.0,2.082,-6.215271,8.441938,-12.575209,18.575209,8.0,2103.99301,0.0,0.0,0.0,0.0,2.103993,0.0,0.0,0.0,0.0,3.0,0.0,0.0,0.0,0.0,0.0,0.0,0.0,0.0,0.0,0.0,0.0,2.0,0.0,0.0,0.0,0.0,0.0,0.0,6.0,0.0,0.0,0.0,0.0,0.0,0.0,1.0,0.0,-1.0
2021,1,2021_01_CHI_LA,2021-09-12,CHI,LAR,Home,20.0,2.082,4.834546,2.992124,3.924422,16.075578,8.0,1750.806704,0.0,0.0,0.0,0.0,1.750807,1.0,0.0,0.0,0.0,2.0,0.0,0.0,0.0,0.0,0.0,0.0,0.0,0.0,0.0,0.0,0.0,0.0,0.0,0.0,0.0,4.0,0.0,3.0,0.0,0.0,0.0,0.0,0.0,0.0,0.0,0.0,1.0,0.0
2021,1,2021_01_CLE_KC,2021-09-12,CLE,KC,Home,4.0,2.082,7.395195,-1.876978,11.354173,-7.354173,-5.0,694.2336,0.0,0.0,0.0,0.0,0.694234,0.0,0.0,0.0,0.0,0.0,0.0,0.0,0.0,0.0,0.0,0.0,0.0,0.0,0.0,0.0,0.0,0.0,0.0,0.0,0.0,0.0,0.0,0.0,0.0,0.0,0.0,-4.0,0.0,0.0,0.0,0.0,0.0,-1.0
2021,1,2021_01_DAL_TB,2021-09-09,DAL,TB,Home,2.0,2.082,-1.20222,2.432997,-1.553217,3.553217,10.0,929.222419,0.0,0.0,0.0,1.0,0.929222,0.0,1.0,0.0,0.0,0.0,0.0,0.0,0.0,0.0,0.0,0.0,0.0,0.0,0.0,0.0,0.0,0.0,0.0,0.0,0.0,0.0,2.0,3.0,0.0,0.0,0.0,0.0,4.0,0.0,0.0,0.0,1.0,0.0
2021,1,2021_01_DEN_NYG,2021-09-12,DEN,NYG,Home,-14.0,2.082,-4.26176,-0.870423,-1.309338,-12.690662,2.0,1624.394134,0.0,0.0,0.0,0.0,1.624394,1.0,0.0,0.0,0.0,0.0,0.0,0.0,0.0,0.0,0.0,0.0,1.0,0.0,0.0,0.0,0.0,0.0,0.0,0.0,0.0,0.0,0.0,0.0,0.0,0.0,0.0,0.0,0.0,0.0,0.0,0.0,1.0,0.0
2021,1,2021_01_GB_NO,2021-09-12,GB,NO,Neutral,35.0,0.0,6.531196,0.880546,5.65065,29.34935,0,,0.0,0.0,0.0,0.0,0.0,0.0,0.0,0.0,0.0,0.0,0.0,0.0,0.0,0.0,0.0,0.0,0.0,0.0,0.0,0.0,0.0,0.0,0.0,0.0,0.0,0.0,0.0,0.0,0.0,0.0,0.0,0.0,0.0,0.0,0.0,0.0,0.0,0.0
2021,1,2021_01_JAX_HOU,2021-09-12,JAX,HOU,Home,16.0,2.082,1.840542,-3.950155,7.872696,8.127304,0.0,824.794909,0.0,0.0,0.0,0.0,0.824795,0.0,1.0,0.0,0.0,0.0,0.0,0.0,0.0,0.0,0.0,0.0,0.0,0.0,0.0,0.0,0.0,0.0,0.0,0.0,0.0,0.0,0.0,0.0,0.0,0.0,-1.0,0.0,0.0,0.0,0.0,0.0,1.0,0.0
2021,1,2021_01_LAC_WAS,2021-09-12,LAC,WAS,Home,-4.0,2.082,-6.489997,2.541513,-6.94951,2.94951,5.0,2310.867618,0.0,0.0,0.0,1.0,2.310868,0.0,0.0,0.0,3.0,0.0,0.0,0.0,0.0,0.0,0.0,0.0,1.0,0.0,2.0,0.0,0.0,0.0,0.0,0.0,0.0,0.0,0.0,0.0,0.0,0.0,0.0,0.0,0.0,0.0,0.0,1.0,1.0,0.0
2021,1,2021_01_MIA_NE,2021-09-12,MIA,NE,Home,-1.0,2.082,6.638193,-7.773815,16.494008,-17.494008,0.0,1225.685856,0.0,0.0,0.0,0.0,1.225686,0.0,1.0,0.0,0.0,0.0,0.0,0.0,0.0,0.0,0.0,0.0,0.0,0.0,0.0,0.0,0.0,0.0,0.0,0.0,0.0,0.0,0.0,0.0,0.0,0.0,-1.0,0.0,0.0,0.0,0.0,0.0,1.0,0.0
2021,1,2021_01_MIN_CIN,2021-09-12,MIN,CIN,Home,3.0,2.082,-5.358218,3.18253,-6.458748,9.458748,0.0,604.511452,0.0,0.0,0.0,0.0,0.604511,0.0,0.0,0.0,1.0,0.0,0.0,0.0,0.0,0.0,0.0,0.0,1.0,0.0,0.0,0.0,0.0,0.0,0.0,0.0,0.0,0.0,0.0,0.0,0.0,0.0,0.0,0.0,0.0,0.0,0.0,0.0,0.0,-1.0
2021,1,2021_01_NYJ_CAR,2021-09-12,NYJ,CAR,Home,5.0,2.082,-3.13306,-5.365637,4.314577,0.685423,2.0,533.679722,0.0,0.0,0.0,1.0,0.53368,0.0,0.0,0.0,0.0,0.0,0.0,0.0,0.0,0.0,0.0,0.0,1.0,0.0,0.0,0.0,0.0,0.0,0.0,0.0,0.0,0.0,0.0,0.0,0.0,0.0,0.0,0.0,0.0,0.0,0.0,0.0,1.0,0.0
2021,1,2021_01_PHI_ATL,2021-09-12,PHI,ATL,Home,-26.0,2.082,-0.512576,0.586251,0.983174,-26.983174,1.0,663.458629,0.0,0.0,0.0,0.0,0.663459,0.0,0.0,0.0,0.0,0.0,0.0,0.0,0.0,0.0,0.0,0.0,0.0,0.0,0.0,0.0,0.0,0.0,0.0,0.0,0.0,0.0,0.0,0.0,0.0,0.0,0.0,0.0,0.0,0.0,0.0,0.0,1.0,0.0
2021,1,2021_01_PIT_BUF,2021-09-12,PIT,BUF,Home,-7.0,2.082,-1.598955,1.624755,-1.14171,-5.85829,1.0,172.856434,0.0,0.0,0.0,0.0,0.172856,0.0,0.0,0.0,0.0,0.0,0.0,0.0,0.0,0.0,0.0,0.0,0.0,0.0,0.0,0.0,0.0,0.0,0.0,0.0,0.0,0.0,0.0,0.0,0.0,0.0,0.0,0.0,0.0,0.0,0.0,0.0,1.0,0.0
2021,1,2021_01_SEA_IND,2021-09-12,SEA,IND,Home,-12.0,2.082,1.159331,2.592777,0.648554,-12.648554,2.0,1867.630648,0.0,0.0,0.0,0.0,1.867631,1.0,0.0,0.0,3.0,0.0,0.0,0.0,0.0,0.0,0.0,0.0,1.0,0.0,2.0,0.0,0.0,0.0,0.0,0.0,0.0,0.0,0.0,0.0,0.0,0.0,0.0,0.0,0.0,0.0,0.0,0.0,0.0,-1.0
2021,1,2021_01_SF_DET,2021-09-12,SF,DET,Home,-8.0,2.082,-2.686402,2.045955,-2.650357,-5.349643,4.0,2073.607984,0.0,0.0,0.0,0.0,2.073608,0.0,0.0,0.0,3.0,0.0,0.0,0.0,0.0,0.0,0.0,0.0,0.0,0.0,2.0,0.0,0.0,0.0,0.0,0.0,0.0,0.0,0.0,0.0,0.0,0.0,0.0,0.0,0.0,0.0,0.0,1.0,1.0,0.0
2021,2,2021_02_ATL_TB,2021-09-19,ATL,TB,Home,23.0,2.082,-1.079986,-1.030779,2.032793,20.967207,0.0,414.852675,0.0,0.0,3.0,1.0,0.414853,0.0,0.0,0.0,0.0,0.0,-2.0,0.0,0.0,0.0,0.0,0.0,0.0,0.0,0.0,0.0,0.0,0.0,0.0,0.0,0.0,0.0,0.0,0.0,0.0,0.0,-1.0,0.0,2.0,0.0,0.0,0.0,1.0,0.0
2021,2,2021_02_BUF_MIA,2021-09-19,BUF,MIA,Home,-35.0,2.082,-7.497647,-1.855244,-3.560403,-31.439597,0.0,1164.757936,0.0,0.0,0.0,1.0,1.164758,0.0,1.0,0.0,0.0,0.0,0.0,0.0,0.0,0.0,0.0,0.0,0.0,0.0,0.0,0.0,0.0,0.0,0.0,0.0,0.0,0.0,0.0,0.0,0.0,0.0,-1.0,0.0,0.0,0.0,0.0,0.0,1.0,0.0
2021,2,2021_02_CIN_CHI,2021-09-19,CIN,CHI,Home,3.0,2.082,2.582184,-5.060941,9.725125,-6.725125,8.0,251.165765,0.0,0.0,0.0,1.0,0.251166,0.0,0.0,0.0,0.0,0.0,0.0,0.0,0.0,4.0,0.0,0.0,1.0,0.0,0.0,2.0,0.0,0.0,0.0,0.0,0.0,0.0,0.0,0.0,0.0,0.0,0.0,0.0,0.0,0.0,0.0,0.0,1.0,0.0
2021,2,2021_02_DAL_LAC,2021-09-19,DAL,LAC,Home,-3.0,2.082,2.501167,2.328153,2.255014,-5.255014,0.0,1226.785849,0.0,0.0,-3.0,0.0,1.226786,0.0,1.0,0.0,0.0,0.0,0.0,0.0,0.0,0.0,0.0,0.0,1.0,0.0,0.0,0.0,0.0,0.0,0.0,0.0,0.0,0.0,0.0,0.0,0.0,0.0,0.0,0.0,0.0,0.0,0.0,0.0,0.0,-1.0
2021,2,2021_02_DEN_JAX,2021-09-19,DEN,JAX,Home,-10.0,2.082,-4.24875,-0.557317,-1.609432,-8.390568,2.0,1468.244756,0.0,0.0,0.0,0.0,1.468245,1.0,0.0,0.0,2.0,0.0,0.0,0.0,0.0,0.0,0.0,0.0,0.0,1.0,0.0,0.0,0.0,0.0,0.0,0.0,0.0,0.0,0.0,0.0,0.0,0.0,0.0,0.0,0.0,2.0,0.0,0.0,0.0,-1.0
2021,2,2021_02_DET_GB,2021-09-20,DET,GB,Home,18.0,2.082,0.151797,-2.864965,5.098762,12.901238,12.0,292.632421,0.0,0.0,0.0,1.0,0.292632,0.0,0.0,0.0,0.0,1.0,0.0,0.0,0.0,0.0,0.0,0.0,0.0,0.0,0.0,4.0,0.0,2.0,0.0,0.0,0.0,0.0,0.0,0.0,6.0,0.0,-1.0,0.0,0.0,0.0,0.0,0.0,1.0,0.0
2021,2,2021_02_HOU_CLE,2021-09-19,HOU,CLE,Home,10.0,2.082,-1.639457,1.884287,-1.441744,11.441744,1.0,1119.9254,0.0,0.0,0.0,1.0,1.119925,0.0,1.0,0.0,1.0,0.0,0.0,0.0,0.0,0.0,0.0,0.0,0.0,0.0,0.0,0.0,0.0,0.0,0.0,0.0,0.0,0.0,0.0,0.0,0.0,0.0,0.0,0.0,0.0,0.0,0.0,0.0,1.0,0.0
2021,2,2021_02_KC_BAL,2021-09-19,KC,BAL,Home,1.0,2.082,8.102926,7.240922,2.944004,-1.944004,2.0,955.425332,0.0,0.0,-1.0,0.0,0.955425,0.0,1.0,0.0,0.0,0.0,0.0,0.0,0.0,0.0,0.0,0.0,0.0,0.0,0.0,0.0,0.0,0.0,-2.0,0.0,-4.0,4.0,0.0,3.0,0.0,0.0,0.0,2.0,0.0,0.0,0.0,0.0,0.0,-1.0
2021,2,2021_02_LA_IND,2021-09-19,LAR,IND,Home,-3.0,2.082,0.791657,5.391716,-2.51806,-0.48194,2.0,1813.100547,0.0,0.0,0.0,0.0,1.813101,1.0,0.0,0.0,3.0,0.0,0.0,0.0,0.0,0.0,0.0,0.0,1.0,0.0,2.0,0.0,0.0,0.0,0.0,0.0,0.0,0.0,0.0,0.0,0.0,0.0,0.0,0.0,0.0,0.0,0.0,0.0,0.0,-1.0
2021,2,2021_02_LV_PIT,2021-09-19,LV,PIT,Home,-9.0,2.082,1.814296,-5.767863,9.66416,-18.66416,11.0,1918.378192,0.0,0.0,1.0,0.0,1.918378,1.0,0.0,0.0,3.0,0.0,0.0,0.0,0.0,4.0,0.0,6.0,0.0,0.0,2.0,0.0,0.0,0.0,0.0,0.0,0.0,0.0,0.0,0.0,0.0,0.0,0.0,0.0,0.0,0.0,0.0,0.0,0.0,-1.0
2021,2,2021_02_MIN_ARI,2021-09-19,MIN,ARI,Home,1.0,2.082,-5.205615,2.916557,-6.040172,7.040172,3.0,1282.684837,0.0,0.0,0.0,1.0,1.282685,1.0,0.0,0.0,0.0,0.0,0.0,0.0,2.0,0.0,0.0,0.0,0.0,0.0,0.0,0.0,0.0,0.0,0.0,0.0,0.0,0.0,0.0,0.0,0.0,0.0,0.0,0.0,0.0,0.0,0.0,0.0,1.0,0.0
2021,2,2021_02_NE_NYJ,2021-09-19,NE,NYJ,Home,-19.0,2.082,-5.473035,6.144797,-9.535832,-9.464168,-2.0,170.187519,0.0,0.0,0.0,0.0,0.170188,0.0,0.0,0.0,0.0,0.0,0.0,0.0,0.0,0.0,0.0,0.0,0.0,0.0,0.0,0.0,0.0,0.0,0.0,0.0,0.0,0.0,0.0,0.0,0.0,0.0,-1.0,0.0,0.0,0.0,0.0,0.0,0.0,-1.0
2021,2,2021_02_NO_CAR,2021-09-19,NO,CAR,Home,19.0,2.082,-3.070265,7.221571,-8.209835,27.209835,0.0,648.697077,0.0,0.0,0.0,1.0,0.648697,0.0,0.0,0.0,1.0,0.0,0.0,0.0,0.0,0.0,0.0,0.0,0.0,0.0,0.0,0.0,0.0,0.0,0.0,0.0,0.0,0.0,0.0,0.0,0.0,0.0,-1.0,0.0,0.0,0.0,0.0,0.0,1.0,0.0
2021,2,2021_02_NYG_WAS,2021-09-16,NYG,WAS,Home,1.0,2.082,-6.475964,-4.579026,0.185063,0.814937,8.0,198.052961,0.0,0.0,0.0,1.0,0.198053,0.0,0.0,0.0,0.0,0.0,0.0,0.0,0.0,0.0,0.0,0.0,0.0,0.0,0.0,0.0,0.0,0.0,0.0,0.0,0.0,0.0,2.0,0.0,6.0,0.0,-1.0,0.0,0.0,0.0,0.0,0.0,1.0,0.0
2021,2,2021_02_SF_PHI,2021-09-19,SF,PHI,Home,-6.0,2.082,1.116961,2.334001,0.86496,-6.86496,4.0,2502.322348,0.0,0.0,0.0,0.0,2.502322,0.0,0.0,0.0,3.0,0.0,0.0,0.0,0.0,0.0,0.0,0.0,0.0,0.0,2.0,0.0,0.0,0.0,0.0,0.0,0.0,0.0,0.0,0.0,0.0,0.0,0.0,0.0,0.0,2.0,0.0,1.0,0.0,-1.0
2021,2,2021_02_TEN_SEA,2021-09-19,TEN,SEA,Home,-3.0,2.082,3.063983,0.819878,4.326105,-7.326105,0.0,1970.629492,0.0,0.0,0.0,0.0,1.970629,1.0,0.0,0.0,0.0,0.0,-2.0,0.0,0.0,0.0,0.0,0.0,1.0,0.0,0.0,0.0,0.0,0.0,0.0,0.0,0.0,0.0,0.0,0.0,0.0,0.0,0.0,0.0,0.0,0.0,0.0,0.0,1.0,0.0
2021,3,2021_03_ARI_JAX,2021-09-26,ARI,JAX,Home,-12.0,2.082,-4.459847,-5.040977,2.663129,-14.663129,1.0,1802.958693,0.0,0.0,0.0,0.0,1.802959,1.0,0.0,0.0,2.0,0.0,0.0,0.0,0.0,0.0,0.0,0.0,1.0,1.0,0.0,0.0,0.0,0.0,0.0,0.0,0.0,0.0,0.0,0.0,0.0,0.0,0.0,0.0,0.0,0.0,0.0,0.0,0.0,-1.0
2021,3,2021_03_ATL_NYG,2021-09-26,ATL,NYG,Home,-3.0,2.082,-4.610225,-1.490477,-1.037748,-1.962252,-3.0,747.417492,0.0,0.0,3.0,0.0,0.747417,0.0,0.0,0.0,0.0,0.0,-2.0,0.0,0.0,0.0,0.0,0.0,0.0,0.0,0.0,0.0,0.0,0.0,0.0,0.0,0.0,0.0,0.0,0.0,0.0,0.0,0.0,0.0,0.0,0.0,0.0,0.0,0.0,-1.0
2021,3,2021_03_BAL_DET,2021-09-26,BAL,DET,Home,-2.0,2.082,-3.125435,8.109444,-9.152879,7.152879,-2.0,396.795381,0.0,0.0,-1.0,0.0,0.396795,0.0,0.0,0.0,0.0,0.0,0.0,0.0,0.0,0.0,0.0,0.0,1.0,0.0,0.0,0.0,0.0,0.0,0.0,0.0,-4.0,0.0,0.0,0.0,0.0,0.0,0.0,0.0,0.0,0.0,0.0,0.0,1.0,0.0
2021,3,2021_03_CAR_HOU,2021-09-23,CAR,HOU,Home,-15.0,2.082,1.629591,-2.507847,6.219438,-21.219438,10.0,929.833746,0.0,0.0,0.0,0.0,0.929834,0.0,1.0,0.0,0.0,1.0,0.0,0.0,0.0,0.0,0.0,0.0,1.0,0.0,0.0,0.0,0.0,0.0,0.0,0.0,0.0,0.0,2.0,0.0,6.0,0.0,0.0,0.0,0.0,0.0,0.0,0.0,1.0,0.0
2021,3,2021_03_CHI_CLE,2021-09-26,CHI,CLE,Home,20.0,2.082,-1.372262,2.419681,-1.709943,21.709943,0.0,306.259003,0.0,0.0,0.0,0.0,0.306259,0.0,0.0,0.0,1.0,0.0,0.0,0.0,0.0,0.0,0.0,0.0,1.0,0.0,0.0,0.0,0.0,0.0,0.0,0.0,0.0,0.0,0.0,0.0,0.0,0.0,0.0,0.0,0.0,0.0,0.0,0.0,0.0,-1.0
2021,3,2021_03_CIN_PIT,2021-09-26,CIN,PIT,Home,-14.0,2.082,1.451316,-4.910382,8.443697,-22.443697,0.0,256.539705,0.0,0.0,0.0,1.0,0.25654,0.0,0.0,0.0,0.0,0.0,0.0,0.0,0.0,0.0,0.0,0.0,0.0,0.0,0.0,0.0,0.0,0.0,0.0,0.0,0.0,0.0,0.0,0.0,0.0,0.0,-1.0,0.0,0.0,0.0,0.0,0.0,1.0,0.0
2021,3,2021_03_GB_SF,2021-09-26,GB,SF,Home,-2.0,2.082,2.51603,0.404019,4.194012,-6.194012,12.0,1821.660263,0.0,0.0,1.0,0.0,1.82166,1.0,0.0,0.0,0.0,2.0,0.0,0.0,0.0,0.0,0.0,6.0,0.0,0.0,0.0,0.0,0.0,0.0,0.0,0.0,0.0,4.0,0.0,3.0,0.0,0.0,0.0,0.0,0.0,0.0,0.0,0.0,0.0,-1.0
2021,3,2021_03_IND_TEN,2021-09-26,IND,TEN,Home,9.0,2.082,0.976894,0.747182,2.311712,6.688288,-2.0,250.486953,0.0,0.0,0.0,1.0,0.250487,0.0,0.0,0.0,0.0,0.0,0.0,0.0,0.0,0.0,0.0,0.0,0.0,0.0,0.0,0.0,0.0,0.0,-2.0,0.0,0.0,0.0,0.0,0.0,0.0,0.0,-1.0,0.0,0.0,0.0,0.0,0.0,1.0,0.0
2021,3,2021_03_LAC_KC,2021-09-26,LAC,KC,Home,-6.0,2.082,7.344218,2.436214,6.990004,-12.990004,0.0,1366.48133,0.0,0.0,0.0,1.0,1.366481,1.0,0.0,0.0,2.0,0.0,0.0,0.0,0.0,0.0,0.0,0.0,0.0,0.0,2.0,0.0,0.0,0.0,0.0,0.0,0.0,0.0,0.0,0.0,0.0,0.0,-1.0,-2.0,0.0,0.0,0.0,0.0,1.0,0.0
2021,3,2021_03_MIA_LV,2021-09-26,MIA,LV,Home,3.0,2.082,-5.333804,-8.178484,4.92668,-1.92668,-4.0,2170.588817,0.0,0.0,0.0,0.0,2.170589,0.0,0.0,0.0,0.0,0.0,-4.0,0.0,0.0,0.0,0.0,0.0,0.0,0.0,0.0,0.0,0.0,0.0,0.0,0.0,0.0,0.0,0.0,0.0,0.0,0.0,0.0,0.0,0.0,0.0,0.0,1.0,0.0,-1.0
2021,3,2021_03_NO_NE,2021-09-26,NO,NE,Home,-15.0,2.082,6.297471,6.632591,1.74688,-16.74688,-2.0,1339.813841,0.0,0.0,0.0,0.0,1.339814,1.0,0.0,0.0,1.0,0.0,-2.0,0.0,0.0,0.0,0.0,0.0,1.0,0.0,0.0,0.0,0.0,0.0,0.0,0.0,0.0,0.0,0.0,0.0,0.0,0.0,0.0,0.0,0.0,0.0,0.0,0.0,0.0,-1.0
2021,3,2021_03_NYJ_DEN,2021-09-26,NYJ,DEN,Home,26.0,2.082,-0.317367,-5.672359,7.436991,18.563009,-1.0,1624.394134,1.0,0.0,0.0,1.0,1.624394,1.0,0.0,0.0,0.0,0.0,-2.0,0.0,0.0,0.0,0.0,0.0,0.0,0.0,0.0,0.0,0.0,0.0,0.0,0.0,0.0,0.0,0.0,0.0,0.0,0.0,0.0,0.0,0.0,0.0,0.0,0.0,1.0,0.0
2021,3,2021_03_PHI_DAL,2021-09-27,PHI,DAL,Home,20.0,2.082,2.397277,0.912883,3.566394,16.433606,8.0,1312.507638,0.0,0.0,0.0,0.0,1.312508,1.0,0.0,0.0,0.0,1.0,0.0,0.0,0.0,0.0,0.0,0.0,0.0,0.0,0.0,0.0,0.0,2.0,0.0,0.0,0.0,0.0,0.0,0.0,6.0,0.0,-1.0,0.0,0.0,0.0,0.0,0.0,1.0,0.0
2021,3,2021_03_SEA_MIN,2021-09-26,SEA,MIN,Home,13.0,2.082,2.7243,2.940784,1.865515,11.134485,3.0,1391.700371,0.0,0.0,0.0,0.0,1.3917,1.0,0.0,0.0,0.0,0.0,0.0,0.0,0.0,4.0,0.0,0.0,0.0,0.0,0.0,0.0,0.0,0.0,0.0,0.0,0.0,0.0,0.0,0.0,0.0,0.0,0.0,0.0,0.0,0.0,0.0,0.0,0.0,-1.0
2021,3,2021_03_TB_LA,2021-09-26,TB,LAR,Home,10.0,2.082,5.406928,-0.647877,8.136805,1.863195,0.0,2151.718042,0.0,0.0,0.0,0.0,2.151718,0.0,0.0,0.0,0.0,0.0,0.0,0.0,0.0,0.0,0.0,0.0,0.0,0.0,0.0,0.0,0.0,0.0,0.0,0.0,0.0,0.0,0.0,0.0,0.0,0.0,0.0,0.0,-2.0,0.0,0.0,1.0,1.0,0.0
2021,3,2021_03_WAS_BUF,2021-09-26,WAS,BUF,Home,22.0,2.082,-1.212105,-6.467375,7.33727,14.66273,2.0,285.366613,0.0,0.0,-3.0,0.0,0.285367,0.0,0.0,0.0,0.0,0.0,0.0,0.0,0.0,0.0,0.0,0.0,1.0,0.0,0.0,0.0,0.0,0.0,0.0,0.0,0.0,0.0,0.0,0.0,0.0,0.0,0.0,0.0,0.0,0.0,0.0,0.0,1.0,0.0
2021,4,2021_04_ARI_LA,2021-10-03,ARI,LAR,Home,-17.0,2.082,5.496584,-4.668875,12.247459,-29.247459,2.0,350.319259,0.0,0.0,0.0,0.0,0.350319,0.0,0.0,0.350319,0.0,0.0,0.0,0.0,0.0,0.0,0.0,0.0,0.0,0.0,0.0,0.0,0.0,0.0,0.0,0.0,0.0,0.0,0.0,0.0,0.0,0.0,-1.0,0.0,0.0,0.0,2.0,0.0,1.0,0.0
2021,4,2021_04_BAL_DEN,2021-10-03,BAL,DEN,Home,-16.0,2.082,0.080718,8.006132,-5.843414,-10.156586,1.0,1507.720279,1.0,0.0,0.0,0.0,1.50772,1.0,0.0,1.50772,0.0,0.0,0.0,0.0,0.0,0.0,0.0,0.0,0.0,0.0,0.0,0.0,0.0,0.0,0.0,0.0,0.0,0.0,0.0,0.0,0.0,0.0,0.0,0.0,0.0,0.0,2.0,0.0,0.0,-1.0
2021,4,2021_04_CAR_DAL,2021-10-03,CAR,DAL,Home,8.0,2.082,2.699964,-1.996949,6.778913,1.221087,1.0,944.984437,0.0,0.0,-4.0,0.0,0.944984,0.0,1.0,0.0,0.0,0.0,0.0,0.0,0.0,0.0,0.0,0.0,0.0,0.0,0.0,0.0,0.0,0.0,0.0,0.0,0.0,0.0,0.0,0.0,0.0,0.0,0.0,0.0,0.0,0.0,0.0,0.0,1.0,0.0
2021,4,2021_04_CLE_MIN,2021-10-03,CLE,MIN,Home,-7.0,2.082,2.975372,-0.885331,5.942703,-12.942703,2.0,628.446565,0.0,0.0,0.0,0.0,0.628447,0.0,0.0,0.0,0.0,0.0,0.0,0.0,0.0,0.0,0.0,0.0,1.0,0.0,0.0,0.0,0.0,0.0,0.0,0.0,0.0,0.0,0.0,0.0,0.0,0.0,0.0,0.0,0.0,0.0,0.0,0.0,1.0,0.0
2021,4,2021_04_DET_CHI,2021-10-03,DET,CHI,Home,10.0,2.082,1.98945,-2.949322,7.020772,2.979228,2.0,236.619167,0.0,0.0,0.0,1.0,0.236619,0.0,0.0,0.0,0.0,0.0,0.0,0.0,0.0,0.0,0.0,0.0,0.0,0.0,0.0,2.0,0.0,0.0,0.0,0.0,0.0,0.0,0.0,0.0,0.0,0.0,-1.0,0.0,0.0,0.0,0.0,0.0,1.0,0.0
2021,4,2021_04_HOU_BUF,2021-10-03,HOU,BUF,Home,40.0,2.082,-0.987584,1.110071,-0.015655,40.015655,-1.0,1290.13514,0.0,0.0,-3.0,0.0,1.290135,1.0,0.0,0.0,1.0,0.0,0.0,0.0,0.0,0.0,0.0,0.0,0.0,0.0,0.0,0.0,0.0,0.0,0.0,0.0,0.0,0.0,0.0,0.0,0.0,0.0,0.0,0.0,0.0,0.0,0.0,0.0,0.0,-1.0
2021,4,2021_04_IND_MIA,2021-10-03,IND,MIA,Home,-10.0,2.082,-8.216329,0.518468,-6.652798,-3.347202,-1.0,1013.08921,0.0,0.0,0.0,1.0,1.013089,0.0,1.0,0.0,0.0,0.0,0.0,0.0,0.0,0.0,0.0,0.0,0.0,0.0,0.0,0.0,0.0,0.0,-2.0,0.0,0.0,0.0,0.0,0.0,0.0,0.0,0.0,0.0,0.0,0.0,0.0,0.0,1.0,0.0
2021,4,2021_04_JAX_CIN,2021-09-30,JAX,CIN,Home,3.0,2.082,-4.398856,-4.867087,2.550231,0.449769,9.0,627.618182,0.0,0.0,0.0,0.0,0.627618,0.0,0.0,0.0,0.0,0.0,0.0,0.0,0.0,0.0,0.0,0.0,0.0,0.0,0.0,0.0,0.0,0.0,0.0,0.0,0.0,0.0,2.0,0.0,6.0,0.0,0.0,0.0,0.0,0.0,0.0,0.0,1.0,0.0
2021,4,2021_04_KC_PHI,2021-10-03,KC,PHI,Home,-12.0,2.082,0.519556,7.080679,-4.479122,-7.520878,0.0,1029.880967,0.0,0.0,-1.0,0.0,1.029881,0.0,1.0,0.0,1.0,0.0,0.0,0.0,0.0,0.0,0.0,0.0,1.0,0.0,0.0,2.0,0.0,0.0,0.0,0.0,-4.0,0.0,0.0,0.0,0.0,0.0,0.0,2.0,0.0,0.0,0.0,0.0,0.0,-1.0
2021,4,2021_04_LV_LAC,2021-10-04,LV,LAC,Home,14.0,2.082,2.732239,-5.361898,10.176136,3.823864,6.0,231.708179,0.0,0.0,0.0,0.0,0.231708,0.0,0.0,0.0,0.0,0.0,0.0,0.0,0.0,4.0,0.0,0.0,0.0,0.0,0.0,0.0,0.0,2.0,0.0,0.0,0.0,0.0,0.0,0.0,0.0,0.0,-1.0,0.0,0.0,0.0,0.0,0.0,1.0,0.0
2021,4,2021_04_NYG_NO,2021-10-03,NYG,NO,Home,-6.0,2.082,7.071968,-4.707691,13.861658,-19.861658,-1.0,1169.793239,0.0,0.0,0.0,0.0,1.169793,0.0,1.0,0.0,0.0,0.0,0.0,0.0,0.0,0.0,0.0,0.0,0.0,0.0,0.0,0.0,0.0,0.0,0.0,0.0,0.0,0.0,0.0,0.0,0.0,0.0,0.0,0.0,0.0,0.0,0.0,0.0,0.0,-1.0
2021,4,2021_04_PIT_GB,2021-10-03,PIT,GB,Home,10.0,2.082,0.550409,1.03319,1.599219,8.400781,0.0,496.241811,0.0,0.0,0.0,0.0,0.496242,0.0,0.0,0.0,0.0,0.0,0.0,0.0,0.0,0.0,0.0,0.0,1.0,0.0,0.0,0.0,0.0,0.0,0.0,0.0,0.0,0.0,0.0,0.0,0.0,0.0,0.0,0.0,0.0,0.0,0.0,0.0,0.0,-1.0
2021,4,2021_04_SEA_SF,2021-10-03,SEA,SF,Home,-7.0,2.082,2.44231,2.785203,1.739107,-8.739107,2.0,704.452846,0.0,0.0,0.0,1.0,0.704453,0.0,0.0,0.704453,0.0,0.0,0.0,0.0,0.0,0.0,0.0,0.0,0.0,0.0,0.0,0.0,0.0,0.0,0.0,0.0,0.0,0.0,0.0,0.0,0.0,0.0,-1.0,0.0,0.0,0.0,2.0,0.0,1.0,0.0
2021,4,2021_04_TB_NE,2021-10-03,TB,NE,Home,-2.0,2.082,5.824066,-0.611168,8.517234,-10.517234,10.0,1161.85698,0.0,0.0,0.0,0.0,1.161857,0.0,1.0,0.0,0.0,0.0,0.0,0.0,0.0,0.0,0.0,0.0,1.0,0.0,0.0,0.0,0.0,0.0,0.0,0.0,0.0,4.0,0.0,0.0,6.0,0.0,0.0,0.0,-2.0,0.0,0.0,0.0,1.0,0.0
2021,4,2021_04_TEN_NYJ,2021-10-03,TEN,NYJ,Home,3.0,2.082,-6.133144,1.051008,-5.102152,8.102152,3.0,757.021023,0.0,0.0,0.0,0.0,0.757021,0.0,1.0,0.0,1.0,0.0,0.0,0.0,0.0,0.0,0.0,0.0,0.0,0.0,0.0,2.0,0.0,0.0,0.0,0.0,0.0,0.0,0.0,0.0,0.0,0.0,0.0,0.0,0.0,0.0,0.0,0.0,1.0,0.0
2021,4,2021_04_WAS_ATL,2021-10-03,WAS,ATL,Home,-4.0,2.082,-1.375771,-6.807381,7.513609,-11.513609,-1.0,549.818311,0.0,0.0,0.0,0.0,0.549818,0.0,0.0,0.0,0.0,0.0,-2.0,0.0,0.0,0.0,0.0,0.0,0.0,0.0,0.0,0.0,0.0,0.0,0.0,0.0,0.0,0.0,0.0,0.0,0.0,0.0,0.0,0.0,0.0,0.0,0.0,0.0,1.0,0.0
2021,5,2021_05_BUF_KC,2021-10-10,BUF,KC,Home,-18.0,2.082,7.218308,-0.089606,9.389913,-27.389913,11.0,857.58787,0.0,0.0,0.0,1.0,0.857588,0.0,1.0,0.0,0.0,1.0,0.0,0.0,0.0,0.0,0.0,0.0,0.0,0.0,0.0,0.0,0.0,0.0,0.0,0.0,0.0,4.0,0.0,0.0,6.0,0.0,0.0,0.0,0.0,0.0,0.0,0.0,1.0,0.0
2021,5,2021_05_CHI_LV,2021-10-10,CHI,LV,Home,-11.0,2.082,-5.45624,2.067717,-5.441958,-5.558042,-4.0,1526.11218,0.0,0.0,-1.0,0.0,1.526112,1.0,0.0,0.0,0.0,0.0,0.0,0.0,0.0,0.0,0.0,0.0,1.0,0.0,0.0,0.0,0.0,0.0,0.0,0.0,-4.0,0.0,0.0,0.0,0.0,0.0,0.0,0.0,0.0,0.0,0.0,0.0,0.0,-1.0
2021,5,2021_05_CLE_LAC,2021-10-10,CLE,LAC,Home,5.0,2.082,2.807759,-0.618767,5.508526,-0.508526,2.0,2052.491358,0.0,0.0,-1.0,0.0,2.052491,0.0,0.0,0.0,0.0,0.0,0.0,0.0,0.0,0.0,0.0,0.0,0.0,0.0,0.0,0.0,0.0,0.0,0.0,0.0,0.0,0.0,0.0,0.0,0.0,0.0,0.0,0.0,0.0,0.0,0.0,1.0,1.0,0.0
2021,5,2021_05_DEN_PIT,2021-10-10,DEN,PIT,Home,8.0,2.082,0.913458,-0.127965,3.123423,4.876577,0.0,1318.06762,0.0,0.0,0.0,0.0,1.318068,1.0,0.0,0.0,2.0,0.0,0.0,0.0,0.0,0.0,0.0,0.0,0.0,1.0,0.0,0.0,0.0,0.0,0.0,0.0,0.0,0.0,0.0,0.0,0.0,0.0,0.0,0.0,0.0,0.0,0.0,0.0,0.0,-1.0
2021,5,2021_05_DET_MIN,2021-10-10,DET,MIN,Home,2.0,2.082,2.744869,-2.956841,7.78371,-5.78371,0.0,541.488485,0.0,0.0,0.0,0.0,0.541488,0.0,0.0,0.541488,0.0,0.0,0.0,0.0,0.0,0.0,0.0,0.0,0.0,0.0,0.0,0.0,0.0,0.0,0.0,0.0,0.0,0.0,0.0,0.0,0.0,0.0,-1.0,0.0,0.0,0.0,2.0,0.0,0.0,-1.0
2021,5,2021_05_GB_CIN,2021-10-10,GB,CIN,Home,-3.0,2.082,-4.363123,0.737749,-3.018872,0.018872,2.0,415.676907,0.0,0.0,3.0,0.0,0.415677,0.0,0.0,0.0,1.0,0.0,0.0,0.0,0.0,0.0,0.0,0.0,1.0,0.0,0.0,0.0,0.0,0.0,0.0,0.0,0.0,0.0,0.0,0.0,0.0,0.0,0.0,0.0,0.0,0.0,0.0,0.0,1.0,0.0
2021,5,2021_05_IND_BAL,2021-10-11,IND,BAL,Home,6.0,2.082,8.251095,0.486154,9.846941,-3.846941,11.0,509.389226,0.0,0.0,0.0,1.0,0.509389,0.0,0.0,0.509389,0.0,0.0,0.0,0.0,0.0,0.0,0.0,0.0,0.0,0.0,0.0,0.0,0.0,2.0,0.0,0.0,0.0,0.0,0.0,0.0,6.0,0.0,0.0,0.0,0.0,0.0,2.0,0.0,1.0,0.0
2021,5,2021_05_LA_SEA,2021-10-07,LAR,SEA,Home,-9.0,2.082,2.932968,4.880603,0.134365,-9.134365,0.0,965.0728,0.0,0.0,0.0,0.0,0.965073,0.0,1.0,0.0,0.0,0.0,0.0,0.0,0.0,0.0,0.0,0.0,0.0,0.0,0.0,0.0,0.0,0.0,0.0,0.0,0.0,0.0,2.0,0.0,0.0,0.0,-1.0,0.0,0.0,0.0,0.0,0.0,0.0,-1.0
2021,5,2021_05_MIA_TB,2021-10-10,MIA,TB,Home,28.0,2.082,-0.470793,-8.193085,9.804293,18.195707,0.0,197.178448,0.0,0.0,0.0,0.0,0.197178,0.0,0.0,0.0,0.0,0.0,0.0,0.0,0.0,0.0,0.0,0.0,1.0,0.0,0.0,0.0,0.0,0.0,0.0,0.0,0.0,0.0,0.0,0.0,0.0,0.0,0.0,0.0,0.0,0.0,0.0,0.0,0.0,-1.0
2021,5,2021_05_NE_HOU,2021-10-10,NE,HOU,Home,-3.0,2.082,0.214285,5.66814,-3.371856,0.371856,3.0,1591.826346,0.0,0.0,0.0,0.0,1.591826,1.0,0.0,0.0,0.0,0.0,0.0,0.0,0.0,0.0,0.0,0.0,0.0,0.0,0.0,4.0,0.0,0.0,0.0,0.0,0.0,0.0,0.0,0.0,0.0,0.0,0.0,0.0,0.0,0.0,0.0,0.0,0.0,-1.0
2021,5,2021_05_NO_WAS,2021-10-10,NO,WAS,Home,-11.0,2.082,-6.498777,6.585967,-11.002743,0.002743,7.0,972.99276,0.0,0.0,0.0,1.0,0.972993,0.0,1.0,0.972993,1.0,0.0,0.0,0.0,0.0,4.0,0.0,0.0,0.0,0.0,0.0,0.0,0.0,0.0,0.0,0.0,0.0,0.0,0.0,0.0,0.0,0.0,0.0,0.0,0.0,0.0,2.0,0.0,1.0,0.0
2021,5,2021_05_NYG_DAL,2021-10-10,NYG,DAL,Home,24.0,2.082,2.739202,-4.260079,9.081281,14.918719,2.0,1385.055729,0.0,0.0,0.0,0.0,1.385056,1.0,0.0,1.385056,0.0,0.0,0.0,0.0,2.0,0.0,0.0,0.0,0.0,0.0,0.0,0.0,0.0,0.0,0.0,0.0,0.0,0.0,0.0,0.0,0.0,0.0,-1.0,0.0,0.0,0.0,2.0,0.0,0.0,-1.0
2021,5,2021_05_NYJ_ATL,2021-10-10,NYJ,ATL,Neutral,7.0,0.0,-1.656806,-5.900619,4.243813,2.756187,5.0,,0.0,0.0,0.0,0.0,0.0,0.0,0.0,0.0,0.0,0.0,0.0,0.0,0.0,4.0,0.0,0.0,1.0,0.0,0.0,0.0,0.0,0.0,0.0,0.0,0.0,0.0,0.0,0.0,0.0,0.0,0.0,0.0,0.0,0.0,0.0,0.0,0.0,0.0
2021,5,2021_05_PHI_CAR,2021-10-10,PHI,CAR,Home,-3.0,2.082,-2.097181,0.37131,-0.386491,-2.613509,-1.0,448.457402,0.0,0.0,0.0,0.0,0.448457,0.0,0.0,0.0,0.0,0.0,0.0,0.0,0.0,0.0,0.0,0.0,0.0,0.0,0.0,0.0,0.0,0.0,0.0,0.0,0.0,0.0,0.0,0.0,0.0,0.0,0.0,0.0,0.0,0.0,0.0,0.0,0.0,-1.0
2021,5,2021_05_SF_ARI,2021-10-10,SF,ARI,Home,7.0,2.082,-4.085674,2.274638,-4.278312,11.278312,-2.0,607.928175,0.0,0.0,0.0,0.0,0.607928,0.0,0.0,0.0,0.0,0.0,0.0,0.0,0.0,0.0,0.0,0.0,0.0,0.0,0.0,0.0,0.0,0.0,0.0,0.0,0.0,0.0,0.0,0.0,0.0,0.0,-1.0,0.0,0.0,0.0,0.0,0.0,0.0,-1.0
2021,5,2021_05_TEN_JAX,2021-10-10,TEN,JAX,Home,-18.0,2.082,-4.965913,0.847249,-3.731162,-14.268838,2.0,500.780884,0.0,0.0,3.0,0.0,0.500781,0.0,0.0,0.500781,1.0,0.0,0.0,0.0,2.0,0.0,0.0,0.0,0.0,0.0,0.0,0.0,0.0,0.0,0.0,0.0,0.0,0.0,0.0,0.0,0.0,0.0,-1.0,0.0,0.0,0.0,2.0,0.0,0.0,-1.0
2021,6,2021_06_ARI_CLE,2021-10-17,ARI,CLE,Home,-23.0,2.082,-0.635731,-3.867069,5.313338,-28.313338,2.0,1752.638761,0.0,0.0,0.0,0.0,1.752639,1.0,0.0,1.752639,0.0,0.0,0.0,0.0,0.0,0.0,0.0,0.0,1.0,0.0,0.0,0.0,0.0,0.0,0.0,0.0,0.0,0.0,0.0,0.0,0.0,0.0,0.0,0.0,0.0,0.0,2.0,0.0,0.0,-1.0
2021,6,2021_06_BUF_TEN,2021-10-18,BUF,TEN,Home,3.0,2.082,1.144602,0.471043,2.755559,0.244441,9.0,623.736637,0.0,0.0,0.0,1.0,0.623737,0.0,0.0,0.0,0.0,1.0,0.0,0.0,0.0,0.0,0.0,0.0,0.0,0.0,0.0,0.0,0.0,2.0,0.0,0.0,0.0,0.0,0.0,0.0,6.0,0.0,0.0,0.0,0.0,0.0,0.0,0.0,1.0,0.0
2021,6,2021_06_CIN_DET,2021-10-17,CIN,DET,Home,-23.0,2.082,-2.830975,-4.396821,3.647847,-26.647847,4.0,237.025288,0.0,0.0,0.0,0.0,0.237025,0.0,0.0,0.0,0.0,0.0,0.0,0.0,0.0,4.0,0.0,0.0,1.0,0.0,0.0,0.0,0.0,0.0,0.0,0.0,0.0,0.0,0.0,0.0,0.0,0.0,0.0,0.0,0.0,0.0,0.0,0.0,0.0,-1.0
2021,6,2021_06_DAL_NE,2021-10-17,DAL,NE,Home,-6.0,2.082,5.659397,3.091506,4.649892,-10.649892,0.0,1549.476238,0.0,0.0,0.0,0.0,1.549476,1.0,0.0,0.0,0.0,0.0,0.0,0.0,0.0,0.0,0.0,0.0,1.0,0.0,0.0,0.0,0.0,0.0,0.0,0.0,0.0,0.0,0.0,0.0,0.0,0.0,0.0,0.0,0.0,0.0,0.0,0.0,0.0,-1.0
2021,6,2021_06_GB_CHI,2021-10-17,GB,CHI,Home,-10.0,2.082,2.185712,0.730709,3.537003,-13.537003,2.0,183.712916,0.0,0.0,0.0,0.0,0.183713,0.0,0.0,0.183713,0.0,0.0,0.0,0.0,2.0,0.0,0.0,0.0,0.0,0.0,0.0,0.0,0.0,0.0,0.0,0.0,0.0,0.0,0.0,0.0,0.0,0.0,-1.0,0.0,0.0,0.0,2.0,0.0,0.0,-1.0
2021,6,2021_06_HOU_IND,2021-10-17,HOU,IND,Home,28.0,2.082,0.555667,0.22448,2.413187,25.586813,-8.0,870.881595,0.0,0.0,-1.0,0.0,0.870882,0.0,1.0,0.0,1.0,0.0,0.0,0.0,0.0,0.0,0.0,0.0,0.0,0.0,0.0,0.0,0.0,0.0,-2.0,0.0,-4.0,0.0,0.0,0.0,0.0,0.0,-1.0,0.0,0.0,0.0,0.0,0.0,0.0,-1.0
2021,6,2021_06_KC_WAS,2021-10-17,KC,WAS,Home,-18.0,2.082,-6.450786,6.566928,-10.935714,-7.064286,0.0,944.941292,0.0,0.0,0.0,0.0,0.944941,0.0,1.0,0.0,1.0,0.0,0.0,0.0,0.0,0.0,0.0,0.0,1.0,0.0,0.0,0.0,0.0,0.0,0.0,0.0,0.0,0.0,0.0,0.0,0.0,0.0,0.0,0.0,0.0,0.0,0.0,0.0,0.0,-1.0
2021,6,2021_06_LAC_BAL,2021-10-17,LAC,BAL,Home,28.0,2.082,8.145694,2.707141,7.520553,20.479447,0.0,2321.836347,0.0,0.0,-1.0,1.0,2.321836,0.0,0.0,0.0,3.0,0.0,0.0,0.0,0.0,0.0,0.0,0.0,0.0,0.0,2.0,0.0,0.0,0.0,0.0,-4.0,0.0,0.0,0.0,0.0,0.0,0.0,0.0,0.0,0.0,0.0,0.0,1.0,1.0,0.0
2021,6,2021_06_LA_NYG,2021-10-17,LAR,NYG,Home,-27.0,2.082,-4.505703,5.083307,-7.50701,-19.49299,4.0,2449.341534,0.0,0.0,-3.0,0.0,2.449342,0.0,0.0,0.0,3.0,0.0,0.0,0.0,0.0,0.0,0.0,0.0,0.0,0.0,2.0,2.0,0.0,0.0,0.0,0.0,0.0,0.0,0.0,0.0,0.0,0.0,0.0,0.0,0.0,0.0,0.0,1.0,0.0,-1.0
2021,6,2021_06_LV_DEN,2021-10-17,LV,DEN,Home,-10.0,2.082,-0.322067,-5.676365,7.436298,-17.436298,-2.0,608.258094,1.0,0.0,0.0,0.0,0.608258,0.0,0.0,0.0,0.0,0.0,0.0,0.0,0.0,0.0,0.0,0.0,0.0,0.0,0.0,0.0,0.0,0.0,0.0,0.0,0.0,0.0,0.0,0.0,0.0,0.0,-1.0,0.0,0.0,0.0,0.0,0.0,0.0,-1.0
2021,6,2021_06_MIA_JAX,2021-10-17,MIA,JAX,Neutral,3.0,0.0,-5.260188,-8.532147,3.271959,-0.271959,0.0,,0.0,0.0,0.0,0.0,0.0,0.0,0.0,0.0,0.0,0.0,-2.0,0.0,0.0,0.0,0.0,0.0,0.0,0.0,0.0,0.0,0.0,0.0,0.0,0.0,0.0,0.0,0.0,0.0,0.0,0.0,0.0,0.0,0.0,0.0,2.0,0.0,0.0,0.0
2021,6,2021_06_MIN_CAR,2021-10-17,MIN,CAR,Home,-6.0,2.082,-2.08497,2.62501,-2.627981,-3.372019,1.0,937.824937,0.0,0.0,0.0,1.0,0.937825,0.0,1.0,0.0,1.0,0.0,0.0,0.0,0.0,0.0,0.0,0.0,0.0,0.0,0.0,0.0,0.0,0.0,0.0,0.0,0.0,0.0,0.0,0.0,0.0,0.0,0.0,0.0,0.0,0.0,0.0,0.0,1.0,0.0
2021,6,2021_06_SEA_PIT,2021-10-17,SEA,PIT,Home,3.0,2.082,0.994761,2.74813,0.328631,2.671369,9.0,2131.54251,0.0,0.0,-3.0,1.0,2.131543,0.0,0.0,2.131543,0.0,0.0,0.0,0.0,0.0,0.0,0.0,0.0,1.0,0.0,0.0,0.0,0.0,0.0,0.0,0.0,0.0,4.0,0.0,0.0,0.0,0.0,0.0,0.0,0.0,0.0,2.0,1.0,1.0,0.0
2021,6,2021_06_TB_PHI,2021-10-14,TB,PHI,Home,-6.0,2.082,0.456893,-0.041076,2.579969,-8.579969,9.0,924.178285,0.0,0.0,0.0,0.0,0.924178,0.0,1.0,0.924178,0.0,0.0,0.0,0.0,0.0,0.0,0.0,0.0,0.0,0.0,0.0,0.0,0.0,0.0,0.0,0.0,0.0,0.0,2.0,0.0,6.0,0.0,0.0,0.0,0.0,0.0,2.0,0.0,0.0,-1.0
2021,7,2021_07_ATL_MIA,2021-10-24,ATL,MIA,Home,-2.0,2.082,-8.542516,-1.498611,-4.961905,2.961905,-3.0,593.506129,0.0,0.149861,-7.0,1.0,0.593506,0.0,0.0,0.0,0.0,0.0,0.0,-5.0,0.0,0.0,0.0,0.0,1.0,0.0,0.0,0.0,0.0,0.0,0.0,0.0,0.0,0.0,0.0,0.0,0.0,0.0,0.0,0.0,0.0,0.0,0.0,0.0,1.0,0.0
2021,7,2021_07_CAR_NYG,2021-10-24,CAR,NYG,Home,22.0,2.082,-4.964349,-2.137793,-0.744555,22.744555,7.0,533.679722,0.0,0.0,0.0,0.0,0.53368,0.0,0.0,0.0,0.0,0.0,0.0,0.0,0.0,4.0,0.0,0.0,0.0,0.0,0.0,2.0,0.0,0.0,0.0,0.0,0.0,0.0,0.0,0.0,0.0,0.0,0.0,0.0,0.0,0.0,0.0,0.0,1.0,0.0
2021,7,2021_07_CHI_TB,2021-10-24,CHI,TB,Home,35.0,2.082,0.147618,1.879525,0.350093,34.649907,-1.0,1001.723946,0.0,0.0,3.0,0.0,1.001724,0.0,1.0,0.0,0.0,0.0,0.0,0.0,0.0,0.0,0.0,0.0,0.0,0.0,0.0,0.0,0.0,0.0,0.0,0.0,0.0,0.0,0.0,0.0,0.0,0.0,0.0,0.0,0.0,0.0,0.0,0.0,0.0,-1.0
2021,7,2021_07_CIN_BAL,2021-10-24,CIN,BAL,Home,-24.0,2.082,8.610218,-3.785125,14.477343,-38.477343,0.0,422.769581,0.0,0.0,0.0,1.0,0.42277,0.0,0.0,0.0,0.0,0.0,0.0,0.0,0.0,0.0,0.0,0.0,0.0,0.0,0.0,0.0,0.0,0.0,0.0,0.0,0.0,0.0,0.0,0.0,0.0,0.0,-1.0,0.0,0.0,0.0,0.0,0.0,1.0,0.0
2021,7,2021_07_DEN_CLE,2021-10-21,DEN,CLE,Home,3.0,2.082,-1.160302,-0.682786,1.604484,1.395516,4.0,1225.255725,0.0,0.0,0.0,0.0,1.225256,0.0,1.0,0.0,0.0,0.0,0.0,0.0,0.0,0.0,0.0,0.0,0.0,0.0,0.0,2.0,0.0,0.0,0.0,0.0,0.0,0.0,2.0,0.0,0.0,1.0,0.0,0.0,0.0,0.0,0.0,0.0,0.0,-1.0
2021,7,2021_07_DET_LA,2021-10-24,DET,LAR,Home,9.0,2.082,5.585064,-3.377035,11.044099,-2.044099,-1.0,1987.353838,0.0,0.0,0.0,0.0,1.987354,1.0,0.0,1.987354,0.0,0.0,-2.0,0.0,0.0,0.0,0.0,0.0,0.0,0.0,0.0,0.0,0.0,0.0,0.0,0.0,0.0,0.0,0.0,0.0,0.0,0.0,0.0,0.0,0.0,0.0,2.0,0.0,0.0,-1.0
2021,7,2021_07_HOU_ARI,2021-10-24,HOU,ARI,Home,26.0,2.082,-3.216511,-0.343598,-0.790913,26.790913,2.0,1025.240696,0.0,0.0,0.0,1.0,1.025241,0.0,1.0,1.025241,0.0,0.0,-2.0,0.0,0.0,0.0,0.0,0.0,1.0,0.0,0.0,0.0,0.0,0.0,0.0,0.0,0.0,0.0,0.0,0.0,0.0,0.0,0.0,0.0,0.0,0.0,2.0,0.0,1.0,0.0
2021,7,2021_07_IND_SF,2021-10-24,IND,SF,Home,-12.0,2.082,2.150945,1.064632,3.168314,-15.168314,19.0,1927.920091,0.0,0.215095,7.0,1.0,1.92792,1.0,0.0,1.92792,0.0,3.0,0.0,0.0,0.0,0.0,0.0,0.0,1.0,0.0,0.0,0.0,5.0,0.0,0.0,0.0,0.0,4.0,0.0,0.0,6.0,0.0,0.0,0.0,0.0,0.0,2.0,0.0,1.0,0.0
2021,7,2021_07_KC_TEN,2021-10-24,KC,TEN,Home,24.0,2.082,1.126437,6.691061,-3.482624,27.482624,1.0,466.558068,0.0,0.0,-1.0,0.0,0.466558,0.0,0.0,0.466558,0.0,0.0,0.0,0.0,0.0,0.0,0.0,0.0,0.0,0.0,0.0,0.0,0.0,0.0,0.0,0.0,0.0,0.0,0.0,0.0,0.0,0.0,0.0,0.0,0.0,0.0,2.0,0.0,0.0,-1.0
2021,7,2021_07_NO_SEA,2021-10-25,NO,SEA,Home,-3.0,2.082,2.82332,6.679263,-1.773943,-1.226057,-3.0,2098.092308,0.0,-0.667926,-7.0,0.0,2.098092,0.0,0.0,2.098092,0.0,2.0,0.0,-8.0,0.0,0.0,0.0,0.0,0.0,0.0,0.0,0.0,0.0,2.0,-2.0,0.0,0.0,0.0,0.0,3.0,0.0,0.0,0.0,0.0,0.0,0.0,2.0,1.0,0.0,-1.0
2021,7,2021_07_NYJ_NE,2021-10-24,NYJ,NE,Home,41.0,2.082,5.384667,-6.023061,13.489728,27.510272,-9.0,170.187519,0.0,0.602306,-7.0,0.0,0.170188,0.0,0.0,0.170188,0.0,0.0,0.0,-5.0,0.0,0.0,0.0,0.0,0.0,0.0,0.0,0.0,0.0,0.0,0.0,-4.0,0.0,0.0,0.0,0.0,0.0,0.0,-1.0,0.0,0.0,0.0,2.0,0.0,0.0,-1.0
2021,7,2021_07_PHI_LV,2021-10-24,PHI,LV,Home,11.0,2.082,-5.311835,0.224654,-3.45449,14.45449,1.0,2176.393188,0.0,0.0,-3.0,0.0,2.176393,0.0,0.0,0.0,0.0,0.0,0.0,0.0,0.0,0.0,0.0,0.0,1.0,0.0,0.0,0.0,0.0,0.0,0.0,0.0,0.0,0.0,0.0,0.0,0.0,0.0,0.0,0.0,0.0,0.0,0.0,1.0,0.0,-1.0
2021,7,2021_07_WAS_GB,2021-10-24,WAS,GB,Home,14.0,2.082,0.946375,-6.671899,9.700274,4.299726,-1.0,694.00558,0.0,0.0,0.0,0.0,0.694006,0.0,0.0,0.0,0.0,0.0,0.0,0.0,0.0,0.0,0.0,0.0,0.0,0.0,0.0,0.0,0.0,0.0,0.0,0.0,0.0,0.0,0.0,0.0,0.0,0.0,0.0,0.0,0.0,0.0,0.0,0.0,0.0,-1.0
2021,8,2021_08_CAR_ATL,2021-10-31,CAR,ATL,Home,-6.0,2.082,-1.501442,-2.558051,3.138609,-9.138609,-2.0,226.134727,0.0,0.0,0.0,0.0,0.226135,0.0,0.0,0.0,0.0,0.0,-2.0,0.0,0.0,0.0,0.0,0.0,0.0,0.0,0.0,0.0,0.0,0.0,0.0,0.0,0.0,0.0,0.0,0.0,0.0,0.0,-1.0,0.0,0.0,0.0,0.0,0.0,1.0,0.0
2021,8,2021_08_CIN_NYJ,2021-10-31,CIN,NYJ,Home,3.0,2.082,-6.543602,-3.039167,-1.422435,4.422435,5.0,565.248051,0.0,0.0,0.0,0.0,0.565248,0.0,0.0,0.565248,0.0,0.0,0.0,0.0,0.0,0.0,0.0,0.0,0.0,0.0,0.0,4.0,0.0,0.0,0.0,0.0,0.0,0.0,0.0,0.0,0.0,0.0,0.0,0.0,0.0,0.0,2.0,0.0,0.0,-1.0
2021,8,2021_08_DAL_MIN,2021-10-31,DAL,MIN,Home,-4.0,2.082,2.589776,3.229218,1.442558,-5.442558,3.0,869.347194,0.0,-0.063944,0.0,0.0,0.869347,0.0,1.0,0.0,0.0,0.0,0.0,-8.0,2.0,0.0,0.0,0.0,0.0,0.0,0.0,0.0,5.0,0.0,-2.0,0.0,0.0,4.0,0.0,3.0,0.0,0.0,0.0,0.0,0.0,0.0,0.0,0.0,0.0,-1.0
2021,8,2021_08_GB_ARI,2021-10-28,GB,ARI,Home,-3.0,2.082,-2.691638,0.949676,-1.559314,-1.440686,6.0,1495.790449,0.0,0.0,0.0,0.0,1.49579,1.0,0.0,1.49579,0.0,1.0,0.0,0.0,0.0,0.0,0.0,0.0,0.0,0.0,0.0,0.0,0.0,0.0,0.0,0.0,0.0,0.0,2.0,3.0,0.0,0.0,0.0,0.0,0.0,0.0,2.0,0.0,0.0,-1.0
2021,8,2021_08_JAX_SEA,2021-10-31,JAX,SEA,Home,24.0,2.082,2.794777,-5.216036,10.092813,13.907187,-2.0,2452.532721,0.0,0.521604,-7.0,0.0,2.452533,0.0,0.0,0.0,0.0,0.0,0.0,-5.0,0.0,0.0,0.0,0.0,1.0,0.0,0.0,0.0,0.0,0.0,0.0,0.0,0.0,0.0,0.0,0.0,0.0,0.0,0.0,0.0,0.0,0.0,0.0,1.0,1.0,0.0
2021,8,2021_08_LA_HOU,2021-10-31,LAR,HOU,Home,-16.0,2.082,-0.817005,5.550187,-4.285192,-11.714808,6.0,1374.937934,0.0,0.0,0.0,0.0,1.374938,1.0,0.0,1.374938,2.0,0.0,0.0,0.0,0.0,0.0,0.0,0.0,1.0,0.0,2.0,2.0,0.0,0.0,0.0,0.0,0.0,0.0,0.0,0.0,0.0,0.0,0.0,0.0,0.0,0.0,2.0,0.0,0.0,-1.0
2021,8,2021_08_MIA_BUF,2021-10-31,MIA,BUF,Home,15.0,2.082,0.387475,-8.418883,10.888358,4.111642,3.0,1164.757936,0.0,0.038747,6.0,0.0,1.164758,0.0,1.0,1.164758,0.0,0.0,0.0,0.0,0.0,0.0,0.0,0.0,0.0,0.0,0.0,0.0,5.0,0.0,0.0,0.0,-4.0,0.0,0.0,0.0,0.0,0.0,-1.0,0.0,0.0,0.0,2.0,0.0,1.0,0.0
2021,8,2021_08_NE_LAC,2021-10-31,NE,LAC,Home,-3.0,2.082,2.257813,5.886176,-1.546363,-1.453637,7.0,2589.421676,0.0,0.225781,7.0,0.0,2.589422,0.0,0.0,0.0,0.0,0.0,0.0,0.0,0.0,0.0,0.0,0.0,0.0,0.0,0.0,2.0,5.0,0.0,0.0,0.0,0.0,0.0,0.0,0.0,0.0,0.0,0.0,0.0,0.0,0.0,0.0,1.0,0.0,-1.0
2021,8,2021_08_NYG_KC,2021-11-01,NYG,KC,Home,3.0,2.082,6.104919,-4.510124,12.697043,-9.697043,12.0,1085.692478,0.0,0.0,0.0,1.0,1.085692,0.0,1.0,0.0,0.0,1.0,0.0,0.0,0.0,0.0,0.0,0.0,1.0,0.0,0.0,2.0,0.0,2.0,0.0,0.0,0.0,0.0,0.0,0.0,6.0,0.0,0.0,0.0,0.0,0.0,0.0,0.0,1.0,0.0
2021,8,2021_08_PHI_DET,2021-10-31,PHI,DET,Home,-38.0,2.082,-3.402596,-0.05392,-1.266676,-36.733324,3.0,443.115041,0.0,0.0,0.0,0.0,0.443115,0.0,0.0,0.443115,0.0,0.0,0.0,0.0,0.0,0.0,0.0,0.0,0.0,0.0,0.0,0.0,0.0,0.0,0.0,0.0,0.0,0.0,0.0,0.0,0.0,0.0,0.0,0.0,0.0,0.0,2.0,0.0,1.0,0.0
2021,8,2021_08_PIT_CLE,2021-10-31,PIT,CLE,Home,-5.0,2.082,-1.166845,1.171329,-0.256175,-4.743825,-4.0,114.323201,0.0,-0.117133,-4.0,0.0,0.114323,0.0,0.0,0.0,0.0,0.0,0.0,-6.0,0.0,4.0,0.0,0.0,0.0,0.0,0.0,0.0,0.0,0.0,0.0,0.0,0.0,0.0,0.0,0.0,0.0,0.0,-1.0,0.0,0.0,0.0,0.0,0.0,0.0,-1.0
2021,8,2021_08_SF_CHI,2021-10-31,SF,CHI,Home,-11.0,2.082,1.193355,1.877051,1.398304,-12.398304,5.0,1841.187567,0.0,0.0,0.0,0.0,1.841188,1.0,0.0,0.0,2.0,0.0,0.0,0.0,0.0,0.0,0.0,0.0,0.0,0.0,2.0,4.0,0.0,0.0,0.0,0.0,0.0,0.0,0.0,0.0,0.0,0.0,0.0,0.0,0.0,0.0,0.0,0.0,0.0,-1.0
2021,8,2021_08_TB_NO,2021-10-31,TB,NO,Home,9.0,2.082,6.741925,0.853258,7.970667,1.029333,-4.0,477.877282,0.0,0.0,-1.0,0.0,0.477877,0.0,0.0,0.0,0.0,0.0,0.0,0.0,0.0,0.0,0.0,0.0,0.0,0.0,0.0,0.0,0.0,0.0,0.0,0.0,-4.0,0.0,0.0,0.0,0.0,0.0,-1.0,0.0,0.0,0.0,0.0,0.0,1.0,0.0
2021,8,2021_08_TEN_IND,2021-10-31,TEN,IND,Home,-3.0,2.082,1.40634,1.684389,1.803951,-4.803951,0.0,250.486953,0.0,0.0,0.0,0.0,0.250487,0.0,0.0,0.0,1.0,0.0,0.0,0.0,0.0,0.0,0.0,0.0,0.0,0.0,0.0,0.0,0.0,0.0,0.0,0.0,0.0,0.0,0.0,0.0,0.0,0.0,-1.0,0.0,0.0,0.0,0.0,0.0,1.0,0.0
2021,8,2021_08_WAS_DEN,2021-10-31,WAS,DEN,Home,7.0,2.082,-0.781171,-6.748495,8.049324,-1.049324,0.0,1499.757257,1.0,0.0,3.0,0.0,1.499757,1.0,0.0,0.0,0.0,0.0,0.0,0.0,0.0,0.0,0.0,0.0,1.0,0.0,0.0,0.0,0.0,0.0,0.0,0.0,0.0,0.0,0.0,0.0,0.0,0.0,0.0,0.0,0.0,0.0,0.0,0.0,0.0,-1.0
2021,9,2021_09_ARI_SF,2021-11-07,ARI,SF,Home,-14.0,2.082,2.161848,-2.697928,6.941776,-20.941776,-2.0,607.928175,0.0,0.0,-3.0,0.0,0.607928,0.0,0.0,0.0,0.0,0.0,0.0,0.0,0.0,0.0,0.0,0.0,0.0,0.0,0.0,0.0,0.0,0.0,0.0,0.0,0.0,0.0,0.0,0.0,0.0,0.0,-1.0,0.0,0.0,0.0,0.0,0.0,0.0,-1.0
2021,9,2021_09_ATL_NO,2021-11-07,ATL,NO,Home,-2.0,2.082,6.829002,-1.593875,10.504877,-12.504877,-2.0,424.399135,0.0,0.0,0.0,0.0,0.424399,0.0,0.0,0.0,0.0,0.0,0.0,0.0,0.0,0.0,0.0,0.0,0.0,0.0,0.0,0.0,0.0,0.0,0.0,0.0,0.0,0.0,0.0,0.0,0.0,0.0,-1.0,0.0,0.0,0.0,0.0,0.0,0.0,-1.0
2021,9,2021_09_BUF_JAX,2021-11-07,BUF,JAX,Home,3.0,2.082,-5.521588,0.44415,-3.883738,6.883738,5.0,874.485488,0.0,0.0,0.0,1.0,0.874485,0.0,1.0,0.874485,0.0,0.0,0.0,0.0,0.0,0.0,0.0,0.0,0.0,0.0,0.0,2.0,0.0,0.0,0.0,0.0,0.0,0.0,0.0,0.0,0.0,0.0,0.0,0.0,0.0,0.0,2.0,0.0,1.0,0.0
2021,9,2021_09_CHI_PIT,2021-11-08,CHI,PIT,Home,2.0,2.082,1.251426,0.897681,2.435745,-0.435745,5.0,407.182879,0.0,0.0,0.0,0.0,0.407183,0.0,0.0,0.0,0.0,0.0,0.0,0.0,0.0,0.0,0.0,0.0,1.0,0.0,0.0,0.0,0.0,2.0,0.0,0.0,0.0,0.0,0.0,3.0,0.0,0.0,0.0,0.0,0.0,0.0,0.0,0.0,0.0,-1.0
2021,9,2021_09_CLE_CIN,2021-11-07,CLE,CIN,Home,-25.0,2.082,-3.165144,-1.284374,0.20123,-25.20123,0.0,223.065569,0.0,0.0,0.0,0.0,0.223066,0.0,0.0,0.0,0.0,0.0,0.0,0.0,0.0,0.0,0.0,0.0,0.0,0.0,0.0,0.0,0.0,0.0,0.0,0.0,0.0,0.0,0.0,0.0,0.0,0.0,-1.0,0.0,0.0,0.0,0.0,0.0,1.0,0.0
2021,9,2021_09_DEN_DAL,2021-11-07,DEN,DAL,Home,-14.0,2.082,3.431493,-0.864463,6.377956,-20.377956,3.0,654.214547,0.0,0.0,0.0,0.0,0.654215,0.0,0.0,0.0,1.0,0.0,0.0,0.0,0.0,0.0,0.0,0.0,1.0,1.0,0.0,0.0,0.0,0.0,0.0,0.0,0.0,0.0,0.0,0.0,0.0,0.0,0.0,0.0,0.0,0.0,0.0,0.0,1.0,0.0
2021,9,2021_09_GB_KC,2021-11-07,GB,KC,Home,6.0,2.082,5.873472,0.915494,7.039977,-1.039977,2.0,501.079943,0.0,0.0,-4.0,0.0,0.50108,0.0,0.0,0.50108,0.0,0.0,0.0,0.0,0.0,0.0,0.0,0.0,1.0,0.0,0.0,0.0,0.0,0.0,0.0,0.0,0.0,0.0,0.0,0.0,0.0,0.0,0.0,0.0,0.0,0.0,2.0,0.0,0.0,-1.0
2021,9,2021_09_HOU_MIA,2021-11-07,HOU,MIA,Home,8.0,2.082,-8.525095,-1.070959,-5.372136,13.372136,3.0,961.330892,0.0,0.0,0.0,1.0,0.961331,0.0,1.0,0.961331,1.0,0.0,0.0,0.0,0.0,0.0,0.0,0.0,0.0,0.0,0.0,0.0,0.0,0.0,0.0,0.0,0.0,0.0,0.0,0.0,0.0,0.0,0.0,0.0,0.0,0.0,2.0,0.0,1.0,0.0
2021,9,2021_09_LAC_PHI,2021-11-07,LAC,PHI,Home,-3.0,2.082,0.726177,2.169008,0.639168,-3.639168,3.0,2396.024772,0.0,0.0,0.0,1.0,2.396025,0.0,0.0,0.0,0.0,0.0,0.0,0.0,0.0,0.0,0.0,0.0,1.0,0.0,0.0,0.0,0.0,0.0,0.0,0.0,0.0,0.0,0.0,0.0,0.0,0.0,0.0,0.0,0.0,0.0,0.0,1.0,1.0,0.0
2021,9,2021_09_LV_NYG,2021-11-07,LV,NYG,Home,7.0,2.082,-4.239883,-5.14954,2.991657,4.008343,-4.0,2227.529439,0.0,0.514954,-7.0,0.0,2.227529,0.0,0.0,0.0,3.0,0.0,0.0,-5.0,0.0,0.0,0.0,0.0,1.0,0.0,2.0,0.0,0.0,0.0,0.0,0.0,-4.0,0.0,0.0,0.0,0.0,0.0,0.0,0.0,0.0,0.0,0.0,1.0,1.0,0.0
2021,9,2021_09_MIN_BAL,2021-11-07,MIN,BAL,Home,3.0,2.082,7.822991,2.438831,7.46616,-4.46616,11.0,936.58099,0.0,0.782299,7.0,1.0,0.936581,0.0,1.0,0.0,1.0,0.0,0.0,0.0,0.0,0.0,0.0,0.0,1.0,0.0,0.0,2.0,7.0,0.0,0.0,0.0,0.0,0.0,0.0,0.0,0.0,0.0,0.0,0.0,0.0,0.0,0.0,0.0,1.0,0.0
2021,9,2021_09_NE_CAR,2021-11-07,NE,CAR,Home,-18.0,2.082,-2.324337,5.890165,-6.132501,-11.867499,2.0,701.035368,0.0,0.0,0.0,1.0,0.701035,0.0,0.0,0.0,0.0,0.0,0.0,0.0,0.0,0.0,0.0,0.0,1.0,0.0,0.0,0.0,0.0,0.0,0.0,0.0,0.0,0.0,0.0,0.0,0.0,0.0,0.0,0.0,0.0,0.0,0.0,0.0,1.0,0.0
2021,9,2021_09_NYJ_IND,2021-11-04,NYJ,IND,Home,15.0,2.082,1.296782,-6.480012,9.858795,5.141205,5.0,640.802851,0.0,0.0,0.0,0.0,0.640803,0.0,0.0,0.640803,0.0,0.0,0.0,0.0,0.0,0.0,0.0,0.0,0.0,0.0,0.0,0.0,0.0,0.0,0.0,-4.0,0.0,0.0,2.0,0.0,6.0,0.0,0.0,0.0,0.0,0.0,2.0,0.0,0.0,-1.0
2021,9,2021_09_TEN_LA,2021-11-07,TEN,LAR,Home,-12.0,2.082,5.810723,1.742647,6.150075,-18.150075,11.0,1784.06098,0.0,0.0,0.0,0.0,1.784061,1.0,0.0,0.0,0.0,2.0,0.0,0.0,2.0,0.0,0.0,0.0,1.0,0.0,0.0,0.0,0.0,0.0,0.0,0.0,0.0,4.0,0.0,3.0,0.0,0.0,0.0,0.0,0.0,0.0,0.0,0.0,1.0,0.0
2021,10,2021_10_ATL_DAL,2021-11-14,ATL,DAL,Home,40.0,2.082,2.999632,-1.404002,6.485635,33.514365,1.0,736.28229,0.0,0.0,0.0,0.0,0.736282,0.0,0.0,0.736282,0.0,0.0,0.0,0.0,0.0,0.0,0.0,0.0,0.0,0.0,0.0,0.0,0.0,0.0,0.0,0.0,0.0,0.0,0.0,0.0,0.0,0.0,0.0,0.0,0.0,0.0,2.0,0.0,0.0,-1.0
2021,10,2021_10_BAL_MIA,2021-11-11,BAL,MIA,Home,12.0,2.082,-8.238404,7.745764,-13.902168,25.902168,11.0,943.840878,0.0,0.0,0.0,0.0,0.943841,0.0,1.0,0.0,0.0,0.0,0.0,0.0,0.0,4.0,0.0,0.0,0.0,0.0,0.0,0.0,0.0,0.0,0.0,0.0,0.0,0.0,2.0,0.0,6.0,0.0,0.0,0.0,0.0,0.0,0.0,0.0,0.0,-1.0
2021,10,2021_10_BUF_NYJ,2021-11-14,BUF,NYJ,Home,-28.0,2.082,-6.508403,0.380485,-4.806888,-23.193112,0.0,277.911498,0.0,0.0,3.0,0.0,0.277911,0.0,0.0,0.277911,0.0,0.0,0.0,0.0,0.0,0.0,0.0,0.0,0.0,0.0,0.0,0.0,0.0,0.0,0.0,0.0,0.0,0.0,0.0,0.0,0.0,0.0,-1.0,0.0,0.0,0.0,2.0,0.0,0.0,-1.0
2021,10,2021_10_CAR_ARI,2021-11-14,CAR,ARI,Home,-24.0,2.082,-2.342614,-2.606306,2.345692,-26.345692,1.0,1787.574105,0.0,0.0,0.0,0.0,1.787574,1.0,0.0,1.787574,0.0,0.0,0.0,0.0,0.0,0.0,0.0,0.0,0.0,0.0,0.0,0.0,0.0,0.0,0.0,0.0,0.0,0.0,0.0,0.0,0.0,0.0,0.0,0.0,0.0,0.0,2.0,0.0,0.0,-1.0
2021,10,2021_10_CLE_NE,2021-11-14,CLE,NE,Home,38.0,2.082,6.127707,-0.790712,9.000418,28.999582,1.0,538.682522,0.0,0.0,0.0,0.0,0.538683,0.0,0.0,0.0,0.0,0.0,0.0,0.0,0.0,0.0,0.0,0.0,0.0,0.0,0.0,0.0,0.0,0.0,0.0,0.0,0.0,0.0,0.0,0.0,0.0,0.0,0.0,0.0,0.0,0.0,0.0,0.0,1.0,0.0
2021,10,2021_10_DET_PIT,2021-11-14,DET,PIT,Home,0.0,2.082,1.260586,-4.183625,7.526212,-7.526212,-7.0,204.360852,0.0,0.418363,-7.0,1.0,0.204361,0.0,0.0,0.0,0.0,0.0,-4.0,-5.0,0.0,0.0,0.0,0.0,1.0,0.0,0.0,0.0,0.0,0.0,0.0,0.0,0.0,0.0,0.0,0.0,0.0,0.0,0.0,0.0,0.0,0.0,0.0,0.0,1.0,0.0
2021,10,2021_10_JAX_IND,2021-11-14,JAX,IND,Home,6.0,2.082,1.429861,-5.341838,8.853699,-2.853699,0.0,700.191122,0.0,0.0,3.0,0.0,0.700191,0.0,0.0,0.0,0.0,0.0,0.0,0.0,0.0,0.0,0.0,0.0,0.0,0.0,0.0,0.0,0.0,0.0,0.0,0.0,0.0,0.0,0.0,0.0,0.0,0.0,-1.0,0.0,0.0,0.0,0.0,0.0,1.0,0.0
2021,10,2021_10_KC_LV,2021-11-14,KC,LV,Home,-27.0,2.082,-5.169408,5.923602,-9.01101,-17.98899,5.0,1149.22993,0.0,0.0,0.0,0.0,1.14923,0.0,1.0,0.0,0.0,2.0,0.0,0.0,0.0,0.0,0.0,0.0,0.0,0.0,0.0,0.0,0.0,0.0,0.0,0.0,0.0,4.0,0.0,3.0,0.0,0.0,-1.0,0.0,0.0,0.0,0.0,0.0,0.0,-1.0
2021,10,2021_10_LA_SF,2021-11-15,LAR,SF,Home,21.0,2.082,1.731132,5.424971,-1.611839,22.611839,2.0,313.511192,0.0,0.0,0.0,1.0,0.313511,0.0,0.0,0.0,0.0,0.0,0.0,0.0,0.0,0.0,0.0,0.0,0.0,0.0,0.0,0.0,0.0,2.0,0.0,0.0,0.0,0.0,0.0,0.0,0.0,0.0,-1.0,0.0,0.0,0.0,0.0,0.0,1.0,0.0
2021,10,2021_10_MIN_LAC,2021-11-14,MIN,LAC,Home,-7.0,2.082,2.298684,2.508811,1.871873,-8.871873,4.0,1530.135519,0.0,0.0,0.0,0.0,1.530136,1.0,0.0,1.530136,0.0,0.0,0.0,0.0,2.0,0.0,0.0,0.0,1.0,0.0,0.0,0.0,0.0,0.0,0.0,0.0,0.0,0.0,0.0,0.0,0.0,0.0,0.0,0.0,0.0,0.0,2.0,0.0,0.0,-1.0
2021,10,2021_10_NO_TEN,2021-11-14,NO,TEN,Home,2.0,2.082,2.140926,6.527509,-2.304583,4.304583,2.0,470.184872,0.0,0.0,0.0,1.0,0.470185,0.0,0.0,0.0,0.0,0.0,0.0,0.0,0.0,0.0,0.0,0.0,1.0,0.0,0.0,0.0,0.0,0.0,0.0,0.0,0.0,0.0,0.0,0.0,0.0,0.0,0.0,0.0,0.0,0.0,0.0,0.0,1.0,0.0
2021,10,2021_10_PHI_DEN,2021-11-14,PHI,DEN,Home,-17.0,2.082,-0.428615,0.604552,1.048833,-18.048833,2.0,1576.738758,1.0,0.0,0.0,0.0,1.576739,1.0,0.0,1.576739,0.0,0.0,0.0,0.0,0.0,0.0,0.0,0.0,1.0,0.0,0.0,0.0,0.0,0.0,0.0,0.0,0.0,0.0,0.0,0.0,0.0,0.0,0.0,0.0,0.0,0.0,2.0,0.0,0.0,-1.0
2021,10,2021_10_SEA_GB,2021-11-14,SEA,GB,Home,17.0,2.082,0.90756,3.063052,-0.073493,17.073493,-7.0,1643.596851,0.0,-0.306305,-7.0,1.0,1.643597,1.0,0.0,0.0,0.0,0.0,0.0,-8.0,0.0,0.0,0.0,0.0,0.0,0.0,0.0,0.0,0.0,0.0,0.0,0.0,0.0,0.0,0.0,0.0,0.0,0.0,0.0,0.0,0.0,0.0,0.0,0.0,1.0,0.0
2021,10,2021_10_TB_WAS,2021-11-14,TB,WAS,Home,10.0,2.082,-6.678511,0.821725,-5.418236,15.418236,-1.0,821.849344,0.0,-0.750024,0.0,0.0,0.821849,0.0,1.0,0.821849,0.0,0.0,0.0,-6.0,0.0,0.0,0.0,0.0,0.0,0.0,0.0,0.0,4.0,0.0,0.0,0.0,0.0,0.0,0.0,0.0,0.0,0.0,0.0,0.0,0.0,0.0,2.0,0.0,0.0,-1.0
2021,11,2021_11_ARI_SEA,2021-11-21,ARI,SEA,Home,-10.0,2.082,2.635652,-2.956515,7.674167,-17.674167,-2.0,1104.209444,0.0,0.0,0.0,0.0,1.104209,0.0,1.0,0.0,0.0,0.0,-2.0,0.0,0.0,0.0,0.0,0.0,0.0,0.0,0.0,0.0,0.0,0.0,0.0,0.0,0.0,0.0,0.0,0.0,0.0,0.0,-1.0,0.0,0.0,0.0,0.0,0.0,1.0,0.0
2021,11,2021_11_BAL_CHI,2021-11-21,BAL,CHI,Home,-3.0,2.082,0.924637,7.112978,-4.106342,1.106342,1.0,603.498113,0.0,0.092464,3.0,0.0,0.603498,0.0,0.0,0.0,0.0,0.0,0.0,0.0,0.0,0.0,0.0,0.0,1.0,0.0,0.0,0.0,5.0,0.0,0.0,0.0,-4.0,0.0,0.0,0.0,0.0,0.0,0.0,0.0,0.0,0.0,0.0,0.0,0.0,-1.0
2021,11,2021_11_CIN_LV,2021-11-21,CIN,LV,Home,-19.0,2.082,-5.612139,-3.795886,0.265748,-19.265748,-2.0,1683.654126,0.0,0.379589,-7.0,1.0,1.683654,1.0,0.0,1.683654,0.0,0.0,-2.0,-5.0,0.0,0.0,0.0,0.0,0.0,0.0,0.0,2.0,0.0,0.0,0.0,0.0,0.0,0.0,0.0,0.0,0.0,0.0,0.0,0.0,0.0,0.0,2.0,0.0,1.0,0.0
2021,11,2021_11_DAL_KC,2021-11-21,DAL,KC,Home,10.0,2.082,6.173561,3.809428,4.446133,5.553867,2.0,459.20072,0.0,0.0,0.0,1.0,0.459201,0.0,0.0,0.0,0.0,0.0,0.0,0.0,0.0,0.0,0.0,0.0,1.0,0.0,0.0,0.0,0.0,0.0,0.0,0.0,0.0,0.0,0.0,0.0,0.0,0.0,0.0,0.0,0.0,0.0,0.0,0.0,1.0,0.0
2021,11,2021_11_DET_CLE,2021-11-21,DET,CLE,Home,3.0,2.082,-1.50842,-3.944153,4.517733,-1.517733,10.0,90.044991,0.0,0.0,0.0,1.0,0.090045,0.0,0.0,0.090045,0.0,0.0,0.0,0.0,2.0,0.0,0.0,0.0,1.0,0.0,0.0,4.0,0.0,0.0,0.0,0.0,0.0,0.0,0.0,0.0,0.0,0.0,0.0,0.0,0.0,0.0,2.0,0.0,1.0,0.0
2021,11,2021_11_GB_MIN,2021-11-21,GB,MIN,Home,3.0,2.082,2.733525,1.320987,3.494537,-0.494537,2.0,257.029197,0.0,0.0,0.0,0.0,0.257029,0.0,0.0,0.257029,0.0,0.0,0.0,0.0,0.0,0.0,0.0,0.0,0.0,0.0,0.0,0.0,0.0,0.0,0.0,0.0,0.0,0.0,0.0,0.0,0.0,0.0,-1.0,0.0,0.0,0.0,2.0,0.0,1.0,0.0
2021,11,2021_11_HOU_TEN,2021-11-21,HOU,TEN,Home,-9.0,2.082,2.233929,-1.201948,5.517878,-14.517878,-3.0,671.468776,0.0,0.120195,-7.0,1.0,0.671469,0.0,0.0,0.671469,0.0,0.0,0.0,-5.0,0.0,0.0,0.0,0.0,0.0,0.0,0.0,0.0,0.0,0.0,0.0,0.0,0.0,0.0,0.0,0.0,0.0,0.0,-1.0,0.0,0.0,0.0,2.0,0.0,1.0,0.0
2021,11,2021_11_IND_BUF,2021-11-21,IND,BUF,Home,-26.0,2.082,0.965651,1.410281,1.63737,-27.63737,-1.0,435.820074,0.0,0.0,0.0,0.0,0.43582,0.0,0.0,0.0,0.0,0.0,0.0,0.0,0.0,0.0,0.0,0.0,0.0,0.0,0.0,0.0,0.0,0.0,0.0,0.0,0.0,0.0,0.0,0.0,0.0,0.0,0.0,0.0,0.0,0.0,0.0,0.0,0.0,-1.0
2021,11,2021_11_MIA_NYJ,2021-11-21,MIA,NYJ,Home,-7.0,2.082,-6.81069,-7.637248,2.908558,-9.908558,2.0,1085.511258,0.0,0.0,-3.0,0.0,1.085511,0.0,1.0,0.0,0.0,0.0,0.0,0.0,0.0,0.0,0.0,0.0,0.0,0.0,0.0,2.0,0.0,0.0,0.0,0.0,0.0,0.0,0.0,0.0,0.0,0.0,-1.0,0.0,0.0,0.0,0.0,0.0,1.0,0.0
2021,11,2021_11_NE_ATL,2021-11-18,NE,ATL,Home,-25.0,2.082,-2.049584,6.806374,-6.773958,-18.226042,14.0,917.017123,0.0,0.0,0.0,0.0,0.917017,0.0,1.0,0.917017,0.0,0.0,0.0,0.0,0.0,0.0,0.0,0.0,1.0,0.0,0.0,4.0,0.0,0.0,0.0,0.0,0.0,0.0,2.0,0.0,6.0,0.0,0.0,0.0,0.0,0.0,2.0,0.0,0.0,-1.0
2021,11,2021_11_NO_PHI,2021-11-21,NO,PHI,Home,11.0,2.082,1.094955,6.407698,-3.230743,14.230743,1.0,1086.561214,0.0,0.0,0.0,1.0,1.086561,0.0,1.0,0.0,1.0,0.0,0.0,0.0,0.0,0.0,0.0,0.0,0.0,0.0,0.0,0.0,0.0,0.0,0.0,0.0,0.0,0.0,0.0,0.0,0.0,0.0,0.0,0.0,0.0,0.0,0.0,0.0,1.0,0.0
2021,11,2021_11_NYG_TB,2021-11-22,NYG,TB,Home,20.0,2.082,0.512858,-4.043408,6.638267,13.361733,4.0,1007.584684,0.0,0.404341,-7.0,1.0,1.007585,0.0,1.0,0.0,0.0,0.0,0.0,-5.0,0.0,0.0,0.0,0.0,0.0,0.0,0.0,0.0,0.0,2.0,0.0,0.0,0.0,0.0,0.0,0.0,6.0,0.0,0.0,0.0,0.0,0.0,0.0,0.0,1.0,0.0
2021,11,2021_11_PIT_LAC,2021-11-21,PIT,LAC,Home,4.0,2.082,2.067014,0.948607,3.200407,0.799593,16.0,2138.834393,0.0,0.0,0.0,0.0,2.138834,0.0,0.0,0.0,0.0,3.0,0.0,0.0,0.0,4.0,0.0,0.0,0.0,0.0,0.0,0.0,0.0,0.0,0.0,0.0,0.0,4.0,0.0,0.0,6.0,0.0,0.0,0.0,0.0,0.0,0.0,1.0,1.0,0.0
2021,11,2021_11_SF_JAX,2021-11-21,SF,JAX,Home,-20.0,2.082,-5.251529,2.008234,-5.177763,-14.822237,9.0,2346.700409,0.0,0.0,1.0,0.0,2.3467,0.0,0.0,0.0,3.0,0.0,0.0,0.0,0.0,0.0,0.0,6.0,1.0,0.0,2.0,0.0,0.0,0.0,0.0,0.0,0.0,0.0,0.0,0.0,0.0,0.0,0.0,0.0,0.0,0.0,0.0,1.0,0.0,-1.0
2021,11,2021_11_WAS_CAR,2021-11-21,WAS,CAR,Home,-6.0,2.082,-2.15633,-6.197582,6.123252,-12.123252,1.0,336.179334,0.0,0.0,0.0,0.0,0.336179,0.0,0.0,0.336179,0.0,0.0,0.0,0.0,0.0,0.0,0.0,0.0,0.0,0.0,0.0,0.0,0.0,0.0,0.0,0.0,0.0,0.0,0.0,0.0,0.0,0.0,0.0,0.0,0.0,0.0,2.0,0.0,0.0,-1.0
2021,12,2021_12_ATL_JAX,2021-11-28,ATL,JAX,Home,-7.0,2.082,-5.508872,-2.408608,-1.018265,-5.981735,4.0,287.040908,0.0,0.0,-3.0,1.0,0.287041,0.0,0.0,0.287041,0.0,0.0,-2.0,0.0,0.0,0.0,0.0,0.0,1.0,0.0,0.0,2.0,0.0,0.0,0.0,0.0,0.0,0.0,0.0,0.0,0.0,0.0,0.0,0.0,0.0,0.0,2.0,0.0,1.0,0.0
2021,12,2021_12_BUF_NO,2021-11-25,BUF,NO,Home,-25.0,2.082,6.102148,0.460855,7.723293,-32.723293,8.0,1083.996182,0.0,0.0,0.0,0.0,1.083996,0.0,1.0,1.083996,0.0,1.0,-2.0,0.0,0.0,0.0,0.0,0.0,1.0,0.0,0.0,0.0,0.0,0.0,0.0,0.0,0.0,0.0,2.0,0.0,6.0,0.0,0.0,0.0,0.0,0.0,2.0,0.0,0.0,-1.0
2021,12,2021_12_CAR_MIA,2021-11-28,CAR,MIA,Home,23.0,2.082,-7.463133,-2.406965,-2.974168,25.974168,0.0,641.379476,0.0,0.0,0.0,0.0,0.641379,0.0,0.0,0.0,0.0,0.0,0.0,0.0,0.0,0.0,0.0,0.0,1.0,0.0,0.0,0.0,0.0,0.0,0.0,0.0,0.0,0.0,0.0,0.0,0.0,0.0,0.0,0.0,0.0,0.0,0.0,0.0,0.0,-1.0
2021,12,2021_12_CHI_DET,2021-11-25,CHI,DET,Home,-2.0,2.082,-3.886228,0.96027,-2.764499,0.764499,0.0,236.619167,0.0,0.0,0.0,0.0,0.236619,0.0,0.0,0.0,1.0,0.0,0.0,0.0,0.0,0.0,0.0,0.0,0.0,0.0,0.0,0.0,0.0,0.0,0.0,0.0,0.0,0.0,0.0,0.0,0.0,0.0,-1.0,0.0,0.0,0.0,0.0,0.0,1.0,0.0
2021,12,2021_12_CLE_BAL,2021-11-28,CLE,BAL,Home,6.0,2.082,7.11354,-1.50081,10.69635,-4.69635,10.0,308.262006,0.0,0.0,0.0,0.0,0.308262,0.0,0.0,0.308262,0.0,0.0,0.0,0.0,0.0,0.0,0.0,0.0,0.0,0.0,0.0,0.0,0.0,0.0,0.0,0.0,0.0,4.0,0.0,0.0,6.0,0.0,-1.0,0.0,0.0,0.0,2.0,0.0,0.0,-1.0
2021,12,2021_12_LAC_DEN,2021-11-28,LAC,DEN,Home,15.0,2.082,-0.897858,2.079868,-0.895727,15.895727,5.0,836.807673,1.0,-0.089786,7.0,1.0,0.836808,0.0,1.0,0.0,0.0,0.0,0.0,0.0,0.0,0.0,0.0,0.0,0.0,0.0,0.0,0.0,5.0,0.0,0.0,0.0,0.0,0.0,0.0,0.0,0.0,0.0,-1.0,0.0,0.0,0.0,0.0,0.0,1.0,0.0
2021,12,2021_12_LA_GB,2021-11-28,LAR,GB,Home,8.0,2.082,1.350205,4.910596,-1.478391,9.478391,1.0,1763.547051,0.0,-0.49106,-6.0,1.0,1.763547,1.0,0.0,1.763547,0.0,0.0,-2.0,-8.0,0.0,0.0,8.0,0.0,0.0,0.0,0.0,0.0,0.0,0.0,0.0,0.0,0.0,0.0,0.0,0.0,0.0,0.0,0.0,0.0,0.0,0.0,2.0,0.0,1.0,0.0
2021,12,2021_12_LV_DAL,2021-11-25,LV,DAL,Home,-3.0,2.082,3.69078,-5.939954,11.712735,-14.712735,0.0,1054.865561,0.0,0.0,0.0,0.0,1.054866,0.0,1.0,0.0,0.0,0.0,-2.0,0.0,0.0,0.0,0.0,0.0,1.0,0.0,0.0,0.0,0.0,0.0,0.0,0.0,0.0,0.0,0.0,0.0,0.0,0.0,0.0,0.0,0.0,0.0,0.0,0.0,1.0,0.0
2021,12,2021_12_MIN_SF,2021-11-28,MIN,SF,Home,8.0,2.082,2.323392,2.721085,1.684307,6.315693,3.0,1572.032572,0.0,0.0,0.0,1.0,1.572033,1.0,0.0,1.572033,0.0,0.0,0.0,0.0,0.0,0.0,0.0,0.0,0.0,0.0,0.0,0.0,0.0,0.0,0.0,0.0,0.0,0.0,0.0,0.0,0.0,0.0,0.0,0.0,0.0,0.0,2.0,0.0,1.0,0.0
2021,12,2021_12_NYJ_HOU,2021-11-28,NYJ,HOU,Home,-7.0,2.082,-0.929046,-7.000691,8.153645,-15.153645,-1.0,1422.524374,0.0,0.0,0.0,0.0,1.422524,1.0,0.0,0.0,0.0,0.0,0.0,0.0,0.0,0.0,0.0,0.0,0.0,0.0,0.0,0.0,0.0,0.0,0.0,0.0,0.0,0.0,0.0,0.0,0.0,0.0,0.0,0.0,0.0,0.0,0.0,0.0,0.0,-1.0
2021,12,2021_12_PHI_NYG,2021-11-28,PHI,NYG,Home,6.0,2.082,-4.295571,1.323766,-3.537338,9.537338,-2.0,85.370877,0.0,0.0,-1.0,0.0,0.085371,0.0,0.0,0.0,0.0,0.0,0.0,0.0,0.0,0.0,0.0,0.0,0.0,0.0,0.0,2.0,0.0,0.0,0.0,0.0,-4.0,0.0,0.0,0.0,0.0,0.0,-1.0,0.0,0.0,0.0,0.0,0.0,1.0,0.0
2021,12,2021_12_PIT_CIN,2021-11-28,PIT,CIN,Home,31.0,2.082,-3.437144,0.945003,-2.300147,33.300147,0.0,256.539705,0.0,0.0,0.0,0.0,0.25654,0.0,0.0,0.0,0.0,0.0,0.0,0.0,0.0,0.0,0.0,0.0,0.0,0.0,0.0,0.0,0.0,0.0,0.0,0.0,0.0,0.0,0.0,0.0,0.0,0.0,-1.0,0.0,0.0,0.0,0.0,0.0,1.0,0.0
2021,12,2021_12_SEA_WAS,2021-11-29,SEA,WAS,Home,2.0,2.082,-5.995886,2.330925,-6.24481,8.24481,4.0,2329.614513,0.0,0.0,0.0,1.0,2.329615,0.0,0.0,0.0,0.0,0.0,0.0,0.0,0.0,0.0,0.0,0.0,0.0,0.0,0.0,0.0,0.0,2.0,0.0,0.0,0.0,0.0,0.0,0.0,0.0,0.0,0.0,0.0,0.0,0.0,0.0,1.0,1.0,0.0
2021,12,2021_12_TB_IND,2021-11-28,TB,IND,Home,-7.0,2.082,1.895075,0.729764,3.247311,-10.247311,10.0,840.637485,0.0,0.0,1.0,0.0,0.840637,0.0,1.0,0.840637,0.0,0.0,0.0,0.0,0.0,0.0,0.0,6.0,1.0,0.0,0.0,0.0,0.0,0.0,0.0,0.0,0.0,0.0,0.0,0.0,0.0,0.0,0.0,0.0,0.0,0.0,2.0,0.0,1.0,0.0
2021,12,2021_12_TEN_NE,2021-11-28,TEN,NE,Home,23.0,2.082,7.132405,1.96061,7.253794,15.746206,1.0,924.570086,0.0,0.0,3.0,0.0,0.92457,0.0,1.0,0.0,1.0,0.0,0.0,0.0,0.0,0.0,0.0,0.0,0.0,0.0,0.0,0.0,0.0,0.0,0.0,0.0,0.0,0.0,0.0,0.0,0.0,0.0,0.0,0.0,0.0,0.0,0.0,0.0,1.0,0.0
2021,13,2021_13_ARI_CHI,2021-12-05,ARI,CHI,Home,-11.0,2.082,0.989367,-2.694198,5.765565,-16.765565,-3.0,1458.666476,0.0,0.26942,-4.0,0.0,1.458666,1.0,0.0,1.458666,1.0,0.0,0.0,-5.0,0.0,0.0,0.0,0.0,0.0,1.0,0.0,0.0,0.0,0.0,0.0,0.0,0.0,0.0,0.0,0.0,0.0,0.0,0.0,0.0,0.0,0.0,2.0,0.0,0.0,-1.0
2021,13,2021_13_BAL_PIT,2021-12-05,BAL,PIT,Home,1.0,2.082,0.411589,7.089149,-4.595559,5.595559,4.0,197.2245,0.0,0.0,0.0,0.0,0.197225,0.0,0.0,0.197225,0.0,0.0,0.0,0.0,0.0,0.0,0.0,0.0,0.0,0.0,0.0,4.0,0.0,0.0,0.0,0.0,0.0,0.0,0.0,0.0,0.0,0.0,-1.0,0.0,0.0,0.0,2.0,0.0,0.0,-1.0
2021,13,2021_13_DAL_NO,2021-12-02,DAL,NO,Home,-10.0,2.082,5.381895,3.387736,4.07616,-14.07616,6.0,456.565846,0.0,0.0,0.0,0.0,0.456566,0.0,0.0,0.0,0.0,0.0,0.0,0.0,0.0,0.0,0.0,0.0,0.0,0.0,0.0,2.0,0.0,0.0,0.0,0.0,0.0,0.0,2.0,3.0,0.0,0.0,0.0,0.0,0.0,0.0,0.0,0.0,0.0,-1.0
2021,13,2021_13_DEN_KC,2021-12-05,DEN,KC,Home,13.0,2.082,6.293124,-0.588797,8.96392,4.03608,10.0,564.281843,0.0,0.629312,7.0,0.0,0.564282,0.0,0.0,0.0,0.0,0.0,0.0,0.0,0.0,0.0,0.0,0.0,0.0,0.0,0.0,0.0,7.0,0.0,0.0,0.0,0.0,4.0,0.0,0.0,0.0,1.0,-1.0,0.0,0.0,0.0,0.0,0.0,0.0,-1.0
2021,13,2021_13_IND_HOU,2021-12-05,IND,HOU,Home,-31.0,2.082,-1.224843,1.688936,-0.831779,-30.168221,-2.0,870.881595,0.0,0.0,0.0,0.0,0.870882,0.0,1.0,0.0,0.0,0.0,0.0,0.0,0.0,0.0,0.0,0.0,0.0,0.0,0.0,0.0,0.0,0.0,0.0,0.0,0.0,0.0,0.0,0.0,0.0,0.0,-1.0,0.0,0.0,0.0,0.0,0.0,0.0,-1.0
2021,13,2021_13_JAX_LA,2021-12-05,JAX,LAR,Home,30.0,2.082,4.657973,-5.633904,12.373878,17.626122,3.0,2150.464892,0.0,0.0,0.0,0.0,2.150465,0.0,0.0,0.0,0.0,0.0,0.0,0.0,0.0,0.0,0.0,0.0,1.0,0.0,0.0,0.0,0.0,0.0,0.0,0.0,0.0,0.0,0.0,0.0,0.0,0.0,0.0,0.0,0.0,0.0,0.0,1.0,1.0,0.0
2021,13,2021_13_LAC_CIN,2021-12-05,LAC,CIN,Home,-19.0,2.082,-2.7929,1.809476,-2.520376,-16.479624,1.0,1899.953123,0.0,0.0,0.0,0.0,1.899953,1.0,0.0,0.0,3.0,0.0,0.0,0.0,0.0,0.0,0.0,0.0,0.0,0.0,2.0,0.0,0.0,0.0,0.0,0.0,0.0,0.0,0.0,0.0,0.0,0.0,0.0,0.0,0.0,0.0,0.0,0.0,0.0,-1.0
2021,13,2021_13_MIN_DET,2021-12-05,MIN,DET,Home,2.0,2.082,-3.844404,2.62126,-4.383664,6.383664,0.0,541.488485,0.0,0.0,3.0,0.0,0.541488,0.0,0.0,0.541488,1.0,0.0,0.0,0.0,0.0,0.0,0.0,0.0,0.0,0.0,0.0,0.0,0.0,0.0,0.0,0.0,0.0,0.0,0.0,0.0,0.0,0.0,-1.0,0.0,0.0,0.0,2.0,0.0,0.0,-1.0
2021,13,2021_13_NE_BUF,2021-12-06,NE,BUF,Home,-4.0,2.082,1.191722,7.530942,-4.25722,0.25722,6.0,386.376435,0.0,0.0,3.0,0.0,0.386376,0.0,0.0,0.0,0.0,0.0,0.0,0.0,0.0,0.0,0.0,0.0,0.0,0.0,0.0,0.0,0.0,2.0,0.0,0.0,0.0,0.0,0.0,0.0,6.0,0.0,-1.0,0.0,0.0,0.0,0.0,0.0,0.0,-1.0
2021,13,2021_13_NYG_MIA,2021-12-05,NYG,MIA,Home,11.0,2.082,-6.820098,-4.158636,-0.579461,11.579461,2.0,1085.511258,0.0,0.0,0.0,1.0,1.085511,0.0,1.0,0.0,0.0,0.0,0.0,0.0,0.0,0.0,0.0,0.0,1.0,0.0,0.0,0.0,0.0,0.0,0.0,0.0,0.0,0.0,0.0,0.0,0.0,0.0,0.0,0.0,0.0,0.0,0.0,0.0,1.0,0.0
2021,13,2021_13_PHI_NYJ,2021-12-05,PHI,NYJ,Home,-15.0,2.082,-6.535819,1.110603,-5.564422,-9.435578,4.0,85.370877,0.0,0.0,0.0,0.0,0.085371,0.0,0.0,0.085371,0.0,0.0,0.0,0.0,0.0,0.0,0.0,0.0,1.0,0.0,0.0,0.0,0.0,0.0,0.0,0.0,0.0,0.0,0.0,0.0,0.0,0.0,0.0,0.0,0.0,0.0,2.0,0.0,1.0,0.0
2021,13,2021_13_SF_SEA,2021-12-05,SF,SEA,Home,7.0,2.082,2.07672,2.381973,1.776746,5.223254,-4.0,704.452846,0.0,0.0,-1.0,0.0,0.704453,0.0,0.0,0.0,0.0,0.0,0.0,0.0,0.0,0.0,0.0,0.0,0.0,0.0,0.0,0.0,0.0,0.0,0.0,0.0,-4.0,0.0,0.0,0.0,0.0,0.0,-1.0,0.0,0.0,0.0,0.0,0.0,1.0,0.0
2021,13,2021_13_TB_ATL,2021-12-05,TB,ATL,Home,-13.0,2.082,-2.423837,0.795501,-1.137338,-11.862662,2.0,414.852675,0.0,0.0,0.0,0.0,0.414853,0.0,0.0,0.414853,0.0,0.0,0.0,0.0,0.0,0.0,0.0,0.0,0.0,0.0,0.0,0.0,0.0,0.0,0.0,0.0,0.0,0.0,0.0,0.0,0.0,0.0,-1.0,0.0,0.0,0.0,2.0,0.0,1.0,0.0
2021,13,2021_13_WAS_LV,2021-12-05,WAS,LV,Home,-2.0,2.082,-5.628958,-5.875464,2.328505,-4.328505,7.0,2094.049331,0.0,0.0,4.0,0.0,2.094049,0.0,0.0,0.0,0.0,0.0,0.0,0.0,0.0,0.0,0.0,6.0,1.0,0.0,0.0,0.0,0.0,0.0,0.0,0.0,0.0,0.0,0.0,0.0,0.0,0.0,0.0,0.0,0.0,0.0,0.0,1.0,0.0,-1.0
2021,14,2021_14_ATL_CAR,2021-12-12,ATL,CAR,Home,-8.0,2.082,-3.001832,-2.642063,1.722231,-9.722231,6.0,226.134727,0.0,-0.300183,7.0,1.0,0.226135,0.0,0.0,0.0,0.0,0.0,0.0,0.0,0.0,0.0,0.0,0.0,0.0,0.0,0.0,2.0,4.0,0.0,0.0,0.0,0.0,0.0,0.0,0.0,0.0,0.0,-1.0,0.0,0.0,0.0,0.0,0.0,1.0,0.0
2021,14,2021_14_BAL_CLE,2021-12-12,BAL,CLE,Home,2.0,2.082,-1.421081,6.9726,-6.311681,8.311681,4.0,308.262006,0.0,-0.142108,7.0,0.0,0.308262,0.0,0.0,0.308262,0.0,0.0,0.0,0.0,0.0,0.0,0.0,0.0,0.0,0.0,0.0,0.0,4.0,0.0,0.0,0.0,0.0,0.0,0.0,0.0,0.0,0.0,-1.0,0.0,0.0,0.0,2.0,0.0,0.0,-1.0
2021,14,2021_14_BUF_TB,2021-12-12,BUF,TB,Home,6.0,2.082,0.992465,1.173539,1.900926,4.099074,8.0,1043.359019,0.0,0.0,1.0,1.0,1.043359,0.0,1.0,0.0,0.0,0.0,0.0,0.0,0.0,0.0,0.0,6.0,1.0,0.0,0.0,0.0,0.0,0.0,0.0,0.0,0.0,0.0,0.0,0.0,0.0,0.0,0.0,0.0,0.0,0.0,0.0,0.0,1.0,0.0
2021,14,2021_14_CHI_GB,2021-12-12,CHI,GB,Home,15.0,2.082,1.546583,0.710819,2.917764,12.082236,10.0,183.712916,0.0,0.154658,7.0,0.0,0.183713,0.0,0.0,0.0,0.0,0.0,0.0,0.0,0.0,0.0,0.0,0.0,0.0,0.0,0.0,0.0,5.0,0.0,0.0,0.0,0.0,4.0,0.0,3.0,0.0,0.0,-1.0,0.0,0.0,0.0,0.0,0.0,0.0,-1.0
2021,14,2021_14_DAL_WAS,2021-12-12,DAL,WAS,Home,-7.0,2.082,-5.788461,3.64839,-7.354851,0.354851,2.0,1207.360458,0.0,0.0,-3.0,1.0,1.20736,0.0,1.0,1.20736,1.0,0.0,0.0,0.0,0.0,0.0,0.0,0.0,0.0,0.0,0.0,0.0,0.0,0.0,0.0,0.0,0.0,0.0,0.0,0.0,0.0,0.0,-1.0,0.0,0.0,0.0,2.0,0.0,1.0,0.0
2021,14,2021_14_DET_DEN,2021-12-12,DET,DEN,Home,28.0,2.082,-0.659034,-3.720975,5.143941,22.856059,2.0,1155.77436,1.0,0.0,0.0,1.0,1.155774,0.0,1.0,0.0,0.0,0.0,0.0,0.0,0.0,0.0,0.0,0.0,1.0,0.0,0.0,0.0,0.0,0.0,0.0,0.0,0.0,0.0,0.0,0.0,0.0,0.0,0.0,0.0,0.0,0.0,0.0,0.0,1.0,0.0
2021,14,2021_14_JAX_TEN,2021-12-12,JAX,TEN,Home,20.0,2.082,1.617096,-5.975587,9.674683,10.325317,1.0,500.780884,0.0,0.16171,7.0,0.0,0.500781,0.0,0.0,0.0,0.0,0.0,-4.0,0.0,0.0,0.0,0.0,0.0,0.0,0.0,0.0,2.0,5.0,0.0,0.0,0.0,0.0,0.0,0.0,0.0,0.0,0.0,-1.0,0.0,0.0,0.0,0.0,0.0,0.0,-1.0
2021,14,2021_14_LA_ARI,2021-12-13,LAR,ARI,Home,-7.0,2.082,-2.36618,5.016627,-5.300807,-1.699193,4.0,350.319259,0.0,0.0,0.0,1.0,0.350319,0.0,0.0,0.350319,0.0,0.0,0.0,0.0,0.0,0.0,0.0,0.0,0.0,0.0,0.0,0.0,0.0,2.0,0.0,0.0,0.0,0.0,0.0,0.0,0.0,0.0,-1.0,0.0,0.0,0.0,2.0,0.0,1.0,0.0
2021,14,2021_14_LV_KC,2021-12-12,LV,KC,Home,39.0,2.082,6.377058,-5.684732,14.143791,24.856209,0.0,1149.22993,0.0,0.0,0.0,0.0,1.14923,0.0,1.0,0.0,2.0,0.0,0.0,0.0,0.0,0.0,0.0,0.0,0.0,0.0,2.0,0.0,0.0,0.0,0.0,0.0,0.0,0.0,0.0,0.0,0.0,0.0,-1.0,0.0,0.0,0.0,0.0,0.0,0.0,-1.0
2021,14,2021_14_NO_NYJ,2021-12-12,NO,NYJ,Home,-21.0,2.082,-6.740408,5.127285,-9.785693,-11.214307,0.0,1169.793239,0.0,0.0,-3.0,0.0,1.169793,0.0,1.0,0.0,1.0,0.0,0.0,0.0,0.0,0.0,0.0,0.0,1.0,0.0,0.0,0.0,0.0,0.0,0.0,0.0,0.0,0.0,0.0,0.0,0.0,0.0,0.0,0.0,0.0,0.0,0.0,0.0,0.0,-1.0
2021,14,2021_14_NYG_LAC,2021-12-12,NYG,LAC,Home,16.0,2.082,2.12224,-4.343119,8.547359,7.452641,3.0,2449.341534,0.0,0.0,0.0,0.0,2.449342,0.0,0.0,2.449342,0.0,0.0,0.0,0.0,0.0,0.0,0.0,0.0,1.0,0.0,0.0,0.0,0.0,0.0,0.0,0.0,0.0,0.0,0.0,0.0,0.0,0.0,0.0,0.0,0.0,0.0,2.0,1.0,0.0,-1.0
2021,14,2021_14_PIT_MIN,2021-12-09,PIT,MIN,Home,8.0,2.082,2.525837,0.493164,4.114673,3.885327,12.0,740.293811,0.0,0.0,0.0,0.0,0.740294,0.0,0.0,0.740294,0.0,1.0,0.0,0.0,0.0,0.0,0.0,0.0,1.0,0.0,0.0,0.0,0.0,0.0,0.0,0.0,0.0,0.0,2.0,0.0,6.0,0.0,0.0,0.0,0.0,0.0,2.0,0.0,1.0,0.0
2021,14,2021_14_SEA_HOU,2021-12-12,SEA,HOU,Home,-20.0,2.082,-1.773617,2.233768,-1.925385,-18.074615,6.0,1891.144872,0.0,0.0,0.0,0.0,1.891145,1.0,0.0,0.0,2.0,0.0,0.0,0.0,0.0,0.0,0.0,0.0,1.0,0.0,2.0,4.0,0.0,0.0,0.0,0.0,0.0,0.0,0.0,0.0,0.0,0.0,0.0,0.0,0.0,0.0,0.0,0.0,0.0,-1.0
2021,14,2021_14_SF_CIN,2021-12-12,SF,CIN,Home,-3.0,2.082,-3.106885,2.362935,-3.38782,0.38782,7.0,2021.234996,0.0,0.0,0.0,0.0,2.021235,0.0,0.0,2.021235,0.0,0.0,0.0,0.0,0.0,0.0,0.0,0.0,1.0,0.0,0.0,2.0,0.0,0.0,0.0,0.0,0.0,0.0,0.0,0.0,0.0,0.0,0.0,0.0,0.0,0.0,2.0,1.0,1.0,0.0
2021,15,2021_15_ARI_DET,2021-12-19,ARI,DET,Home,18.0,2.082,-4.136832,-2.354283,0.299452,17.700548,12.0,1694.296709,0.0,0.0,1.0,0.0,1.694297,1.0,0.0,1.694297,2.0,0.0,0.0,0.0,0.0,0.0,0.0,6.0,0.0,1.0,0.0,2.0,0.0,0.0,0.0,0.0,0.0,0.0,0.0,0.0,0.0,0.0,0.0,0.0,0.0,0.0,2.0,0.0,1.0,0.0
2021,15,2021_15_ATL_SF,2021-12-19,ATL,SF,Home,18.0,2.082,2.405476,-2.457288,6.944764,11.055236,2.0,2112.196656,0.0,0.0,0.0,1.0,2.112197,0.0,0.0,2.112197,0.0,0.0,0.0,0.0,0.0,0.0,0.0,0.0,0.0,0.0,0.0,0.0,0.0,0.0,-2.0,0.0,0.0,0.0,0.0,0.0,0.0,0.0,0.0,0.0,0.0,0.0,2.0,1.0,1.0,0.0
2021,15,2021_15_CAR_BUF,2021-12-19,CAR,BUF,Home,17.0,2.082,1.057924,-3.152482,6.292405,10.707595,0.0,533.13546,0.0,0.0,0.0,0.0,0.533135,0.0,0.0,0.0,0.0,0.0,0.0,0.0,0.0,0.0,0.0,0.0,1.0,0.0,0.0,0.0,0.0,0.0,-2.0,0.0,0.0,0.0,0.0,0.0,0.0,0.0,0.0,0.0,0.0,0.0,0.0,0.0,1.0,0.0
2021,15,2021_15_CIN_DEN,2021-12-19,CIN,DEN,Home,-5.0,2.082,-0.239647,-3.115476,4.957829,-9.957829,5.0,1092.95172,1.0,0.0,0.0,1.0,1.092952,0.0,1.0,0.0,0.0,0.0,0.0,0.0,0.0,4.0,0.0,0.0,0.0,0.0,0.0,0.0,0.0,0.0,0.0,0.0,0.0,0.0,0.0,0.0,0.0,0.0,0.0,0.0,0.0,0.0,0.0,0.0,1.0,0.0
2021,15,2021_15_DAL_NYG,2021-12-19,DAL,NYG,Home,-15.0,2.082,-4.487701,3.632542,-6.038243,-8.961757,0.0,1385.055729,0.0,0.0,0.0,0.0,1.385056,1.0,0.0,1.385056,1.0,0.0,0.0,0.0,0.0,0.0,0.0,0.0,0.0,0.0,0.0,0.0,0.0,0.0,0.0,0.0,0.0,0.0,0.0,0.0,0.0,0.0,-1.0,0.0,0.0,0.0,2.0,0.0,0.0,-1.0
2021,15,2021_15_GB_BAL,2021-12-19,GB,BAL,Home,-1.0,2.082,6.849206,1.745539,7.185667,-8.185667,0.0,689.290793,0.0,0.0,0.0,0.0,0.689291,0.0,0.0,0.0,0.0,0.0,0.0,0.0,0.0,0.0,0.0,0.0,1.0,0.0,0.0,0.0,0.0,0.0,0.0,0.0,0.0,0.0,0.0,0.0,0.0,0.0,0.0,0.0,0.0,0.0,0.0,0.0,0.0,-1.0
2021,15,2021_15_HOU_JAX,2021-12-19,HOU,JAX,Home,-14.0,2.082,-6.161749,-2.108533,-1.971216,-12.028784,0.0,824.794909,0.0,0.0,0.0,1.0,0.824795,0.0,1.0,0.0,1.0,0.0,-2.0,0.0,0.0,0.0,0.0,0.0,0.0,0.0,0.0,2.0,0.0,0.0,0.0,0.0,0.0,0.0,0.0,0.0,0.0,0.0,-1.0,0.0,0.0,0.0,0.0,0.0,1.0,0.0
2021,15,2021_15_KC_LAC,2021-12-16,KC,LAC,Home,-6.0,2.082,2.2984,6.846357,-2.465957,-3.534043,5.0,1366.48133,0.0,0.0,0.0,0.0,1.366481,1.0,0.0,0.0,0.0,2.0,0.0,0.0,0.0,0.0,0.0,0.0,0.0,0.0,0.0,0.0,0.0,0.0,0.0,0.0,0.0,0.0,2.0,3.0,0.0,0.0,-1.0,0.0,0.0,0.0,0.0,0.0,1.0,0.0
2021,15,2021_15_LV_CLE,2021-12-20,LV,CLE,Home,-2.0,2.082,-1.263351,-6.070989,6.889638,-8.889638,-1.0,1829.444232,0.0,0.0,0.0,0.0,1.829444,1.0,0.0,1.829444,0.0,0.0,-4.0,0.0,0.0,0.0,0.0,0.0,0.0,0.0,0.0,0.0,0.0,0.0,0.0,0.0,0.0,0.0,0.0,0.0,0.0,0.0,0.0,0.0,0.0,2.0,2.0,0.0,0.0,-1.0
2021,15,2021_15_MIN_CHI,2021-12-20,MIN,CHI,Home,-8.0,2.082,0.472076,2.583907,-0.029831,-7.970169,7.0,355.333612,0.0,0.0,-3.0,1.0,0.355334,0.0,0.0,0.355334,0.0,0.0,0.0,0.0,0.0,0.0,0.0,0.0,0.0,0.0,0.0,0.0,0.0,2.0,0.0,0.0,0.0,0.0,0.0,3.0,0.0,0.0,-1.0,0.0,0.0,0.0,2.0,0.0,1.0,0.0
2021,15,2021_15_NE_IND,2021-12-18,NE,IND,Home,10.0,2.082,2.132789,7.445999,-3.23121,13.23121,12.0,793.225205,0.0,-0.531321,1.0,0.0,0.793225,0.0,1.0,0.793225,0.0,0.0,0.0,-8.0,0.0,0.0,8.0,0.0,0.0,0.0,0.0,0.0,5.0,0.0,0.0,0.0,0.0,0.0,0.0,0.0,6.0,0.0,0.0,0.0,0.0,0.0,2.0,0.0,0.0,-1.0
2021,15,2021_15_NO_TB,2021-12-19,NO,TB,Home,-9.0,2.082,1.071593,5.34744,-2.193847,-6.806153,3.0,477.877282,0.0,0.0,0.0,1.0,0.477877,0.0,0.0,0.0,0.0,0.0,0.0,0.0,0.0,0.0,0.0,0.0,0.0,0.0,0.0,0.0,0.0,0.0,0.0,-4.0,0.0,4.0,0.0,3.0,0.0,0.0,-1.0,0.0,0.0,0.0,0.0,0.0,1.0,0.0
2021,15,2021_15_NYJ_MIA,2021-12-19,NYJ,MIA,Home,7.0,2.082,-6.732397,-6.986756,2.33636,4.66364,2.0,1085.511258,0.0,-0.67324,7.0,1.0,1.085511,0.0,1.0,0.0,0.0,0.0,-2.0,0.0,0.0,0.0,0.0,0.0,0.0,0.0,0.0,0.0,4.0,0.0,0.0,0.0,0.0,0.0,0.0,0.0,0.0,0.0,-1.0,0.0,0.0,0.0,0.0,0.0,1.0,0.0
2021,15,2021_15_SEA_LA,2021-12-21,SEA,LAR,Home,10.0,2.082,5.080969,2.59603,4.566939,5.433061,-4.0,965.0728,0.0,0.0,-1.0,0.0,0.965073,0.0,1.0,0.965073,0.0,0.0,0.0,0.0,0.0,0.0,0.0,0.0,0.0,0.0,0.0,0.0,0.0,0.0,0.0,0.0,-4.0,0.0,0.0,0.0,0.0,0.0,-1.0,0.0,0.0,0.0,2.0,0.0,0.0,-1.0
2021,15,2021_15_TEN_PIT,2021-12-19,TEN,PIT,Home,6.0,2.082,0.440238,1.776471,0.745767,5.254233,-1.0,470.506662,0.0,0.0,3.0,0.0,0.470507,0.0,0.0,0.0,1.0,0.0,0.0,0.0,0.0,0.0,0.0,0.0,0.0,0.0,0.0,0.0,0.0,0.0,0.0,0.0,0.0,0.0,0.0,0.0,0.0,0.0,0.0,0.0,0.0,0.0,0.0,0.0,0.0,-1.0
2021,15,2021_15_WAS_PHI,2021-12-21,WAS,PHI,Home,10.0,2.082,1.271104,-5.786576,9.13968,0.86032,9.0,113.642178,0.0,0.12711,7.0,0.0,0.113642,0.0,0.0,0.0,0.0,0.0,0.0,0.0,0.0,0.0,0.0,0.0,0.0,0.0,0.0,0.0,5.0,0.0,0.0,0.0,0.0,0.0,0.0,0.0,6.0,0.0,-1.0,0.0,0.0,0.0,0.0,0.0,0.0,-1.0
2021,16,2021_16_BAL_CIN,2021-12-26,BAL,CIN,Home,20.0,2.082,-2.947952,6.713795,-7.579748,27.579748,2.0,422.769581,0.0,0.0,0.0,0.0,0.42277,0.0,0.0,0.42277,0.0,0.0,0.0,0.0,0.0,0.0,0.0,0.0,0.0,0.0,0.0,0.0,0.0,0.0,0.0,0.0,0.0,0.0,0.0,0.0,0.0,0.0,-1.0,0.0,0.0,0.0,2.0,0.0,1.0,0.0
2021,16,2021_16_BUF_NE,2021-12-26,BUF,NE,Home,-12.0,2.082,7.231801,1.242512,8.071289,-20.071289,-2.0,386.376435,0.0,0.0,0.0,0.0,0.386376,0.0,0.0,0.0,0.0,0.0,0.0,0.0,0.0,0.0,0.0,0.0,0.0,0.0,0.0,0.0,0.0,0.0,0.0,0.0,0.0,0.0,0.0,0.0,0.0,0.0,-1.0,0.0,0.0,0.0,0.0,0.0,0.0,-1.0
2021,16,2021_16_CHI_SEA,2021-12-26,CHI,SEA,Home,-1.0,2.082,2.510455,0.392244,4.200211,-5.200211,7.0,1733.964633,0.0,0.0,1.0,0.0,1.733965,1.0,0.0,0.0,0.0,0.0,0.0,0.0,0.0,0.0,0.0,6.0,0.0,0.0,0.0,0.0,0.0,0.0,0.0,0.0,0.0,0.0,0.0,0.0,0.0,0.0,0.0,0.0,0.0,0.0,0.0,0.0,1.0,0.0
2021,16,2021_16_CLE_GB,2021-12-25,CLE,GB,Home,2.0,2.082,1.92979,-1.432558,5.444347,-3.444347,6.0,382.171213,0.0,0.0,0.0,0.0,0.382171,0.0,0.0,0.0,0.0,0.0,0.0,0.0,0.0,0.0,0.0,6.0,1.0,0.0,0.0,0.0,0.0,0.0,0.0,0.0,0.0,0.0,0.0,0.0,0.0,0.0,0.0,0.0,0.0,0.0,0.0,0.0,0.0,-1.0
2021,16,2021_16_DEN_LV,2021-12-26,DEN,LV,Home,4.0,2.082,-5.901227,-0.394477,-3.42475,7.42475,-6.0,608.258094,0.0,0.0,0.0,0.0,0.608258,0.0,0.0,0.0,0.0,0.0,0.0,0.0,0.0,0.0,0.0,0.0,0.0,0.0,0.0,0.0,0.0,0.0,0.0,0.0,-4.0,0.0,0.0,0.0,0.0,0.0,-1.0,0.0,0.0,0.0,0.0,0.0,0.0,-1.0
2021,16,2021_16_DET_ATL,2021-12-26,DET,ATL,Home,4.0,2.082,-2.70237,-3.797692,3.177321,0.822679,-1.0,597.680981,0.0,0.0,0.0,0.0,0.597681,0.0,0.0,0.0,0.0,0.0,0.0,0.0,0.0,0.0,0.0,0.0,0.0,0.0,0.0,0.0,0.0,0.0,0.0,0.0,0.0,0.0,0.0,0.0,0.0,0.0,0.0,0.0,0.0,0.0,0.0,0.0,0.0,-1.0
2021,16,2021_16_IND_ARI,2021-12-25,IND,ARI,Home,-6.0,2.082,-2.65966,2.365759,-2.943419,-3.056581,8.0,1503.4268,0.0,0.0,0.0,1.0,1.503427,1.0,0.0,0.0,0.0,2.0,0.0,0.0,0.0,0.0,0.0,0.0,1.0,0.0,0.0,0.0,0.0,0.0,0.0,0.0,0.0,0.0,0.0,0.0,6.0,0.0,0.0,0.0,0.0,0.0,0.0,0.0,1.0,0.0
2021,16,2021_16_JAX_NYJ,2021-12-26,JAX,NYJ,Home,5.0,2.082,-7.064868,-6.36089,1.378022,3.621978,3.0,839.387991,0.0,0.0,0.0,0.0,0.839388,0.0,1.0,0.839388,0.0,0.0,0.0,0.0,0.0,0.0,0.0,0.0,0.0,0.0,0.0,0.0,0.0,0.0,0.0,0.0,0.0,0.0,0.0,0.0,0.0,0.0,0.0,0.0,0.0,0.0,2.0,0.0,1.0,0.0
2021,16,2021_16_LAC_HOU,2021-12-26,LAC,HOU,Home,12.0,2.082,-1.92688,2.254305,-2.099184,14.099184,5.0,1374.937934,0.0,0.0,-3.0,0.0,1.374938,1.0,0.0,0.0,2.0,0.0,0.0,0.0,0.0,4.0,0.0,0.0,0.0,0.0,2.0,0.0,0.0,0.0,0.0,0.0,0.0,0.0,0.0,0.0,0.0,0.0,0.0,0.0,0.0,0.0,0.0,0.0,0.0,-1.0
2021,16,2021_16_LA_MIN,2021-12-26,LAR,MIN,Home,-7.0,2.082,2.764528,5.162882,-0.316354,-6.683646,-3.0,1530.135519,0.0,0.0,-1.0,0.0,1.530136,1.0,0.0,0.0,2.0,0.0,0.0,0.0,0.0,0.0,0.0,0.0,0.0,0.0,2.0,0.0,0.0,0.0,0.0,0.0,-4.0,0.0,0.0,0.0,0.0,0.0,0.0,0.0,0.0,0.0,0.0,0.0,0.0,-1.0
2021,16,2021_16_MIA_NO,2021-12-27,MIA,NO,Home,-17.0,2.082,5.415291,-6.641722,14.139013,-31.139013,10.0,660.669278,0.0,0.0,0.0,0.0,0.660669,0.0,0.0,0.0,0.0,1.0,0.0,0.0,0.0,0.0,0.0,0.0,1.0,0.0,0.0,0.0,0.0,2.0,0.0,0.0,0.0,0.0,0.0,0.0,6.0,0.0,0.0,0.0,0.0,0.0,0.0,0.0,1.0,0.0
2021,16,2021_16_NYG_PHI,2021-12-26,NYG,PHI,Home,24.0,2.082,1.284426,-4.647824,8.01425,15.98575,2.0,85.370877,0.0,0.0,0.0,1.0,0.085371,0.0,0.0,0.085371,0.0,0.0,0.0,0.0,0.0,0.0,0.0,0.0,0.0,0.0,0.0,0.0,0.0,0.0,0.0,0.0,0.0,0.0,0.0,0.0,0.0,0.0,-1.0,0.0,0.0,0.0,2.0,0.0,1.0,0.0
2021,16,2021_16_PIT_KC,2021-12-26,PIT,KC,Home,26.0,2.082,6.906763,0.522462,8.4663,17.5337,-3.0,773.752598,0.0,0.0,3.0,0.0,0.773753,0.0,1.0,0.0,0.0,0.0,0.0,0.0,0.0,0.0,0.0,0.0,0.0,0.0,0.0,0.0,0.0,0.0,-2.0,0.0,0.0,0.0,0.0,0.0,0.0,0.0,0.0,0.0,0.0,0.0,0.0,0.0,0.0,-1.0
2021,16,2021_16_SF_TEN,2021-12-23,SF,TEN,Home,3.0,2.082,1.682524,2.583418,1.181105,1.818895,4.0,1938.301754,0.0,0.0,0.0,0.0,1.938302,1.0,0.0,1.938302,0.0,0.0,0.0,0.0,0.0,0.0,0.0,0.0,1.0,0.0,0.0,0.0,0.0,0.0,0.0,0.0,0.0,0.0,2.0,0.0,0.0,0.0,0.0,0.0,0.0,0.0,2.0,0.0,0.0,-1.0
2021,16,2021_16_TB_CAR,2021-12-26,TB,CAR,Home,-26.0,2.082,-3.376525,0.917982,-2.212507,-23.787493,-2.0,510.22365,0.0,0.0,0.0,0.0,0.510224,0.0,0.0,0.0,0.0,0.0,0.0,0.0,0.0,0.0,0.0,0.0,0.0,0.0,0.0,0.0,0.0,0.0,0.0,0.0,0.0,0.0,0.0,0.0,0.0,0.0,-1.0,0.0,0.0,0.0,0.0,0.0,0.0,-1.0
2021,16,2021_16_WAS_DAL,2021-12-26,WAS,DAL,Home,42.0,2.082,3.780444,-5.806736,11.669181,30.330819,12.0,1207.360458,0.0,0.0,0.0,0.0,1.20736,0.0,1.0,1.20736,0.0,1.0,0.0,0.0,0.0,0.0,0.0,0.0,0.0,0.0,0.0,0.0,0.0,0.0,0.0,0.0,0.0,4.0,0.0,0.0,6.0,0.0,-1.0,0.0,0.0,0.0,2.0,0.0,1.0,0.0
2021,17,2021_17_ARI_DAL,2022-01-02,ARI,DAL,Home,-3.0,2.082,4.251119,-2.763781,9.096901,-12.096901,1.0,878.43943,0.0,0.0,-1.0,0.0,0.878439,0.0,1.0,0.0,0.0,0.0,0.0,0.0,0.0,0.0,0.0,0.0,0.0,0.0,0.0,0.0,0.0,0.0,0.0,0.0,0.0,0.0,0.0,0.0,0.0,0.0,0.0,0.0,0.0,0.0,0.0,0.0,1.0,0.0
2021,17,2021_17_ATL_BUF,2022-01-02,ATL,BUF,Home,14.0,2.082,1.631201,-2.747089,6.46029,7.53971,2.0,693.141146,0.0,0.0,0.0,0.0,0.693141,0.0,0.0,0.693141,0.0,0.0,0.0,0.0,0.0,0.0,0.0,0.0,1.0,0.0,0.0,0.0,0.0,0.0,0.0,0.0,0.0,0.0,0.0,0.0,0.0,0.0,0.0,0.0,0.0,0.0,2.0,0.0,0.0,-1.0
2021,17,2021_17_CAR_NO,2022-01-02,CAR,NO,Home,8.0,2.082,4.859804,-3.83343,10.775234,-2.775234,-2.0,648.697077,0.0,0.0,-1.0,0.0,0.648697,0.0,0.0,0.0,0.0,0.0,-2.0,0.0,0.0,0.0,0.0,0.0,0.0,0.0,0.0,0.0,0.0,0.0,0.0,0.0,0.0,0.0,0.0,0.0,0.0,0.0,-1.0,0.0,0.0,0.0,0.0,0.0,1.0,0.0
2021,17,2021_17_CLE_PIT,2022-01-03,CLE,PIT,Home,12.0,2.082,0.21196,-1.403132,3.697092,8.302908,8.0,114.323201,0.0,0.0,-1.0,0.0,0.114323,0.0,0.0,0.0,0.0,0.0,0.0,0.0,0.0,0.0,0.0,0.0,0.0,0.0,0.0,2.0,0.0,2.0,0.0,0.0,0.0,0.0,0.0,0.0,6.0,0.0,-1.0,0.0,0.0,0.0,0.0,0.0,0.0,-1.0
2021,17,2021_17_DEN_LAC,2022-01-02,DEN,LAC,Home,21.0,2.082,2.033836,-0.499934,4.61577,16.38423,0.0,836.807673,0.0,0.0,0.0,0.0,0.836808,0.0,1.0,0.0,0.0,0.0,0.0,0.0,0.0,0.0,0.0,0.0,0.0,0.0,0.0,0.0,0.0,0.0,0.0,0.0,0.0,0.0,0.0,0.0,0.0,0.0,-1.0,0.0,0.0,0.0,0.0,0.0,1.0,0.0
2021,17,2021_17_DET_SEA,2022-01-02,DET,SEA,Home,22.0,2.082,2.370935,-3.815747,8.268682,13.731318,1.0,1932.981818,0.0,0.0,0.0,0.0,1.932982,1.0,0.0,1.932982,0.0,0.0,0.0,0.0,0.0,0.0,0.0,0.0,0.0,0.0,0.0,0.0,0.0,0.0,0.0,0.0,0.0,0.0,0.0,0.0,0.0,0.0,0.0,0.0,0.0,0.0,2.0,0.0,0.0,-1.0
2021,17,2021_17_HOU_SF,2022-01-02,HOU,SF,Home,16.0,2.082,2.514052,-1.658034,6.254086,9.745914,2.0,1613.206632,0.0,0.0,3.0,1.0,1.613207,1.0,0.0,0.0,0.0,0.0,0.0,0.0,0.0,0.0,0.0,0.0,1.0,0.0,0.0,0.0,0.0,0.0,0.0,0.0,0.0,0.0,0.0,0.0,0.0,0.0,0.0,0.0,0.0,0.0,0.0,0.0,1.0,0.0
2021,17,2021_17_JAX_NE,2022-01-02,JAX,NE,Home,40.0,2.082,6.987519,-6.343993,15.413513,24.586487,3.0,996.012779,0.0,0.0,0.0,0.0,0.996013,0.0,1.0,0.996013,0.0,0.0,0.0,0.0,0.0,0.0,0.0,0.0,0.0,0.0,0.0,0.0,0.0,0.0,0.0,0.0,0.0,0.0,0.0,0.0,0.0,0.0,0.0,0.0,0.0,0.0,2.0,0.0,1.0,0.0
2021,17,2021_17_KC_CIN,2022-01-02,KC,CIN,Home,3.0,2.082,-2.514436,7.180799,-7.613235,10.613235,1.0,534.428153,0.0,0.0,0.0,0.0,0.534428,0.0,0.0,0.0,1.0,0.0,0.0,0.0,0.0,0.0,0.0,0.0,0.0,0.0,0.0,0.0,0.0,0.0,0.0,0.0,0.0,0.0,0.0,0.0,0.0,0.0,0.0,0.0,0.0,0.0,0.0,0.0,1.0,0.0
2021,17,2021_17_LA_BAL,2022-01-02,LAR,BAL,Home,-1.0,2.082,6.265098,5.243257,3.103841,-4.103841,11.0,2321.836347,0.0,0.0,0.0,1.0,2.321836,0.0,0.0,2.321836,3.0,0.0,0.0,0.0,0.0,0.0,0.0,0.0,1.0,0.0,2.0,2.0,0.0,0.0,0.0,0.0,0.0,0.0,0.0,0.0,0.0,0.0,0.0,0.0,0.0,2.0,2.0,1.0,1.0,0.0
2021,17,2021_17_LV_IND,2022-01-02,LV,IND,Home,-3.0,2.082,2.48896,-5.742448,10.313408,-13.313408,5.0,1594.623191,0.0,0.0,1.0,0.0,1.594623,1.0,0.0,1.594623,3.0,0.0,0.0,0.0,0.0,0.0,0.0,0.0,0.0,0.0,2.0,0.0,0.0,0.0,0.0,0.0,0.0,0.0,0.0,0.0,0.0,0.0,0.0,0.0,0.0,0.0,2.0,0.0,1.0,0.0
2021,17,2021_17_MIA_TEN,2022-01-02,MIA,TEN,Home,31.0,2.082,1.745196,-6.047019,9.874215,21.125785,7.0,803.812163,0.0,0.0,4.0,0.0,0.803812,0.0,1.0,0.0,0.0,0.0,0.0,0.0,0.0,0.0,8.0,0.0,0.0,0.0,0.0,0.0,0.0,0.0,0.0,0.0,0.0,0.0,0.0,0.0,0.0,0.0,0.0,0.0,0.0,0.0,0.0,0.0,0.0,-1.0
2021,17,2021_17_MIN_GB,2022-01-02,MIN,GB,Home,27.0,2.082,1.830823,2.629775,1.283048,25.716952,7.0,257.029197,0.0,0.0,1.0,1.0,0.257029,0.0,0.0,0.0,0.0,0.0,0.0,0.0,0.0,0.0,0.0,0.0,0.0,0.0,0.0,0.0,0.0,0.0,0.0,0.0,0.0,4.0,0.0,3.0,0.0,0.0,-1.0,0.0,0.0,0.0,0.0,0.0,1.0,0.0
2021,17,2021_17_NYG_CHI,2022-01-02,NYG,CHI,Home,26.0,2.082,0.467338,-4.892305,7.441643,18.558357,1.0,705.515207,0.0,0.0,0.0,1.0,0.705515,0.0,0.0,0.705515,0.0,0.0,-2.0,0.0,0.0,0.0,0.0,0.0,0.0,0.0,0.0,0.0,0.0,0.0,0.0,0.0,0.0,0.0,0.0,0.0,0.0,0.0,0.0,0.0,0.0,0.0,2.0,0.0,1.0,0.0
2021,17,2021_17_PHI_WAS,2022-01-02,PHI,WAS,Home,-4.0,2.082,-6.319415,1.538332,-5.775747,1.775747,2.0,113.642178,0.0,0.0,0.0,0.0,0.113642,0.0,0.0,0.0,0.0,0.0,0.0,0.0,0.0,0.0,0.0,0.0,0.0,0.0,0.0,4.0,0.0,0.0,0.0,0.0,0.0,0.0,0.0,0.0,0.0,0.0,-1.0,0.0,0.0,0.0,0.0,0.0,0.0,-1.0
2021,17,2021_17_TB_NYJ,2022-01-02,TB,NYJ,Home,-4.0,2.082,-6.92432,1.255078,-6.097397,2.097397,2.0,1007.584684,0.0,0.0,0.0,0.0,1.007585,0.0,1.0,0.0,0.0,0.0,0.0,0.0,0.0,0.0,0.0,0.0,1.0,0.0,0.0,0.0,0.0,0.0,0.0,0.0,0.0,0.0,0.0,0.0,0.0,0.0,0.0,0.0,0.0,0.0,0.0,0.0,1.0,0.0
2021,18,2021_18_CAR_TB,2022-01-09,CAR,TB,Home,24.0,2.082,1.182898,-3.826263,7.091161,16.908839,0.0,510.22365,0.0,0.0,0.0,0.0,0.510224,0.0,0.0,0.510224,0.0,0.0,0.0,0.0,0.0,0.0,0.0,0.0,0.0,0.0,0.0,0.0,0.0,0.0,0.0,0.0,0.0,0.0,0.0,0.0,0.0,0.0,-1.0,0.0,0.0,0.0,2.0,0.0,0.0,-1.0
2021,18,2021_18_CHI_MIN,2022-01-09,CHI,MIN,Home,14.0,2.082,2.25968,0.81389,3.52779,10.47221,2.0,355.333612,0.0,0.0,0.0,0.0,0.355334,0.0,0.0,0.0,0.0,0.0,0.0,0.0,0.0,0.0,0.0,0.0,0.0,0.0,0.0,2.0,0.0,0.0,0.0,0.0,0.0,0.0,0.0,0.0,0.0,0.0,-1.0,0.0,0.0,0.0,0.0,0.0,1.0,0.0
2021,18,2021_18_CIN_CLE,2022-01-09,CIN,CLE,Home,5.0,2.082,-1.489535,-2.312044,2.904509,2.095491,-4.0,223.065569,0.0,0.0,-1.0,1.0,0.223066,0.0,0.0,0.0,0.0,0.0,0.0,0.0,0.0,0.0,0.0,0.0,0.0,0.0,0.0,0.0,0.0,0.0,0.0,0.0,-4.0,0.0,0.0,0.0,0.0,0.0,-1.0,0.0,0.0,0.0,0.0,0.0,1.0,0.0
2021,18,2021_18_DAL_PHI,2022-01-08,DAL,PHI,Home,-25.0,2.082,1.425937,3.977567,-0.46963,-24.53037,3.0,1312.507638,0.0,0.0,0.0,1.0,1.312508,1.0,0.0,0.0,0.0,0.0,0.0,0.0,0.0,0.0,0.0,0.0,0.0,0.0,0.0,0.0,0.0,0.0,0.0,0.0,0.0,0.0,0.0,3.0,0.0,0.0,-1.0,0.0,0.0,0.0,0.0,0.0,1.0,0.0
2021,18,2021_18_GB_DET,2022-01-09,GB,DET,Home,7.0,2.082,-4.003694,2.296945,-4.218639,11.218639,2.0,292.632421,0.0,0.0,0.0,0.0,0.292632,0.0,0.0,0.0,1.0,0.0,0.0,0.0,0.0,0.0,0.0,0.0,0.0,0.0,0.0,2.0,0.0,0.0,0.0,0.0,0.0,0.0,0.0,0.0,0.0,0.0,-1.0,0.0,0.0,0.0,0.0,0.0,1.0,0.0
2021,18,2021_18_IND_JAX,2022-01-09,IND,JAX,Home,15.0,2.082,-6.793233,2.229786,-6.941019,21.941019,4.0,700.191122,0.0,0.0,0.0,1.0,0.700191,0.0,0.0,0.0,0.0,0.0,0.0,0.0,0.0,0.0,0.0,0.0,0.0,0.0,0.0,4.0,0.0,0.0,0.0,0.0,0.0,0.0,0.0,0.0,0.0,0.0,-1.0,0.0,0.0,0.0,0.0,0.0,1.0,0.0
2021,18,2021_18_KC_DEN,2022-01-08,KC,DEN,Home,-4.0,2.082,-0.76037,7.047281,-5.725651,1.725651,2.0,564.281843,1.0,0.0,0.0,0.0,0.564282,0.0,0.0,0.564282,0.0,0.0,0.0,0.0,0.0,0.0,0.0,0.0,0.0,0.0,0.0,2.0,0.0,0.0,0.0,0.0,0.0,0.0,0.0,0.0,0.0,0.0,-1.0,0.0,0.0,0.0,2.0,0.0,0.0,-1.0
2021,18,2021_18_LAC_LV,2022-01-09,LAC,LV,Home,3.0,2.082,-5.528271,2.310019,-5.756289,8.756289,4.0,231.708179,0.0,0.0,0.0,1.0,0.231708,0.0,0.0,0.0,0.0,0.0,0.0,0.0,0.0,0.0,0.0,0.0,0.0,0.0,0.0,0.0,0.0,0.0,0.0,0.0,0.0,4.0,0.0,0.0,0.0,0.0,-1.0,0.0,0.0,0.0,0.0,0.0,1.0,0.0
2021,18,2021_18_NE_MIA,2022-01-09,NE,MIA,Home,9.0,2.082,-6.406125,7.367599,-11.691723,20.691723,4.0,1225.685856,0.0,0.0,0.0,1.0,1.225686,0.0,1.0,0.0,0.0,0.0,0.0,0.0,0.0,0.0,0.0,0.0,0.0,0.0,0.0,4.0,0.0,0.0,0.0,0.0,0.0,0.0,0.0,0.0,0.0,0.0,-1.0,0.0,0.0,0.0,0.0,0.0,1.0,0.0
2021,18,2021_18_NO_ATL,2022-01-09,NO,ATL,Home,-10.0,2.082,-2.912384,4.789777,-5.620161,-4.379839,-2.0,424.399135,0.0,0.0,0.0,0.0,0.424399,0.0,0.0,0.0,0.0,0.0,0.0,0.0,0.0,0.0,0.0,0.0,0.0,0.0,0.0,0.0,0.0,0.0,0.0,0.0,0.0,0.0,0.0,0.0,0.0,0.0,-1.0,0.0,0.0,0.0,0.0,0.0,0.0,-1.0
2021,18,2021_18_NYJ_BUF,2022-01-09,NYJ,BUF,Home,17.0,2.082,1.741574,-6.920621,10.744194,6.255806,-2.0,277.911498,0.0,0.0,0.0,0.0,0.277911,0.0,0.0,0.0,0.0,0.0,0.0,0.0,0.0,0.0,0.0,0.0,0.0,0.0,0.0,0.0,0.0,0.0,0.0,0.0,0.0,0.0,0.0,0.0,0.0,0.0,-1.0,0.0,0.0,0.0,0.0,0.0,0.0,-1.0
2021,18,2021_18_PIT_BAL,2022-01-09,PIT,BAL,Home,-3.0,2.082,6.235816,0.403603,7.914213,-10.914213,4.0,197.2245,0.0,0.0,1.0,0.0,0.197225,0.0,0.0,0.0,0.0,0.0,0.0,0.0,0.0,0.0,0.0,6.0,0.0,0.0,0.0,0.0,0.0,0.0,0.0,0.0,0.0,0.0,0.0,0.0,0.0,0.0,-1.0,0.0,0.0,0.0,0.0,0.0,0.0,-1.0
2021,18,2021_18_SEA_ARI,2022-01-09,SEA,ARI,Home,-8.0,2.082,-2.500059,2.668838,-3.086898,-4.913102,0.0,1104.209444,0.0,0.0,0.0,1.0,1.104209,0.0,1.0,0.0,0.0,0.0,0.0,0.0,0.0,0.0,0.0,0.0,0.0,0.0,0.0,0.0,0.0,0.0,0.0,0.0,0.0,0.0,0.0,0.0,0.0,0.0,-1.0,0.0,0.0,0.0,0.0,0.0,1.0,0.0
2021,18,2021_18_SF_LA,2022-01-09,SF,LAR,Home,-3.0,2.082,5.387274,2.758864,4.71041,-7.71041,0.0,313.511192,0.0,0.0,0.0,0.0,0.313511,0.0,0.0,0.0,0.0,0.0,0.0,0.0,0.0,0.0,0.0,0.0,0.0,0.0,0.0,0.0,0.0,0.0,0.0,0.0,0.0,0.0,0.0,0.0,0.0,0.0,-1.0,0.0,0.0,0.0,0.0,0.0,1.0,0.0
2021,18,2021_18_TEN_HOU,2022-01-09,TEN,HOU,Home,-3.0,2.082,-1.874201,2.036075,-1.828275,-1.171725,0.0,671.468776,0.0,0.0,0.0,0.0,0.671469,0.0,0.0,0.0,0.0,0.0,0.0,0.0,0.0,0.0,0.0,0.0,0.0,0.0,0.0,0.0,0.0,0.0,0.0,0.0,0.0,0.0,0.0,0.0,0.0,0.0,-1.0,0.0,0.0,0.0,0.0,0.0,1.0,0.0
2021,18,2021_18_WAS_NYG,2022-01-09,WAS,NYG,Home,-15.0,2.082,-5.264149,-6.342473,3.160324,-18.160324,4.0,198.052961,0.0,0.0,0.0,0.0,0.198053,0.0,0.0,0.198053,0.0,0.0,0.0,0.0,0.0,0.0,0.0,0.0,0.0,0.0,0.0,2.0,0.0,0.0,0.0,0.0,0.0,0.0,0.0,0.0,0.0,0.0,-1.0,0.0,0.0,0.0,2.0,0.0,1.0,0.0
2022,1,2022_01_BAL_NYJ,2022-09-11,BAL,NYJ,Home,-15.0,2.082,-6.696444,5.911543,-10.525986,-4.474014,1.0,171.514888,0.0,0.0,0.0,0.0,0.171515,0.0,0.0,0.0,0.0,0.0,0.0,0.0,0.0,0.0,0.0,0.0,0.0,0.0,0.0,0.0,0.0,0.0,0.0,0.0,0.0,0.0,0.0,0.0,0.0,0.0,0.0,0.0,0.0,0.0,0.0,0.0,1.0,0.0
2022,1,2022_01_BUF_LA,2022-09-08,BUF,LAR,Home,-21.0,2.082,3.737692,5.338386,0.481306,-21.481306,13.0,2205.616892,0.0,0.0,0.0,0.0,2.205617,0.0,0.0,0.0,0.0,3.0,0.0,0.0,0.0,0.0,0.0,0.0,1.0,0.0,0.0,0.0,0.0,0.0,0.0,0.0,0.0,0.0,2.0,0.0,6.0,0.0,0.0,0.0,4.0,0.0,0.0,1.0,0.0,-1.0
2022,1,2022_01_CLE_CAR,2022-09-11,CLE,CAR,Home,-2.0,2.082,-5.397651,-1.185701,-2.12995,0.12995,0.0,436.337993,0.0,0.0,0.0,0.0,0.436338,0.0,0.0,0.0,0.0,0.0,0.0,0.0,0.0,0.0,0.0,0.0,1.0,0.0,0.0,0.0,0.0,0.0,0.0,0.0,0.0,0.0,0.0,0.0,0.0,0.0,0.0,0.0,0.0,0.0,0.0,0.0,0.0,-1.0
2022,1,2022_01_DEN_SEA,2022-09-12,DEN,SEA,Home,1.0,2.082,1.723106,-1.042873,4.847979,-3.847979,5.0,1017.706428,0.0,0.0,0.0,0.0,1.017706,0.0,1.0,0.0,0.0,1.0,0.0,0.0,0.0,0.0,0.0,0.0,1.0,0.0,0.0,0.0,0.0,2.0,0.0,0.0,0.0,0.0,0.0,0.0,0.0,1.0,0.0,0.0,0.0,0.0,0.0,0.0,1.0,0.0
2022,1,2022_01_GB_MIN,2022-09-11,GB,MIN,Home,16.0,2.082,2.406073,3.337887,1.150186,14.849814,0.0,257.029197,0.0,0.0,0.0,0.0,0.257029,0.0,0.0,0.0,0.0,0.0,0.0,0.0,0.0,0.0,0.0,0.0,0.0,0.0,0.0,0.0,0.0,0.0,0.0,0.0,0.0,0.0,0.0,0.0,0.0,0.0,-1.0,0.0,0.0,0.0,0.0,0.0,1.0,0.0
2022,1,2022_01_IND_HOU,2022-09-11,IND,HOU,Home,0.0,2.082,-4.348843,1.138718,-3.405561,3.405561,-2.0,870.881595,0.0,0.0,0.0,0.0,0.870882,0.0,1.0,0.0,0.0,0.0,0.0,0.0,0.0,0.0,0.0,0.0,0.0,0.0,0.0,0.0,0.0,0.0,0.0,0.0,0.0,0.0,0.0,0.0,0.0,0.0,-1.0,0.0,0.0,0.0,0.0,0.0,0.0,-1.0
2022,1,2022_01_JAX_WAS,2022-09-11,JAX,WAS,Home,6.0,2.082,-6.140939,-7.392578,3.333639,2.666361,0.0,651.967996,0.0,0.0,0.0,0.0,0.651968,0.0,0.0,0.0,0.0,0.0,0.0,0.0,0.0,0.0,0.0,0.0,1.0,0.0,0.0,0.0,0.0,0.0,0.0,0.0,0.0,0.0,0.0,0.0,0.0,0.0,0.0,0.0,0.0,0.0,0.0,0.0,0.0,-1.0
2022,1,2022_01_KC_ARI,2022-09-11,KC,ARI,Home,-23.0,2.082,0.707272,6.021283,-3.232011,-19.767989,0.0,1058.847915,0.0,0.0,0.0,0.0,1.058848,0.0,1.0,0.0,0.0,0.0,0.0,0.0,0.0,0.0,0.0,0.0,1.0,0.0,0.0,0.0,0.0,0.0,0.0,0.0,0.0,0.0,0.0,0.0,0.0,0.0,0.0,0.0,0.0,0.0,0.0,0.0,0.0,-1.0
2022,1,2022_01_LV_LAC,2022-09-11,LV,LAC,Home,5.0,2.082,-0.050945,-4.324775,6.355829,-1.355829,0.0,231.708179,0.0,0.0,0.0,0.0,0.231708,0.0,0.0,0.0,0.0,0.0,0.0,0.0,0.0,0.0,0.0,0.0,0.0,0.0,0.0,0.0,0.0,0.0,0.0,0.0,0.0,0.0,0.0,0.0,0.0,0.0,-1.0,0.0,0.0,0.0,0.0,0.0,1.0,0.0
2022,1,2022_01_NE_MIA,2022-09-11,NE,MIA,Home,13.0,2.082,-5.230902,7.80308,-10.951982,23.951982,0.0,1225.685856,0.0,0.0,0.0,1.0,1.225686,0.0,1.0,0.0,0.0,0.0,0.0,0.0,0.0,0.0,0.0,0.0,0.0,0.0,0.0,0.0,0.0,0.0,0.0,0.0,0.0,0.0,0.0,0.0,0.0,0.0,-1.0,0.0,0.0,0.0,0.0,0.0,1.0,0.0
2022,1,2022_01_NO_ATL,2022-09-11,NO,ATL,Home,-1.0,2.082,-3.804193,3.401349,-5.123542,4.123542,-2.0,424.399135,0.0,0.0,0.0,0.0,0.424399,0.0,0.0,0.0,1.0,0.0,0.0,0.0,0.0,0.0,0.0,0.0,0.0,0.0,0.0,0.0,0.0,0.0,0.0,0.0,0.0,0.0,0.0,0.0,0.0,0.0,-1.0,0.0,0.0,0.0,0.0,0.0,0.0,-1.0
2022,1,2022_01_NYG_TEN,2022-09-11,NYG,TEN,Home,-1.0,2.082,2.823324,-6.379179,11.284503,-12.284503,2.0,757.021023,0.0,0.0,0.0,1.0,0.757021,0.0,1.0,0.0,0.0,0.0,0.0,0.0,0.0,0.0,0.0,0.0,1.0,0.0,0.0,0.0,0.0,0.0,0.0,0.0,0.0,0.0,0.0,0.0,0.0,0.0,0.0,0.0,0.0,0.0,0.0,0.0,1.0,0.0
2022,1,2022_01_PHI_DET,2022-09-11,PHI,DET,Home,-3.0,2.082,-4.818446,1.401334,-4.13778,1.13778,1.0,443.115041,0.0,0.0,0.0,0.0,0.443115,0.0,0.0,0.0,0.0,0.0,0.0,0.0,0.0,0.0,0.0,0.0,0.0,0.0,0.0,0.0,0.0,0.0,0.0,0.0,0.0,0.0,0.0,0.0,0.0,0.0,0.0,0.0,0.0,0.0,0.0,0.0,1.0,0.0
2022,1,2022_01_PIT_CIN,2022-09-11,PIT,CIN,Home,-3.0,2.082,-1.295116,-0.829465,1.616349,-4.616349,-4.0,256.539705,0.0,0.0,0.0,0.0,0.25654,0.0,0.0,0.0,0.0,0.0,0.0,0.0,0.0,0.0,0.0,0.0,0.0,0.0,0.0,0.0,0.0,0.0,0.0,0.0,0.0,0.0,0.0,0.0,0.0,0.0,-1.0,-4.0,0.0,0.0,0.0,0.0,1.0,0.0
2022,1,2022_01_SF_CHI,2022-09-11,SF,CHI,Home,9.0,2.082,-2.438634,5.906676,-6.263309,15.263309,1.0,1841.187567,0.0,0.0,0.0,0.0,1.841188,1.0,0.0,0.0,2.0,0.0,0.0,0.0,0.0,0.0,0.0,0.0,0.0,0.0,2.0,0.0,0.0,0.0,0.0,0.0,0.0,0.0,0.0,0.0,0.0,0.0,0.0,0.0,0.0,0.0,0.0,0.0,0.0,-1.0
2022,1,2022_01_TB_DAL,2022-09-11,TB,DAL,Home,-16.0,2.082,6.306774,3.412186,4.976587,-20.976587,11.0,929.222419,0.0,0.0,0.0,0.0,0.929222,0.0,1.0,0.0,0.0,1.0,0.0,0.0,0.0,0.0,0.0,0.0,0.0,0.0,0.0,0.0,0.0,0.0,0.0,0.0,0.0,4.0,0.0,0.0,6.0,0.0,0.0,0.0,0.0,0.0,0.0,0.0,1.0,0.0
2022,2,2022_02_ARI_LV,2022-09-18,ARI,LV,Home,-6.0,2.082,-4.207348,0.133115,-2.258463,-3.741537,-2.0,242.485052,0.0,0.0,0.0,0.0,0.242485,0.0,0.0,0.0,0.0,0.0,-2.0,0.0,0.0,0.0,0.0,0.0,1.0,0.0,0.0,0.0,0.0,0.0,0.0,0.0,0.0,0.0,0.0,0.0,0.0,0.0,0.0,0.0,0.0,0.0,0.0,0.0,0.0,-1.0
2022,2,2022_02_ATL_LA,2022-09-18,ATL,LAR,Home,4.0,2.082,3.146384,-3.723005,8.951389,-4.951389,3.0,1938.356979,0.0,0.0,3.0,0.0,1.938357,1.0,0.0,0.0,0.0,0.0,0.0,0.0,0.0,0.0,0.0,0.0,0.0,0.0,0.0,2.0,0.0,0.0,0.0,0.0,0.0,0.0,0.0,0.0,0.0,0.0,0.0,0.0,2.0,0.0,0.0,0.0,0.0,-1.0
2022,2,2022_02_CAR_NYG,2022-09-18,CAR,NYG,Home,3.0,2.082,-6.067096,-5.406409,1.421313,1.578687,1.0,533.679722,0.0,0.0,0.0,0.0,0.53368,0.0,0.0,0.0,0.0,0.0,0.0,0.0,0.0,0.0,0.0,0.0,0.0,0.0,0.0,0.0,0.0,0.0,0.0,0.0,0.0,0.0,0.0,0.0,0.0,0.0,0.0,0.0,0.0,0.0,0.0,0.0,1.0,0.0
2022,2,2022_02_CHI_GB,2022-09-18,CHI,GB,Home,17.0,2.082,3.034131,-2.100743,7.216874,9.783126,5.0,183.712916,0.0,0.0,0.0,0.0,0.183713,0.0,0.0,0.0,0.0,0.0,0.0,0.0,0.0,0.0,0.0,0.0,0.0,0.0,0.0,0.0,0.0,0.0,0.0,0.0,0.0,4.0,0.0,3.0,0.0,0.0,-1.0,0.0,0.0,0.0,0.0,0.0,0.0,-1.0
2022,2,2022_02_CIN_DAL,2022-09-18,CIN,DAL,Home,3.0,2.082,5.876657,-1.39934,9.357997,-6.357997,6.0,828.092361,0.0,0.0,0.0,0.0,0.828092,0.0,1.0,0.0,0.0,0.0,0.0,0.0,0.0,4.0,0.0,0.0,1.0,0.0,0.0,0.0,0.0,0.0,0.0,0.0,0.0,0.0,0.0,0.0,0.0,0.0,0.0,2.0,0.0,0.0,0.0,0.0,0.0,-1.0
2022,2,2022_02_HOU_DEN,2022-09-18,HOU,DEN,Home,7.0,2.082,-0.883505,-4.321257,5.519752,1.480248,1.0,882.508543,1.0,0.0,-1.0,1.0,0.882509,0.0,1.0,0.0,0.0,0.0,0.0,0.0,0.0,4.0,0.0,0.0,0.0,0.0,0.0,0.0,0.0,0.0,0.0,0.0,-4.0,0.0,0.0,0.0,0.0,0.0,0.0,0.0,0.0,0.0,0.0,0.0,1.0,0.0
2022,2,2022_02_IND_JAX,2022-09-18,IND,JAX,Home,24.0,2.082,-7.486585,1.056864,-6.461449,30.461449,2.0,700.191122,0.0,0.0,0.0,1.0,0.700191,0.0,0.0,0.0,0.0,0.0,0.0,0.0,2.0,0.0,0.0,0.0,0.0,0.0,0.0,0.0,0.0,0.0,0.0,0.0,0.0,0.0,0.0,0.0,0.0,0.0,-1.0,0.0,0.0,0.0,0.0,0.0,1.0,0.0
2022,2,2022_02_LAC_KC,2022-09-15,LAC,KC,Home,3.0,2.082,6.501572,0.006346,8.577226,-5.577226,2.0,1366.48133,0.0,0.0,0.0,1.0,1.366481,1.0,0.0,0.0,0.0,0.0,0.0,0.0,0.0,0.0,0.0,0.0,0.0,0.0,0.0,0.0,0.0,0.0,0.0,0.0,0.0,0.0,2.0,0.0,0.0,0.0,-1.0,0.0,0.0,0.0,0.0,0.0,1.0,0.0
2022,2,2022_02_MIA_BAL,2022-09-18,MIA,BAL,Home,-4.0,2.082,6.0236,-4.654845,12.760445,-16.760445,-1.0,943.840878,0.0,0.0,0.0,0.0,0.943841,0.0,1.0,0.0,0.0,0.0,0.0,0.0,0.0,0.0,0.0,0.0,0.0,0.0,0.0,0.0,0.0,0.0,0.0,0.0,0.0,0.0,0.0,0.0,0.0,0.0,0.0,0.0,0.0,0.0,0.0,0.0,0.0,-1.0
2022,2,2022_02_MIN_PHI,2022-09-19,MIN,PHI,Home,17.0,2.082,1.410765,2.723655,0.76911,16.23089,6.0,984.175988,0.0,0.0,0.0,1.0,0.984176,0.0,1.0,0.0,0.0,0.0,0.0,0.0,0.0,0.0,0.0,0.0,0.0,0.0,0.0,0.0,0.0,2.0,0.0,0.0,0.0,0.0,0.0,3.0,0.0,0.0,0.0,0.0,0.0,0.0,0.0,0.0,1.0,0.0
2022,2,2022_02_NE_PIT,2022-09-18,NE,PIT,Home,-3.0,2.082,-0.724771,7.35134,-5.994111,2.994111,-1.0,468.229207,0.0,0.0,0.0,1.0,0.468229,0.0,0.0,0.0,0.0,0.0,0.0,0.0,0.0,0.0,0.0,0.0,0.0,0.0,0.0,0.0,0.0,0.0,-2.0,0.0,0.0,0.0,0.0,0.0,0.0,0.0,0.0,0.0,0.0,0.0,0.0,0.0,1.0,0.0
2022,2,2022_02_NYJ_CLE,2022-09-18,NYJ,CLE,Home,-1.0,2.082,-1.206262,-6.735413,7.611151,-8.611151,1.0,399.386058,0.0,0.0,0.0,1.0,0.399386,0.0,0.0,0.0,0.0,0.0,0.0,0.0,0.0,0.0,0.0,0.0,0.0,0.0,0.0,0.0,0.0,0.0,0.0,0.0,0.0,0.0,0.0,0.0,0.0,0.0,0.0,0.0,0.0,0.0,0.0,0.0,1.0,0.0
2022,2,2022_02_SEA_SF,2022-09-18,SEA,SF,Home,20.0,2.082,5.424777,1.499402,6.007375,13.992625,6.0,704.452846,0.0,0.0,1.0,1.0,0.704453,0.0,0.0,0.0,0.0,0.0,0.0,0.0,0.0,0.0,0.0,6.0,0.0,0.0,0.0,0.0,0.0,0.0,0.0,0.0,0.0,0.0,0.0,0.0,0.0,0.0,-1.0,0.0,0.0,0.0,0.0,0.0,1.0,0.0
2022,2,2022_02_TB_NO,2022-09-18,TB,NO,Home,-10.0,2.082,3.292427,3.857669,1.516758,-11.516758,0.0,477.877282,0.0,0.0,0.0,0.0,0.477877,0.0,0.0,0.0,0.0,0.0,0.0,0.0,0.0,0.0,0.0,0.0,0.0,0.0,0.0,0.0,0.0,0.0,0.0,0.0,0.0,0.0,0.0,0.0,0.0,0.0,-1.0,0.0,0.0,0.0,0.0,0.0,1.0,0.0
2022,2,2022_02_TEN_BUF,2022-09-19,TEN,BUF,Home,34.0,2.082,5.858619,2.546374,5.394245,28.605755,6.0,623.736637,0.0,0.0,3.0,0.0,0.623737,0.0,0.0,0.0,0.0,0.0,0.0,0.0,0.0,0.0,0.0,0.0,0.0,0.0,0.0,0.0,0.0,2.0,0.0,0.0,0.0,0.0,0.0,3.0,0.0,0.0,0.0,0.0,0.0,0.0,0.0,0.0,1.0,0.0
2022,2,2022_02_WAS_DET,2022-09-18,WAS,DET,Home,9.0,2.082,-4.778113,-6.049009,3.352896,5.647104,1.0,401.453358,0.0,0.0,0.0,0.0,0.401453,0.0,0.0,0.0,0.0,0.0,0.0,0.0,0.0,0.0,0.0,0.0,0.0,0.0,0.0,0.0,0.0,0.0,0.0,0.0,0.0,0.0,0.0,0.0,0.0,0.0,0.0,0.0,0.0,0.0,0.0,0.0,1.0,0.0
2022,3,2022_03_ATL_SEA,2022-09-25,ATL,SEA,Home,-4.0,2.082,1.154552,-3.573728,6.810279,-10.810279,4.0,2177.298328,0.0,0.0,0.0,0.0,2.177298,0.0,0.0,0.0,0.0,0.0,0.0,0.0,0.0,0.0,0.0,0.0,0.0,0.0,0.0,2.0,0.0,0.0,0.0,0.0,0.0,0.0,0.0,0.0,0.0,0.0,0.0,0.0,0.0,2.0,0.0,1.0,0.0,-1.0
2022,3,2022_03_BAL_NE,2022-09-25,BAL,NE,Home,-11.0,2.082,7.398084,5.649229,3.830855,-14.830855,1.0,341.347456,0.0,0.0,0.0,0.0,0.341347,0.0,0.0,0.0,0.0,0.0,0.0,0.0,0.0,0.0,0.0,0.0,0.0,0.0,0.0,0.0,0.0,0.0,0.0,0.0,0.0,0.0,0.0,0.0,0.0,0.0,0.0,0.0,0.0,0.0,0.0,0.0,1.0,0.0
2022,3,2022_03_BUF_MIA,2022-09-25,BUF,MIA,Home,2.0,2.082,-4.216012,6.544818,-8.67883,10.67883,6.0,1164.757936,0.0,0.0,1.0,1.0,1.164758,0.0,1.0,0.0,0.0,0.0,0.0,0.0,0.0,0.0,0.0,6.0,0.0,0.0,0.0,0.0,0.0,0.0,0.0,0.0,0.0,0.0,0.0,0.0,0.0,0.0,-1.0,0.0,0.0,0.0,0.0,0.0,1.0,0.0
2022,3,2022_03_CIN_NYJ,2022-09-25,CIN,NYJ,Home,-15.0,2.082,-6.431441,-1.250153,-3.099288,-11.900712,1.0,565.248051,0.0,0.0,0.0,0.0,0.565248,0.0,0.0,0.0,0.0,0.0,0.0,0.0,0.0,0.0,0.0,0.0,0.0,0.0,0.0,0.0,0.0,0.0,0.0,0.0,0.0,0.0,0.0,0.0,0.0,0.0,0.0,2.0,0.0,0.0,0.0,0.0,0.0,-1.0
2022,3,2022_03_DAL_NYG,2022-09-26,DAL,NYG,Home,-7.0,2.082,-5.98743,5.788225,-9.693655,2.693655,3.0,1385.055729,0.0,0.0,0.0,0.0,1.385056,1.0,0.0,0.0,0.0,0.0,0.0,0.0,0.0,0.0,0.0,0.0,0.0,0.0,0.0,0.0,0.0,2.0,0.0,0.0,0.0,0.0,0.0,3.0,0.0,0.0,-1.0,0.0,0.0,0.0,0.0,0.0,0.0,-1.0
2022,3,2022_03_DET_MIN,2022-09-25,DET,MIN,Home,4.0,2.082,2.343799,-4.673844,9.099642,-5.099642,-6.0,541.488485,0.0,0.0,-1.0,0.0,0.541488,0.0,0.0,0.0,0.0,0.0,0.0,0.0,0.0,0.0,0.0,0.0,0.0,0.0,0.0,0.0,0.0,0.0,0.0,0.0,-4.0,0.0,0.0,0.0,0.0,0.0,-1.0,0.0,0.0,0.0,0.0,0.0,0.0,-1.0
2022,3,2022_03_GB_TB,2022-09-25,GB,TB,Home,-2.0,2.082,4.108087,3.183564,3.006523,-5.006523,-1.0,1182.326016,0.0,0.0,0.0,0.0,1.182326,0.0,1.0,0.0,0.0,0.0,0.0,0.0,0.0,0.0,0.0,0.0,0.0,0.0,0.0,0.0,0.0,0.0,0.0,0.0,0.0,0.0,0.0,0.0,0.0,0.0,0.0,0.0,0.0,0.0,0.0,0.0,0.0,-1.0
2022,3,2022_03_HOU_CHI,2022-09-25,HOU,CHI,Home,3.0,2.082,-2.345261,-4.419016,4.155754,-1.155754,2.0,947.04363,0.0,0.0,0.0,1.0,0.947044,0.0,1.0,0.0,0.0,0.0,0.0,0.0,0.0,0.0,0.0,0.0,1.0,0.0,0.0,0.0,0.0,0.0,0.0,0.0,0.0,0.0,0.0,0.0,0.0,0.0,0.0,0.0,0.0,0.0,0.0,0.0,1.0,0.0
2022,3,2022_03_JAX_LAC,2022-09-25,JAX,LAC,Home,-28.0,2.082,0.076566,-6.879284,9.03785,-37.03785,2.0,2150.464892,0.0,0.0,3.0,0.0,2.150465,0.0,0.0,0.0,0.0,0.0,0.0,0.0,0.0,0.0,0.0,0.0,0.0,0.0,0.0,0.0,0.0,0.0,0.0,0.0,0.0,0.0,0.0,0.0,0.0,0.0,0.0,0.0,0.0,0.0,0.0,1.0,1.0,0.0
2022,3,2022_03_KC_IND,2022-09-25,KC,IND,Home,3.0,2.082,0.382415,6.33906,-3.874646,6.874646,3.0,446.727605,0.0,0.0,-3.0,0.0,0.446728,0.0,0.0,0.0,1.0,0.0,0.0,0.0,0.0,0.0,0.0,0.0,0.0,0.0,0.0,2.0,0.0,0.0,0.0,0.0,0.0,0.0,0.0,0.0,0.0,0.0,0.0,0.0,0.0,0.0,0.0,0.0,1.0,0.0
2022,3,2022_03_LA_ARI,2022-09-25,LAR,ARI,Home,-8.0,2.082,0.155771,3.002599,-0.764828,-7.235172,-4.0,350.319259,0.0,0.0,0.0,1.0,0.350319,0.0,0.0,0.0,0.0,0.0,0.0,0.0,0.0,0.0,0.0,0.0,0.0,0.0,0.0,0.0,0.0,0.0,-2.0,0.0,0.0,0.0,0.0,0.0,0.0,0.0,-1.0,0.0,-2.0,0.0,0.0,0.0,1.0,0.0
2022,3,2022_03_LV_TEN,2022-09-25,LV,TEN,Home,2.0,2.082,1.9145,-4.328741,8.325241,-6.325241,5.0,1579.830881,0.0,0.0,-1.0,0.0,1.579831,1.0,0.0,0.0,2.0,0.0,0.0,0.0,0.0,4.0,0.0,0.0,0.0,0.0,2.0,4.0,0.0,0.0,0.0,0.0,-4.0,0.0,0.0,0.0,0.0,0.0,0.0,0.0,0.0,0.0,0.0,0.0,0.0,-1.0
2022,3,2022_03_NO_CAR,2022-09-25,NO,CAR,Home,8.0,2.082,-5.419204,3.062069,-6.399273,14.399273,0.0,648.697077,0.0,0.0,0.0,1.0,0.648697,0.0,0.0,0.0,1.0,0.0,0.0,0.0,0.0,0.0,0.0,0.0,0.0,0.0,0.0,0.0,0.0,0.0,0.0,0.0,0.0,0.0,0.0,0.0,0.0,0.0,-1.0,0.0,0.0,0.0,0.0,0.0,1.0,0.0
2022,3,2022_03_PHI_WAS,2022-09-25,PHI,WAS,Home,-16.0,2.082,-6.085532,1.813082,-5.816615,-10.183385,4.0,113.642178,0.0,0.0,1.0,0.0,0.113642,0.0,0.0,0.0,0.0,0.0,0.0,0.0,0.0,0.0,0.0,6.0,0.0,0.0,0.0,0.0,0.0,0.0,0.0,0.0,0.0,0.0,0.0,0.0,0.0,0.0,-1.0,0.0,0.0,0.0,0.0,0.0,0.0,-1.0
2022,3,2022_03_PIT_CLE,2022-09-22,PIT,CLE,Home,12.0,2.082,-1.417064,-0.695895,1.36083,10.63917,6.0,114.323201,0.0,0.0,0.0,0.0,0.114323,0.0,0.0,0.0,0.0,0.0,0.0,0.0,0.0,0.0,0.0,0.0,0.0,0.0,0.0,0.0,0.0,0.0,0.0,0.0,0.0,0.0,2.0,0.0,6.0,0.0,-1.0,0.0,0.0,0.0,0.0,0.0,0.0,-1.0
2022,3,2022_03_SF_DEN,2022-09-25,SF,DEN,Home,1.0,2.082,-0.872893,5.67908,-4.469973,5.469973,4.0,928.296054,1.0,0.0,0.0,0.0,0.928296,0.0,1.0,0.0,0.0,0.0,0.0,0.0,0.0,0.0,0.0,0.0,1.0,0.0,0.0,0.0,0.0,0.0,0.0,0.0,0.0,4.0,0.0,0.0,0.0,0.0,0.0,0.0,0.0,0.0,0.0,0.0,0.0,-1.0
2022,4,2022_04_ARI_CAR,2022-10-02,ARI,CAR,Home,-10.0,2.082,-5.109601,0.034102,-3.061703,-6.938297,-1.0,1787.574105,0.0,0.0,0.0,0.0,1.787574,1.0,0.0,0.0,0.0,0.0,0.0,0.0,0.0,0.0,0.0,0.0,0.0,0.0,0.0,0.0,0.0,0.0,0.0,0.0,0.0,0.0,0.0,0.0,0.0,0.0,0.0,0.0,0.0,0.0,0.0,0.0,0.0,-1.0
2022,4,2022_04_BUF_BAL,2022-10-02,BUF,BAL,Home,-3.0,2.082,5.976169,6.299549,1.75862,-4.75862,3.0,266.554138,0.0,0.0,0.0,1.0,0.266554,0.0,0.0,0.266554,0.0,0.0,0.0,0.0,0.0,0.0,0.0,0.0,0.0,0.0,0.0,0.0,0.0,0.0,0.0,0.0,0.0,0.0,0.0,0.0,0.0,0.0,0.0,0.0,0.0,0.0,2.0,0.0,1.0,0.0
2022,4,2022_04_CHI_NYG,2022-10-02,CHI,NYG,Home,8.0,2.082,-5.964051,-2.382158,-1.499893,9.499893,1.0,705.515207,0.0,0.0,-1.0,0.0,0.705515,0.0,0.0,0.0,1.0,0.0,0.0,0.0,0.0,0.0,0.0,0.0,0.0,0.0,0.0,0.0,0.0,0.0,0.0,0.0,0.0,0.0,0.0,0.0,0.0,0.0,0.0,0.0,0.0,0.0,0.0,0.0,1.0,0.0
2022,4,2022_04_CLE_ATL,2022-10-02,CLE,ATL,Home,3.0,2.082,-3.320294,-1.190611,-0.047683,3.047683,2.0,555.462572,0.0,0.0,-3.0,0.0,0.555463,0.0,0.0,0.0,0.0,0.0,0.0,0.0,0.0,0.0,0.0,0.0,1.0,0.0,0.0,0.0,0.0,0.0,0.0,0.0,0.0,0.0,0.0,0.0,0.0,0.0,0.0,0.0,0.0,0.0,0.0,0.0,1.0,0.0
2022,4,2022_04_DEN_LV,2022-10-02,DEN,LV,Home,9.0,2.082,-4.247804,-0.78831,-1.377494,10.377494,-2.0,608.258094,0.0,0.0,0.0,0.0,0.608258,0.0,0.0,0.0,0.0,0.0,0.0,0.0,0.0,0.0,0.0,0.0,0.0,0.0,0.0,0.0,0.0,0.0,0.0,0.0,0.0,0.0,0.0,0.0,0.0,0.0,-1.0,0.0,0.0,0.0,0.0,0.0,0.0,-1.0
2022,4,2022_04_JAX_PHI,2022-10-02,JAX,PHI,Home,8.0,2.082,1.978643,-6.056382,10.117026,-2.117026,2.0,755.476144,0.0,0.0,0.0,0.0,0.755476,0.0,1.0,0.755476,0.0,0.0,0.0,0.0,0.0,0.0,0.0,0.0,1.0,0.0,0.0,0.0,0.0,0.0,0.0,0.0,0.0,0.0,0.0,0.0,0.0,0.0,0.0,0.0,0.0,0.0,2.0,0.0,0.0,-1.0
2022,4,2022_04_KC_TB,2022-10-02,KC,TB,Home,-10.0,2.082,4.02408,6.136562,-0.030481,-9.969519,9.0,1028.447565,0.0,0.0,0.0,0.0,1.028448,0.0,1.0,1.028448,0.0,0.0,0.0,0.0,0.0,0.0,0.0,0.0,1.0,0.0,0.0,0.0,0.0,0.0,0.0,0.0,0.0,4.0,0.0,3.0,0.0,0.0,0.0,0.0,0.0,0.0,2.0,0.0,0.0,-1.0
2022,4,2022_04_LAC_HOU,2022-10-02,LAC,HOU,Home,-10.0,2.082,-4.341143,-0.727772,-1.531371,-8.468629,-1.0,1374.937934,0.0,0.0,0.0,0.0,1.374938,1.0,0.0,0.0,2.0,0.0,-2.0,0.0,0.0,0.0,0.0,0.0,0.0,0.0,2.0,0.0,0.0,0.0,0.0,0.0,0.0,0.0,0.0,0.0,0.0,0.0,0.0,0.0,0.0,0.0,0.0,0.0,0.0,-1.0
2022,4,2022_04_LA_SF,2022-10-03,LAR,SF,Home,15.0,2.082,5.589571,3.170191,4.50138,10.49862,0.0,313.511192,0.0,0.0,0.0,1.0,0.313511,0.0,0.0,0.0,0.0,0.0,0.0,0.0,0.0,0.0,0.0,0.0,0.0,0.0,0.0,0.0,0.0,2.0,0.0,0.0,0.0,0.0,0.0,0.0,0.0,0.0,-1.0,0.0,-2.0,0.0,0.0,0.0,1.0,0.0
2022,4,2022_04_MIA_CIN,2022-09-29,MIA,CIN,Home,12.0,2.082,-0.96829,-4.016495,5.130205,6.869795,7.0,940.958363,0.0,0.0,0.0,0.0,0.940958,0.0,1.0,0.0,0.0,0.0,0.0,0.0,0.0,0.0,0.0,0.0,0.0,0.0,0.0,0.0,0.0,0.0,0.0,0.0,0.0,0.0,2.0,0.0,6.0,0.0,0.0,-2.0,0.0,0.0,0.0,0.0,1.0,0.0
2022,4,2022_04_MIN_NO,2022-10-02,MIN,NO,Neutral,-3.0,0.0,2.78115,2.220649,0.560501,-3.560501,0,,0.0,0.0,0.0,0.0,0.0,0.0,0.0,0.0,0.0,0.0,0.0,0.0,0.0,0.0,0.0,0.0,0.0,0.0,0.0,0.0,0.0,0.0,0.0,0.0,0.0,0.0,0.0,0.0,0.0,0.0,0.0,0.0,0.0,0.0,0.0,0.0,0.0,0.0
2022,4,2022_04_NE_GB,2022-10-02,NE,GB,Home,3.0,2.082,3.260255,7.064099,-1.721844,4.721844,4.0,859.360217,0.0,0.0,0.0,1.0,0.85936,0.0,1.0,0.85936,0.0,0.0,0.0,0.0,0.0,0.0,0.0,0.0,1.0,0.0,0.0,0.0,0.0,0.0,0.0,0.0,0.0,0.0,0.0,0.0,0.0,0.0,0.0,0.0,0.0,0.0,2.0,0.0,1.0,0.0
2022,4,2022_04_NYJ_PIT,2022-10-02,NYJ,PIT,Home,-4.0,2.082,-0.922122,-6.646528,7.806407,-11.806407,1.0,312.511678,0.0,0.0,3.0,1.0,0.312512,0.0,0.0,0.0,0.0,0.0,0.0,0.0,0.0,0.0,0.0,0.0,0.0,0.0,0.0,0.0,0.0,0.0,0.0,0.0,0.0,0.0,0.0,0.0,0.0,0.0,0.0,0.0,0.0,0.0,0.0,0.0,1.0,0.0
2022,4,2022_04_SEA_DET,2022-10-02,SEA,DET,Home,-3.0,2.082,-4.577552,0.936629,-3.432181,0.432181,1.0,1932.981818,0.0,0.0,0.0,0.0,1.932982,1.0,0.0,0.0,3.0,0.0,0.0,0.0,0.0,0.0,0.0,0.0,0.0,0.0,2.0,0.0,0.0,0.0,0.0,0.0,0.0,0.0,0.0,0.0,0.0,0.0,0.0,0.0,0.0,0.0,0.0,0.0,0.0,-1.0
2022,4,2022_04_TEN_IND,2022-10-02,TEN,IND,Home,-7.0,2.082,0.600371,1.818608,0.863763,-7.863763,0.0,250.486953,0.0,0.0,0.0,0.0,0.250487,0.0,0.0,0.0,1.0,0.0,0.0,0.0,0.0,0.0,0.0,0.0,0.0,0.0,0.0,0.0,0.0,0.0,0.0,0.0,0.0,0.0,0.0,0.0,0.0,0.0,-1.0,0.0,0.0,0.0,0.0,0.0,1.0,0.0
2022,4,2022_04_WAS_DAL,2022-10-02,WAS,DAL,Home,15.0,2.082,5.684668,-6.316182,14.08285,0.91715,-4.0,1207.360458,0.0,0.0,-1.0,0.0,1.20736,0.0,1.0,0.0,0.0,0.0,0.0,0.0,0.0,0.0,0.0,0.0,0.0,0.0,0.0,0.0,0.0,0.0,0.0,0.0,-4.0,0.0,0.0,0.0,0.0,0.0,-1.0,0.0,0.0,0.0,0.0,0.0,1.0,0.0
2022,5,2022_05_ATL_TB,2022-10-09,ATL,TB,Home,6.0,2.082,3.781778,-3.297453,9.161231,-3.161231,2.0,414.852675,0.0,0.0,0.0,1.0,0.414853,0.0,0.0,0.414853,0.0,0.0,0.0,0.0,0.0,0.0,0.0,0.0,0.0,0.0,0.0,0.0,0.0,0.0,0.0,0.0,0.0,0.0,0.0,0.0,0.0,0.0,-1.0,0.0,0.0,0.0,2.0,0.0,1.0,0.0
2022,5,2022_05_CHI_MIN,2022-10-09,CHI,MIN,Home,7.0,2.082,2.310047,-2.55711,6.949157,0.050843,2.0,355.333612,0.0,0.0,0.0,0.0,0.355334,0.0,0.0,0.355334,0.0,0.0,0.0,0.0,0.0,0.0,0.0,0.0,0.0,0.0,0.0,0.0,0.0,0.0,0.0,0.0,0.0,0.0,0.0,0.0,0.0,0.0,-1.0,0.0,0.0,0.0,2.0,0.0,1.0,0.0
2022,5,2022_05_CIN_BAL,2022-10-09,CIN,BAL,Home,2.0,2.082,5.861562,-0.823435,8.766997,-6.766997,12.0,422.769581,0.0,0.0,-3.0,1.0,0.42277,0.0,0.0,0.42277,0.0,0.0,0.0,0.0,0.0,0.0,0.0,0.0,0.0,0.0,0.0,0.0,0.0,0.0,0.0,0.0,0.0,4.0,0.0,0.0,6.0,0.0,-1.0,0.0,0.0,0.0,2.0,0.0,1.0,0.0
2022,5,2022_05_DAL_LA,2022-10-09,DAL,LAR,Home,-12.0,2.082,2.946077,5.723591,-0.695514,-11.304486,-5.0,1226.785849,0.0,0.0,-1.0,0.0,1.226786,0.0,1.0,0.0,0.0,0.0,0.0,0.0,0.0,0.0,0.0,0.0,0.0,0.0,0.0,0.0,0.0,0.0,0.0,0.0,-4.0,0.0,0.0,0.0,0.0,0.0,0.0,0.0,0.0,0.0,0.0,0.0,0.0,-1.0
2022,5,2022_05_DET_NE,2022-10-09,DET,NE,Home,29.0,2.082,6.954149,-4.557447,13.593596,15.406404,-2.0,602.638776,0.0,0.0,0.0,0.0,0.602639,0.0,0.0,0.0,0.0,0.0,0.0,0.0,0.0,0.0,0.0,0.0,1.0,0.0,0.0,0.0,0.0,0.0,-2.0,0.0,0.0,0.0,0.0,0.0,0.0,0.0,0.0,0.0,0.0,0.0,0.0,0.0,0.0,-1.0
2022,5,2022_05_HOU_JAX,2022-10-09,HOU,JAX,Home,-7.0,2.082,-6.01516,-4.536067,0.602907,-7.602907,2.0,824.794909,0.0,0.0,0.0,1.0,0.824795,0.0,1.0,0.824795,1.0,0.0,0.0,0.0,0.0,0.0,0.0,0.0,0.0,0.0,0.0,0.0,0.0,0.0,0.0,0.0,0.0,0.0,0.0,0.0,0.0,0.0,-1.0,0.0,0.0,0.0,2.0,0.0,1.0,0.0
2022,5,2022_05_IND_DEN,2022-10-06,IND,DEN,Home,-3.0,2.082,-0.947912,0.424567,0.709521,-3.709521,9.0,999.789633,1.0,0.0,0.0,1.0,0.99979,0.0,1.0,0.0,0.0,2.0,0.0,0.0,0.0,0.0,0.0,0.0,0.0,0.0,0.0,0.0,0.0,0.0,0.0,0.0,0.0,0.0,2.0,0.0,6.0,0.0,0.0,0.0,0.0,0.0,0.0,0.0,1.0,0.0
2022,5,2022_05_LAC_CLE,2022-10-09,LAC,CLE,Home,-2.0,2.082,-1.268369,-0.51861,1.332241,-3.332241,8.0,2052.491358,0.0,0.0,0.0,1.0,2.052491,0.0,0.0,2.052491,3.0,0.0,0.0,0.0,0.0,0.0,0.0,0.0,0.0,0.0,2.0,0.0,0.0,0.0,0.0,0.0,0.0,0.0,0.0,0.0,0.0,0.0,0.0,0.0,0.0,2.0,2.0,1.0,1.0,0.0
2022,5,2022_05_LV_KC,2022-10-10,LV,KC,Home,1.0,2.082,6.382246,-3.990148,12.454394,-11.454394,0.0,1149.22993,0.0,0.0,0.0,0.0,1.14923,0.0,1.0,0.0,0.0,0.0,0.0,0.0,0.0,0.0,0.0,0.0,0.0,0.0,0.0,0.0,0.0,2.0,0.0,0.0,0.0,0.0,0.0,0.0,0.0,0.0,-1.0,0.0,0.0,0.0,0.0,0.0,0.0,-1.0
2022,5,2022_05_MIA_NYJ,2022-10-09,MIA,NYJ,Home,23.0,2.082,-6.415933,-4.159093,-0.17484,23.17484,2.0,1085.511258,0.0,0.0,-3.0,0.0,1.085511,0.0,1.0,1.085511,0.0,0.0,0.0,0.0,0.0,0.0,0.0,0.0,0.0,0.0,0.0,0.0,0.0,0.0,0.0,0.0,0.0,0.0,0.0,0.0,0.0,0.0,-1.0,0.0,0.0,0.0,2.0,0.0,1.0,0.0
2022,5,2022_05_NYG_GB,2022-10-09,NYG,GB,Neutral,-5.0,0.0,3.366196,-5.764076,9.130272,-14.130272,-4.0,,0.0,0.0,0.0,0.0,0.0,0.0,0.0,0.0,0.0,0.0,0.0,0.0,0.0,0.0,0.0,0.0,0.0,0.0,0.0,0.0,0.0,0.0,0.0,-4.0,0.0,0.0,0.0,0.0,0.0,0.0,0.0,0.0,0.0,0.0,0.0,0.0,0.0,0.0
2022,5,2022_05_PHI_ARI,2022-10-09,PHI,ARI,Home,-3.0,2.082,0.165379,1.970323,0.277057,-3.277057,0.0,2085.60035,0.0,0.0,0.0,0.0,2.0856,0.0,0.0,0.0,0.0,0.0,0.0,0.0,0.0,0.0,0.0,0.0,0.0,0.0,0.0,0.0,0.0,0.0,0.0,0.0,0.0,0.0,0.0,0.0,0.0,0.0,0.0,0.0,0.0,0.0,0.0,1.0,0.0,-1.0
2022,5,2022_05_PIT_BUF,2022-10-09,PIT,BUF,Home,35.0,2.082,6.380115,-1.162914,9.625028,25.374972,1.0,172.856434,0.0,0.0,0.0,0.0,0.172856,0.0,0.0,0.0,0.0,0.0,0.0,0.0,0.0,0.0,0.0,0.0,0.0,0.0,0.0,0.0,0.0,0.0,0.0,0.0,0.0,0.0,0.0,0.0,0.0,0.0,0.0,0.0,0.0,0.0,0.0,0.0,1.0,0.0
2022,5,2022_05_SEA_NO,2022-10-09,SEA,NO,Home,7.0,2.082,2.667092,0.911368,3.837724,3.162276,6.0,2098.092308,0.0,0.0,0.0,0.0,2.098092,0.0,0.0,2.098092,2.0,0.0,0.0,0.0,0.0,0.0,0.0,0.0,0.0,0.0,2.0,0.0,0.0,0.0,0.0,0.0,0.0,0.0,0.0,0.0,0.0,0.0,0.0,0.0,0.0,2.0,2.0,1.0,0.0,-1.0
2022,5,2022_05_SF_CAR,2022-10-09,SF,CAR,Home,-22.0,2.082,-5.282717,5.784867,-8.985584,-13.014416,6.0,2275.98438,0.0,0.0,1.0,0.0,2.275984,0.0,0.0,0.0,0.0,0.0,0.0,0.0,0.0,0.0,0.0,6.0,0.0,0.0,0.0,0.0,0.0,0.0,0.0,0.0,0.0,0.0,0.0,0.0,0.0,0.0,0.0,0.0,0.0,0.0,0.0,1.0,0.0,-1.0
2022,5,2022_05_TEN_WAS,2022-10-09,TEN,WAS,Home,-4.0,2.082,-6.306718,1.973804,-6.198522,2.198522,2.0,574.501101,0.0,0.0,0.0,0.0,0.574501,0.0,0.0,0.574501,1.0,0.0,0.0,0.0,0.0,0.0,0.0,0.0,1.0,0.0,0.0,0.0,0.0,0.0,0.0,0.0,0.0,0.0,0.0,0.0,0.0,0.0,0.0,0.0,0.0,0.0,2.0,0.0,0.0,-1.0
2022,6,2022_06_ARI_SEA,2022-10-16,ARI,SEA,Home,10.0,2.082,0.780547,0.030566,2.831981,7.168019,0.0,1104.209444,0.0,0.0,0.0,0.0,1.104209,0.0,1.0,0.0,0.0,0.0,0.0,0.0,0.0,0.0,0.0,0.0,0.0,0.0,0.0,0.0,0.0,0.0,0.0,0.0,0.0,0.0,0.0,0.0,0.0,0.0,-1.0,0.0,0.0,0.0,0.0,0.0,1.0,0.0
2022,6,2022_06_BAL_NYG,2022-10-16,BAL,NYG,Home,4.0,2.082,-5.433231,5.675384,-9.026615,13.026615,2.0,171.514888,0.0,0.0,0.0,0.0,0.171515,0.0,0.0,0.0,0.0,0.0,0.0,0.0,0.0,0.0,0.0,0.0,1.0,0.0,0.0,0.0,0.0,0.0,0.0,0.0,0.0,0.0,0.0,0.0,0.0,0.0,0.0,0.0,0.0,0.0,0.0,0.0,1.0,0.0
2022,6,2022_06_BUF_KC,2022-10-16,BUF,KC,Home,-4.0,2.082,6.147194,6.940628,1.288566,-5.288566,3.0,857.58787,0.0,0.0,-1.0,1.0,0.857588,0.0,1.0,0.857588,0.0,0.0,0.0,0.0,0.0,0.0,0.0,0.0,0.0,0.0,0.0,0.0,0.0,0.0,0.0,0.0,0.0,0.0,0.0,0.0,0.0,0.0,0.0,0.0,0.0,0.0,2.0,0.0,1.0,0.0
2022,6,2022_06_CAR_LA,2022-10-16,CAR,LAR,Home,14.0,2.082,2.686969,-5.515788,10.284758,3.715242,0.0,2121.357913,0.0,0.0,0.0,0.0,2.121358,0.0,0.0,0.0,0.0,0.0,-2.0,0.0,0.0,0.0,0.0,0.0,0.0,0.0,0.0,0.0,0.0,0.0,0.0,0.0,0.0,0.0,0.0,0.0,0.0,0.0,0.0,0.0,0.0,0.0,0.0,1.0,1.0,0.0
2022,6,2022_06_CIN_NO,2022-10-16,CIN,NO,Home,-4.0,2.082,2.743292,-0.741261,5.566554,-9.566554,2.0,706.404951,0.0,0.0,0.0,0.0,0.706405,0.0,0.0,0.706405,0.0,0.0,0.0,0.0,0.0,0.0,0.0,0.0,1.0,0.0,0.0,0.0,0.0,0.0,0.0,0.0,0.0,0.0,0.0,0.0,0.0,0.0,0.0,0.0,0.0,0.0,2.0,0.0,0.0,-1.0
2022,6,2022_06_DAL_PHI,2022-10-16,DAL,PHI,Home,9.0,2.082,2.101977,6.025408,-1.841431,10.841431,9.0,1312.507638,0.0,0.0,0.0,1.0,1.312508,1.0,0.0,1.312508,0.0,0.0,0.0,0.0,0.0,0.0,0.0,0.0,0.0,0.0,0.0,0.0,0.0,0.0,0.0,0.0,0.0,4.0,0.0,3.0,0.0,0.0,-1.0,0.0,0.0,0.0,2.0,0.0,1.0,0.0
2022,6,2022_06_DEN_LAC,2022-10-17,DEN,LAC,Home,3.0,2.082,-0.478591,-1.018714,2.622124,0.377876,7.0,836.807673,0.0,0.0,-3.0,0.0,0.836808,0.0,1.0,0.0,0.0,1.0,0.0,0.0,0.0,4.0,0.0,0.0,0.0,0.0,0.0,0.0,0.0,2.0,0.0,0.0,0.0,0.0,0.0,0.0,0.0,1.0,-1.0,0.0,0.0,0.0,0.0,0.0,1.0,0.0
2022,6,2022_06_JAX_IND,2022-10-16,JAX,IND,Home,7.0,2.082,0.50004,-6.118609,8.700649,-1.700649,0.0,700.191122,0.0,0.0,3.0,0.0,0.700191,0.0,0.0,0.700191,0.0,0.0,0.0,0.0,0.0,0.0,0.0,0.0,0.0,0.0,0.0,0.0,0.0,0.0,-2.0,0.0,0.0,0.0,0.0,0.0,0.0,0.0,-1.0,0.0,0.0,0.0,2.0,0.0,1.0,0.0
2022,6,2022_06_MIN_MIA,2022-10-16,MIN,MIA,Home,-8.0,2.082,-4.492229,2.224739,-4.634968,-3.365032,4.0,1499.894514,0.0,0.0,0.0,1.0,1.499895,1.0,0.0,0.0,1.0,0.0,0.0,0.0,0.0,0.0,0.0,0.0,1.0,0.0,0.0,2.0,0.0,0.0,0.0,0.0,0.0,0.0,0.0,0.0,0.0,0.0,0.0,0.0,0.0,0.0,0.0,0.0,1.0,0.0
2022,6,2022_06_NE_CLE,2022-10-16,NE,CLE,Home,-23.0,2.082,-1.394106,7.323388,-6.635494,-16.364506,1.0,538.682522,0.0,0.0,0.0,1.0,0.538683,0.0,0.0,0.0,0.0,0.0,0.0,0.0,0.0,0.0,0.0,0.0,0.0,0.0,0.0,0.0,0.0,0.0,0.0,0.0,0.0,0.0,0.0,0.0,0.0,0.0,0.0,0.0,0.0,0.0,0.0,0.0,1.0,0.0
2022,6,2022_06_NYJ_GB,2022-10-16,NYJ,GB,Home,-17.0,2.082,3.01618,-5.875698,10.973878,-27.973878,2.0,753.868951,0.0,0.0,0.0,1.0,0.753869,0.0,1.0,0.0,0.0,0.0,0.0,0.0,0.0,0.0,0.0,0.0,1.0,0.0,0.0,0.0,0.0,0.0,0.0,0.0,0.0,0.0,0.0,0.0,0.0,0.0,0.0,0.0,0.0,0.0,0.0,0.0,1.0,0.0
2022,6,2022_06_SF_ATL,2022-10-16,SF,ATL,Home,14.0,2.082,-3.22264,5.971547,-7.112187,21.112187,8.0,2112.196656,0.0,0.0,0.0,0.0,2.112197,0.0,0.0,2.112197,3.0,0.0,0.0,0.0,0.0,0.0,0.0,0.0,0.0,0.0,2.0,0.0,0.0,0.0,0.0,0.0,0.0,0.0,0.0,0.0,0.0,0.0,0.0,0.0,0.0,2.0,2.0,1.0,1.0,0.0
2022,6,2022_06_TB_PIT,2022-10-16,TB,PIT,Home,2.0,2.082,-1.694565,3.736242,-3.348807,5.348807,4.0,873.190919,0.0,0.0,0.0,0.0,0.873191,0.0,1.0,0.0,0.0,0.0,0.0,0.0,0.0,0.0,0.0,0.0,1.0,0.0,0.0,4.0,0.0,0.0,0.0,0.0,0.0,0.0,0.0,0.0,0.0,0.0,0.0,0.0,0.0,0.0,0.0,0.0,0.0,-1.0
2022,6,2022_06_WAS_CHI,2022-10-13,WAS,CHI,Home,-5.0,2.082,-2.622511,-6.191083,5.650572,-10.650572,7.0,601.056209,0.0,0.0,0.0,0.0,0.601056,0.0,0.0,0.0,0.0,1.0,0.0,0.0,0.0,0.0,0.0,0.0,0.0,0.0,0.0,0.0,0.0,0.0,0.0,0.0,0.0,0.0,2.0,0.0,6.0,0.0,0.0,0.0,0.0,0.0,0.0,0.0,0.0,-1.0
2022,7,2022_07_ATL_CIN,2022-10-23,ATL,CIN,Home,18.0,2.082,-0.578597,-2.79337,4.296773,13.703227,0.0,369.014333,0.0,0.0,0.0,0.0,0.369014,0.0,0.0,0.0,0.0,0.0,0.0,0.0,0.0,0.0,0.0,0.0,1.0,0.0,0.0,0.0,0.0,0.0,0.0,0.0,0.0,0.0,0.0,0.0,0.0,0.0,0.0,0.0,0.0,0.0,0.0,0.0,0.0,-1.0
2022,7,2022_07_CHI_NE,2022-10-24,CHI,NE,Home,-19.0,2.082,7.727684,-2.937314,12.746998,-31.746998,9.0,838.812251,0.0,0.0,-3.0,0.0,0.838812,0.0,1.0,0.838812,0.0,0.0,0.0,0.0,0.0,0.0,0.0,0.0,1.0,0.0,0.0,0.0,0.0,2.0,0.0,0.0,0.0,0.0,0.0,3.0,0.0,0.0,0.0,0.0,0.0,0.0,2.0,0.0,1.0,0.0
2022,7,2022_07_CLE_BAL,2022-10-23,CLE,BAL,Home,3.0,2.082,5.416622,-1.718532,9.217153,-6.217153,-4.0,308.262006,0.0,0.0,0.0,0.0,0.308262,0.0,0.0,0.0,0.0,0.0,-2.0,0.0,0.0,0.0,0.0,0.0,0.0,0.0,0.0,0.0,0.0,0.0,0.0,0.0,0.0,0.0,0.0,0.0,0.0,0.0,-1.0,0.0,0.0,0.0,0.0,0.0,0.0,-1.0
2022,7,2022_07_DET_DAL,2022-10-23,DET,DAL,Home,18.0,2.082,5.884352,-5.003085,12.969436,5.030564,-8.0,1013.262859,0.0,0.500308,-7.0,0.0,1.013263,0.0,1.0,1.013263,0.0,0.0,-4.0,-5.0,0.0,0.0,0.0,0.0,0.0,0.0,0.0,0.0,0.0,0.0,0.0,0.0,0.0,0.0,0.0,0.0,0.0,0.0,0.0,0.0,0.0,0.0,2.0,0.0,0.0,-1.0
2022,7,2022_07_GB_WAS,2022-10-23,GB,WAS,Home,2.0,2.082,-5.947065,2.380076,-6.245142,8.245142,-1.0,694.00558,0.0,0.0,3.0,0.0,0.694006,0.0,0.0,0.0,1.0,0.0,0.0,0.0,0.0,0.0,0.0,0.0,0.0,0.0,0.0,0.0,0.0,0.0,0.0,0.0,0.0,0.0,0.0,0.0,0.0,0.0,0.0,0.0,0.0,0.0,0.0,0.0,0.0,-1.0
2022,7,2022_07_HOU_LV,2022-10-23,HOU,LV,Home,18.0,2.082,-3.806277,-4.354985,2.630708,15.369292,-2.0,1226.779566,0.0,0.054871,-1.0,1.0,1.22678,0.0,1.0,1.22678,0.0,0.0,0.0,-5.0,0.0,0.0,0.0,0.0,0.0,0.0,0.0,0.0,4.0,0.0,0.0,0.0,-4.0,0.0,0.0,0.0,0.0,0.0,0.0,0.0,0.0,0.0,2.0,0.0,1.0,0.0
2022,7,2022_07_IND_TEN,2022-10-23,IND,TEN,Home,9.0,2.082,2.003653,0.484887,3.600766,5.399234,5.0,250.486953,0.0,0.200365,7.0,1.0,0.250487,0.0,0.0,0.0,0.0,0.0,0.0,0.0,0.0,0.0,0.0,0.0,0.0,0.0,0.0,0.0,5.0,0.0,0.0,0.0,0.0,0.0,0.0,0.0,0.0,0.0,-1.0,0.0,0.0,0.0,0.0,0.0,1.0,0.0
2022,7,2022_07_KC_SF,2022-10-23,KC,SF,Home,-21.0,2.082,5.495303,6.006613,1.570691,-22.570691,0.0,1490.532208,0.0,0.0,0.0,0.0,1.490532,1.0,0.0,0.0,0.0,0.0,0.0,0.0,0.0,0.0,0.0,0.0,1.0,0.0,0.0,0.0,0.0,0.0,0.0,0.0,0.0,0.0,0.0,0.0,0.0,0.0,0.0,0.0,0.0,0.0,0.0,0.0,0.0,-1.0
2022,7,2022_07_NO_ARI,2022-10-20,NO,ARI,Home,8.0,2.082,-0.187421,2.584395,-0.689816,8.689816,6.0,1323.924177,0.0,0.0,0.0,1.0,1.323924,1.0,0.0,0.0,0.0,1.0,0.0,0.0,0.0,0.0,0.0,0.0,0.0,0.0,0.0,0.0,0.0,0.0,0.0,0.0,0.0,0.0,2.0,3.0,0.0,0.0,0.0,0.0,0.0,0.0,0.0,0.0,1.0,0.0
2022,7,2022_07_NYG_JAX,2022-10-23,NYG,JAX,Home,-6.0,2.082,-6.02765,-5.160708,1.215058,-7.215058,2.0,839.387991,0.0,0.0,0.0,1.0,0.839388,0.0,1.0,0.0,0.0,0.0,0.0,0.0,0.0,0.0,0.0,0.0,1.0,0.0,0.0,0.0,0.0,0.0,0.0,0.0,0.0,0.0,0.0,0.0,0.0,0.0,0.0,0.0,0.0,0.0,0.0,0.0,1.0,0.0
2022,7,2022_07_NYJ_DEN,2022-10-23,NYJ,DEN,Home,-7.0,2.082,-1.053337,-5.217952,6.246615,-13.246615,-3.0,1624.394134,1.0,0.0,-1.0,1.0,1.624394,1.0,0.0,1.624394,0.0,0.0,0.0,0.0,0.0,0.0,0.0,0.0,0.0,0.0,0.0,0.0,0.0,0.0,-2.0,0.0,-4.0,0.0,0.0,0.0,0.0,0.0,0.0,0.0,0.0,0.0,2.0,0.0,1.0,0.0
2022,7,2022_07_PIT_MIA,2022-10-23,PIT,MIA,Home,6.0,2.082,-4.419161,-1.600507,-0.736654,6.736654,9.0,1001.162802,0.0,0.0,0.0,0.0,1.001163,0.0,1.0,0.0,0.0,0.0,0.0,0.0,0.0,0.0,0.0,0.0,0.0,0.0,0.0,0.0,0.0,0.0,0.0,0.0,0.0,4.0,0.0,0.0,6.0,0.0,0.0,0.0,0.0,0.0,0.0,0.0,0.0,-1.0
2022,7,2022_07_SEA_LAC,2022-10-23,SEA,LAC,Home,-14.0,2.082,-0.498311,0.846028,0.737661,-14.737661,-2.0,965.0728,0.0,0.0,-1.0,0.0,0.965073,0.0,1.0,0.965073,0.0,0.0,0.0,0.0,0.0,0.0,0.0,0.0,1.0,0.0,0.0,0.0,0.0,0.0,0.0,-4.0,0.0,0.0,0.0,0.0,0.0,0.0,0.0,0.0,0.0,0.0,2.0,0.0,0.0,-1.0
2022,7,2022_07_TB_CAR,2022-10-23,TB,CAR,Home,18.0,2.082,-5.580268,3.656664,-7.154932,25.154932,-2.0,510.22365,0.0,0.0,0.0,0.0,0.510224,0.0,0.0,0.0,0.0,0.0,0.0,0.0,0.0,0.0,0.0,0.0,0.0,0.0,0.0,0.0,0.0,0.0,0.0,0.0,0.0,0.0,0.0,0.0,0.0,0.0,-1.0,0.0,0.0,0.0,0.0,0.0,0.0,-1.0
2022,8,2022_08_ARI_MIN,2022-10-30,ARI,MIN,Home,8.0,2.082,2.270309,0.0115,4.340808,3.659192,7.0,1282.684837,0.0,0.227031,4.0,0.0,1.282685,1.0,0.0,0.0,1.0,0.0,0.0,0.0,0.0,0.0,0.0,0.0,0.0,1.0,0.0,0.0,5.0,0.0,0.0,0.0,0.0,0.0,0.0,0.0,0.0,0.0,0.0,0.0,0.0,0.0,0.0,0.0,1.0,0.0
2022,8,2022_08_BAL_TB,2022-10-27,BAL,TB,Home,-5.0,2.082,3.13059,5.326248,-0.113658,-4.886342,8.0,850.5112,0.0,0.0,0.0,0.0,0.850511,0.0,1.0,0.0,0.0,0.0,0.0,0.0,0.0,0.0,0.0,0.0,1.0,0.0,0.0,0.0,0.0,0.0,0.0,0.0,0.0,0.0,2.0,0.0,6.0,0.0,0.0,0.0,0.0,0.0,0.0,0.0,0.0,-1.0
2022,8,2022_08_CAR_ATL,2022-10-30,CAR,ATL,Home,3.0,2.082,-3.136456,-5.167065,4.112608,-1.112608,0.0,226.134727,0.0,0.0,0.0,0.0,0.226135,0.0,0.0,0.0,0.0,0.0,0.0,0.0,0.0,0.0,0.0,0.0,0.0,0.0,0.0,0.0,0.0,0.0,0.0,0.0,0.0,0.0,0.0,0.0,0.0,0.0,-1.0,0.0,0.0,0.0,0.0,0.0,1.0,0.0
2022,8,2022_08_CHI_DAL,2022-10-30,CHI,DAL,Home,20.0,2.082,6.018971,-2.279533,10.380504,9.619496,11.0,816.18237,0.0,0.0,1.0,0.0,0.816182,0.0,1.0,0.816182,0.0,0.0,0.0,0.0,0.0,0.0,8.0,0.0,0.0,0.0,0.0,0.0,0.0,0.0,0.0,0.0,0.0,0.0,0.0,0.0,0.0,0.0,0.0,0.0,0.0,0.0,2.0,0.0,1.0,0.0
2022,8,2022_08_CIN_CLE,2022-10-31,CIN,CLE,Home,19.0,2.082,-1.60831,-0.300775,0.774465,18.225535,10.0,223.065569,0.0,0.0,0.0,1.0,0.223066,0.0,0.0,0.223066,0.0,0.0,0.0,0.0,0.0,0.0,0.0,0.0,0.0,0.0,0.0,0.0,0.0,2.0,0.0,0.0,0.0,0.0,0.0,0.0,6.0,0.0,-1.0,0.0,0.0,0.0,2.0,0.0,1.0,0.0
2022,8,2022_08_DEN_JAX,2022-10-30,DEN,JAX,Neutral,-4.0,0.0,-6.242457,-1.278222,-4.964235,0.964235,0,,0.0,0.0,0.0,0.0,0.0,0.0,0.0,0.0,0.0,0.0,0.0,0.0,0.0,0.0,0.0,0.0,0.0,0.0,0.0,0.0,0.0,0.0,0.0,0.0,0.0,0.0,0.0,0.0,0.0,0.0,0.0,0.0,0.0,0.0,0.0,0.0,0.0,0.0
2022,8,2022_08_GB_BUF,2022-10-30,GB,BUF,Home,10.0,2.082,7.135344,2.304151,6.913193,3.086807,16.0,478.624296,0.0,0.713534,7.0,0.0,0.478624,0.0,0.0,0.0,0.0,0.0,0.0,0.0,0.0,0.0,0.0,0.0,1.0,0.0,0.0,0.0,7.0,0.0,0.0,0.0,0.0,4.0,0.0,3.0,0.0,0.0,0.0,0.0,0.0,0.0,0.0,0.0,1.0,0.0
2022,8,2022_08_LV_NO,2022-10-30,LV,NO,Home,24.0,2.082,2.38427,-3.450051,7.916321,16.083679,4.0,1509.9485,0.0,0.0,3.0,0.0,1.509948,1.0,0.0,0.0,2.0,0.0,0.0,0.0,0.0,0.0,0.0,0.0,1.0,0.0,2.0,0.0,0.0,0.0,0.0,0.0,0.0,0.0,0.0,0.0,0.0,0.0,0.0,0.0,0.0,0.0,0.0,0.0,1.0,0.0
2022,8,2022_08_MIA_DET,2022-10-30,MIA,DET,Home,-4.0,2.082,-5.045466,-4.334007,1.370541,-5.370541,2.0,1143.025187,0.0,0.0,0.0,0.0,1.143025,0.0,1.0,0.0,0.0,0.0,0.0,0.0,0.0,0.0,0.0,0.0,1.0,0.0,0.0,0.0,0.0,0.0,0.0,0.0,0.0,0.0,0.0,0.0,0.0,0.0,0.0,0.0,0.0,0.0,0.0,0.0,1.0,0.0
2022,8,2022_08_NE_NYJ,2022-10-30,NE,NYJ,Home,-5.0,2.082,-4.998573,7.088879,-10.005452,5.005452,2.0,170.187519,0.0,0.0,1.0,0.0,0.170188,0.0,0.0,0.0,0.0,0.0,-2.0,0.0,0.0,0.0,0.0,6.0,0.0,0.0,0.0,0.0,0.0,0.0,0.0,0.0,0.0,0.0,0.0,0.0,0.0,0.0,-1.0,0.0,0.0,0.0,0.0,0.0,0.0,-1.0
2022,8,2022_08_NYG_SEA,2022-10-30,NYG,SEA,Home,14.0,2.082,1.096168,-4.952098,8.130266,5.869734,2.0,2395.576173,0.0,0.0,0.0,0.0,2.395576,0.0,0.0,2.395576,0.0,0.0,0.0,0.0,0.0,0.0,0.0,0.0,0.0,0.0,0.0,0.0,0.0,0.0,0.0,0.0,0.0,0.0,0.0,0.0,0.0,0.0,0.0,0.0,0.0,0.0,2.0,1.0,0.0,-1.0
2022,8,2022_08_PIT_PHI,2022-10-30,PIT,PHI,Home,22.0,2.082,2.425937,-1.71752,6.225456,15.774544,7.0,258.690218,0.0,0.242594,7.0,0.0,0.25869,0.0,0.0,0.25869,0.0,0.0,0.0,0.0,0.0,0.0,0.0,0.0,1.0,0.0,0.0,0.0,5.0,0.0,0.0,0.0,0.0,0.0,0.0,0.0,0.0,0.0,0.0,0.0,0.0,0.0,2.0,0.0,0.0,-1.0
2022,8,2022_08_SF_LA,2022-10-30,SF,LAR,Home,-17.0,2.082,2.669242,5.077395,-0.326153,-16.673847,5.0,313.511192,0.0,0.266924,7.0,0.0,0.313511,0.0,0.0,0.313511,0.0,0.0,-2.0,0.0,0.0,0.0,0.0,0.0,0.0,0.0,0.0,0.0,5.0,0.0,0.0,0.0,0.0,0.0,0.0,0.0,0.0,0.0,-1.0,0.0,0.0,0.0,2.0,0.0,1.0,0.0
2022,8,2022_08_TEN_HOU,2022-10-30,TEN,HOU,Home,-7.0,2.082,-4.73393,2.050018,-4.701948,-2.298052,2.0,671.468776,0.0,0.0,0.0,0.0,0.671469,0.0,0.0,0.671469,0.0,0.0,0.0,0.0,0.0,0.0,0.0,0.0,0.0,0.0,0.0,0.0,0.0,0.0,0.0,0.0,0.0,0.0,0.0,0.0,0.0,0.0,-1.0,0.0,0.0,0.0,2.0,0.0,1.0,0.0
2022,8,2022_08_WAS_IND,2022-10-30,WAS,IND,Home,-1.0,2.082,0.296187,-5.729954,8.108141,-9.108141,2.0,500.217395,0.0,0.0,0.0,0.0,0.500217,0.0,0.0,0.0,0.0,0.0,0.0,0.0,0.0,0.0,0.0,0.0,1.0,0.0,0.0,0.0,0.0,0.0,0.0,0.0,0.0,0.0,0.0,0.0,0.0,0.0,0.0,0.0,0.0,0.0,0.0,0.0,1.0,0.0
2022,9,2022_09_BAL_NO,2022-11-07,BAL,NO,Home,-14.0,2.082,2.724608,5.371853,-0.565245,-13.434755,12.0,998.470584,0.0,0.0,-3.0,0.0,0.998471,0.0,1.0,0.998471,0.0,1.0,0.0,0.0,0.0,0.0,0.0,0.0,1.0,0.0,0.0,0.0,0.0,2.0,0.0,0.0,0.0,0.0,0.0,0.0,6.0,0.0,0.0,0.0,0.0,0.0,2.0,0.0,1.0,0.0
2022,9,2022_09_BUF_NYJ,2022-11-06,BUF,NYJ,Home,3.0,2.082,-4.893239,7.207898,-10.019137,13.019137,-2.0,277.911498,0.0,0.0,0.0,0.0,0.277911,0.0,0.0,0.0,0.0,0.0,0.0,0.0,0.0,0.0,0.0,0.0,0.0,0.0,0.0,0.0,0.0,0.0,0.0,0.0,0.0,0.0,0.0,0.0,0.0,0.0,-1.0,0.0,0.0,0.0,0.0,0.0,0.0,-1.0
2022,9,2022_09_CAR_CIN,2022-11-06,CAR,CIN,Home,21.0,2.082,-0.665782,-5.089958,6.506177,14.493823,4.0,334.847584,0.0,0.0,-1.0,0.0,0.334848,0.0,0.0,0.334848,0.0,0.0,0.0,0.0,2.0,0.0,0.0,0.0,1.0,0.0,0.0,2.0,0.0,0.0,0.0,0.0,-4.0,0.0,0.0,0.0,0.0,0.0,0.0,0.0,0.0,0.0,2.0,0.0,1.0,0.0
2022,9,2022_09_GB_DET,2022-11-06,GB,DET,Home,6.0,2.082,-5.148834,2.240159,-5.306993,11.306993,2.0,292.632421,0.0,0.0,0.0,0.0,0.292632,0.0,0.0,0.292632,1.0,0.0,0.0,0.0,0.0,0.0,0.0,0.0,0.0,0.0,0.0,0.0,0.0,0.0,0.0,0.0,0.0,0.0,0.0,0.0,0.0,0.0,-1.0,0.0,0.0,0.0,2.0,0.0,1.0,0.0
2022,9,2022_09_IND_NE,2022-11-06,IND,NE,Home,23.0,2.082,7.025233,0.09806,9.009174,13.990826,-1.0,793.225205,0.0,0.0,0.0,0.0,0.793225,0.0,1.0,0.0,0.0,0.0,0.0,0.0,0.0,0.0,0.0,0.0,0.0,0.0,0.0,0.0,0.0,0.0,0.0,0.0,0.0,0.0,0.0,0.0,0.0,0.0,0.0,0.0,0.0,0.0,0.0,0.0,0.0,-1.0
2022,9,2022_09_LAC_ATL,2022-11-06,LAC,ATL,Home,-3.0,2.082,-3.093167,-0.808006,-0.20316,-2.79684,-8.0,1938.356979,0.0,0.080801,-7.0,0.0,1.938357,1.0,0.0,0.0,3.0,0.0,0.0,-6.0,0.0,0.0,0.0,0.0,1.0,0.0,2.0,0.0,0.0,0.0,0.0,-4.0,0.0,0.0,0.0,0.0,0.0,0.0,0.0,0.0,0.0,0.0,0.0,0.0,0.0,-1.0
2022,9,2022_09_LA_TB,2022-11-06,LAR,TB,Home,3.0,2.082,3.072458,2.360016,2.794442,0.205558,2.0,2151.718042,0.0,0.0,3.0,1.0,2.151718,0.0,0.0,0.0,0.0,0.0,0.0,0.0,0.0,0.0,0.0,0.0,0.0,0.0,0.0,0.0,0.0,0.0,0.0,0.0,0.0,0.0,0.0,0.0,0.0,0.0,0.0,0.0,0.0,0.0,0.0,1.0,1.0,0.0
2022,9,2022_09_LV_JAX,2022-11-06,LV,JAX,Home,7.0,2.082,-6.253529,-3.81161,-0.359919,7.359919,3.0,1969.614358,0.0,0.0,0.0,0.0,1.969614,1.0,0.0,1.969614,3.0,0.0,-2.0,0.0,0.0,0.0,0.0,0.0,0.0,0.0,2.0,0.0,0.0,0.0,0.0,0.0,0.0,0.0,0.0,0.0,0.0,0.0,0.0,0.0,0.0,2.0,2.0,0.0,0.0,-1.0
2022,9,2022_09_MIA_CHI,2022-11-06,MIA,CHI,Home,-3.0,2.082,-2.483415,-4.228262,3.826846,-6.826846,2.0,1176.316945,0.0,0.0,0.0,0.0,1.176317,0.0,1.0,0.0,0.0,0.0,0.0,0.0,0.0,0.0,0.0,0.0,1.0,0.0,0.0,2.0,0.0,0.0,0.0,0.0,0.0,0.0,0.0,0.0,0.0,0.0,0.0,0.0,0.0,0.0,0.0,0.0,0.0,-1.0
2022,9,2022_09_MIN_WAS,2022-11-06,MIN,WAS,Home,-3.0,2.082,-5.493868,2.331144,-5.743012,2.743012,1.0,938.644093,0.0,0.0,0.0,1.0,0.938644,0.0,1.0,0.0,1.0,0.0,0.0,0.0,0.0,0.0,0.0,0.0,0.0,0.0,0.0,0.0,0.0,0.0,0.0,0.0,0.0,0.0,0.0,0.0,0.0,0.0,0.0,0.0,0.0,0.0,0.0,0.0,1.0,0.0
2022,9,2022_09_PHI_HOU,2022-11-03,PHI,HOU,Home,-12.0,2.082,-4.805781,2.793676,-5.517456,-6.482544,10.0,1343.312126,0.0,0.0,0.0,0.0,1.343312,1.0,0.0,0.0,0.0,1.0,0.0,0.0,0.0,0.0,0.0,0.0,1.0,0.0,0.0,0.0,0.0,0.0,0.0,0.0,0.0,0.0,2.0,0.0,6.0,0.0,0.0,0.0,0.0,0.0,0.0,0.0,1.0,0.0
2022,9,2022_09_SEA_ARI,2022-11-06,SEA,ARI,Home,-10.0,2.082,-0.050558,1.220451,0.81099,-10.81099,0.0,1104.209444,0.0,0.0,0.0,1.0,1.104209,0.0,1.0,0.0,0.0,0.0,0.0,0.0,0.0,0.0,0.0,0.0,0.0,0.0,0.0,0.0,0.0,0.0,0.0,0.0,0.0,0.0,0.0,0.0,0.0,0.0,-1.0,0.0,0.0,0.0,0.0,0.0,1.0,0.0
2022,9,2022_09_TEN_KC,2022-11-06,TEN,KC,Home,3.0,2.082,6.396422,2.072421,6.406001,-3.406001,15.0,466.558068,0.0,0.639642,7.0,0.0,0.466558,0.0,0.0,0.466558,0.0,0.0,0.0,0.0,0.0,0.0,0.0,0.0,0.0,0.0,0.0,0.0,7.0,0.0,0.0,0.0,0.0,4.0,0.0,3.0,0.0,0.0,0.0,0.0,0.0,0.0,2.0,0.0,0.0,-1.0
2022,10,2022_10_ARI_LA,2022-11-13,ARI,LAR,Home,-10.0,2.082,2.320775,-0.279642,4.682417,-14.682417,0.0,350.319259,0.0,0.0,0.0,0.0,0.350319,0.0,0.0,0.0,0.0,0.0,0.0,0.0,0.0,0.0,0.0,0.0,0.0,0.0,0.0,0.0,0.0,0.0,0.0,0.0,0.0,0.0,0.0,0.0,0.0,0.0,-1.0,0.0,0.0,0.0,0.0,0.0,1.0,0.0
2022,10,2022_10_ATL_CAR,2022-11-10,ATL,CAR,Home,10.0,2.082,-5.430346,-3.194487,-0.153859,10.153859,10.0,226.134727,0.0,0.0,0.0,1.0,0.226135,0.0,0.0,0.0,0.0,0.0,0.0,0.0,0.0,0.0,0.0,0.0,0.0,0.0,0.0,2.0,0.0,0.0,0.0,0.0,0.0,0.0,2.0,0.0,6.0,0.0,-1.0,0.0,0.0,0.0,0.0,0.0,1.0,0.0
2022,10,2022_10_CLE_MIA,2022-11-13,CLE,MIA,Home,22.0,2.082,-4.037077,-1.234019,-0.721058,22.721058,-1.0,1077.497703,0.0,0.123402,-6.0,0.0,1.077498,0.0,1.0,0.0,0.0,0.0,0.0,-6.0,0.0,0.0,0.0,6.0,0.0,0.0,0.0,0.0,0.0,0.0,0.0,0.0,0.0,0.0,0.0,0.0,0.0,0.0,0.0,0.0,0.0,0.0,0.0,0.0,0.0,-1.0
2022,10,2022_10_DAL_GB,2022-11-13,DAL,GB,Home,3.0,2.082,2.023668,6.250174,-2.144506,5.144506,-7.0,945.849707,0.0,-0.625017,-7.0,1.0,0.94585,0.0,1.0,0.0,0.0,0.0,0.0,-8.0,0.0,0.0,0.0,0.0,0.0,0.0,0.0,0.0,0.0,0.0,0.0,0.0,0.0,0.0,0.0,0.0,0.0,0.0,0.0,0.0,0.0,0.0,0.0,0.0,1.0,0.0
2022,10,2022_10_DEN_TEN,2022-11-13,DEN,TEN,Home,7.0,2.082,2.07517,-1.327369,5.484539,1.515461,-5.0,1022.457446,0.0,0.132737,-7.0,0.0,1.022457,0.0,1.0,1.022457,1.0,0.0,0.0,-5.0,0.0,0.0,0.0,0.0,0.0,1.0,0.0,0.0,0.0,0.0,-2.0,0.0,0.0,0.0,0.0,0.0,0.0,0.0,0.0,0.0,0.0,0.0,2.0,0.0,0.0,-1.0
2022,10,2022_10_DET_CHI,2022-11-13,DET,CHI,Home,-1.0,2.082,-2.620277,-4.931108,4.392831,-5.392831,0.0,236.619167,0.0,0.0,0.0,1.0,0.236619,0.0,0.0,0.0,0.0,0.0,0.0,0.0,0.0,0.0,0.0,0.0,0.0,0.0,0.0,0.0,0.0,0.0,0.0,0.0,0.0,0.0,0.0,0.0,0.0,0.0,-1.0,0.0,0.0,0.0,0.0,0.0,1.0,0.0
2022,10,2022_10_HOU_NYG,2022-11-13,HOU,NYG,Home,8.0,2.082,-5.018999,-4.957941,2.020942,5.979058,4.0,1422.524374,0.0,-0.5019,4.0,0.0,1.422524,1.0,0.0,0.0,1.0,0.0,0.0,0.0,0.0,0.0,0.0,0.0,1.0,0.0,0.0,0.0,4.0,0.0,0.0,0.0,0.0,0.0,0.0,0.0,0.0,0.0,0.0,0.0,0.0,0.0,0.0,0.0,0.0,-1.0
2022,10,2022_10_IND_LV,2022-11-13,IND,LV,Home,-5.0,2.082,-3.956794,-0.180108,-1.694686,-3.305314,1.0,1594.623191,0.0,0.0,0.0,1.0,1.594623,1.0,0.0,1.594623,0.0,0.0,-2.0,0.0,0.0,0.0,0.0,0.0,0.0,0.0,0.0,0.0,0.0,0.0,0.0,0.0,0.0,0.0,0.0,0.0,0.0,0.0,0.0,0.0,0.0,0.0,2.0,0.0,1.0,0.0
2022,10,2022_10_JAX_KC,2022-11-13,JAX,KC,Home,10.0,2.082,6.316683,-6.144577,14.54326,-4.54326,-5.0,944.925923,0.0,0.0,0.0,0.0,0.944926,0.0,1.0,0.0,0.0,0.0,0.0,0.0,0.0,0.0,0.0,0.0,0.0,0.0,0.0,0.0,0.0,0.0,0.0,-4.0,0.0,0.0,0.0,0.0,0.0,0.0,0.0,0.0,0.0,0.0,0.0,0.0,0.0,-1.0
2022,10,2022_10_LAC_SF,2022-11-13,LAC,SF,Home,6.0,2.082,5.351382,-0.753576,8.186958,-2.186958,13.0,313.511192,0.0,0.535138,7.0,1.0,0.313511,0.0,0.0,0.0,0.0,0.0,0.0,0.0,0.0,0.0,0.0,0.0,1.0,0.0,0.0,0.0,7.0,0.0,0.0,0.0,0.0,4.0,0.0,0.0,0.0,0.0,0.0,0.0,0.0,0.0,0.0,0.0,1.0,0.0
2022,10,2022_10_MIN_BUF,2022-11-13,MIN,BUF,Home,-3.0,2.082,7.018437,2.267962,6.832476,-9.832476,2.0,735.543395,0.0,0.0,0.0,0.0,0.735543,0.0,0.0,0.735543,1.0,0.0,0.0,0.0,0.0,0.0,0.0,0.0,1.0,0.0,0.0,0.0,0.0,0.0,0.0,0.0,0.0,0.0,0.0,0.0,0.0,0.0,0.0,0.0,0.0,0.0,2.0,0.0,0.0,-1.0
2022,10,2022_10_NO_PIT,2022-11-13,NO,PIT,Home,10.0,2.082,-1.963024,2.416397,-2.297421,12.297421,14.0,919.954338,0.0,-0.196302,7.0,1.0,0.919954,0.0,1.0,0.0,1.0,0.0,0.0,0.0,0.0,0.0,0.0,6.0,1.0,0.0,0.0,2.0,4.0,0.0,0.0,0.0,0.0,0.0,0.0,0.0,0.0,0.0,0.0,0.0,0.0,0.0,0.0,0.0,1.0,0.0
2022,10,2022_10_SEA_TB,2022-11-13,SEA,TB,Neutral,5.0,0.0,3.005244,1.388242,1.617001,3.382999,2.0,,0.0,0.0,0.0,0.0,0.0,0.0,0.0,0.0,0.0,0.0,0.0,0.0,0.0,0.0,0.0,0.0,0.0,0.0,0.0,0.0,0.0,0.0,0.0,0.0,0.0,0.0,0.0,0.0,0.0,0.0,0.0,0.0,0.0,0.0,2.0,0.0,0.0,0.0
2022,10,2022_10_WAS_PHI,2022-11-14,WAS,PHI,Home,-11.0,2.082,2.929646,-5.455669,10.467315,-21.467315,6.0,113.642178,0.0,0.0,3.0,0.0,0.113642,0.0,0.0,0.0,0.0,0.0,0.0,0.0,0.0,0.0,0.0,0.0,0.0,0.0,0.0,0.0,0.0,2.0,0.0,0.0,0.0,0.0,0.0,0.0,6.0,0.0,-1.0,0.0,0.0,0.0,0.0,0.0,0.0,-1.0
2022,11,2022_11_CAR_BAL,2022-11-20,CAR,BAL,Home,10.0,2.082,5.674942,-5.261415,13.018357,-3.018357,5.0,363.924671,0.0,0.567494,3.0,0.0,0.363925,0.0,0.0,0.363925,0.0,0.0,0.0,0.0,0.0,0.0,0.0,0.0,1.0,0.0,0.0,0.0,7.0,0.0,0.0,0.0,-4.0,0.0,0.0,0.0,0.0,0.0,0.0,0.0,0.0,0.0,2.0,0.0,0.0,-1.0
2022,11,2022_11_CHI_ATL,2022-11-20,CHI,ATL,Home,3.0,2.082,-3.404141,-2.685561,1.363421,1.636579,1.0,586.872716,0.0,0.0,3.0,0.0,0.586873,0.0,0.0,0.0,1.0,0.0,0.0,0.0,0.0,0.0,0.0,0.0,0.0,0.0,0.0,0.0,0.0,0.0,0.0,0.0,0.0,0.0,0.0,0.0,0.0,0.0,0.0,0.0,0.0,0.0,0.0,0.0,1.0,0.0
2022,11,2022_11_CIN_PIT,2022-11-20,CIN,PIT,Home,-7.0,2.082,-1.761405,-0.336709,0.657303,-7.657303,-6.0,256.539705,0.0,0.033671,-7.0,1.0,0.25654,0.0,0.0,0.0,0.0,0.0,0.0,-6.0,0.0,0.0,0.0,0.0,0.0,0.0,0.0,0.0,0.0,0.0,0.0,0.0,0.0,0.0,0.0,0.0,0.0,0.0,-1.0,0.0,0.0,0.0,0.0,0.0,1.0,0.0
2022,11,2022_11_CLE_BUF,2022-11-20,CLE,BUF,Neutral,8.0,0.0,6.873137,-1.653471,8.526608,-0.526608,-4.0,,0.0,0.0,0.0,0.0,0.0,0.0,0.0,0.0,0.0,0.0,-2.0,0.0,0.0,0.0,0.0,0.0,0.0,0.0,0.0,0.0,0.0,0.0,0.0,-4.0,0.0,0.0,0.0,0.0,0.0,0.0,0.0,0.0,0.0,0.0,2.0,0.0,0.0,0.0
2022,11,2022_11_DAL_MIN,2022-11-20,DAL,MIN,Home,-37.0,2.082,2.47593,6.16722,-1.60929,-35.39071,-1.0,869.347194,0.0,0.0,0.0,0.0,0.869347,0.0,1.0,0.0,0.0,0.0,0.0,0.0,2.0,0.0,0.0,0.0,0.0,0.0,0.0,0.0,0.0,0.0,-2.0,0.0,0.0,0.0,0.0,0.0,0.0,0.0,0.0,0.0,0.0,0.0,0.0,0.0,0.0,-1.0
2022,11,2022_11_DET_NYG,2022-11-20,DET,NYG,Home,-13.0,2.082,-4.889272,-4.807095,1.999822,-14.999822,-1.0,475.280588,0.0,0.0,0.0,0.0,0.475281,0.0,0.0,0.0,0.0,0.0,0.0,0.0,0.0,0.0,0.0,0.0,0.0,0.0,0.0,0.0,0.0,0.0,0.0,0.0,0.0,0.0,0.0,0.0,0.0,0.0,0.0,0.0,0.0,0.0,0.0,0.0,0.0,-1.0
2022,11,2022_11_KC_LAC,2022-11-20,KC,LAC,Home,-3.0,2.082,-0.725129,6.229042,-4.872171,1.872171,7.0,1366.48133,0.0,0.0,0.0,0.0,1.366481,1.0,0.0,0.0,0.0,2.0,0.0,0.0,0.0,0.0,0.0,0.0,0.0,0.0,0.0,0.0,0.0,0.0,0.0,0.0,0.0,4.0,0.0,3.0,0.0,0.0,-1.0,0.0,0.0,0.0,0.0,0.0,1.0,0.0
2022,11,2022_11_LA_NO,2022-11-20,LAR,NO,Home,7.0,2.082,2.188112,2.035679,2.234433,4.765567,1.0,1674.106906,0.0,0.0,0.0,0.0,1.674107,1.0,0.0,0.0,2.0,0.0,0.0,0.0,0.0,0.0,0.0,0.0,0.0,0.0,2.0,0.0,0.0,0.0,0.0,0.0,0.0,0.0,0.0,0.0,0.0,0.0,0.0,0.0,0.0,0.0,0.0,0.0,0.0,-1.0
2022,11,2022_11_LV_DEN,2022-11-20,LV,DEN,Home,-6.0,2.082,-1.371035,-4.017837,4.728803,-10.728803,0.0,608.258094,1.0,0.0,0.0,0.0,0.608258,0.0,0.0,0.608258,0.0,0.0,0.0,0.0,0.0,0.0,0.0,0.0,0.0,0.0,0.0,0.0,0.0,0.0,0.0,0.0,0.0,0.0,0.0,0.0,0.0,0.0,-1.0,0.0,0.0,0.0,2.0,0.0,0.0,-1.0
2022,11,2022_11_NYJ_NE,2022-11-20,NYJ,NE,Home,7.0,2.082,7.349478,-4.571414,14.002891,-7.002891,0.0,170.187519,0.0,1.192089,0.0,0.0,0.170188,0.0,0.0,0.0,0.0,0.0,0.0,-5.0,0.0,0.0,0.0,0.0,0.0,0.0,0.0,0.0,7.0,0.0,0.0,0.0,0.0,0.0,0.0,0.0,0.0,0.0,-1.0,0.0,0.0,0.0,0.0,0.0,0.0,-1.0
2022,11,2022_11_PHI_IND,2022-11-20,PHI,IND,Home,-1.0,2.082,-0.10541,2.566443,-0.589853,-0.410147,8.0,583.179503,0.0,0.0,1.0,0.0,0.58318,0.0,0.0,0.0,0.0,0.0,0.0,0.0,0.0,0.0,0.0,6.0,1.0,0.0,0.0,0.0,0.0,0.0,0.0,0.0,0.0,0.0,0.0,0.0,0.0,0.0,0.0,0.0,0.0,0.0,0.0,0.0,1.0,0.0
2022,11,2022_11_SF_ARI,2022-11-21,SF,ARI,Neutral,-28.0,0.0,-0.048292,5.279072,-5.327363,-22.672637,1.0,,0.0,0.0,0.0,0.0,0.0,0.0,0.0,0.0,0.0,0.0,0.0,0.0,0.0,0.0,0.0,0.0,0.0,0.0,0.0,0.0,0.0,2.0,0.0,0.0,0.0,0.0,0.0,0.0,0.0,0.0,-1.0,0.0,0.0,0.0,0.0,0.0,0.0,0.0
2022,11,2022_11_TEN_GB,2022-11-17,TEN,GB,Home,-10.0,2.082,2.151038,2.093225,2.139813,-12.139813,3.0,579.857188,0.0,0.0,0.0,0.0,0.579857,0.0,0.0,0.579857,0.0,0.0,0.0,0.0,0.0,0.0,0.0,0.0,1.0,0.0,0.0,0.0,0.0,0.0,0.0,-4.0,0.0,0.0,2.0,3.0,0.0,0.0,0.0,0.0,0.0,0.0,2.0,0.0,0.0,-1.0
2022,11,2022_11_WAS_HOU,2022-11-20,WAS,HOU,Home,-13.0,2.082,-5.078116,-5.058082,2.061966,-15.061966,12.0,1232.009081,0.0,0.0,1.0,0.0,1.232009,0.0,1.0,1.232009,0.0,0.0,0.0,0.0,0.0,0.0,8.0,0.0,1.0,0.0,0.0,0.0,0.0,0.0,0.0,0.0,0.0,0.0,0.0,0.0,0.0,0.0,0.0,0.0,0.0,0.0,2.0,0.0,1.0,0.0
2022,12,2022_12_ATL_WAS,2022-11-27,ATL,WAS,Home,6.0,2.082,-4.734821,-3.333873,0.681052,5.318948,1.0,549.818311,0.0,0.0,0.0,1.0,0.549818,0.0,0.0,0.0,0.0,0.0,0.0,0.0,0.0,0.0,0.0,0.0,0.0,0.0,0.0,0.0,0.0,0.0,0.0,0.0,0.0,0.0,0.0,0.0,0.0,0.0,0.0,0.0,0.0,0.0,0.0,0.0,1.0,0.0
2022,12,2022_12_BAL_JAX,2022-11-27,BAL,JAX,Home,1.0,2.082,-6.067557,5.588918,-9.574475,10.574475,5.0,680.642376,0.0,-0.606756,7.0,0.0,0.680642,0.0,0.0,0.680642,0.0,0.0,0.0,0.0,0.0,0.0,0.0,0.0,0.0,0.0,0.0,0.0,4.0,0.0,0.0,0.0,0.0,0.0,0.0,0.0,0.0,0.0,0.0,0.0,0.0,0.0,2.0,0.0,0.0,-1.0
2022,12,2022_12_BUF_DET,2022-11-24,BUF,DET,Home,-3.0,2.082,-4.592456,6.868429,-9.378885,6.378885,0.0,218.788165,0.0,0.0,0.0,0.0,0.218788,0.0,0.0,0.0,0.0,0.0,0.0,0.0,0.0,0.0,0.0,0.0,1.0,0.0,0.0,0.0,0.0,0.0,0.0,0.0,0.0,0.0,0.0,0.0,0.0,0.0,0.0,0.0,0.0,0.0,0.0,0.0,0.0,-1.0
2022,12,2022_12_CHI_NYJ,2022-11-27,CHI,NYJ,Home,21.0,2.082,-4.434862,-2.756523,0.403661,20.596339,2.0,705.515207,0.0,0.0,0.0,0.0,0.705515,0.0,0.0,0.0,1.0,0.0,0.0,0.0,0.0,0.0,0.0,0.0,1.0,0.0,0.0,0.0,0.0,0.0,0.0,0.0,0.0,0.0,0.0,0.0,0.0,0.0,0.0,0.0,0.0,0.0,0.0,0.0,1.0,0.0
2022,12,2022_12_CIN_TEN,2022-11-27,CIN,TEN,Home,-4.0,2.082,2.300708,-0.199579,4.582287,-8.582287,3.0,237.007015,0.0,0.0,3.0,1.0,0.237007,0.0,0.0,0.237007,0.0,0.0,0.0,0.0,0.0,0.0,0.0,0.0,0.0,0.0,0.0,0.0,0.0,0.0,0.0,0.0,0.0,0.0,0.0,0.0,0.0,0.0,0.0,0.0,0.0,0.0,2.0,0.0,1.0,0.0
2022,12,2022_12_DEN_CAR,2022-11-27,DEN,CAR,Home,13.0,2.082,-5.200153,-1.549926,-1.568227,14.568227,7.0,1356.78292,0.0,0.0,0.0,0.0,1.356783,1.0,0.0,1.356783,2.0,0.0,0.0,0.0,0.0,4.0,0.0,0.0,1.0,1.0,0.0,0.0,0.0,0.0,0.0,0.0,0.0,0.0,0.0,0.0,0.0,0.0,0.0,0.0,0.0,0.0,2.0,0.0,0.0,-1.0
2022,12,2022_12_GB_PHI,2022-11-27,GB,PHI,Home,7.0,2.082,2.640615,1.913662,2.808953,4.191047,6.0,731.434027,0.0,0.0,-3.0,0.0,0.731434,0.0,0.0,0.0,0.0,0.0,0.0,0.0,0.0,0.0,0.0,0.0,0.0,0.0,0.0,0.0,0.0,0.0,0.0,0.0,0.0,4.0,0.0,3.0,0.0,0.0,0.0,0.0,0.0,0.0,0.0,0.0,0.0,-1.0
2022,12,2022_12_HOU_MIA,2022-11-27,HOU,MIA,Home,15.0,2.082,-3.601219,-5.351761,3.832542,11.167458,5.0,961.330892,0.0,-0.360122,7.0,1.0,0.961331,0.0,1.0,0.0,1.0,0.0,0.0,0.0,0.0,0.0,0.0,0.0,0.0,0.0,0.0,0.0,4.0,0.0,0.0,0.0,0.0,0.0,0.0,0.0,0.0,0.0,0.0,0.0,0.0,0.0,0.0,0.0,1.0,0.0
2022,12,2022_12_LAC_ARI,2022-11-27,LAC,ARI,Home,-1.0,2.082,-0.467647,-0.715717,2.33007,-3.33007,6.0,350.319259,0.0,0.0,-1.0,1.0,0.350319,0.0,0.0,0.350319,0.0,0.0,0.0,0.0,0.0,0.0,0.0,0.0,1.0,0.0,0.0,2.0,0.0,0.0,0.0,0.0,0.0,0.0,0.0,0.0,0.0,0.0,0.0,0.0,0.0,0.0,2.0,0.0,1.0,0.0
2022,12,2022_12_LA_KC,2022-11-27,LAR,KC,Home,16.0,2.082,6.194283,1.945802,6.33048,9.66952,6.0,1366.48133,0.0,0.0,0.0,1.0,1.366481,1.0,0.0,1.366481,0.0,0.0,0.0,0.0,0.0,0.0,0.0,0.0,1.0,0.0,0.0,0.0,0.0,0.0,0.0,0.0,0.0,0.0,0.0,0.0,0.0,0.0,0.0,0.0,0.0,2.0,2.0,0.0,1.0,0.0
2022,12,2022_12_LV_SEA,2022-11-27,LV,SEA,Home,-6.0,2.082,1.282198,-3.836723,7.200921,-13.200921,11.0,874.982448,0.0,0.12822,7.0,0.0,0.874982,0.0,1.0,0.874982,0.0,0.0,0.0,0.0,2.0,0.0,0.0,0.0,1.0,0.0,0.0,0.0,5.0,0.0,0.0,0.0,0.0,0.0,0.0,0.0,0.0,0.0,0.0,0.0,0.0,0.0,2.0,0.0,1.0,0.0
2022,12,2022_12_NE_MIN,2022-11-24,NE,MIN,Home,7.0,2.082,1.812827,7.245761,-3.350934,10.350934,12.0,1115.945699,0.0,0.0,0.0,0.0,1.115946,0.0,1.0,0.0,0.0,1.0,0.0,0.0,0.0,0.0,0.0,0.0,1.0,0.0,0.0,4.0,0.0,0.0,0.0,0.0,0.0,0.0,2.0,0.0,6.0,0.0,0.0,0.0,0.0,0.0,0.0,0.0,0.0,-1.0
2022,12,2022_12_NO_SF,2022-11-27,NO,SF,Home,13.0,2.082,5.659188,2.296248,5.44494,7.55506,-3.0,1894.371265,0.0,0.0,-1.0,1.0,1.894371,1.0,0.0,0.0,0.0,0.0,0.0,0.0,0.0,0.0,0.0,0.0,0.0,0.0,0.0,0.0,0.0,0.0,0.0,0.0,-4.0,0.0,0.0,0.0,0.0,0.0,0.0,0.0,0.0,0.0,0.0,0.0,1.0,0.0
2022,12,2022_12_NYG_DAL,2022-11-24,NYG,DAL,Home,8.0,2.082,6.832915,-5.111211,14.026126,-6.026126,-2.0,1385.055729,0.0,0.0,0.0,0.0,1.385056,1.0,0.0,0.0,0.0,0.0,0.0,0.0,0.0,0.0,0.0,0.0,0.0,0.0,0.0,0.0,0.0,0.0,0.0,0.0,0.0,0.0,0.0,0.0,0.0,0.0,-1.0,0.0,0.0,0.0,0.0,0.0,0.0,-1.0
2022,12,2022_12_PIT_IND,2022-11-28,PIT,IND,Home,-7.0,2.082,-0.108757,-1.914702,3.887945,-10.887945,9.0,328.29285,0.0,0.0,0.0,0.0,0.328293,0.0,0.0,0.0,0.0,0.0,0.0,0.0,0.0,0.0,0.0,0.0,0.0,0.0,0.0,0.0,0.0,2.0,0.0,0.0,0.0,0.0,0.0,0.0,6.0,0.0,0.0,0.0,0.0,0.0,0.0,0.0,1.0,0.0
2022,12,2022_12_TB_CLE,2022-11-27,TB,CLE,Home,6.0,2.082,-1.682711,3.078644,-2.679354,8.679354,-6.0,935.948383,0.0,-0.307864,-7.0,0.0,0.935948,0.0,1.0,0.0,0.0,0.0,0.0,-6.0,0.0,0.0,0.0,0.0,1.0,0.0,0.0,0.0,0.0,0.0,0.0,0.0,0.0,0.0,0.0,0.0,0.0,0.0,0.0,0.0,0.0,0.0,0.0,0.0,0.0,-1.0
2022,13,2022_13_BUF_NE,2022-12-01,BUF,NE,Home,-14.0,2.082,7.111191,6.803107,2.390084,-16.390084,6.0,386.376435,0.0,0.0,0.0,0.0,0.386376,0.0,0.0,0.0,0.0,0.0,0.0,0.0,0.0,0.0,0.0,0.0,0.0,0.0,0.0,0.0,0.0,0.0,0.0,0.0,0.0,0.0,2.0,0.0,6.0,0.0,-1.0,0.0,0.0,0.0,0.0,0.0,0.0,-1.0
2022,13,2022_13_CLE_HOU,2022-12-04,CLE,HOU,Home,-13.0,2.082,-5.581037,-1.493331,-2.005706,-10.994294,7.0,1119.9254,0.0,0.0,0.0,0.0,1.119925,0.0,1.0,1.119925,0.0,0.0,0.0,0.0,0.0,4.0,0.0,0.0,0.0,0.0,0.0,0.0,0.0,0.0,0.0,0.0,0.0,0.0,0.0,0.0,0.0,0.0,0.0,0.0,0.0,0.0,2.0,0.0,1.0,0.0
2022,13,2022_13_DEN_BAL,2022-12-04,DEN,BAL,Home,1.0,2.082,5.448828,-1.764701,9.295529,-8.295529,4.0,1507.720279,0.0,0.0,0.0,0.0,1.50772,1.0,0.0,1.50772,2.0,0.0,0.0,0.0,0.0,0.0,0.0,0.0,0.0,1.0,0.0,0.0,0.0,0.0,0.0,0.0,0.0,0.0,0.0,0.0,0.0,0.0,0.0,0.0,0.0,2.0,2.0,0.0,0.0,-1.0
2022,13,2022_13_GB_CHI,2022-12-04,GB,CHI,Home,-9.0,2.082,-3.116812,1.842103,-2.876915,-6.123085,0.0,183.712916,0.0,0.0,0.0,0.0,0.183713,0.0,0.0,0.0,0.0,0.0,0.0,0.0,0.0,0.0,0.0,0.0,0.0,0.0,0.0,2.0,0.0,0.0,0.0,0.0,0.0,0.0,0.0,0.0,0.0,0.0,-1.0,0.0,0.0,0.0,0.0,0.0,0.0,-1.0
2022,13,2022_13_IND_DAL,2022-12-04,IND,DAL,Home,35.0,2.082,6.737163,-0.323432,9.142595,25.857405,16.0,777.227369,0.0,0.0,4.0,0.0,0.777227,0.0,1.0,0.0,0.0,1.0,0.0,0.0,0.0,0.0,0.0,6.0,1.0,0.0,0.0,0.0,0.0,0.0,0.0,0.0,0.0,4.0,0.0,0.0,6.0,0.0,0.0,0.0,0.0,0.0,0.0,0.0,0.0,-1.0
2022,13,2022_13_JAX_DET,2022-12-04,JAX,DET,Home,26.0,2.082,-4.496902,-5.90778,3.492879,22.507121,2.0,833.890235,0.0,0.0,3.0,0.0,0.83389,0.0,1.0,0.0,0.0,0.0,0.0,0.0,0.0,0.0,0.0,0.0,1.0,0.0,0.0,0.0,0.0,0.0,0.0,0.0,0.0,0.0,0.0,0.0,0.0,0.0,0.0,0.0,0.0,0.0,0.0,0.0,1.0,0.0
2022,13,2022_13_KC_CIN,2022-12-04,KC,CIN,Home,3.0,2.082,0.022859,6.372334,-4.267475,7.267475,1.0,534.428153,0.0,0.0,0.0,0.0,0.534428,0.0,0.0,0.0,0.0,0.0,0.0,0.0,0.0,0.0,0.0,0.0,0.0,0.0,0.0,0.0,0.0,0.0,0.0,0.0,0.0,0.0,0.0,0.0,0.0,0.0,0.0,0.0,0.0,0.0,0.0,0.0,1.0,0.0
2022,13,2022_13_LAC_LV,2022-12-04,LAC,LV,Home,7.0,2.082,-3.594735,-0.627598,-0.885136,7.885136,0.0,231.708179,0.0,0.0,0.0,1.0,0.231708,0.0,0.0,0.231708,0.0,0.0,0.0,0.0,0.0,0.0,0.0,0.0,0.0,0.0,0.0,0.0,0.0,0.0,-2.0,0.0,0.0,0.0,0.0,0.0,0.0,0.0,-1.0,0.0,0.0,0.0,2.0,0.0,1.0,0.0
2022,13,2022_13_MIA_SF,2022-12-04,MIA,SF,Home,16.0,2.082,5.730828,-3.362597,11.175425,4.824575,1.0,2554.730945,0.0,0.0,0.0,0.0,2.554731,0.0,0.0,0.0,0.0,0.0,0.0,0.0,0.0,0.0,0.0,0.0,1.0,0.0,0.0,0.0,0.0,0.0,0.0,0.0,0.0,0.0,0.0,0.0,0.0,0.0,0.0,0.0,0.0,0.0,0.0,1.0,0.0,-1.0
2022,13,2022_13_NO_TB,2022-12-05,NO,TB,Home,1.0,2.082,2.882058,2.123033,2.841025,-1.841025,5.0,477.877282,0.0,0.0,0.0,1.0,0.477877,0.0,0.0,0.477877,0.0,0.0,0.0,0.0,0.0,0.0,0.0,0.0,0.0,0.0,0.0,0.0,0.0,2.0,-2.0,0.0,0.0,0.0,0.0,3.0,0.0,0.0,-1.0,0.0,0.0,0.0,2.0,0.0,1.0,0.0
2022,13,2022_13_NYJ_MIN,2022-12-04,NYJ,MIN,Home,5.0,2.082,1.982414,-4.031179,8.095593,-3.095593,0.0,1009.927702,0.0,0.0,3.0,0.0,1.009928,0.0,1.0,0.0,0.0,0.0,0.0,0.0,0.0,0.0,0.0,0.0,1.0,0.0,0.0,0.0,0.0,0.0,0.0,0.0,0.0,0.0,0.0,0.0,0.0,0.0,0.0,0.0,0.0,0.0,0.0,0.0,0.0,-1.0
2022,13,2022_13_PIT_ATL,2022-12-04,PIT,ATL,Home,-3.0,2.082,-3.444104,-1.685072,0.322967,-3.322967,10.0,521.489918,0.0,0.0,1.0,0.0,0.52149,0.0,0.0,0.0,0.0,0.0,0.0,0.0,0.0,0.0,8.0,0.0,1.0,0.0,0.0,0.0,0.0,0.0,0.0,0.0,0.0,0.0,0.0,0.0,0.0,0.0,0.0,0.0,0.0,0.0,0.0,0.0,1.0,0.0
2022,13,2022_13_SEA_LA,2022-12-04,SEA,LAR,Home,-4.0,2.082,1.709715,1.003135,2.78858,-6.78858,4.0,965.0728,0.0,0.0,0.0,0.0,0.965073,0.0,1.0,0.965073,0.0,0.0,0.0,0.0,0.0,4.0,0.0,0.0,0.0,0.0,0.0,0.0,0.0,0.0,0.0,0.0,0.0,0.0,0.0,0.0,0.0,0.0,-1.0,0.0,0.0,0.0,2.0,0.0,0.0,-1.0
2022,13,2022_13_TEN_PHI,2022-12-04,TEN,PHI,Home,25.0,2.082,2.74121,2.116112,2.707098,22.292902,0.0,681.497273,0.0,0.0,0.0,0.0,0.681497,0.0,0.0,0.0,1.0,0.0,0.0,0.0,0.0,0.0,0.0,0.0,1.0,0.0,0.0,0.0,0.0,0.0,0.0,0.0,0.0,0.0,0.0,0.0,0.0,0.0,0.0,0.0,0.0,0.0,0.0,0.0,0.0,-1.0
2022,13,2022_13_WAS_NYG,2022-12-04,WAS,NYG,Home,0.0,2.082,-5.012897,-4.635416,1.704519,-1.704519,2.0,198.052961,0.0,0.0,3.0,0.0,0.198053,0.0,0.0,0.198053,0.0,0.0,0.0,0.0,0.0,0.0,0.0,0.0,0.0,0.0,0.0,0.0,0.0,0.0,0.0,0.0,0.0,0.0,0.0,0.0,0.0,0.0,-1.0,0.0,0.0,0.0,2.0,0.0,1.0,0.0
2022,14,2022_14_BAL_PIT,2022-12-11,BAL,PIT,Home,-2.0,2.082,-1.610516,5.306064,-4.834581,2.834581,-2.0,197.2245,0.0,0.0,0.0,0.0,0.197225,0.0,0.0,0.0,0.0,0.0,0.0,0.0,0.0,0.0,0.0,0.0,0.0,0.0,0.0,0.0,0.0,0.0,0.0,0.0,0.0,0.0,0.0,0.0,0.0,0.0,-1.0,0.0,0.0,0.0,0.0,0.0,0.0,-1.0
2022,14,2022_14_CAR_SEA,2022-12-11,CAR,SEA,Home,-6.0,2.082,1.134092,-4.999735,8.215826,-14.215826,-3.0,2280.39924,0.0,0.499973,-7.0,0.0,2.280399,0.0,0.0,0.0,0.0,0.0,0.0,-5.0,0.0,0.0,0.0,0.0,0.0,0.0,0.0,0.0,0.0,0.0,0.0,0.0,0.0,0.0,0.0,0.0,0.0,0.0,0.0,0.0,0.0,0.0,0.0,1.0,1.0,0.0
2022,14,2022_14_CLE_CIN,2022-12-11,CLE,CIN,Home,13.0,2.082,0.163457,-1.301223,3.54668,9.45332,2.0,223.065569,0.0,0.0,0.0,0.0,0.223066,0.0,0.0,0.223066,0.0,0.0,0.0,0.0,0.0,0.0,0.0,0.0,0.0,0.0,0.0,0.0,0.0,0.0,0.0,0.0,0.0,0.0,0.0,0.0,0.0,0.0,-1.0,0.0,0.0,0.0,2.0,0.0,1.0,0.0
2022,14,2022_14_HOU_DAL,2022-12-11,HOU,DAL,Home,4.0,2.082,7.297546,-5.946732,15.326278,-11.326278,0.0,233.81865,0.0,0.0,0.0,0.0,0.233819,0.0,0.0,0.0,0.0,0.0,0.0,0.0,0.0,0.0,0.0,0.0,1.0,0.0,0.0,0.0,0.0,0.0,0.0,0.0,0.0,0.0,0.0,0.0,0.0,0.0,0.0,0.0,0.0,0.0,0.0,0.0,0.0,-1.0
2022,14,2022_14_JAX_TEN,2022-12-11,JAX,TEN,Home,-14.0,2.082,1.577236,-6.45758,10.116816,-24.116816,0.0,500.780884,0.0,0.0,0.0,0.0,0.500781,0.0,0.0,0.500781,0.0,0.0,-2.0,0.0,0.0,0.0,0.0,0.0,0.0,0.0,0.0,2.0,0.0,0.0,0.0,0.0,0.0,0.0,0.0,0.0,0.0,0.0,-1.0,0.0,0.0,0.0,2.0,0.0,0.0,-1.0
2022,14,2022_14_KC_DEN,2022-12-11,KC,DEN,Home,-6.0,2.082,-1.65203,6.201548,-5.771578,-0.228422,0.0,564.281843,1.0,0.0,0.0,0.0,0.564282,0.0,0.0,0.564282,0.0,0.0,0.0,0.0,0.0,0.0,0.0,0.0,0.0,0.0,0.0,0.0,0.0,0.0,0.0,0.0,0.0,0.0,0.0,0.0,0.0,0.0,-1.0,0.0,0.0,0.0,2.0,0.0,0.0,-1.0
2022,14,2022_14_LV_LA,2022-12-08,LV,LAR,Home,1.0,2.082,1.602324,-3.510403,7.194726,-6.194726,6.0,231.708179,0.0,0.0,0.0,0.0,0.231708,0.0,0.0,0.231708,0.0,0.0,0.0,0.0,0.0,0.0,0.0,0.0,1.0,0.0,0.0,0.0,0.0,0.0,0.0,0.0,0.0,0.0,2.0,0.0,0.0,0.0,0.0,0.0,0.0,0.0,2.0,0.0,1.0,0.0
2022,14,2022_14_MIA_LAC,2022-12-11,MIA,LAC,Home,6.0,2.082,-0.793721,-3.469822,4.758101,1.241899,14.0,2332.605371,0.0,0.0,0.0,0.0,2.332605,0.0,0.0,0.0,0.0,3.0,0.0,0.0,0.0,0.0,0.0,0.0,0.0,0.0,0.0,0.0,0.0,0.0,0.0,0.0,0.0,4.0,0.0,0.0,6.0,0.0,0.0,0.0,0.0,2.0,0.0,1.0,1.0,0.0
2022,14,2022_14_MIN_DET,2022-12-11,MIN,DET,Home,11.0,2.082,-3.995778,2.048331,-3.962109,14.962109,-2.0,541.488485,0.0,0.0,0.0,0.0,0.541488,0.0,0.0,0.0,1.0,0.0,0.0,0.0,0.0,0.0,0.0,0.0,0.0,0.0,0.0,0.0,0.0,0.0,0.0,0.0,0.0,0.0,0.0,0.0,0.0,0.0,-1.0,0.0,0.0,0.0,0.0,0.0,0.0,-1.0
2022,14,2022_14_NE_ARI,2022-12-12,NE,ARI,Home,-14.0,2.082,-0.54527,6.814887,-5.278156,-8.721844,16.0,2291.301337,0.0,-0.054527,4.0,1.0,2.291301,0.0,0.0,0.0,0.0,2.0,0.0,0.0,0.0,0.0,0.0,0.0,1.0,0.0,0.0,0.0,5.0,2.0,0.0,0.0,0.0,0.0,0.0,0.0,6.0,0.0,0.0,0.0,0.0,0.0,0.0,1.0,1.0,0.0
2022,14,2022_14_NYJ_BUF,2022-12-11,NYJ,BUF,Home,8.0,2.082,7.060527,-3.986969,13.129496,-5.129496,0.0,277.911498,0.0,0.0,3.0,0.0,0.277911,0.0,0.0,0.277911,0.0,0.0,0.0,0.0,0.0,0.0,0.0,0.0,0.0,0.0,0.0,0.0,0.0,0.0,0.0,0.0,0.0,0.0,0.0,0.0,0.0,0.0,-1.0,0.0,0.0,0.0,2.0,0.0,0.0,-1.0
2022,14,2022_14_PHI_NYG,2022-12-11,PHI,NYG,Home,-26.0,2.082,-4.942681,3.234144,-6.094825,-19.905175,-4.0,85.370877,0.0,0.0,0.0,0.0,0.085371,0.0,0.0,0.0,0.0,0.0,0.0,0.0,0.0,0.0,0.0,0.0,0.0,0.0,0.0,0.0,0.0,0.0,0.0,-4.0,0.0,0.0,0.0,0.0,0.0,0.0,-1.0,0.0,0.0,0.0,0.0,0.0,1.0,0.0
2022,14,2022_14_TB_SF,2022-12-11,TB,SF,Home,28.0,2.082,5.812151,2.838442,5.055709,22.944291,6.0,2366.815977,0.0,0.0,1.0,0.0,2.366816,0.0,0.0,0.0,0.0,0.0,0.0,0.0,0.0,0.0,0.0,6.0,0.0,0.0,0.0,0.0,0.0,0.0,0.0,0.0,0.0,0.0,0.0,0.0,0.0,0.0,0.0,0.0,0.0,0.0,0.0,1.0,0.0,-1.0
2022,15,2022_15_ARI_DEN,2022-12-18,ARI,DEN,Home,9.0,2.082,-1.611012,-0.710649,1.181637,7.818363,6.0,587.554787,1.0,0.0,1.0,0.0,0.587555,0.0,0.0,0.0,0.0,0.0,0.0,0.0,0.0,0.0,0.0,6.0,1.0,0.0,0.0,0.0,0.0,0.0,0.0,0.0,0.0,0.0,0.0,0.0,0.0,0.0,0.0,0.0,0.0,0.0,0.0,0.0,0.0,-1.0
2022,15,2022_15_ATL_NO,2022-12-18,ATL,NO,Home,3.0,2.082,2.097289,-3.501754,7.681043,-4.681043,-6.0,424.399135,0.0,0.559904,-1.0,0.0,0.424399,0.0,0.0,0.0,0.0,0.0,0.0,-5.0,0.0,0.0,0.0,0.0,0.0,0.0,0.0,0.0,5.0,0.0,0.0,0.0,-4.0,0.0,0.0,0.0,0.0,0.0,-1.0,0.0,0.0,0.0,0.0,0.0,0.0,-1.0
2022,15,2022_15_BAL_CLE,2022-12-17,BAL,CLE,Home,10.0,2.082,-1.449373,5.267891,-4.635264,14.635264,0.0,308.262006,0.0,0.0,0.0,0.0,0.308262,0.0,0.0,0.308262,0.0,0.0,0.0,0.0,0.0,0.0,0.0,0.0,0.0,0.0,0.0,0.0,0.0,0.0,0.0,0.0,0.0,0.0,0.0,0.0,0.0,0.0,-1.0,0.0,0.0,0.0,2.0,0.0,0.0,-1.0
2022,15,2022_15_CIN_TB,2022-12-18,CIN,TB,Home,-11.0,2.082,2.416141,0.349489,4.148652,-15.148652,4.0,776.916254,0.0,0.0,0.0,1.0,0.776916,0.0,1.0,0.0,0.0,0.0,0.0,0.0,0.0,0.0,0.0,0.0,1.0,0.0,0.0,2.0,0.0,0.0,0.0,0.0,0.0,0.0,0.0,0.0,0.0,0.0,0.0,0.0,0.0,0.0,0.0,0.0,1.0,0.0
2022,15,2022_15_DAL_JAX,2022-12-18,DAL,JAX,Home,6.0,2.082,-6.006123,7.06622,-10.990343,16.990343,2.0,924.648181,0.0,0.0,0.0,1.0,0.924648,0.0,1.0,0.0,1.0,0.0,0.0,0.0,0.0,0.0,0.0,0.0,1.0,0.0,0.0,0.0,0.0,0.0,0.0,0.0,0.0,0.0,0.0,0.0,0.0,0.0,0.0,0.0,0.0,0.0,0.0,0.0,1.0,0.0
2022,15,2022_15_DET_NYJ,2022-12-18,DET,NYJ,Home,-3.0,2.082,-3.870723,-3.758631,1.969909,-4.969909,0.0,475.280588,0.0,0.0,0.0,0.0,0.475281,0.0,0.0,0.0,0.0,0.0,0.0,0.0,0.0,0.0,0.0,0.0,1.0,0.0,0.0,0.0,0.0,0.0,0.0,0.0,0.0,0.0,0.0,0.0,0.0,0.0,0.0,0.0,0.0,0.0,0.0,0.0,0.0,-1.0
2022,15,2022_15_IND_MIN,2022-12-17,IND,MIN,Home,3.0,2.082,1.787974,-0.914145,4.784119,-1.784119,-10.0,510.406991,0.0,0.091415,-7.0,0.0,0.510407,0.0,0.0,0.0,0.0,0.0,-4.0,-6.0,0.0,0.0,0.0,0.0,1.0,0.0,0.0,0.0,0.0,0.0,0.0,0.0,0.0,0.0,0.0,0.0,0.0,0.0,0.0,0.0,0.0,0.0,0.0,0.0,0.0,-1.0
2022,15,2022_15_KC_HOU,2022-12-18,KC,HOU,Home,-6.0,2.082,-5.728105,6.218381,-9.864485,3.864485,3.0,649.148596,0.0,0.0,0.0,0.0,0.649149,0.0,0.0,0.649149,0.0,0.0,0.0,0.0,0.0,0.0,0.0,0.0,0.0,0.0,0.0,0.0,0.0,0.0,0.0,0.0,0.0,0.0,0.0,0.0,0.0,0.0,0.0,0.0,0.0,0.0,2.0,0.0,1.0,0.0
2022,15,2022_15_LA_GB,2022-12-19,LAR,GB,Home,12.0,2.082,2.034515,1.459854,2.656661,9.343339,8.0,1763.547051,0.0,0.203452,4.0,1.0,1.763547,1.0,0.0,0.0,0.0,0.0,0.0,0.0,0.0,0.0,0.0,0.0,0.0,0.0,0.0,0.0,5.0,2.0,0.0,0.0,0.0,0.0,0.0,0.0,0.0,0.0,0.0,0.0,0.0,0.0,0.0,0.0,1.0,0.0
2022,15,2022_15_MIA_BUF,2022-12-17,MIA,BUF,Home,3.0,2.082,6.971621,-3.470569,12.52419,-9.52419,8.0,1164.757936,0.0,0.0,0.0,0.0,1.164758,0.0,1.0,1.164758,0.0,0.0,0.0,0.0,0.0,0.0,0.0,0.0,0.0,0.0,0.0,0.0,0.0,0.0,0.0,0.0,0.0,0.0,0.0,0.0,6.0,0.0,-1.0,0.0,0.0,0.0,2.0,0.0,1.0,0.0
2022,15,2022_15_NE_LV,2022-12-18,NE,LV,Home,6.0,2.082,-3.382561,6.970065,-8.270626,14.270626,14.0,2364.898463,0.0,0.0,4.0,1.0,2.364898,0.0,0.0,2.364898,0.0,0.0,0.0,0.0,0.0,0.0,8.0,0.0,0.0,0.0,0.0,0.0,0.0,0.0,0.0,0.0,0.0,0.0,0.0,0.0,0.0,0.0,0.0,0.0,0.0,2.0,2.0,1.0,1.0,0.0
2022,15,2022_15_NYG_WAS,2022-12-18,NYG,WAS,Home,-8.0,2.082,-4.504412,-5.312061,2.88965,-10.88965,10.0,198.052961,0.0,-0.450441,7.0,1.0,0.198053,0.0,0.0,0.0,0.0,0.0,-2.0,0.0,0.0,0.0,0.0,0.0,0.0,0.0,0.0,0.0,4.0,0.0,-2.0,0.0,0.0,4.0,0.0,0.0,6.0,0.0,-1.0,0.0,0.0,0.0,0.0,0.0,1.0,0.0
2022,15,2022_15_PHI_CHI,2022-12-18,PHI,CHI,Home,-5.0,2.082,-3.143241,3.55999,-4.621231,-0.378769,3.0,663.667206,0.0,-0.314324,7.0,0.0,0.663667,0.0,0.0,0.0,0.0,0.0,0.0,0.0,0.0,0.0,0.0,0.0,0.0,0.0,0.0,0.0,4.0,0.0,0.0,0.0,0.0,0.0,0.0,0.0,0.0,0.0,0.0,0.0,0.0,0.0,0.0,0.0,0.0,-1.0
2022,15,2022_15_PIT_CAR,2022-12-18,PIT,CAR,Home,-8.0,2.082,-4.792993,-1.561974,-1.149019,-6.850981,2.0,363.611001,0.0,0.0,0.0,0.0,0.363611,0.0,0.0,0.363611,0.0,0.0,0.0,0.0,0.0,0.0,0.0,0.0,1.0,0.0,0.0,0.0,0.0,0.0,0.0,0.0,0.0,0.0,0.0,0.0,0.0,0.0,0.0,0.0,0.0,0.0,2.0,0.0,0.0,-1.0
2022,15,2022_15_SF_SEA,2022-12-15,SF,SEA,Home,-8.0,2.082,0.87312,6.188769,-3.233649,-4.766351,2.0,704.452846,0.0,0.0,0.0,0.0,0.704453,0.0,0.0,0.0,0.0,0.0,0.0,0.0,0.0,0.0,0.0,0.0,0.0,0.0,0.0,0.0,0.0,0.0,0.0,0.0,0.0,0.0,2.0,0.0,0.0,0.0,-1.0,0.0,0.0,0.0,0.0,0.0,1.0,0.0
2022,15,2022_15_TEN_LAC,2022-12-18,TEN,LAC,Home,3.0,2.082,-0.738553,1.195561,0.147886,2.852114,1.0,1784.06098,0.0,0.0,0.0,0.0,1.784061,1.0,0.0,0.0,0.0,0.0,0.0,0.0,0.0,0.0,0.0,0.0,0.0,0.0,0.0,0.0,0.0,0.0,0.0,0.0,0.0,0.0,0.0,0.0,0.0,0.0,0.0,0.0,0.0,0.0,0.0,0.0,1.0,0.0
2022,16,2022_16_ATL_BAL,2022-12-24,ATL,BAL,Home,8.0,2.082,5.068898,-3.480051,10.630949,-2.630949,4.0,575.902684,0.0,0.0,1.0,1.0,0.575903,0.0,0.0,0.575903,0.0,0.0,0.0,0.0,0.0,0.0,0.0,0.0,1.0,0.0,0.0,0.0,0.0,0.0,0.0,0.0,0.0,0.0,0.0,0.0,0.0,0.0,0.0,0.0,0.0,0.0,2.0,0.0,1.0,0.0
2022,16,2022_16_BUF_CHI,2022-12-24,BUF,CHI,Home,-22.0,2.082,-3.135947,6.786478,-7.840426,-14.159574,2.0,455.268548,0.0,0.0,-1.0,1.0,0.455269,0.0,0.0,0.0,0.0,0.0,0.0,0.0,0.0,0.0,0.0,0.0,1.0,0.0,0.0,0.0,0.0,0.0,0.0,0.0,0.0,0.0,0.0,0.0,0.0,0.0,0.0,0.0,0.0,0.0,0.0,0.0,1.0,0.0
2022,16,2022_16_CIN_NE,2022-12-24,CIN,NE,Home,-4.0,2.082,6.711397,0.654368,8.139029,-12.139029,-1.0,724.542061,0.0,0.0,0.0,0.0,0.724542,0.0,0.0,0.0,0.0,0.0,0.0,0.0,0.0,0.0,0.0,0.0,0.0,0.0,0.0,0.0,0.0,0.0,0.0,0.0,0.0,0.0,0.0,0.0,0.0,0.0,0.0,0.0,0.0,0.0,0.0,0.0,0.0,-1.0
2022,16,2022_16_DEN_LA,2022-12-25,DEN,LAR,Home,37.0,2.082,1.254042,-1.405115,4.741156,32.258844,-2.0,836.807673,0.0,0.0,-1.0,0.0,0.836808,0.0,1.0,0.0,0.0,0.0,0.0,0.0,0.0,0.0,0.0,0.0,1.0,0.0,0.0,0.0,0.0,0.0,0.0,0.0,-4.0,0.0,0.0,0.0,0.0,0.0,0.0,0.0,0.0,0.0,0.0,0.0,1.0,0.0
2022,16,2022_16_DET_CAR,2022-12-24,DET,CAR,Home,14.0,2.082,-4.966448,-3.668145,0.783697,13.216303,1.0,505.481132,0.0,0.0,0.0,1.0,0.505481,0.0,0.0,0.0,0.0,0.0,0.0,0.0,0.0,0.0,0.0,0.0,0.0,0.0,0.0,0.0,0.0,0.0,0.0,0.0,0.0,0.0,0.0,0.0,0.0,0.0,0.0,0.0,0.0,0.0,0.0,0.0,1.0,0.0
2022,16,2022_16_GB_MIA,2022-12-25,GB,MIA,Home,-6.0,2.082,-3.326212,2.180171,-3.424383,-2.575617,8.0,1353.552675,0.0,0.0,2.0,0.0,1.353553,1.0,0.0,1.353553,1.0,0.0,0.0,0.0,0.0,0.0,0.0,6.0,1.0,0.0,0.0,0.0,0.0,0.0,0.0,0.0,0.0,0.0,0.0,0.0,0.0,0.0,0.0,0.0,0.0,0.0,2.0,0.0,0.0,-1.0
2022,16,2022_16_HOU_TEN,2022-12-24,HOU,TEN,Home,-5.0,2.082,1.19055,-5.62995,8.9025,-13.9025,4.0,671.468776,0.0,0.0,0.0,1.0,0.671469,0.0,0.0,0.0,0.0,0.0,0.0,0.0,0.0,4.0,0.0,0.0,0.0,0.0,0.0,0.0,0.0,0.0,0.0,0.0,0.0,0.0,0.0,0.0,0.0,0.0,-1.0,0.0,0.0,0.0,0.0,0.0,1.0,0.0
2022,16,2022_16_JAX_NYJ,2022-12-22,JAX,NYJ,Home,-16.0,2.082,-3.959566,-5.681014,3.803448,-19.803448,15.0,839.387991,0.0,0.0,0.0,0.0,0.839388,0.0,1.0,0.839388,0.0,0.0,0.0,0.0,0.0,4.0,0.0,0.0,0.0,0.0,0.0,0.0,0.0,0.0,0.0,0.0,0.0,0.0,2.0,0.0,6.0,0.0,0.0,0.0,0.0,0.0,2.0,0.0,1.0,0.0
2022,16,2022_16_LAC_IND,2022-12-26,LAC,IND,Home,-17.0,2.082,-0.854132,-0.606786,1.834654,-18.834654,-1.0,1813.100547,0.0,0.0,1.0,0.0,1.813101,1.0,0.0,0.0,0.0,0.0,0.0,0.0,0.0,0.0,0.0,0.0,0.0,0.0,0.0,0.0,0.0,2.0,-2.0,0.0,0.0,0.0,0.0,0.0,0.0,0.0,0.0,0.0,0.0,0.0,0.0,0.0,0.0,-1.0
2022,16,2022_16_LV_PIT,2022-12-24,LV,PIT,Home,3.0,2.082,-1.415753,-3.071945,3.738192,-0.738192,-1.0,1918.378192,0.0,0.0,0.0,0.0,1.918378,1.0,0.0,0.0,0.0,0.0,0.0,0.0,0.0,0.0,0.0,0.0,0.0,0.0,0.0,0.0,0.0,0.0,0.0,0.0,0.0,0.0,0.0,0.0,0.0,0.0,0.0,0.0,0.0,0.0,0.0,0.0,0.0,-1.0
2022,16,2022_16_NO_CLE,2022-12-24,NO,CLE,Home,-7.0,2.082,-1.171227,1.947095,-1.036322,-5.963678,4.0,925.401671,0.0,0.0,1.0,1.0,0.925402,0.0,1.0,0.925402,1.0,0.0,0.0,0.0,0.0,0.0,0.0,0.0,1.0,0.0,0.0,0.0,0.0,0.0,0.0,0.0,0.0,0.0,0.0,0.0,0.0,0.0,0.0,0.0,0.0,0.0,2.0,0.0,1.0,0.0
2022,16,2022_16_NYG_MIN,2022-12-24,NYG,MIN,Home,3.0,2.082,1.755042,-5.183981,9.021023,-6.021023,-5.0,1009.927702,0.0,0.0,1.0,0.0,1.009928,0.0,1.0,0.0,0.0,0.0,0.0,0.0,0.0,0.0,0.0,0.0,0.0,0.0,0.0,0.0,0.0,0.0,0.0,-4.0,0.0,0.0,0.0,0.0,0.0,0.0,0.0,0.0,0.0,0.0,0.0,0.0,0.0,-1.0
2022,16,2022_16_PHI_DAL,2022-12-24,PHI,DAL,Home,6.0,2.082,6.740991,3.534819,5.288172,0.711828,0.0,1312.507638,0.0,0.0,0.0,0.0,1.312508,1.0,0.0,1.312508,0.0,0.0,0.0,0.0,0.0,0.0,0.0,0.0,0.0,0.0,0.0,0.0,0.0,0.0,-2.0,0.0,0.0,0.0,0.0,0.0,0.0,0.0,-1.0,0.0,0.0,0.0,2.0,0.0,1.0,0.0
2022,16,2022_16_SEA_KC,2022-12-24,SEA,KC,Home,14.0,2.082,6.213977,0.766217,7.52976,6.47024,2.0,1508.794448,0.0,0.0,-3.0,1.0,1.508794,1.0,0.0,0.0,2.0,0.0,0.0,0.0,0.0,0.0,0.0,0.0,1.0,0.0,2.0,0.0,0.0,0.0,-2.0,0.0,0.0,0.0,0.0,0.0,0.0,0.0,0.0,0.0,0.0,0.0,0.0,0.0,1.0,0.0
2022,16,2022_16_TB_ARI,2022-12-25,TB,ARI,Home,-3.0,2.082,-0.871359,2.099588,-0.888947,-2.111053,9.0,1801.632765,0.0,0.0,0.0,0.0,1.801633,1.0,0.0,0.0,0.0,2.0,0.0,0.0,0.0,0.0,0.0,0.0,0.0,0.0,0.0,0.0,0.0,0.0,0.0,0.0,0.0,4.0,0.0,0.0,6.0,0.0,0.0,0.0,0.0,0.0,0.0,0.0,0.0,-1.0
2022,16,2022_16_WAS_SF,2022-12-24,WAS,SF,Home,17.0,2.082,6.239486,-4.715492,13.036978,3.963022,0.0,2427.601888,0.0,0.0,3.0,0.0,2.427602,0.0,0.0,0.0,0.0,0.0,0.0,0.0,0.0,0.0,0.0,0.0,0.0,0.0,0.0,0.0,0.0,0.0,0.0,0.0,0.0,0.0,0.0,0.0,0.0,0.0,0.0,0.0,0.0,0.0,0.0,1.0,0.0,-1.0
2022,17,2022_17_ARI_ATL,2023-01-01,ARI,ATL,Home,1.0,2.082,-3.361812,-0.838992,-0.44082,1.44082,6.0,1597.809903,0.0,0.0,1.0,0.0,1.59781,1.0,0.0,0.0,2.0,0.0,0.0,0.0,0.0,4.0,0.0,0.0,0.0,1.0,0.0,0.0,0.0,0.0,0.0,0.0,0.0,0.0,0.0,0.0,0.0,0.0,0.0,0.0,0.0,0.0,0.0,0.0,1.0,0.0
2022,17,2022_17_CAR_TB,2023-01-01,CAR,TB,Home,6.0,2.082,2.205757,-4.689555,8.977312,-2.977312,-4.0,510.22365,0.0,0.0,-1.0,0.0,0.510224,0.0,0.0,0.0,0.0,0.0,0.0,0.0,0.0,0.0,0.0,0.0,0.0,0.0,0.0,0.0,0.0,0.0,-2.0,0.0,0.0,0.0,0.0,0.0,0.0,0.0,-1.0,0.0,0.0,0.0,0.0,0.0,0.0,-1.0
2022,17,2022_17_CHI_DET,2023-01-01,CHI,DET,Home,31.0,2.082,-3.940778,-3.401875,1.543097,29.456903,-2.0,236.619167,0.0,0.0,0.0,0.0,0.236619,0.0,0.0,0.0,1.0,0.0,-2.0,0.0,0.0,0.0,0.0,0.0,0.0,0.0,0.0,0.0,0.0,0.0,0.0,0.0,0.0,0.0,0.0,0.0,0.0,0.0,-1.0,0.0,0.0,0.0,0.0,0.0,1.0,0.0
2022,17,2022_17_CLE_WAS,2023-01-01,CLE,WAS,Home,-14.0,2.082,-4.791362,-1.278028,-1.431335,-12.568665,0.0,311.882788,0.0,0.0,0.0,0.0,0.311883,0.0,0.0,0.0,0.0,0.0,0.0,0.0,0.0,0.0,0.0,0.0,1.0,0.0,0.0,0.0,0.0,0.0,0.0,0.0,0.0,0.0,0.0,0.0,0.0,0.0,0.0,0.0,0.0,0.0,0.0,0.0,0.0,-1.0
2022,17,2022_17_DAL_TEN,2022-12-29,DAL,TEN,Home,-14.0,2.082,0.981538,6.753083,-3.689544,-10.310456,7.0,633.36687,0.0,0.0,0.0,1.0,0.633367,0.0,0.0,0.0,0.0,0.0,0.0,0.0,0.0,0.0,0.0,0.0,1.0,0.0,0.0,0.0,0.0,0.0,0.0,0.0,0.0,0.0,2.0,3.0,0.0,0.0,0.0,0.0,0.0,0.0,0.0,0.0,1.0,0.0
2022,17,2022_17_DEN_KC,2023-01-01,DEN,KC,Home,3.0,2.082,6.312035,-1.956094,10.350129,-7.350129,-5.0,564.281843,0.0,0.0,1.0,0.0,0.564282,0.0,0.0,0.0,1.0,0.0,-4.0,0.0,0.0,0.0,0.0,0.0,0.0,1.0,0.0,0.0,0.0,0.0,0.0,0.0,0.0,0.0,0.0,0.0,0.0,0.0,-1.0,0.0,0.0,0.0,0.0,0.0,0.0,-1.0
2022,17,2022_17_IND_NYG,2023-01-01,IND,NYG,Home,28.0,2.082,-5.096453,-1.161086,-1.853367,29.853367,8.0,640.802851,0.0,0.0,2.0,0.0,0.640803,0.0,0.0,0.640803,0.0,0.0,0.0,0.0,0.0,0.0,0.0,6.0,1.0,0.0,0.0,0.0,0.0,0.0,0.0,0.0,0.0,0.0,0.0,0.0,0.0,0.0,0.0,0.0,0.0,0.0,2.0,0.0,0.0,-1.0
2022,17,2022_17_JAX_HOU,2023-01-01,JAX,HOU,Home,-28.0,2.082,-5.400672,-5.370278,2.051606,-30.051606,2.0,824.794909,0.0,0.0,-2.0,0.0,0.824795,0.0,1.0,0.824795,0.0,0.0,0.0,0.0,0.0,0.0,0.0,0.0,0.0,0.0,0.0,0.0,0.0,0.0,0.0,0.0,0.0,0.0,0.0,0.0,0.0,0.0,-1.0,0.0,0.0,0.0,2.0,0.0,1.0,0.0
2022,17,2022_17_LA_LAC,2023-01-01,LAR,LAC,Home,21.0,2.082,-0.326853,1.84947,-0.094323,21.094323,-4.0,0.0,0.0,0.0,-1.0,0.0,0.0,0.0,0.0,0.0,0.0,0.0,0.0,0.0,0.0,0.0,0.0,0.0,1.0,0.0,0.0,0.0,0.0,0.0,0.0,0.0,-4.0,0.0,0.0,0.0,0.0,0.0,0.0,0.0,0.0,0.0,0.0,0.0,0.0,-1.0
2022,17,2022_17_MIA_NE,2023-01-01,MIA,NE,Home,2.0,2.082,6.467694,-3.397197,11.946891,-9.946891,2.0,1225.685856,0.0,0.0,1.0,0.0,1.225686,0.0,1.0,1.225686,0.0,0.0,0.0,0.0,0.0,0.0,0.0,0.0,0.0,0.0,0.0,0.0,0.0,0.0,0.0,0.0,0.0,0.0,0.0,0.0,0.0,0.0,-1.0,0.0,0.0,0.0,2.0,0.0,1.0,0.0
2022,17,2022_17_MIN_GB,2023-01-01,MIN,GB,Home,24.0,2.082,2.179004,1.603683,2.657321,21.342679,0.0,257.029197,0.0,0.0,-1.0,1.0,0.257029,0.0,0.0,0.0,0.0,0.0,0.0,0.0,0.0,0.0,0.0,0.0,0.0,0.0,0.0,0.0,0.0,0.0,0.0,0.0,0.0,0.0,0.0,0.0,0.0,0.0,-1.0,0.0,0.0,0.0,0.0,0.0,1.0,0.0
2022,17,2022_17_NO_PHI,2023-01-01,NO,PHI,Home,-10.0,2.082,3.490379,2.107178,3.465201,-13.465201,3.0,1086.561214,0.0,0.0,0.0,1.0,1.086561,0.0,1.0,1.086561,1.0,0.0,0.0,0.0,0.0,0.0,0.0,0.0,0.0,0.0,0.0,0.0,0.0,0.0,0.0,0.0,0.0,0.0,0.0,0.0,0.0,0.0,0.0,0.0,0.0,0.0,2.0,0.0,1.0,0.0
2022,17,2022_17_NYJ_SEA,2023-01-01,NYJ,SEA,Home,17.0,2.082,0.724758,-4.333294,7.140052,9.859948,1.0,2395.576173,0.0,0.0,-2.0,0.0,2.395576,0.0,0.0,0.0,0.0,0.0,0.0,0.0,0.0,0.0,0.0,0.0,1.0,0.0,0.0,0.0,0.0,0.0,0.0,0.0,0.0,0.0,0.0,0.0,0.0,0.0,0.0,0.0,0.0,0.0,0.0,1.0,0.0,-1.0
2022,17,2022_17_PIT_BAL,2023-01-01,PIT,BAL,Home,-3.0,2.082,5.022855,-1.440167,8.545022,-11.545022,8.0,197.2245,0.0,0.0,0.0,0.0,0.197225,0.0,0.0,0.0,0.0,0.0,0.0,0.0,0.0,0.0,0.0,0.0,0.0,0.0,0.0,0.0,0.0,0.0,0.0,0.0,0.0,4.0,0.0,0.0,6.0,0.0,-1.0,0.0,0.0,0.0,0.0,0.0,0.0,-1.0
2022,17,2022_17_SF_LV,2023-01-01,SF,LV,Home,-3.0,2.082,-3.096885,6.377334,-7.392219,4.392219,0.0,386.427518,0.0,0.0,0.0,0.0,0.386428,0.0,0.0,0.0,0.0,0.0,0.0,0.0,0.0,0.0,0.0,0.0,1.0,0.0,0.0,0.0,0.0,0.0,0.0,0.0,0.0,0.0,0.0,0.0,0.0,0.0,0.0,0.0,0.0,0.0,0.0,0.0,0.0,-1.0
2022,18,2022_18_ARI_SF,2023-01-08,ARI,SF,Home,25.0,2.082,6.277095,-0.872849,9.231944,15.768056,-2.0,607.928175,0.0,0.0,0.0,0.0,0.607928,0.0,0.0,0.607928,0.0,0.0,0.0,0.0,0.0,0.0,0.0,0.0,0.0,0.0,0.0,0.0,0.0,0.0,-2.0,0.0,0.0,0.0,0.0,0.0,0.0,0.0,-1.0,0.0,0.0,0.0,2.0,0.0,0.0,-1.0
2022,18,2022_18_BAL_CIN,2023-01-08,BAL,CIN,Home,11.0,2.082,0.883958,4.861006,-1.895048,12.895048,0.0,422.769581,0.0,0.0,-1.0,0.0,0.42277,0.0,0.0,0.0,0.0,0.0,0.0,0.0,0.0,0.0,0.0,0.0,0.0,0.0,0.0,0.0,0.0,0.0,0.0,0.0,0.0,0.0,0.0,0.0,0.0,0.0,-1.0,0.0,0.0,0.0,0.0,0.0,1.0,0.0
2022,18,2022_18_CAR_NO,2023-01-08,CAR,NO,Home,-3.0,2.082,2.319843,-4.632491,9.034334,-12.034334,0.0,648.697077,0.0,0.0,0.0,0.0,0.648697,0.0,0.0,0.0,0.0,0.0,0.0,0.0,0.0,0.0,0.0,0.0,0.0,0.0,0.0,0.0,0.0,0.0,0.0,0.0,0.0,0.0,0.0,0.0,0.0,0.0,-1.0,0.0,0.0,0.0,0.0,0.0,1.0,0.0
2022,18,2022_18_CLE_PIT,2023-01-08,CLE,PIT,Home,14.0,2.082,-1.247666,-1.073107,1.907441,12.092559,-2.0,114.323201,0.0,0.0,0.0,0.0,0.114323,0.0,0.0,0.0,0.0,0.0,0.0,0.0,0.0,0.0,0.0,0.0,0.0,0.0,0.0,0.0,0.0,0.0,0.0,0.0,0.0,0.0,0.0,0.0,0.0,0.0,-1.0,0.0,0.0,0.0,0.0,0.0,0.0,-1.0
2022,18,2022_18_DAL_WAS,2023-01-08,DAL,WAS,Home,20.0,2.082,-4.95653,6.931676,-9.806206,29.806206,2.0,1207.360458,0.0,0.0,-3.0,1.0,1.20736,0.0,1.0,1.20736,0.0,0.0,0.0,0.0,0.0,0.0,0.0,0.0,0.0,0.0,0.0,0.0,0.0,0.0,0.0,0.0,0.0,0.0,0.0,0.0,0.0,0.0,-1.0,0.0,0.0,0.0,2.0,0.0,1.0,0.0
2022,18,2022_18_DET_GB,2023-01-08,DET,GB,Home,-4.0,2.082,2.520424,-3.448234,8.050658,-12.050658,12.0,292.632421,0.0,0.0,0.0,1.0,0.292632,0.0,0.0,0.292632,0.0,1.0,0.0,0.0,0.0,0.0,0.0,0.0,0.0,0.0,0.0,0.0,0.0,0.0,0.0,0.0,0.0,4.0,0.0,0.0,6.0,0.0,-1.0,0.0,0.0,0.0,2.0,0.0,1.0,0.0
2022,18,2022_18_HOU_IND,2023-01-08,HOU,IND,Home,-1.0,2.082,-1.695064,-5.933825,6.320761,-7.320761,-2.0,870.881595,0.0,0.0,0.0,0.0,0.870882,0.0,1.0,0.0,1.0,0.0,-2.0,0.0,0.0,0.0,0.0,0.0,0.0,0.0,0.0,2.0,0.0,0.0,0.0,0.0,0.0,0.0,0.0,0.0,0.0,0.0,-1.0,0.0,0.0,0.0,0.0,0.0,0.0,-1.0
2022,18,2022_18_KC_LV,2023-01-07,KC,LV,Home,-18.0,2.082,-3.013454,6.213255,-7.144709,-10.855291,-6.0,1149.22993,0.0,0.0,0.0,0.0,1.14923,0.0,1.0,0.0,0.0,0.0,0.0,0.0,0.0,0.0,0.0,0.0,0.0,0.0,0.0,0.0,0.0,0.0,0.0,-4.0,0.0,0.0,0.0,0.0,0.0,0.0,-1.0,0.0,0.0,0.0,0.0,0.0,0.0,-1.0
2022,18,2022_18_LAC_DEN,2023-01-08,LAC,DEN,Home,3.0,2.082,-1.810676,0.024559,0.246765,2.753235,0.0,836.807673,1.0,0.0,0.0,1.0,0.836808,0.0,1.0,0.0,0.0,0.0,0.0,0.0,0.0,0.0,0.0,0.0,0.0,0.0,0.0,0.0,0.0,0.0,0.0,0.0,0.0,0.0,0.0,0.0,0.0,0.0,-1.0,0.0,0.0,0.0,0.0,0.0,1.0,0.0
2022,18,2022_18_LA_SEA,2023-01-08,LAR,SEA,Home,3.0,2.082,0.871497,1.495849,1.457648,1.542352,-2.0,965.0728,0.0,0.0,0.0,0.0,0.965073,0.0,1.0,0.965073,0.0,0.0,-2.0,0.0,0.0,0.0,0.0,0.0,0.0,0.0,0.0,0.0,0.0,0.0,0.0,0.0,0.0,0.0,0.0,0.0,0.0,0.0,-1.0,0.0,0.0,0.0,2.0,0.0,0.0,-1.0
2022,18,2022_18_MIN_CHI,2023-01-08,MIN,CHI,Home,-16.0,2.082,-3.846121,1.300241,-3.064362,-12.935638,2.0,355.333612,0.0,0.0,0.0,1.0,0.355334,0.0,0.0,0.0,0.0,0.0,-2.0,0.0,0.0,0.0,0.0,0.0,0.0,0.0,0.0,4.0,0.0,0.0,0.0,0.0,0.0,0.0,0.0,0.0,0.0,0.0,-1.0,0.0,0.0,0.0,0.0,0.0,1.0,0.0
2022,18,2022_18_NE_BUF,2023-01-08,NE,BUF,Home,12.0,2.082,6.935345,6.289281,2.728063,9.271937,-2.0,386.376435,0.0,0.0,-1.0,0.0,0.386376,0.0,0.0,0.0,0.0,0.0,0.0,0.0,0.0,0.0,0.0,0.0,0.0,0.0,0.0,0.0,0.0,0.0,0.0,0.0,0.0,0.0,0.0,0.0,0.0,0.0,-1.0,0.0,0.0,0.0,0.0,0.0,0.0,-1.0
2022,18,2022_18_NYG_PHI,2023-01-08,NYG,PHI,Home,6.0,2.082,3.309661,-4.602229,9.99389,-3.99389,2.0,85.370877,0.0,0.0,0.0,1.0,0.085371,0.0,0.0,0.085371,0.0,0.0,0.0,0.0,0.0,0.0,0.0,0.0,0.0,0.0,0.0,0.0,0.0,0.0,0.0,0.0,0.0,0.0,0.0,0.0,0.0,0.0,-1.0,0.0,0.0,0.0,2.0,0.0,1.0,0.0
2022,18,2022_18_NYJ_MIA,2023-01-08,NYJ,MIA,Home,5.0,2.082,-3.25252,-4.487712,3.317192,1.682808,0.0,1085.511258,0.0,0.0,0.0,1.0,1.085511,0.0,1.0,0.0,0.0,0.0,0.0,0.0,0.0,0.0,0.0,0.0,0.0,0.0,0.0,0.0,0.0,0.0,0.0,0.0,0.0,0.0,0.0,0.0,0.0,0.0,-1.0,0.0,0.0,0.0,0.0,0.0,1.0,0.0
2022,18,2022_18_TB_ATL,2023-01-08,TB,ATL,Home,13.0,2.082,-3.330999,2.165447,-3.414446,16.414446,0.0,414.852675,0.0,0.0,0.0,0.0,0.414853,0.0,0.0,0.0,0.0,0.0,0.0,0.0,0.0,0.0,0.0,0.0,0.0,0.0,0.0,0.0,0.0,0.0,0.0,0.0,0.0,0.0,0.0,0.0,0.0,0.0,-1.0,0.0,0.0,0.0,0.0,0.0,1.0,0.0
2022,18,2022_18_TEN_JAX,2023-01-07,TEN,JAX,Home,4.0,2.082,-4.952779,0.757121,-3.6279,7.6279,1.0,500.780884,0.0,0.0,-3.0,0.0,0.500781,0.0,0.0,0.0,0.0,0.0,0.0,0.0,0.0,0.0,0.0,0.0,0.0,0.0,0.0,0.0,0.0,0.0,0.0,0.0,0.0,0.0,0.0,3.0,0.0,0.0,-1.0,0.0,0.0,0.0,0.0,0.0,0.0,-1.0
2023,1,2023_01_ARI_WAS,2023-09-10,ARI,WAS,Home,4.0,2.082,-2.436173,-0.195672,-0.1585,4.1585,0.0,1995.013012,0.0,0.0,0.0,0.0,1.995013,1.0,0.0,0.0,2.0,0.0,0.0,0.0,0.0,0.0,0.0,0.0,0.0,1.0,0.0,0.0,0.0,0.0,0.0,0.0,0.0,0.0,0.0,0.0,0.0,0.0,0.0,0.0,0.0,0.0,0.0,0.0,0.0,-1.0
2023,1,2023_01_BUF_NYJ,2023-09-11,BUF,NYJ,Home,6.0,2.082,-4.499314,8.324423,-10.741737,16.741737,6.0,277.911498,0.0,0.0,0.0,0.0,0.277911,0.0,0.0,0.0,0.0,0.0,0.0,0.0,0.0,0.0,0.0,0.0,0.0,0.0,0.0,0.0,0.0,2.0,0.0,0.0,0.0,0.0,0.0,0.0,6.0,0.0,-1.0,0.0,0.0,0.0,0.0,0.0,0.0,-1.0
2023,1,2023_01_CAR_ATL,2023-09-10,CAR,ATL,Home,14.0,2.082,-3.618016,-2.944706,1.40869,12.59131,0.0,226.134727,0.0,0.0,0.0,0.0,0.226135,0.0,0.0,0.0,0.0,0.0,0.0,0.0,0.0,0.0,0.0,0.0,0.0,0.0,0.0,0.0,0.0,0.0,0.0,0.0,0.0,0.0,0.0,0.0,0.0,0.0,-1.0,0.0,0.0,0.0,0.0,0.0,1.0,0.0
2023,1,2023_01_CIN_CLE,2023-09-10,CIN,CLE,Home,21.0,2.082,-1.029153,4.282085,-3.229238,24.229238,0.0,223.065569,0.0,0.0,0.0,1.0,0.223066,0.0,0.0,0.0,0.0,0.0,0.0,0.0,0.0,0.0,0.0,0.0,0.0,0.0,0.0,0.0,0.0,0.0,0.0,0.0,0.0,0.0,0.0,0.0,0.0,0.0,-1.0,0.0,0.0,0.0,0.0,0.0,1.0,0.0
2023,1,2023_01_DAL_NYG,2023-09-10,DAL,NYG,Home,-40.0,2.082,-3.813534,6.661202,-8.392736,-31.607264,5.0,1385.055729,0.0,0.0,0.0,0.0,1.385056,1.0,0.0,0.0,0.0,0.0,0.0,0.0,0.0,0.0,0.0,0.0,0.0,0.0,0.0,0.0,0.0,0.0,0.0,0.0,0.0,4.0,0.0,3.0,0.0,0.0,-1.0,0.0,0.0,0.0,0.0,0.0,0.0,-1.0
2023,1,2023_01_DET_KC,2023-09-07,DET,KC,Home,-1.0,2.082,6.12206,-2.841539,11.045599,-12.045599,14.0,640.263308,0.0,0.0,0.0,1.0,0.640263,0.0,0.0,0.0,0.0,1.0,0.0,0.0,0.0,0.0,0.0,0.0,1.0,0.0,0.0,0.0,0.0,0.0,0.0,0.0,0.0,0.0,2.0,0.0,6.0,0.0,0.0,0.0,4.0,0.0,0.0,0.0,1.0,0.0
2023,1,2023_01_GB_CHI,2023-09-10,GB,CHI,Home,-18.0,2.082,-5.412943,1.7053,-5.036243,-12.963757,-2.0,183.712916,0.0,0.0,0.0,0.0,0.183713,0.0,0.0,0.0,0.0,0.0,0.0,0.0,0.0,0.0,0.0,0.0,0.0,0.0,0.0,0.0,0.0,0.0,0.0,0.0,0.0,0.0,0.0,0.0,0.0,0.0,-1.0,0.0,0.0,0.0,0.0,0.0,0.0,-1.0
2023,1,2023_01_HOU_BAL,2023-09-10,HOU,BAL,Home,16.0,2.082,0.623694,-7.537815,10.243508,5.756492,1.0,1254.826668,0.0,0.0,0.0,1.0,1.254827,1.0,0.0,0.0,1.0,0.0,0.0,0.0,0.0,0.0,0.0,0.0,0.0,0.0,0.0,0.0,0.0,0.0,0.0,0.0,0.0,0.0,0.0,0.0,0.0,0.0,0.0,0.0,0.0,0.0,0.0,0.0,1.0,0.0
2023,1,2023_01_JAX_IND,2023-09-10,JAX,IND,Home,-10.0,2.082,-1.764719,-4.053041,4.370322,-14.370322,0.0,700.191122,0.0,0.0,0.0,0.0,0.700191,0.0,0.0,0.0,0.0,0.0,0.0,0.0,0.0,0.0,0.0,0.0,0.0,0.0,0.0,0.0,0.0,0.0,0.0,0.0,0.0,0.0,0.0,0.0,0.0,0.0,-1.0,0.0,0.0,0.0,0.0,0.0,1.0,0.0
2023,1,2023_01_LA_SEA,2023-09-10,LAR,SEA,Home,-17.0,2.082,0.494107,0.689192,1.886915,-18.886915,-2.0,965.0728,0.0,0.0,0.0,0.0,0.965073,0.0,1.0,0.0,0.0,0.0,0.0,0.0,0.0,0.0,0.0,0.0,0.0,0.0,0.0,0.0,0.0,0.0,0.0,0.0,0.0,0.0,0.0,0.0,0.0,0.0,-1.0,0.0,0.0,0.0,0.0,0.0,0.0,-1.0
2023,1,2023_01_LV_DEN,2023-09-10,LV,DEN,Home,-1.0,2.082,-1.433669,-1.72888,2.377211,-3.377211,-2.0,608.258094,1.0,0.0,0.0,0.0,0.608258,0.0,0.0,0.0,0.0,0.0,0.0,0.0,0.0,0.0,0.0,0.0,0.0,0.0,0.0,0.0,0.0,0.0,0.0,0.0,0.0,0.0,0.0,0.0,0.0,0.0,-1.0,0.0,0.0,0.0,0.0,0.0,0.0,-1.0
2023,1,2023_01_MIA_LAC,2023-09-10,MIA,LAC,Home,-2.0,2.082,0.569554,-0.775948,3.427502,-5.427502,2.0,2332.605371,0.0,0.0,0.0,0.0,2.332605,0.0,0.0,0.0,0.0,0.0,0.0,0.0,0.0,0.0,0.0,0.0,0.0,0.0,0.0,0.0,0.0,0.0,0.0,0.0,0.0,0.0,0.0,0.0,0.0,0.0,0.0,0.0,0.0,0.0,0.0,1.0,1.0,0.0
2023,1,2023_01_PHI_NE,2023-09-10,PHI,NE,Home,-5.0,2.082,4.037269,4.055724,2.063545,-7.063545,6.0,253.586669,0.0,0.0,0.0,0.0,0.253587,0.0,0.0,0.0,0.0,0.0,0.0,0.0,0.0,0.0,0.0,0.0,1.0,0.0,0.0,0.0,0.0,0.0,0.0,0.0,0.0,0.0,0.0,0.0,0.0,0.0,0.0,4.0,0.0,0.0,0.0,0.0,1.0,0.0
2023,1,2023_01_SF_PIT,2023-09-10,SF,PIT,Home,-23.0,2.082,-1.60842,5.073343,-4.599764,-18.400236,3.0,2243.729,0.0,0.0,0.0,0.0,2.243729,0.0,0.0,0.0,3.0,0.0,0.0,0.0,0.0,0.0,0.0,0.0,1.0,0.0,2.0,0.0,0.0,0.0,0.0,0.0,0.0,0.0,0.0,0.0,0.0,0.0,0.0,0.0,0.0,0.0,0.0,1.0,0.0,-1.0
2023,1,2023_01_TB_MIN,2023-09-10,TB,MIN,Home,-3.0,2.082,-0.224319,2.840699,-0.983018,-2.016982,1.0,1314.918253,0.0,0.0,0.0,0.0,1.314918,1.0,0.0,0.0,0.0,0.0,0.0,0.0,0.0,0.0,0.0,0.0,0.0,0.0,0.0,0.0,0.0,0.0,0.0,0.0,0.0,0.0,0.0,0.0,0.0,0.0,0.0,0.0,0.0,0.0,0.0,0.0,1.0,0.0
2023,1,2023_01_TEN_NO,2023-09-10,TEN,NO,Home,1.0,2.082,0.648834,-0.209627,2.940461,-1.940461,2.0,470.184872,0.0,0.0,0.0,0.0,0.470185,0.0,0.0,0.0,0.0,0.0,0.0,0.0,0.0,0.0,0.0,0.0,1.0,0.0,0.0,0.0,0.0,0.0,0.0,0.0,0.0,0.0,0.0,0.0,0.0,0.0,0.0,0.0,0.0,0.0,0.0,0.0,1.0,0.0
2023,2,2023_02_BAL_CIN,2023-09-17,BAL,CIN,Home,-3.0,2.082,3.761209,0.697016,5.146193,-8.146193,2.0,422.769581,0.0,0.0,0.0,0.0,0.42277,0.0,0.0,0.0,0.0,0.0,0.0,0.0,0.0,0.0,0.0,0.0,0.0,0.0,0.0,2.0,0.0,0.0,0.0,0.0,0.0,0.0,0.0,0.0,0.0,0.0,-1.0,0.0,0.0,0.0,0.0,0.0,1.0,0.0
2023,2,2023_02_CHI_TB,2023-09-17,CHI,TB,Home,10.0,2.082,2.906089,-5.645938,10.634026,-0.634026,-1.0,1001.723946,0.0,0.0,0.0,0.0,1.001724,0.0,1.0,0.0,1.0,0.0,0.0,0.0,0.0,0.0,0.0,0.0,0.0,0.0,0.0,0.0,0.0,0.0,0.0,0.0,0.0,0.0,0.0,0.0,0.0,0.0,0.0,0.0,0.0,0.0,0.0,0.0,0.0,-1.0
2023,2,2023_02_CLE_PIT,2023-09-18,CLE,PIT,Home,4.0,2.082,-2.051189,-0.575729,0.60654,3.39346,8.0,114.323201,0.0,0.0,0.0,0.0,0.114323,0.0,0.0,0.0,0.0,0.0,0.0,0.0,0.0,0.0,0.0,0.0,0.0,0.0,0.0,2.0,0.0,2.0,0.0,0.0,0.0,0.0,0.0,0.0,6.0,0.0,-1.0,0.0,0.0,0.0,0.0,0.0,0.0,-1.0
2023,2,2023_02_GB_ATL,2023-09-17,GB,ATL,Home,1.0,2.082,-3.329052,2.018201,-3.265253,4.265253,1.0,767.744726,0.0,0.0,0.0,0.0,0.767745,0.0,1.0,0.0,1.0,0.0,0.0,0.0,0.0,0.0,0.0,0.0,0.0,0.0,0.0,0.0,0.0,0.0,0.0,0.0,0.0,0.0,0.0,0.0,0.0,0.0,0.0,0.0,0.0,0.0,0.0,0.0,1.0,0.0
2023,2,2023_02_IND_HOU,2023-09-17,IND,HOU,Home,-11.0,2.082,-7.659533,-2.082149,-3.495383,-7.504617,-2.0,870.881595,0.0,0.0,0.0,0.0,0.870882,0.0,1.0,0.0,0.0,0.0,0.0,0.0,0.0,0.0,0.0,0.0,0.0,0.0,0.0,0.0,0.0,0.0,0.0,0.0,0.0,0.0,0.0,0.0,0.0,0.0,-1.0,0.0,0.0,0.0,0.0,0.0,0.0,-1.0
2023,2,2023_02_KC_JAX,2023-09-17,KC,JAX,Home,-8.0,2.082,-3.754794,5.811978,-7.484772,-0.515228,-3.0,944.925923,0.0,0.0,-3.0,0.0,0.944926,0.0,1.0,0.0,1.0,0.0,0.0,0.0,0.0,0.0,0.0,0.0,0.0,0.0,0.0,0.0,0.0,0.0,0.0,0.0,0.0,0.0,0.0,0.0,0.0,0.0,0.0,0.0,-2.0,0.0,0.0,0.0,0.0,-1.0
2023,2,2023_02_LAC_TEN,2023-09-17,LAC,TEN,Home,3.0,2.082,-0.206243,0.42671,1.449047,1.550953,3.0,1784.06098,0.0,0.0,0.0,1.0,1.784061,1.0,0.0,0.0,2.0,0.0,0.0,0.0,0.0,0.0,0.0,0.0,0.0,0.0,2.0,0.0,0.0,0.0,0.0,0.0,0.0,0.0,0.0,0.0,0.0,0.0,0.0,0.0,0.0,0.0,0.0,0.0,1.0,0.0
2023,2,2023_02_LV_BUF,2023-09-17,LV,BUF,Home,28.0,2.082,7.95626,-1.723044,11.761304,16.238696,-3.0,1980.07829,0.0,0.0,-1.0,0.0,1.980078,1.0,0.0,0.0,3.0,0.0,0.0,0.0,0.0,0.0,0.0,0.0,0.0,0.0,2.0,0.0,0.0,0.0,-2.0,0.0,-4.0,0.0,0.0,0.0,0.0,0.0,0.0,0.0,0.0,0.0,0.0,0.0,1.0,0.0
2023,2,2023_02_MIA_NE,2023-09-17,MIA,NE,Home,-7.0,2.082,3.893147,-0.683677,6.658824,-13.658824,10.0,1225.685856,0.0,0.0,0.0,0.0,1.225686,0.0,1.0,0.0,0.0,0.0,0.0,0.0,0.0,0.0,0.0,0.0,0.0,0.0,0.0,0.0,0.0,0.0,0.0,0.0,0.0,4.0,0.0,0.0,6.0,0.0,-1.0,0.0,0.0,0.0,0.0,0.0,1.0,0.0
2023,2,2023_02_MIN_PHI,2023-09-14,MIN,PHI,Home,6.0,2.082,4.238294,-0.232216,6.55251,-0.55251,4.0,984.175988,0.0,0.0,0.0,1.0,0.984176,0.0,1.0,0.0,0.0,0.0,0.0,0.0,0.0,0.0,0.0,0.0,0.0,0.0,0.0,0.0,0.0,0.0,0.0,0.0,0.0,0.0,2.0,3.0,0.0,0.0,0.0,-2.0,0.0,0.0,0.0,0.0,1.0,0.0
2023,2,2023_02_NO_CAR,2023-09-18,NO,CAR,Home,-3.0,2.082,-3.208658,0.621082,-1.74774,-1.25226,5.0,648.697077,0.0,0.0,0.0,1.0,0.648697,0.0,0.0,0.0,0.0,0.0,0.0,0.0,0.0,0.0,0.0,0.0,0.0,0.0,0.0,0.0,0.0,2.0,0.0,0.0,0.0,0.0,0.0,3.0,0.0,0.0,-1.0,0.0,0.0,0.0,0.0,0.0,1.0,0.0
2023,2,2023_02_NYG_ARI,2023-09-17,NYG,ARI,Home,-3.0,2.082,-0.230504,-4.453049,6.304545,-9.304545,-2.0,2143.949513,0.0,0.0,0.0,1.0,2.14395,0.0,0.0,0.0,0.0,0.0,-4.0,0.0,0.0,0.0,0.0,0.0,0.0,0.0,0.0,0.0,0.0,0.0,0.0,0.0,0.0,0.0,0.0,0.0,0.0,0.0,0.0,0.0,0.0,0.0,0.0,1.0,1.0,0.0
2023,2,2023_02_NYJ_DAL,2023-09-17,NYJ,DAL,Home,20.0,2.082,7.339861,-4.174898,13.596759,6.403241,10.0,1385.055729,0.0,0.0,1.0,0.0,1.385056,1.0,0.0,0.0,0.0,0.0,0.0,0.0,0.0,4.0,0.0,6.0,1.0,0.0,0.0,0.0,0.0,0.0,0.0,0.0,0.0,0.0,0.0,0.0,0.0,0.0,0.0,0.0,0.0,0.0,0.0,0.0,0.0,-1.0
2023,2,2023_02_SEA_DET,2023-09-17,SEA,DET,Home,-6.0,2.082,-2.554936,0.125282,-0.598218,-5.401782,1.0,1932.981818,0.0,0.0,3.0,0.0,1.932982,1.0,0.0,0.0,3.0,0.0,0.0,0.0,0.0,0.0,0.0,0.0,0.0,0.0,2.0,0.0,0.0,0.0,0.0,0.0,0.0,0.0,0.0,0.0,0.0,0.0,0.0,0.0,0.0,0.0,0.0,0.0,0.0,-1.0
2023,2,2023_02_SF_LA,2023-09-17,SF,LAR,Home,-7.0,2.082,1.117614,5.485899,-2.286286,-4.713714,0.0,313.511192,0.0,0.0,0.0,0.0,0.313511,0.0,0.0,0.0,0.0,0.0,0.0,0.0,0.0,0.0,0.0,0.0,0.0,0.0,0.0,0.0,0.0,0.0,0.0,0.0,0.0,0.0,0.0,0.0,0.0,0.0,-1.0,0.0,0.0,0.0,0.0,0.0,1.0,0.0
2023,2,2023_02_WAS_DEN,2023-09-17,WAS,DEN,Home,-2.0,2.082,-1.52447,-2.308563,2.866093,-4.866093,0.0,1499.757257,1.0,0.0,0.0,0.0,1.499757,1.0,0.0,0.0,0.0,0.0,0.0,0.0,0.0,0.0,0.0,0.0,1.0,0.0,0.0,0.0,0.0,0.0,0.0,0.0,0.0,0.0,0.0,0.0,0.0,0.0,0.0,0.0,0.0,0.0,0.0,0.0,0.0,-1.0
2023,3,2023_03_ATL_DET,2023-09-24,ATL,DET,Home,14.0,2.082,-2.667825,-3.214408,2.628583,11.371417,-5.0,597.680981,0.0,0.0,0.0,0.0,0.597681,0.0,0.0,0.0,0.0,0.0,0.0,0.0,0.0,0.0,0.0,0.0,0.0,0.0,0.0,0.0,0.0,0.0,0.0,-4.0,0.0,0.0,0.0,0.0,0.0,0.0,0.0,0.0,0.0,0.0,0.0,0.0,0.0,-1.0
2023,3,2023_03_BUF_WAS,2023-09-24,BUF,WAS,Home,-34.0,2.082,-2.17367,8.321102,-8.412772,-25.587228,2.0,285.366613,0.0,0.0,0.0,1.0,0.285367,0.0,0.0,0.0,0.0,0.0,0.0,0.0,0.0,0.0,0.0,0.0,1.0,0.0,0.0,0.0,0.0,0.0,0.0,0.0,0.0,0.0,0.0,0.0,0.0,0.0,0.0,0.0,0.0,0.0,0.0,0.0,1.0,0.0
2023,3,2023_03_CAR_SEA,2023-09-24,CAR,SEA,Home,10.0,2.082,0.213786,-3.212289,5.508075,4.491925,6.0,2280.39924,0.0,0.0,1.0,0.0,2.280399,0.0,0.0,0.0,0.0,0.0,0.0,0.0,0.0,0.0,0.0,6.0,0.0,0.0,0.0,0.0,0.0,0.0,-2.0,0.0,0.0,0.0,0.0,0.0,0.0,0.0,0.0,0.0,0.0,0.0,0.0,1.0,1.0,0.0
2023,3,2023_03_CHI_KC,2023-09-24,CHI,KC,Home,31.0,2.082,5.78563,-5.638283,13.505913,17.494087,2.0,409.857963,0.0,0.0,0.0,0.0,0.409858,0.0,0.0,0.0,0.0,0.0,0.0,0.0,0.0,0.0,0.0,0.0,1.0,0.0,0.0,0.0,0.0,0.0,0.0,0.0,0.0,0.0,0.0,0.0,0.0,0.0,0.0,0.0,2.0,0.0,0.0,0.0,0.0,-1.0
2023,3,2023_03_DAL_ARI,2023-09-24,DAL,ARI,Home,12.0,2.082,-0.445699,7.491988,-5.855687,17.855687,1.0,878.43943,0.0,0.0,0.0,1.0,0.878439,0.0,1.0,0.0,0.0,0.0,0.0,0.0,0.0,0.0,0.0,0.0,0.0,0.0,0.0,0.0,0.0,0.0,0.0,0.0,0.0,0.0,0.0,0.0,0.0,0.0,0.0,0.0,0.0,0.0,0.0,0.0,1.0,0.0
2023,3,2023_03_DEN_MIA,2023-09-24,DEN,MIA,Home,50.0,2.082,-0.385331,-1.679739,3.376408,46.623592,0.0,1715.84077,0.0,0.0,0.0,0.0,1.715841,1.0,0.0,0.0,2.0,0.0,0.0,0.0,0.0,0.0,0.0,0.0,0.0,1.0,0.0,0.0,0.0,0.0,0.0,0.0,0.0,0.0,0.0,0.0,0.0,0.0,0.0,0.0,0.0,0.0,0.0,0.0,0.0,-1.0
2023,3,2023_03_HOU_JAX,2023-09-24,HOU,JAX,Home,-20.0,2.082,-3.765582,-7.805386,6.121804,-26.121804,0.0,824.794909,0.0,0.0,0.0,1.0,0.824795,0.0,1.0,0.0,1.0,0.0,0.0,0.0,0.0,0.0,0.0,0.0,0.0,0.0,0.0,0.0,0.0,0.0,0.0,0.0,0.0,0.0,0.0,0.0,0.0,0.0,-1.0,0.0,0.0,0.0,0.0,0.0,1.0,0.0
2023,3,2023_03_IND_BAL,2023-09-24,IND,BAL,Home,-3.0,2.082,0.855333,-1.933651,4.870984,-7.870984,1.0,509.389226,0.0,0.0,0.0,1.0,0.509389,0.0,0.0,0.0,0.0,0.0,0.0,0.0,0.0,0.0,0.0,0.0,0.0,0.0,0.0,0.0,0.0,0.0,0.0,0.0,0.0,0.0,0.0,0.0,0.0,0.0,0.0,0.0,0.0,0.0,0.0,0.0,1.0,0.0
2023,3,2023_03_LAC_MIN,2023-09-24,LAC,MIN,Home,-4.0,2.082,-0.221523,0.354513,1.505964,-5.505964,6.0,1530.135519,0.0,0.0,3.0,0.0,1.530136,1.0,0.0,0.0,2.0,0.0,0.0,0.0,2.0,0.0,0.0,0.0,1.0,0.0,2.0,0.0,0.0,0.0,0.0,0.0,0.0,0.0,0.0,0.0,0.0,0.0,0.0,0.0,0.0,2.0,0.0,0.0,0.0,-1.0
2023,3,2023_03_LA_CIN,2023-09-25,LAR,CIN,Home,3.0,2.082,3.570774,1.015466,4.637308,-1.637308,2.0,1899.953123,0.0,0.0,0.0,0.0,1.899953,1.0,0.0,0.0,0.0,0.0,0.0,0.0,0.0,0.0,0.0,0.0,1.0,0.0,0.0,0.0,0.0,2.0,0.0,0.0,0.0,0.0,0.0,0.0,0.0,0.0,0.0,0.0,0.0,0.0,0.0,0.0,0.0,-1.0
2023,3,2023_03_NE_NYJ,2023-09-24,NE,NYJ,Home,-5.0,2.082,-4.282869,3.628685,-5.829554,0.829554,0.0,170.187519,0.0,0.0,0.0,0.0,0.170188,0.0,0.0,0.0,0.0,0.0,0.0,0.0,0.0,0.0,0.0,0.0,0.0,0.0,0.0,2.0,0.0,0.0,0.0,0.0,0.0,0.0,0.0,0.0,0.0,0.0,-1.0,0.0,0.0,0.0,0.0,0.0,0.0,-1.0
2023,3,2023_03_NO_GB,2023-09-24,NO,GB,Home,1.0,2.082,1.931612,0.668518,3.345094,-2.345094,9.0,1011.35072,0.0,0.0,1.0,1.0,1.011351,0.0,1.0,0.0,0.0,0.0,0.0,0.0,0.0,0.0,8.0,0.0,0.0,0.0,0.0,0.0,0.0,0.0,0.0,0.0,0.0,0.0,0.0,0.0,0.0,0.0,0.0,0.0,0.0,0.0,0.0,0.0,1.0,0.0
2023,3,2023_03_NYG_SF,2023-09-21,NYG,SF,Home,18.0,2.082,5.566168,-4.219566,11.867735,6.132265,12.0,2546.682577,0.0,0.0,0.0,1.0,2.546683,0.0,0.0,0.0,0.0,3.0,0.0,0.0,0.0,0.0,0.0,0.0,0.0,0.0,0.0,0.0,0.0,0.0,0.0,0.0,0.0,0.0,2.0,0.0,6.0,0.0,0.0,0.0,0.0,2.0,0.0,1.0,1.0,0.0
2023,3,2023_03_PHI_TB,2023-09-25,PHI,TB,Home,-14.0,2.082,2.922307,4.248025,0.756282,-14.756282,9.0,924.178285,0.0,0.0,-3.0,0.0,0.924178,0.0,1.0,0.0,0.0,0.0,0.0,0.0,0.0,0.0,0.0,0.0,0.0,0.0,0.0,0.0,0.0,2.0,0.0,0.0,0.0,0.0,0.0,0.0,6.0,0.0,0.0,2.0,0.0,0.0,0.0,0.0,0.0,-1.0
2023,3,2023_03_PIT_LV,2023-09-24,PIT,LV,Home,-5.0,2.082,-2.095807,-1.988116,1.974309,-6.974309,17.0,1918.378192,0.0,0.0,1.0,0.0,1.918378,1.0,0.0,0.0,0.0,3.0,0.0,0.0,0.0,0.0,0.0,6.0,0.0,0.0,0.0,2.0,0.0,0.0,0.0,0.0,0.0,4.0,0.0,0.0,6.0,0.0,0.0,0.0,0.0,0.0,0.0,0.0,0.0,-1.0
2023,3,2023_03_TEN_CLE,2023-09-24,TEN,CLE,Home,24.0,2.082,-0.676819,-0.167346,1.572528,22.427472,-1.0,458.738335,0.0,0.0,-1.0,0.0,0.458738,0.0,0.0,0.0,1.0,0.0,0.0,0.0,0.0,4.0,0.0,0.0,0.0,0.0,0.0,0.0,0.0,0.0,0.0,0.0,-4.0,0.0,0.0,0.0,0.0,0.0,0.0,0.0,0.0,0.0,0.0,0.0,0.0,-1.0
2023,4,2023_04_ARI_SF,2023-10-01,ARI,SF,Home,19.0,2.082,5.6976,-0.100234,7.879833,11.120167,-2.0,607.928175,0.0,0.0,3.0,0.0,0.607928,0.0,0.0,0.0,0.0,0.0,0.0,0.0,0.0,0.0,0.0,0.0,0.0,0.0,0.0,0.0,0.0,0.0,0.0,0.0,0.0,0.0,0.0,0.0,0.0,0.0,-1.0,0.0,0.0,0.0,0.0,0.0,0.0,-1.0
2023,4,2023_04_ATL_JAX,2023-10-01,ATL,JAX,Neutral,16.0,0.0,-4.311079,-3.481778,-0.8293,16.8293,3.0,,0.0,0.0,0.0,0.0,0.0,0.0,0.0,0.0,0.0,0.0,0.0,0.0,0.0,0.0,0.0,0.0,1.0,0.0,0.0,2.0,0.0,0.0,0.0,0.0,0.0,0.0,0.0,0.0,0.0,0.0,0.0,0.0,0.0,0.0,0.0,0.0,0.0,0.0
2023,4,2023_04_BAL_CLE,2023-10-01,BAL,CLE,Home,-25.0,2.082,-0.14283,0.756282,1.182888,-26.182888,2.0,308.262006,0.0,0.0,0.0,0.0,0.308262,0.0,0.0,0.0,0.0,0.0,0.0,0.0,0.0,4.0,0.0,0.0,0.0,0.0,0.0,0.0,0.0,0.0,0.0,0.0,0.0,0.0,0.0,0.0,0.0,0.0,-1.0,0.0,0.0,0.0,0.0,0.0,0.0,-1.0
2023,4,2023_04_CIN_TEN,2023-10-01,CIN,TEN,Home,24.0,2.082,-0.600163,3.572935,-2.091099,26.091099,9.0,237.007015,0.0,0.0,1.0,1.0,0.237007,0.0,0.0,0.0,0.0,0.0,0.0,0.0,0.0,0.0,0.0,6.0,0.0,0.0,0.0,2.0,0.0,0.0,0.0,0.0,0.0,0.0,0.0,0.0,0.0,0.0,0.0,0.0,0.0,0.0,0.0,0.0,1.0,0.0
2023,4,2023_04_DEN_CHI,2023-10-01,DEN,CHI,Home,-3.0,2.082,-5.984838,-2.70587,-1.196969,-1.803031,1.0,920.259126,0.0,0.0,0.0,0.0,0.920259,0.0,1.0,0.0,1.0,0.0,-4.0,0.0,0.0,0.0,0.0,0.0,1.0,1.0,0.0,4.0,0.0,0.0,0.0,0.0,0.0,0.0,0.0,0.0,0.0,0.0,0.0,0.0,0.0,0.0,0.0,0.0,0.0,-1.0
2023,4,2023_04_DET_GB,2023-09-28,DET,GB,Home,-14.0,2.082,1.869572,-2.447749,6.399321,-20.399321,8.0,292.632421,0.0,0.0,0.0,1.0,0.292632,0.0,0.0,0.0,0.0,1.0,0.0,0.0,0.0,0.0,0.0,0.0,0.0,0.0,0.0,0.0,0.0,0.0,0.0,0.0,0.0,0.0,2.0,0.0,6.0,0.0,-1.0,0.0,0.0,0.0,0.0,0.0,1.0,0.0
2023,4,2023_04_KC_NYJ,2023-10-01,KC,NYJ,Home,-3.0,2.082,-4.148666,6.065189,-8.131855,5.131855,6.0,1085.692478,0.0,0.0,0.0,0.0,1.085692,0.0,1.0,0.0,0.0,0.0,0.0,0.0,0.0,0.0,0.0,0.0,0.0,0.0,0.0,0.0,0.0,0.0,0.0,0.0,0.0,4.0,0.0,3.0,0.0,0.0,0.0,0.0,-2.0,0.0,0.0,0.0,1.0,0.0
2023,4,2023_04_LA_IND,2023-10-01,LAR,IND,Home,-6.0,2.082,-1.792497,1.047812,-0.75831,-5.24169,12.0,1813.100547,0.0,0.0,1.0,0.0,1.813101,1.0,0.0,1.813101,3.0,0.0,0.0,0.0,0.0,0.0,8.0,0.0,1.0,0.0,2.0,0.0,0.0,0.0,-2.0,0.0,0.0,0.0,0.0,0.0,0.0,0.0,0.0,0.0,0.0,2.0,2.0,0.0,0.0,-1.0
2023,4,2023_04_LV_LAC,2023-10-01,LV,LAC,Home,7.0,2.082,0.444832,-2.288735,4.815567,2.184433,2.0,231.708179,0.0,0.0,0.0,0.0,0.231708,0.0,0.0,0.231708,0.0,0.0,0.0,0.0,0.0,0.0,0.0,0.0,0.0,0.0,0.0,0.0,0.0,0.0,0.0,0.0,0.0,0.0,0.0,0.0,0.0,0.0,-1.0,0.0,0.0,0.0,2.0,0.0,1.0,0.0
2023,4,2023_04_MIA_BUF,2023-10-01,MIA,BUF,Home,28.0,2.082,8.994873,0.712843,10.36403,17.63597,2.0,1164.757936,0.0,0.0,0.0,0.0,1.164758,0.0,1.0,1.164758,0.0,0.0,0.0,0.0,0.0,0.0,0.0,0.0,0.0,0.0,0.0,0.0,0.0,0.0,0.0,0.0,0.0,0.0,0.0,0.0,0.0,0.0,-1.0,0.0,0.0,0.0,2.0,0.0,1.0,0.0
2023,4,2023_04_MIN_CAR,2023-10-01,MIN,CAR,Home,-8.0,2.082,-3.326491,-0.315537,-0.928954,-7.071046,1.0,937.824937,0.0,0.0,0.0,1.0,0.937825,0.0,1.0,0.0,1.0,0.0,0.0,0.0,0.0,0.0,0.0,0.0,0.0,0.0,0.0,0.0,0.0,0.0,0.0,0.0,0.0,0.0,0.0,0.0,0.0,0.0,0.0,0.0,0.0,0.0,0.0,0.0,1.0,0.0
2023,4,2023_04_NE_DAL,2023-10-01,NE,DAL,Home,35.0,2.082,6.991714,3.806584,5.26713,29.73287,0.0,1549.476238,0.0,0.0,0.0,0.0,1.549476,1.0,0.0,0.0,0.0,0.0,0.0,0.0,0.0,0.0,0.0,0.0,1.0,0.0,0.0,0.0,0.0,0.0,0.0,0.0,0.0,0.0,0.0,0.0,0.0,0.0,0.0,0.0,0.0,0.0,0.0,0.0,0.0,-1.0
2023,4,2023_04_PIT_HOU,2023-10-01,PIT,HOU,Home,24.0,2.082,-7.256946,-1.768001,-3.406945,27.406945,1.0,1141.865572,0.0,0.0,0.0,0.0,1.141866,0.0,1.0,0.0,0.0,0.0,0.0,0.0,0.0,0.0,0.0,0.0,0.0,0.0,0.0,0.0,0.0,0.0,0.0,0.0,0.0,0.0,0.0,0.0,0.0,0.0,0.0,0.0,0.0,0.0,0.0,0.0,1.0,0.0
2023,4,2023_04_SEA_NYG,2023-10-02,SEA,NYG,Home,-21.0,2.082,-4.474813,0.307867,-2.700681,-18.299319,2.0,2395.576173,0.0,0.0,3.0,0.0,2.395576,0.0,0.0,0.0,0.0,0.0,0.0,0.0,0.0,0.0,0.0,0.0,0.0,0.0,0.0,0.0,0.0,2.0,0.0,0.0,0.0,0.0,0.0,0.0,0.0,0.0,0.0,0.0,0.0,0.0,0.0,1.0,0.0,-1.0
2023,4,2023_04_TB_NO,2023-10-01,TB,NO,Home,-17.0,2.082,0.679592,2.592544,0.169048,-17.169048,6.0,477.877282,0.0,0.0,1.0,0.0,0.477877,0.0,0.0,0.0,0.0,0.0,0.0,0.0,0.0,0.0,0.0,6.0,0.0,0.0,0.0,0.0,0.0,0.0,0.0,0.0,0.0,0.0,0.0,0.0,0.0,0.0,-1.0,0.0,0.0,0.0,0.0,0.0,1.0,0.0
2023,4,2023_04_WAS_PHI,2023-10-01,WAS,PHI,Home,3.0,2.082,4.422648,-2.81666,9.321307,-6.321307,-12.0,113.642178,0.0,0.0,-1.0,0.0,0.113642,0.0,0.0,0.0,0.0,0.0,-4.0,0.0,0.0,0.0,0.0,0.0,0.0,0.0,0.0,0.0,0.0,0.0,0.0,0.0,-4.0,0.0,0.0,0.0,0.0,0.0,-1.0,-2.0,0.0,0.0,0.0,0.0,0.0,-1.0
2023,5,2023_05_BAL_PIT,2023-10-08,BAL,PIT,Home,7.0,2.082,-2.446642,1.111861,-1.476502,8.476502,2.0,197.2245,0.0,0.0,0.0,0.0,0.197225,0.0,0.0,0.197225,0.0,0.0,0.0,0.0,0.0,0.0,0.0,0.0,0.0,0.0,0.0,2.0,0.0,0.0,0.0,0.0,0.0,0.0,0.0,0.0,0.0,0.0,-1.0,0.0,0.0,0.0,2.0,0.0,0.0,-1.0
2023,5,2023_05_CAR_DET,2023-10-08,CAR,DET,Home,18.0,2.082,-2.061912,-3.539324,3.559412,14.440588,1.0,505.481132,0.0,0.0,3.0,0.0,0.505481,0.0,0.0,0.0,0.0,0.0,0.0,0.0,0.0,0.0,0.0,0.0,0.0,0.0,0.0,0.0,0.0,0.0,0.0,0.0,0.0,0.0,0.0,0.0,0.0,0.0,0.0,0.0,0.0,0.0,0.0,0.0,1.0,0.0
2023,5,2023_05_CHI_WAS,2023-10-05,CHI,WAS,Home,-20.0,2.082,-2.638623,-6.034595,5.477972,-25.477972,4.0,601.056209,0.0,0.0,0.0,0.0,0.601056,0.0,0.0,0.601056,0.0,0.0,0.0,0.0,0.0,0.0,0.0,0.0,0.0,0.0,0.0,0.0,0.0,0.0,-2.0,0.0,0.0,0.0,2.0,3.0,0.0,0.0,0.0,0.0,0.0,0.0,2.0,0.0,0.0,-1.0
2023,5,2023_05_CIN_ARI,2023-10-08,CIN,ARI,Home,-14.0,2.082,-0.240333,2.921487,-1.079821,-12.920179,2.0,1585.237625,0.0,0.0,0.0,1.0,1.585238,1.0,0.0,0.0,0.0,0.0,-2.0,0.0,0.0,0.0,0.0,0.0,1.0,0.0,0.0,2.0,0.0,0.0,0.0,0.0,0.0,0.0,0.0,0.0,0.0,0.0,0.0,0.0,0.0,0.0,0.0,0.0,1.0,0.0
2023,5,2023_05_DAL_SF,2023-10-08,DAL,SF,Home,32.0,2.082,5.958979,7.606412,0.434567,31.565433,8.0,1438.373832,0.0,0.0,0.0,1.0,1.438374,1.0,0.0,0.0,0.0,2.0,0.0,0.0,0.0,0.0,0.0,0.0,0.0,0.0,0.0,0.0,0.0,0.0,0.0,0.0,0.0,4.0,0.0,3.0,0.0,0.0,0.0,0.0,0.0,0.0,0.0,0.0,1.0,0.0
2023,5,2023_05_GB_LV,2023-10-09,GB,LV,Home,4.0,2.082,-2.349547,1.447823,-1.71537,5.71537,5.0,1533.838823,0.0,0.0,-3.0,0.0,1.533839,1.0,0.0,0.0,0.0,2.0,0.0,0.0,0.0,0.0,0.0,0.0,1.0,0.0,0.0,0.0,0.0,2.0,0.0,0.0,0.0,0.0,0.0,3.0,0.0,0.0,0.0,0.0,0.0,0.0,0.0,0.0,0.0,-1.0
2023,5,2023_05_HOU_ATL,2023-10-08,HOU,ATL,Home,2.0,2.082,-3.870331,-6.584521,4.796191,-2.796191,0.0,705.043397,0.0,0.0,0.0,0.0,0.705043,0.0,0.0,0.0,1.0,0.0,0.0,0.0,0.0,0.0,0.0,0.0,1.0,0.0,0.0,0.0,0.0,0.0,0.0,0.0,0.0,0.0,0.0,0.0,0.0,0.0,0.0,0.0,0.0,0.0,0.0,0.0,0.0,-1.0
2023,5,2023_05_JAX_BUF,2023-10-08,JAX,BUF,Neutral,-5.0,0.0,9.298881,-3.813043,13.111923,-18.111923,0,,0.0,0.0,0.0,0.0,0.0,0.0,0.0,0.0,0.0,0.0,0.0,0.0,0.0,0.0,0.0,0.0,0.0,0.0,0.0,0.0,0.0,0.0,0.0,0.0,0.0,0.0,0.0,0.0,0.0,0.0,0.0,0.0,0.0,0.0,0.0,0.0,0.0,0.0
2023,5,2023_05_KC_MIN,2023-10-08,KC,MIN,Home,-7.0,2.082,-0.194642,6.018485,-4.131127,-2.868873,4.0,414.168532,0.0,0.0,0.0,0.0,0.414169,0.0,0.0,0.414169,0.0,0.0,0.0,0.0,0.0,0.0,0.0,0.0,1.0,0.0,0.0,0.0,0.0,0.0,0.0,0.0,0.0,0.0,0.0,0.0,0.0,0.0,0.0,0.0,0.0,0.0,2.0,0.0,1.0,0.0
2023,5,2023_05_NO_NE,2023-10-08,NO,NE,Home,-34.0,2.082,3.145282,0.269469,4.957813,-38.957813,6.0,1339.813841,0.0,0.0,0.0,0.0,1.339814,1.0,0.0,1.339814,1.0,0.0,0.0,0.0,0.0,0.0,0.0,0.0,1.0,0.0,0.0,4.0,0.0,0.0,0.0,0.0,0.0,0.0,0.0,0.0,0.0,0.0,0.0,0.0,0.0,0.0,2.0,0.0,0.0,-1.0
2023,5,2023_05_NYG_MIA,2023-10-08,NYG,MIA,Home,15.0,2.082,0.308258,-4.752659,7.142917,7.857083,10.0,1085.511258,0.0,0.0,1.0,1.0,1.085511,0.0,1.0,1.085511,0.0,0.0,-2.0,0.0,0.0,0.0,0.0,6.0,1.0,0.0,0.0,2.0,0.0,0.0,0.0,0.0,0.0,0.0,0.0,0.0,0.0,0.0,0.0,0.0,0.0,0.0,2.0,0.0,1.0,0.0
2023,5,2023_05_NYJ_DEN,2023-10-08,NYJ,DEN,Home,-10.0,2.082,-2.623886,-4.10195,3.560064,-13.560064,1.0,1624.394134,1.0,0.0,0.0,1.0,1.624394,1.0,0.0,0.0,0.0,0.0,0.0,0.0,0.0,0.0,0.0,0.0,0.0,0.0,0.0,0.0,0.0,0.0,0.0,0.0,0.0,0.0,0.0,0.0,0.0,0.0,0.0,0.0,0.0,0.0,0.0,0.0,1.0,0.0
2023,5,2023_05_PHI_LA,2023-10-08,PHI,LAR,Home,-9.0,2.082,1.256462,4.341433,-1.002971,-7.997029,4.0,2396.024772,0.0,0.0,0.0,0.0,2.396025,0.0,0.0,0.0,0.0,0.0,0.0,0.0,0.0,4.0,0.0,0.0,0.0,0.0,0.0,0.0,0.0,0.0,-2.0,0.0,0.0,0.0,0.0,0.0,0.0,0.0,0.0,0.0,0.0,0.0,0.0,1.0,1.0,0.0
2023,5,2023_05_TEN_IND,2023-10-08,TEN,IND,Home,7.0,2.082,-1.717339,0.008473,0.356187,6.643813,-4.0,250.486953,0.0,0.0,0.0,0.0,0.250487,0.0,0.0,0.0,1.0,0.0,0.0,0.0,0.0,0.0,0.0,0.0,0.0,0.0,0.0,0.0,0.0,0.0,0.0,-4.0,0.0,0.0,0.0,0.0,0.0,0.0,-1.0,0.0,0.0,0.0,0.0,0.0,1.0,0.0
2023,6,2023_06_ARI_LA,2023-10-15,ARI,LAR,Home,17.0,2.082,1.156446,-0.476963,3.715409,13.284591,0.0,350.319259,0.0,0.0,0.0,0.0,0.350319,0.0,0.0,0.0,0.0,0.0,0.0,0.0,0.0,0.0,0.0,0.0,0.0,0.0,0.0,0.0,0.0,0.0,0.0,0.0,0.0,0.0,0.0,0.0,0.0,0.0,-1.0,0.0,0.0,0.0,0.0,0.0,1.0,0.0
2023,6,2023_06_BAL_TEN,2023-10-15,BAL,TEN,Neutral,-8.0,0.0,-0.089232,0.995739,-1.084971,-6.915029,2.0,,0.0,0.0,0.0,0.0,0.0,0.0,0.0,0.0,0.0,0.0,0.0,0.0,0.0,0.0,0.0,0.0,0.0,0.0,0.0,0.0,0.0,0.0,0.0,0.0,0.0,0.0,0.0,0.0,0.0,0.0,0.0,0.0,0.0,0.0,2.0,0.0,0.0,0.0
2023,6,2023_06_CAR_MIA,2023-10-15,CAR,MIA,Home,21.0,2.082,0.407492,-3.799765,6.289257,14.710743,2.0,641.379476,0.0,0.0,0.0,0.0,0.641379,0.0,0.0,0.641379,0.0,0.0,0.0,0.0,0.0,0.0,0.0,0.0,1.0,0.0,0.0,0.0,0.0,0.0,0.0,0.0,0.0,0.0,0.0,0.0,0.0,0.0,0.0,0.0,0.0,0.0,2.0,0.0,0.0,-1.0
2023,6,2023_06_DAL_LAC,2023-10-16,DAL,LAC,Home,-3.0,2.082,0.470839,6.878345,-4.325506,1.325506,10.0,1226.785849,0.0,0.047084,7.0,0.0,1.226786,0.0,1.0,1.226786,0.0,2.0,-4.0,0.0,0.0,0.0,0.0,0.0,1.0,0.0,0.0,0.0,5.0,2.0,0.0,0.0,0.0,0.0,0.0,3.0,0.0,0.0,0.0,0.0,0.0,2.0,2.0,0.0,0.0,-1.0
2023,6,2023_06_DEN_KC,2023-10-12,DEN,KC,Home,11.0,2.082,6.074775,-2.883766,11.040541,-0.040541,3.0,564.281843,0.0,0.0,0.0,0.0,0.564282,0.0,0.0,0.564282,0.0,0.0,0.0,0.0,0.0,0.0,0.0,0.0,0.0,0.0,0.0,0.0,0.0,0.0,0.0,0.0,0.0,0.0,2.0,0.0,0.0,1.0,-1.0,0.0,0.0,0.0,2.0,0.0,0.0,-1.0
2023,6,2023_06_DET_TB,2023-10-15,DET,TB,Home,-14.0,2.082,2.883908,-1.755744,6.721652,-20.721652,6.0,992.931261,0.0,0.288391,7.0,1.0,0.992931,0.0,1.0,0.0,0.0,0.0,0.0,0.0,0.0,0.0,0.0,0.0,0.0,0.0,0.0,0.0,5.0,0.0,0.0,0.0,0.0,0.0,0.0,0.0,0.0,0.0,0.0,0.0,0.0,0.0,0.0,0.0,1.0,0.0
2023,6,2023_06_IND_JAX,2023-10-15,IND,JAX,Home,17.0,2.082,-3.460379,-1.603966,0.225588,16.774412,0.0,700.191122,0.0,0.0,0.0,1.0,0.700191,0.0,0.0,0.0,0.0,0.0,0.0,0.0,0.0,0.0,0.0,0.0,0.0,0.0,0.0,0.0,0.0,0.0,0.0,0.0,0.0,0.0,0.0,0.0,0.0,0.0,-1.0,0.0,0.0,0.0,0.0,0.0,1.0,0.0
2023,6,2023_06_MIN_CHI,2023-10-15,MIN,CHI,Home,-6.0,2.082,-5.511192,-0.23332,-3.195872,-2.804128,0.0,355.333612,0.0,0.0,3.0,1.0,0.355334,0.0,0.0,0.0,0.0,0.0,0.0,0.0,0.0,0.0,0.0,0.0,0.0,0.0,0.0,0.0,0.0,0.0,0.0,0.0,0.0,0.0,0.0,0.0,0.0,0.0,-1.0,0.0,0.0,0.0,0.0,0.0,1.0,0.0
2023,6,2023_06_NE_LV,2023-10-15,NE,LV,Home,4.0,2.082,-2.244218,2.344477,-2.506695,6.506695,0.0,2364.898463,0.0,0.0,-1.0,1.0,2.364898,0.0,0.0,2.364898,0.0,0.0,-4.0,0.0,0.0,0.0,0.0,0.0,0.0,0.0,0.0,0.0,0.0,0.0,0.0,0.0,0.0,0.0,0.0,0.0,0.0,0.0,0.0,0.0,0.0,0.0,2.0,1.0,1.0,0.0
2023,6,2023_06_NO_HOU,2023-10-15,NO,HOU,Home,7.0,2.082,-6.518892,1.021063,-5.457955,12.457955,2.0,319.983786,0.0,0.0,0.0,0.0,0.319984,0.0,0.0,0.319984,0.0,0.0,0.0,0.0,0.0,0.0,0.0,0.0,1.0,0.0,0.0,0.0,0.0,0.0,0.0,0.0,0.0,0.0,0.0,0.0,0.0,0.0,0.0,0.0,0.0,0.0,2.0,0.0,0.0,-1.0
2023,6,2023_06_NYG_BUF,2023-10-15,NYG,BUF,Home,5.0,2.082,8.894415,-4.989622,15.966037,-10.966037,12.0,277.911498,0.0,0.0,0.0,0.0,0.277911,0.0,0.0,0.277911,0.0,0.0,0.0,0.0,0.0,0.0,0.0,0.0,1.0,0.0,0.0,0.0,0.0,0.0,0.0,0.0,0.0,4.0,0.0,0.0,6.0,0.0,0.0,0.0,0.0,0.0,2.0,0.0,0.0,-1.0
2023,6,2023_06_PHI_NYJ,2023-10-15,PHI,NYJ,Home,6.0,2.082,-3.902294,4.421653,-6.241948,12.241948,4.0,85.370877,0.0,0.0,0.0,0.0,0.085371,0.0,0.0,0.085371,0.0,0.0,0.0,0.0,0.0,0.0,0.0,0.0,1.0,0.0,0.0,0.0,0.0,0.0,0.0,0.0,0.0,0.0,0.0,0.0,0.0,0.0,0.0,0.0,0.0,0.0,2.0,0.0,1.0,0.0
2023,6,2023_06_SEA_CIN,2023-10-15,SEA,CIN,Home,4.0,2.082,3.223777,0.816008,4.489769,-0.489769,8.0,1966.797448,0.0,-0.081601,-6.0,0.0,1.966797,1.0,0.0,1.966797,3.0,0.0,0.0,-6.0,0.0,0.0,8.0,0.0,1.0,0.0,2.0,0.0,0.0,0.0,0.0,0.0,0.0,0.0,0.0,0.0,0.0,0.0,0.0,0.0,0.0,2.0,2.0,0.0,0.0,-1.0
2023,6,2023_06_SF_CLE,2023-10-15,SF,CLE,Home,2.0,2.082,-0.80519,6.626673,-5.349863,7.349863,10.0,2147.423464,0.0,-0.080519,7.0,0.0,2.147423,0.0,0.0,0.0,3.0,0.0,0.0,0.0,0.0,0.0,0.0,0.0,1.0,0.0,2.0,2.0,5.0,0.0,0.0,0.0,0.0,0.0,0.0,0.0,0.0,0.0,0.0,0.0,0.0,0.0,0.0,1.0,0.0,-1.0
2023,6,2023_06_WAS_ATL,2023-10-15,WAS,ATL,Home,-8.0,2.082,-3.883312,-3.223119,1.421807,-9.421807,-1.0,549.818311,0.0,0.0,-3.0,0.0,0.549818,0.0,0.0,0.0,0.0,0.0,-2.0,0.0,0.0,0.0,0.0,0.0,0.0,0.0,0.0,0.0,0.0,0.0,0.0,0.0,0.0,0.0,0.0,0.0,0.0,0.0,0.0,0.0,0.0,0.0,0.0,0.0,1.0,0.0
2023,7,2023_07_ARI_SEA,2023-10-22,ARI,SEA,Home,10.0,2.082,0.819551,-0.763687,3.665239,6.334761,2.0,1104.209444,0.0,0.0,0.0,0.0,1.104209,0.0,1.0,1.104209,0.0,0.0,0.0,0.0,0.0,0.0,0.0,0.0,0.0,0.0,0.0,0.0,0.0,0.0,0.0,0.0,0.0,0.0,0.0,0.0,0.0,0.0,-1.0,0.0,0.0,0.0,2.0,0.0,1.0,0.0
2023,7,2023_07_ATL_TB,2023-10-22,ATL,TB,Home,-3.0,2.082,2.36405,-4.140018,8.586068,-11.586068,0.0,414.852675,0.0,0.0,0.0,1.0,0.414853,0.0,0.0,0.0,0.0,0.0,0.0,0.0,0.0,0.0,0.0,0.0,0.0,0.0,0.0,0.0,0.0,0.0,0.0,0.0,0.0,0.0,0.0,0.0,0.0,0.0,-1.0,0.0,0.0,0.0,0.0,0.0,1.0,0.0
2023,7,2023_07_BUF_NE,2023-10-22,BUF,NE,Home,4.0,2.082,2.228016,8.724943,-4.414927,8.414927,-2.0,386.376435,0.0,0.0,0.0,0.0,0.386376,0.0,0.0,0.0,0.0,0.0,0.0,0.0,0.0,0.0,0.0,0.0,0.0,0.0,0.0,0.0,0.0,0.0,0.0,0.0,0.0,0.0,0.0,0.0,0.0,0.0,-1.0,0.0,0.0,0.0,0.0,0.0,0.0,-1.0
2023,7,2023_07_CLE_IND,2023-10-22,CLE,IND,Home,-1.0,2.082,-1.883519,-0.63338,0.831861,-1.831861,1.0,263.297842,0.0,0.0,0.0,0.0,0.263298,0.0,0.0,0.0,0.0,0.0,0.0,0.0,0.0,0.0,0.0,0.0,0.0,0.0,0.0,0.0,0.0,0.0,0.0,0.0,0.0,0.0,0.0,0.0,0.0,0.0,0.0,0.0,0.0,0.0,0.0,0.0,1.0,0.0
2023,7,2023_07_DET_BAL,2023-10-22,DET,BAL,Home,32.0,2.082,1.168306,-1.339537,4.589842,27.410158,4.0,396.795381,0.0,0.0,0.0,1.0,0.396795,0.0,0.0,0.396795,0.0,0.0,0.0,0.0,0.0,0.0,0.0,0.0,1.0,0.0,0.0,0.0,0.0,0.0,0.0,0.0,0.0,0.0,0.0,0.0,0.0,0.0,0.0,0.0,0.0,0.0,2.0,0.0,1.0,0.0
2023,7,2023_07_GB_DEN,2023-10-22,GB,DEN,Home,2.0,2.082,-2.812216,1.431679,-2.161895,4.161895,2.0,926.986238,1.0,-0.143168,-3.0,0.0,0.926986,0.0,1.0,0.0,0.0,0.0,0.0,-6.0,0.0,0.0,8.0,0.0,1.0,0.0,0.0,0.0,0.0,0.0,0.0,0.0,0.0,0.0,0.0,0.0,0.0,0.0,0.0,0.0,0.0,0.0,0.0,0.0,0.0,-1.0
2023,7,2023_07_JAX_NO,2023-10-19,JAX,NO,Home,-7.0,2.082,0.655938,-3.113745,5.851683,-12.851683,10.0,505.093377,0.0,0.0,0.0,0.0,0.505093,0.0,0.0,0.0,0.0,1.0,0.0,0.0,0.0,0.0,0.0,0.0,1.0,0.0,0.0,0.0,0.0,0.0,0.0,0.0,0.0,0.0,2.0,0.0,6.0,0.0,0.0,0.0,0.0,0.0,0.0,0.0,1.0,0.0
2023,7,2023_07_LAC_KC,2023-10-22,LAC,KC,Home,14.0,2.082,6.111684,0.546392,7.647292,6.352708,6.0,1366.48133,0.0,0.0,4.0,1.0,1.366481,1.0,0.0,0.0,0.0,0.0,0.0,0.0,0.0,0.0,0.0,6.0,0.0,0.0,0.0,0.0,0.0,0.0,0.0,0.0,0.0,0.0,0.0,0.0,0.0,0.0,-1.0,0.0,0.0,0.0,0.0,0.0,1.0,0.0
2023,7,2023_07_LV_CHI,2023-10-22,LV,CHI,Home,18.0,2.082,-5.527525,-2.095551,-1.349974,19.349974,2.0,1526.11218,0.0,0.0,0.0,0.0,1.526112,1.0,0.0,0.0,2.0,0.0,0.0,0.0,0.0,0.0,0.0,0.0,1.0,0.0,2.0,0.0,0.0,0.0,0.0,0.0,0.0,0.0,0.0,0.0,0.0,0.0,0.0,0.0,0.0,0.0,0.0,0.0,0.0,-1.0
2023,7,2023_07_MIA_PHI,2023-10-22,MIA,PHI,Home,14.0,2.082,4.180631,0.709853,5.552777,8.447223,10.0,1006.76132,0.0,0.0,0.0,0.0,1.006761,0.0,1.0,0.0,0.0,0.0,0.0,0.0,0.0,0.0,0.0,0.0,1.0,0.0,0.0,0.0,0.0,0.0,0.0,0.0,0.0,4.0,0.0,0.0,6.0,0.0,0.0,0.0,0.0,0.0,0.0,0.0,0.0,-1.0
2023,7,2023_07_PIT_LA,2023-10-22,PIT,LAR,Home,-7.0,2.082,1.359551,-2.211016,5.652567,-12.652567,0.0,2138.834393,0.0,0.221102,-7.0,0.0,2.138834,0.0,0.0,2.138834,0.0,0.0,0.0,-5.0,0.0,0.0,0.0,0.0,1.0,0.0,0.0,0.0,0.0,0.0,0.0,0.0,0.0,0.0,0.0,0.0,0.0,0.0,0.0,0.0,0.0,0.0,2.0,1.0,1.0,0.0
2023,7,2023_07_SF_MIN,2023-10-23,SF,MIN,Home,5.0,2.082,-0.176775,6.461834,-4.556609,9.556609,5.0,1572.032572,0.0,0.0,0.0,0.0,1.572033,1.0,0.0,0.0,0.0,0.0,0.0,0.0,0.0,0.0,0.0,0.0,0.0,0.0,0.0,0.0,0.0,2.0,0.0,0.0,0.0,0.0,0.0,0.0,0.0,0.0,0.0,0.0,0.0,2.0,0.0,0.0,1.0,0.0
2023,7,2023_07_WAS_NYG,2023-10-22,WAS,NYG,Home,7.0,2.082,-4.783363,-3.06992,0.368556,6.631444,2.0,198.052961,0.0,0.0,0.0,0.0,0.198053,0.0,0.0,0.198053,0.0,0.0,0.0,0.0,0.0,0.0,0.0,0.0,0.0,0.0,0.0,0.0,0.0,0.0,0.0,0.0,0.0,0.0,0.0,0.0,0.0,0.0,-1.0,0.0,0.0,0.0,2.0,0.0,1.0,0.0
2023,8,2023_08_ATL_TEN,2023-10-29,ATL,TEN,Home,5.0,2.082,-0.198372,-3.959929,5.843557,-0.843557,7.0,213.92239,0.0,-0.019837,7.0,1.0,0.213922,0.0,0.0,0.0,0.0,0.0,0.0,0.0,0.0,0.0,0.0,0.0,1.0,0.0,0.0,0.0,5.0,0.0,0.0,0.0,0.0,0.0,0.0,0.0,0.0,0.0,0.0,0.0,0.0,0.0,0.0,0.0,1.0,0.0
2023,8,2023_08_BAL_ARI,2023-10-29,BAL,ARI,Home,-7.0,2.082,-0.937684,1.751388,-0.607073,-6.392927,3.0,2007.935262,0.0,0.0,0.0,0.0,2.007935,0.0,0.0,2.007935,0.0,0.0,0.0,0.0,0.0,0.0,0.0,0.0,1.0,0.0,0.0,0.0,0.0,0.0,0.0,0.0,0.0,0.0,0.0,0.0,0.0,0.0,0.0,0.0,0.0,0.0,2.0,1.0,0.0,-1.0
2023,8,2023_08_CHI_LAC,2023-10-29,CHI,LAC,Home,17.0,2.082,0.423151,-5.177683,7.682834,9.317166,9.0,1750.806704,0.0,0.0,0.0,0.0,1.750807,1.0,0.0,0.0,0.0,2.0,0.0,0.0,0.0,0.0,0.0,0.0,1.0,0.0,0.0,0.0,0.0,0.0,0.0,0.0,0.0,4.0,0.0,3.0,0.0,0.0,0.0,0.0,0.0,0.0,0.0,0.0,1.0,0.0
2023,8,2023_08_CIN_SF,2023-10-29,CIN,SF,Home,-14.0,2.082,6.238219,3.327654,4.992565,-18.992565,-7.0,2021.234996,0.0,-0.332765,-7.0,1.0,2.021235,0.0,0.0,2.021235,0.0,0.0,0.0,-8.0,0.0,0.0,0.0,0.0,1.0,0.0,0.0,0.0,0.0,0.0,0.0,0.0,-4.0,0.0,0.0,0.0,0.0,0.0,0.0,0.0,0.0,0.0,2.0,1.0,1.0,0.0
2023,8,2023_08_CLE_SEA,2023-10-29,CLE,SEA,Home,4.0,2.082,0.860203,-0.521634,3.463836,0.536164,3.0,2020.133203,0.0,0.0,0.0,0.0,2.020133,0.0,0.0,0.0,0.0,0.0,0.0,0.0,0.0,0.0,0.0,0.0,1.0,0.0,0.0,0.0,0.0,0.0,0.0,0.0,0.0,0.0,0.0,0.0,0.0,0.0,0.0,0.0,0.0,0.0,0.0,1.0,1.0,0.0
2023,8,2023_08_HOU_CAR,2023-10-29,HOU,CAR,Home,2.0,2.082,-4.206954,-6.225593,4.100639,-2.100639,3.0,929.833746,0.0,0.201864,0.0,1.0,0.929834,0.0,1.0,0.0,1.0,0.0,0.0,-5.0,0.0,0.0,0.0,0.0,1.0,0.0,0.0,2.0,4.0,0.0,0.0,0.0,0.0,0.0,0.0,0.0,0.0,0.0,0.0,0.0,0.0,0.0,0.0,0.0,1.0,0.0
2023,8,2023_08_JAX_PIT,2023-10-29,JAX,PIT,Home,-10.0,2.082,-1.910443,-2.860166,3.031723,-13.031723,1.0,705.325787,0.0,0.0,-3.0,0.0,0.705326,0.0,0.0,0.705326,0.0,0.0,0.0,0.0,0.0,0.0,0.0,0.0,0.0,0.0,0.0,0.0,0.0,0.0,0.0,0.0,0.0,0.0,0.0,0.0,0.0,0.0,0.0,0.0,0.0,0.0,2.0,0.0,0.0,-1.0
2023,8,2023_08_KC_DEN,2023-10-29,KC,DEN,Home,15.0,2.082,-2.737379,6.219818,-6.875197,21.875197,-2.0,564.281843,1.0,0.0,0.0,0.0,0.564282,0.0,0.0,0.0,0.0,0.0,0.0,0.0,0.0,0.0,0.0,0.0,0.0,0.0,0.0,0.0,0.0,0.0,0.0,0.0,0.0,0.0,0.0,0.0,0.0,0.0,-1.0,0.0,0.0,0.0,0.0,0.0,0.0,-1.0
2023,8,2023_08_LA_DAL,2023-10-29,LAR,DAL,Home,23.0,2.082,6.828128,1.070789,7.839339,15.160661,4.0,1226.785849,0.0,0.682813,6.0,0.0,1.226786,0.0,1.0,0.0,2.0,0.0,0.0,0.0,0.0,0.0,0.0,0.0,0.0,0.0,2.0,0.0,7.0,0.0,0.0,0.0,-4.0,0.0,0.0,0.0,0.0,0.0,0.0,0.0,0.0,0.0,0.0,0.0,0.0,-1.0
2023,8,2023_08_LV_DET,2023-10-30,LV,DET,Home,12.0,2.082,-1.831726,-2.450338,2.700612,9.299388,10.0,1762.337301,0.0,0.0,0.0,0.0,1.762337,1.0,0.0,0.0,0.0,0.0,0.0,0.0,0.0,0.0,0.0,0.0,1.0,0.0,0.0,4.0,0.0,2.0,0.0,0.0,0.0,0.0,0.0,0.0,0.0,0.0,0.0,0.0,0.0,2.0,0.0,0.0,1.0,0.0
2023,8,2023_08_MIN_GB,2023-10-29,MIN,GB,Home,-14.0,2.082,1.329433,-0.005739,3.417172,-17.417172,6.0,257.029197,0.0,0.0,1.0,1.0,0.257029,0.0,0.0,0.0,0.0,0.0,0.0,0.0,0.0,0.0,0.0,6.0,0.0,0.0,0.0,0.0,0.0,0.0,0.0,0.0,0.0,0.0,0.0,0.0,0.0,0.0,-1.0,0.0,0.0,0.0,0.0,0.0,1.0,0.0
2023,8,2023_08_NE_MIA,2023-10-29,NE,MIA,Home,14.0,2.082,0.561735,2.369551,0.274184,13.725816,0.0,1225.685856,0.0,0.0,0.0,1.0,1.225686,0.0,1.0,0.0,0.0,0.0,0.0,0.0,0.0,0.0,0.0,0.0,0.0,0.0,0.0,0.0,0.0,0.0,0.0,0.0,0.0,0.0,0.0,0.0,0.0,0.0,-1.0,0.0,0.0,0.0,0.0,0.0,1.0,0.0
2023,8,2023_08_NO_IND,2023-10-29,NO,IND,Home,-11.0,2.082,-1.884244,0.394101,-0.196345,-10.803655,2.0,712.989904,0.0,0.0,-3.0,0.0,0.71299,0.0,0.0,0.71299,1.0,0.0,0.0,0.0,0.0,0.0,0.0,0.0,1.0,0.0,0.0,0.0,0.0,0.0,0.0,0.0,0.0,0.0,0.0,0.0,0.0,0.0,0.0,0.0,0.0,0.0,2.0,0.0,0.0,-1.0
2023,8,2023_08_NYJ_NYG,2023-10-29,NYJ,NYG,Home,-3.0,2.082,-4.661426,-3.63241,1.052984,-4.052984,-5.0,0.0,0.0,0.363241,-7.0,0.0,0.0,0.0,0.0,0.0,0.0,0.0,0.0,-5.0,0.0,0.0,0.0,0.0,1.0,0.0,0.0,0.0,0.0,0.0,0.0,0.0,0.0,0.0,0.0,0.0,0.0,0.0,0.0,0.0,0.0,0.0,0.0,0.0,0.0,-1.0
2023,8,2023_08_PHI_WAS,2023-10-29,PHI,WAS,Home,-7.0,2.082,-3.185616,4.31802,-5.421635,-1.578365,0.0,113.642178,0.0,0.0,0.0,0.0,0.113642,0.0,0.0,0.113642,0.0,0.0,0.0,0.0,0.0,0.0,0.0,0.0,0.0,0.0,0.0,0.0,0.0,0.0,0.0,0.0,0.0,0.0,0.0,0.0,0.0,0.0,-1.0,0.0,0.0,0.0,2.0,0.0,0.0,-1.0
2023,8,2023_08_TB_BUF,2023-10-26,TB,BUF,Home,6.0,2.082,8.570213,2.124934,8.527278,-2.527278,10.0,1043.359019,0.0,0.0,0.0,0.0,1.043359,0.0,1.0,0.0,0.0,0.0,0.0,0.0,0.0,0.0,0.0,0.0,1.0,0.0,0.0,0.0,0.0,0.0,0.0,0.0,0.0,0.0,2.0,0.0,6.0,0.0,0.0,0.0,0.0,0.0,0.0,0.0,1.0,0.0
2023,9,2023_09_ARI_CLE,2023-11-05,ARI,CLE,Home,27.0,2.082,-0.51236,-1.117527,2.687167,24.312833,3.0,1752.638761,0.0,0.0,0.0,0.0,1.752639,1.0,0.0,1.752639,2.0,0.0,0.0,0.0,0.0,0.0,0.0,0.0,1.0,1.0,0.0,0.0,0.0,0.0,0.0,0.0,0.0,0.0,0.0,0.0,0.0,0.0,0.0,0.0,0.0,0.0,2.0,0.0,0.0,-1.0
2023,9,2023_09_BUF_CIN,2023-11-05,BUF,CIN,Home,6.0,2.082,3.704858,8.513702,-2.726843,8.726843,9.0,392.290119,0.0,0.0,-3.0,0.0,0.39229,0.0,0.0,0.0,0.0,0.0,0.0,0.0,0.0,0.0,0.0,0.0,0.0,0.0,0.0,0.0,0.0,0.0,0.0,0.0,0.0,4.0,0.0,0.0,6.0,0.0,0.0,0.0,0.0,0.0,0.0,0.0,0.0,-1.0
2023,9,2023_09_CHI_NO,2023-11-05,CHI,NO,Home,7.0,2.082,0.598275,-5.370693,8.050968,-1.050968,1.0,834.356143,0.0,0.0,0.0,0.0,0.834356,0.0,1.0,0.0,0.0,0.0,0.0,0.0,0.0,0.0,0.0,0.0,0.0,0.0,0.0,0.0,0.0,0.0,0.0,0.0,0.0,0.0,0.0,0.0,0.0,0.0,0.0,0.0,0.0,0.0,0.0,0.0,1.0,0.0
2023,9,2023_09_DAL_PHI,2023-11-05,DAL,PHI,Home,5.0,2.082,4.369614,7.123022,-0.671407,5.671407,2.0,1312.507638,0.0,0.0,0.0,1.0,1.312508,1.0,0.0,1.312508,0.0,0.0,0.0,0.0,0.0,0.0,0.0,0.0,0.0,0.0,0.0,0.0,0.0,0.0,0.0,0.0,0.0,0.0,0.0,0.0,0.0,0.0,-1.0,0.0,0.0,0.0,2.0,0.0,1.0,0.0
2023,9,2023_09_IND_CAR,2023-11-05,IND,CAR,Home,-14.0,2.082,-4.199235,-2.083019,-0.034216,-13.965784,2.0,427.526509,0.0,0.0,0.0,1.0,0.427527,0.0,0.0,0.0,0.0,0.0,0.0,0.0,0.0,0.0,0.0,0.0,1.0,0.0,0.0,0.0,0.0,0.0,0.0,0.0,0.0,0.0,0.0,0.0,0.0,0.0,0.0,0.0,0.0,0.0,0.0,0.0,1.0,0.0
2023,9,2023_09_LAC_NYJ,2023-11-06,LAC,NYJ,Home,-21.0,2.082,-3.50843,0.602053,-2.028484,-18.971516,0.0,2449.341534,0.0,0.0,0.0,0.0,2.449342,0.0,0.0,0.0,0.0,0.0,0.0,0.0,0.0,0.0,0.0,0.0,0.0,0.0,0.0,0.0,0.0,2.0,-2.0,0.0,0.0,0.0,0.0,0.0,0.0,0.0,0.0,0.0,0.0,0.0,0.0,1.0,0.0,-1.0
2023,9,2023_09_LA_GB,2023-11-05,LAR,GB,Home,17.0,2.082,0.993524,0.715998,2.359526,14.640474,3.0,1763.547051,0.0,0.0,0.0,1.0,1.763547,1.0,0.0,0.0,2.0,0.0,-2.0,0.0,0.0,0.0,0.0,0.0,0.0,0.0,2.0,0.0,0.0,0.0,0.0,0.0,0.0,0.0,0.0,0.0,0.0,0.0,0.0,0.0,0.0,2.0,0.0,0.0,1.0,0.0
2023,9,2023_09_MIA_KC,2023-11-05,MIA,KC,Neutral,7.0,0.0,5.837107,0.832492,5.004615,1.995385,0,,0.0,0.0,0.0,0.0,0.0,0.0,0.0,0.0,0.0,0.0,0.0,0.0,0.0,0.0,0.0,0.0,0.0,0.0,0.0,0.0,0.0,0.0,0.0,0.0,0.0,0.0,0.0,0.0,0.0,0.0,0.0,0.0,0.0,0.0,0.0,0.0,0.0,0.0
2023,9,2023_09_MIN_ATL,2023-11-05,MIN,ATL,Home,-3.0,2.082,-3.925855,0.292733,-2.136588,-0.863412,1.0,906.809374,0.0,0.0,0.0,0.0,0.906809,0.0,1.0,0.906809,1.0,0.0,0.0,0.0,0.0,0.0,0.0,0.0,0.0,0.0,0.0,0.0,0.0,0.0,0.0,0.0,0.0,0.0,0.0,0.0,0.0,0.0,0.0,0.0,0.0,0.0,2.0,0.0,0.0,-1.0
2023,9,2023_09_NYG_LV,2023-11-05,NYG,LV,Home,24.0,2.082,-2.64161,-4.714241,4.154631,19.845369,3.0,2227.529439,0.0,0.0,-1.0,1.0,2.227529,0.0,0.0,0.0,0.0,0.0,0.0,0.0,0.0,4.0,0.0,0.0,1.0,0.0,0.0,0.0,0.0,0.0,0.0,0.0,-4.0,0.0,0.0,0.0,0.0,0.0,0.0,0.0,0.0,0.0,0.0,1.0,1.0,0.0
2023,9,2023_09_SEA_BAL,2023-11-05,SEA,BAL,Home,34.0,2.082,1.90356,0.803404,3.182156,30.817844,5.0,2328.171627,0.0,0.0,0.0,1.0,2.328172,0.0,0.0,0.0,3.0,0.0,0.0,0.0,0.0,0.0,0.0,0.0,1.0,0.0,2.0,0.0,0.0,0.0,0.0,0.0,0.0,0.0,0.0,0.0,0.0,0.0,0.0,0.0,0.0,0.0,0.0,1.0,1.0,0.0
2023,9,2023_09_TB_HOU,2023-11-05,TB,HOU,Home,2.0,2.082,-6.182626,2.17681,-6.277436,8.277436,2.0,789.712128,0.0,0.0,-3.0,0.0,0.789712,0.0,1.0,0.0,0.0,0.0,0.0,0.0,0.0,0.0,0.0,0.0,1.0,0.0,0.0,0.0,0.0,0.0,0.0,0.0,0.0,0.0,0.0,0.0,0.0,0.0,0.0,0.0,0.0,0.0,0.0,0.0,1.0,0.0
2023,9,2023_09_TEN_PIT,2023-11-02,TEN,PIT,Home,4.0,2.082,-2.145207,-0.214029,0.150822,3.849178,4.0,470.506662,0.0,0.0,0.0,0.0,0.470507,0.0,0.0,0.0,0.0,0.0,0.0,0.0,0.0,0.0,0.0,0.0,0.0,0.0,0.0,0.0,0.0,0.0,0.0,0.0,0.0,0.0,2.0,3.0,0.0,0.0,0.0,0.0,0.0,0.0,0.0,0.0,0.0,-1.0
2023,9,2023_09_WAS_NE,2023-11-05,WAS,NE,Home,-3.0,2.082,2.15181,-3.203028,7.436838,-10.436838,4.0,367.208603,0.0,0.0,0.0,0.0,0.367209,0.0,0.0,0.367209,0.0,0.0,0.0,0.0,0.0,0.0,0.0,0.0,1.0,0.0,0.0,0.0,0.0,0.0,0.0,0.0,0.0,0.0,0.0,0.0,0.0,0.0,0.0,0.0,0.0,0.0,2.0,0.0,1.0,0.0
2023,10,2023_10_ATL_ARI,2023-11-12,ATL,ARI,Home,2.0,2.082,-1.665847,-4.006894,4.423046,-2.423046,5.0,1597.809903,0.0,0.0,0.0,1.0,1.59781,1.0,0.0,1.59781,0.0,0.0,0.0,0.0,0.0,0.0,0.0,0.0,0.0,0.0,0.0,2.0,0.0,0.0,0.0,0.0,0.0,0.0,0.0,0.0,0.0,0.0,0.0,0.0,0.0,0.0,2.0,0.0,1.0,0.0
2023,10,2023_10_CAR_CHI,2023-11-09,CAR,CHI,Home,3.0,2.082,-5.331248,-4.556145,1.306897,1.693103,7.0,585.976725,0.0,0.0,0.0,0.0,0.585977,0.0,0.0,0.0,0.0,1.0,0.0,0.0,0.0,0.0,0.0,0.0,0.0,0.0,0.0,0.0,0.0,0.0,0.0,0.0,0.0,0.0,2.0,0.0,6.0,0.0,0.0,0.0,0.0,0.0,0.0,0.0,0.0,-1.0
2023,10,2023_10_CLE_BAL,2023-11-12,CLE,BAL,Home,-2.0,2.082,2.58625,0.071431,4.596819,-6.596819,0.0,308.262006,0.0,0.0,0.0,0.0,0.308262,0.0,0.0,0.308262,0.0,0.0,0.0,0.0,0.0,0.0,0.0,0.0,0.0,0.0,0.0,0.0,0.0,0.0,0.0,0.0,0.0,0.0,0.0,0.0,0.0,0.0,-1.0,0.0,0.0,0.0,2.0,0.0,0.0,-1.0
2023,10,2023_10_DEN_BUF,2023-11-13,DEN,BUF,Home,-2.0,2.082,8.315306,-2.253043,12.650349,-14.650349,-1.0,1372.857736,0.0,0.225304,-7.0,0.0,1.372858,1.0,0.0,0.0,0.0,0.0,0.0,-5.0,0.0,0.0,0.0,0.0,0.0,0.0,0.0,0.0,0.0,2.0,0.0,0.0,0.0,0.0,0.0,0.0,0.0,1.0,0.0,0.0,0.0,0.0,0.0,0.0,1.0,0.0
2023,10,2023_10_DET_LAC,2023-11-12,DET,LAC,Home,-3.0,2.082,1.047859,-1.684186,4.814045,-7.814045,-1.0,1987.353838,0.0,0.168419,-7.0,0.0,1.987354,1.0,0.0,1.987354,0.0,0.0,0.0,-5.0,0.0,0.0,0.0,6.0,1.0,0.0,0.0,0.0,0.0,0.0,0.0,0.0,-4.0,0.0,0.0,0.0,0.0,0.0,0.0,0.0,0.0,0.0,2.0,0.0,0.0,-1.0
2023,10,2023_10_GB_PIT,2023-11-12,GB,PIT,Home,4.0,2.082,-1.92192,1.258529,-1.098449,5.098449,0.0,496.241811,0.0,0.0,3.0,0.0,0.496242,0.0,0.0,0.0,1.0,0.0,0.0,0.0,0.0,0.0,0.0,0.0,1.0,0.0,0.0,0.0,0.0,0.0,0.0,0.0,0.0,0.0,0.0,0.0,0.0,0.0,0.0,0.0,0.0,0.0,0.0,0.0,0.0,-1.0
2023,10,2023_10_HOU_CIN,2023-11-12,HOU,CIN,Home,-3.0,2.082,3.980615,-5.995115,12.05773,-15.05773,-1.0,897.877877,0.0,0.0,0.0,0.0,0.897878,0.0,1.0,0.0,1.0,0.0,0.0,0.0,0.0,0.0,0.0,0.0,0.0,0.0,0.0,0.0,0.0,0.0,0.0,0.0,0.0,0.0,0.0,0.0,0.0,0.0,0.0,0.0,0.0,0.0,0.0,0.0,0.0,-1.0
2023,10,2023_10_IND_NE,2023-11-12,IND,NE,Neutral,-4.0,0.0,1.947714,-1.797266,3.744981,-7.744981,0,,0.0,0.0,0.0,0.0,0.0,0.0,0.0,0.0,0.0,0.0,0.0,0.0,0.0,0.0,0.0,0.0,0.0,0.0,0.0,0.0,0.0,0.0,0.0,0.0,0.0,0.0,0.0,0.0,0.0,0.0,0.0,0.0,0.0,0.0,0.0,0.0,0.0,0.0
2023,10,2023_10_NO_MIN,2023-11-12,NO,MIN,Home,8.0,2.082,0.304989,0.504697,1.882292,6.117708,-1.0,1052.257038,0.0,0.0,0.0,0.0,1.052257,0.0,1.0,0.0,0.0,0.0,0.0,0.0,0.0,0.0,0.0,0.0,0.0,0.0,0.0,0.0,0.0,0.0,0.0,0.0,0.0,0.0,0.0,0.0,0.0,0.0,0.0,0.0,0.0,0.0,0.0,0.0,0.0,-1.0
2023,10,2023_10_NYG_DAL,2023-11-12,NYG,DAL,Home,32.0,2.082,6.965854,-5.120629,14.168484,17.831516,-4.0,1385.055729,0.0,0.0,0.0,0.0,1.385056,1.0,0.0,0.0,0.0,0.0,-2.0,0.0,0.0,0.0,0.0,0.0,0.0,0.0,0.0,0.0,0.0,0.0,0.0,0.0,0.0,0.0,0.0,0.0,0.0,0.0,-1.0,0.0,0.0,0.0,0.0,0.0,0.0,-1.0
2023,10,2023_10_NYJ_LV,2023-11-12,NYJ,LV,Home,4.0,2.082,-2.188381,-3.896189,3.789807,0.210193,16.0,2227.529439,0.0,0.0,1.0,1.0,2.227529,0.0,0.0,0.0,0.0,3.0,-2.0,0.0,0.0,0.0,0.0,6.0,0.0,0.0,0.0,0.0,0.0,0.0,0.0,0.0,0.0,4.0,0.0,0.0,6.0,0.0,0.0,0.0,0.0,0.0,0.0,1.0,1.0,0.0
2023,10,2023_10_SF_JAX,2023-11-12,SF,JAX,Home,-31.0,2.082,-2.589489,5.724307,-6.231796,-24.768204,1.0,2346.700409,0.0,-0.83138,0.0,0.0,2.3467,0.0,0.0,2.3467,3.0,0.0,0.0,-8.0,0.0,0.0,0.0,0.0,1.0,0.0,2.0,0.0,4.0,0.0,0.0,0.0,0.0,0.0,0.0,0.0,0.0,0.0,0.0,0.0,0.0,0.0,2.0,1.0,0.0,-1.0
2023,10,2023_10_TEN_TB,2023-11-12,TEN,TB,Home,14.0,2.082,1.947764,-0.228528,4.258292,9.741708,0.0,618.437644,0.0,0.0,-3.0,0.0,0.618438,0.0,0.0,0.0,1.0,0.0,0.0,0.0,0.0,0.0,0.0,0.0,1.0,0.0,0.0,0.0,0.0,0.0,0.0,0.0,0.0,0.0,0.0,0.0,0.0,0.0,0.0,0.0,0.0,0.0,0.0,0.0,0.0,-1.0
2023,10,2023_10_WAS_SEA,2023-11-12,WAS,SEA,Home,3.0,2.082,0.113667,-3.042893,5.238561,-2.238561,8.0,2329.614513,0.0,0.0,0.0,0.0,2.329615,0.0,0.0,2.329615,0.0,0.0,0.0,0.0,0.0,0.0,0.0,0.0,0.0,0.0,0.0,4.0,0.0,0.0,0.0,0.0,0.0,0.0,0.0,0.0,0.0,0.0,0.0,0.0,0.0,0.0,2.0,1.0,1.0,0.0
2023,11,2023_11_ARI_HOU,2023-11-19,ARI,HOU,Home,5.0,2.082,-5.75188,-1.652858,-2.017023,7.017023,3.0,1025.240696,0.0,0.0,0.0,0.0,1.025241,0.0,1.0,0.0,1.0,0.0,0.0,0.0,0.0,0.0,0.0,0.0,1.0,1.0,0.0,0.0,0.0,0.0,0.0,0.0,0.0,0.0,0.0,0.0,0.0,0.0,0.0,0.0,0.0,0.0,0.0,0.0,1.0,0.0
2023,11,2023_11_CHI_DET,2023-11-19,CHI,DET,Home,5.0,2.082,-1.528778,-5.265656,5.818878,-0.818878,2.0,236.619167,0.0,0.0,-3.0,0.0,0.236619,0.0,0.0,0.236619,1.0,0.0,0.0,0.0,0.0,0.0,0.0,0.0,0.0,0.0,0.0,0.0,0.0,0.0,0.0,0.0,0.0,0.0,0.0,0.0,0.0,0.0,-1.0,0.0,0.0,0.0,2.0,0.0,1.0,0.0
2023,11,2023_11_CIN_BAL,2023-11-16,CIN,BAL,Home,14.0,2.082,2.446211,3.692466,0.835745,13.164255,8.0,422.769581,0.0,0.0,0.0,1.0,0.42277,0.0,0.0,0.0,0.0,0.0,0.0,0.0,0.0,0.0,0.0,0.0,0.0,0.0,0.0,0.0,0.0,0.0,0.0,0.0,0.0,0.0,2.0,0.0,6.0,0.0,-1.0,0.0,0.0,0.0,0.0,0.0,1.0,0.0
2023,11,2023_11_DAL_CAR,2023-11-19,DAL,CAR,Home,-23.0,2.082,-4.561916,7.294722,-9.774638,-13.225362,1.0,944.984437,0.0,0.0,3.0,1.0,0.944984,0.0,1.0,0.0,1.0,0.0,0.0,0.0,0.0,0.0,0.0,0.0,0.0,0.0,0.0,0.0,0.0,0.0,0.0,0.0,0.0,0.0,0.0,0.0,0.0,0.0,0.0,0.0,0.0,0.0,0.0,0.0,1.0,0.0
2023,11,2023_11_LAC_GB,2023-11-19,LAC,GB,Home,3.0,2.082,1.194948,0.928968,2.34798,0.65202,4.0,1763.547051,0.0,0.0,0.0,1.0,1.763547,1.0,0.0,0.0,2.0,0.0,0.0,0.0,0.0,0.0,0.0,0.0,1.0,0.0,2.0,0.0,0.0,0.0,0.0,0.0,0.0,0.0,0.0,0.0,0.0,0.0,0.0,0.0,0.0,0.0,0.0,0.0,1.0,0.0
2023,11,2023_11_LV_MIA,2023-11-19,LV,MIA,Home,7.0,2.082,0.71806,-2.184528,4.984588,2.015412,7.0,2170.588817,0.0,0.071806,7.0,0.0,2.170589,0.0,0.0,0.0,3.0,0.0,0.0,0.0,0.0,0.0,0.0,0.0,0.0,0.0,2.0,0.0,5.0,0.0,0.0,0.0,0.0,0.0,0.0,0.0,0.0,0.0,0.0,0.0,0.0,0.0,0.0,1.0,0.0,-1.0
2023,11,2023_11_MIN_DEN,2023-11-19,MIN,DEN,Home,1.0,2.082,-1.993014,0.444322,-0.355335,1.355335,7.0,699.836593,1.0,0.0,-1.0,1.0,0.699837,0.0,0.0,0.699837,0.0,1.0,0.0,0.0,0.0,0.0,0.0,0.0,1.0,0.0,0.0,0.0,0.0,0.0,0.0,0.0,-4.0,4.0,0.0,3.0,0.0,0.0,0.0,0.0,0.0,0.0,2.0,0.0,1.0,0.0
2023,11,2023_11_NYG_WAS,2023-11-19,NYG,WAS,Home,-12.0,2.082,-2.992393,-5.414815,4.504422,-16.504422,-2.0,198.052961,0.0,0.0,0.0,1.0,0.198053,0.0,0.0,0.198053,0.0,0.0,-4.0,0.0,0.0,0.0,0.0,0.0,0.0,0.0,0.0,0.0,0.0,0.0,0.0,0.0,0.0,0.0,0.0,0.0,0.0,0.0,-1.0,0.0,0.0,0.0,2.0,0.0,1.0,0.0
2023,11,2023_11_NYJ_BUF,2023-11-19,NYJ,BUF,Home,26.0,2.082,7.989031,-3.958006,14.029037,11.970963,0.0,277.911498,0.0,0.0,-1.0,0.0,0.277911,0.0,0.0,0.277911,0.0,0.0,0.0,0.0,0.0,0.0,0.0,0.0,0.0,0.0,0.0,0.0,0.0,0.0,0.0,0.0,0.0,0.0,0.0,0.0,0.0,0.0,-1.0,0.0,0.0,0.0,2.0,0.0,0.0,-1.0
2023,11,2023_11_PHI_KC,2023-11-20,PHI,KC,Home,-4.0,2.082,5.95653,4.464209,3.574321,-7.574321,7.0,1029.880967,0.0,0.149232,0.0,0.0,1.029881,0.0,1.0,0.0,0.0,1.0,0.0,-8.0,0.0,0.0,0.0,0.0,1.0,0.0,0.0,0.0,7.0,2.0,0.0,0.0,0.0,0.0,0.0,0.0,6.0,0.0,0.0,0.0,0.0,0.0,0.0,0.0,0.0,-1.0
2023,11,2023_11_PIT_CLE,2023-11-19,PIT,CLE,Home,3.0,2.082,0.173464,-1.856777,4.112241,-1.112241,-2.0,114.323201,0.0,0.0,0.0,0.0,0.114323,0.0,0.0,0.0,0.0,0.0,0.0,0.0,0.0,0.0,0.0,0.0,0.0,0.0,0.0,0.0,0.0,0.0,0.0,0.0,0.0,0.0,0.0,0.0,0.0,0.0,-1.0,0.0,0.0,0.0,0.0,0.0,0.0,-1.0
2023,11,2023_11_SEA_LA,2023-11-19,SEA,LAR,Home,1.0,2.082,0.387494,0.106491,2.363003,-1.363003,3.0,965.0728,0.0,0.038749,7.0,0.0,0.965073,0.0,1.0,0.0,0.0,0.0,0.0,0.0,0.0,0.0,0.0,0.0,0.0,0.0,0.0,0.0,5.0,0.0,0.0,0.0,0.0,0.0,0.0,0.0,0.0,0.0,-1.0,0.0,0.0,0.0,0.0,0.0,0.0,-1.0
2023,11,2023_11_TB_SF,2023-11-19,TB,SF,Home,13.0,2.082,6.209224,2.139338,6.151886,6.848114,2.0,2366.815977,0.0,0.0,0.0,0.0,2.366816,0.0,0.0,2.366816,0.0,0.0,0.0,0.0,0.0,0.0,0.0,0.0,0.0,0.0,0.0,0.0,0.0,0.0,0.0,0.0,0.0,0.0,0.0,0.0,0.0,0.0,0.0,0.0,0.0,0.0,2.0,1.0,0.0,-1.0
2023,11,2023_11_TEN_JAX,2023-11-19,TEN,JAX,Home,20.0,2.082,-3.050501,-0.442756,-0.525746,20.525746,4.0,500.780884,0.0,0.0,0.0,0.0,0.500781,0.0,0.0,0.500781,1.0,0.0,0.0,0.0,0.0,0.0,0.0,0.0,0.0,0.0,0.0,4.0,0.0,0.0,0.0,0.0,0.0,0.0,0.0,0.0,0.0,0.0,-1.0,0.0,0.0,0.0,2.0,0.0,0.0,-1.0
2023,12,2023_12_BAL_LAC,2023-11-26,BAL,LAC,Home,-10.0,2.082,0.909763,2.660467,0.331296,-10.331296,12.0,2321.836347,0.0,0.0,-3.0,0.0,2.321836,0.0,0.0,0.0,0.0,3.0,0.0,0.0,0.0,0.0,0.0,0.0,0.0,0.0,0.0,0.0,0.0,0.0,0.0,0.0,0.0,4.0,0.0,0.0,6.0,0.0,0.0,0.0,0.0,0.0,0.0,1.0,1.0,0.0
2023,12,2023_12_BUF_PHI,2023-11-26,BUF,PHI,Home,3.0,2.082,4.609064,8.184663,-1.493599,4.493599,-2.0,273.182957,0.0,0.0,-1.0,1.0,0.273183,0.0,0.0,0.0,0.0,0.0,0.0,0.0,0.0,0.0,0.0,0.0,1.0,0.0,0.0,0.0,0.0,0.0,0.0,0.0,-4.0,0.0,0.0,0.0,0.0,0.0,0.0,0.0,0.0,0.0,0.0,0.0,1.0,0.0
2023,12,2023_12_CAR_TEN,2023-11-26,CAR,TEN,Home,7.0,2.082,-0.790516,-4.809891,6.101375,0.898625,0.0,338.342672,0.0,0.0,0.0,0.0,0.338343,0.0,0.0,0.0,0.0,0.0,-2.0,0.0,0.0,0.0,0.0,0.0,1.0,0.0,0.0,2.0,0.0,0.0,0.0,0.0,0.0,0.0,0.0,0.0,0.0,0.0,0.0,0.0,0.0,0.0,0.0,0.0,0.0,-1.0
2023,12,2023_12_CHI_MIN,2023-11-27,CHI,MIN,Home,-2.0,2.082,0.418564,-5.254057,7.754621,-9.754621,7.0,355.333612,0.0,0.0,0.0,0.0,0.355334,0.0,0.0,0.355334,0.0,0.0,0.0,0.0,0.0,0.0,0.0,0.0,0.0,0.0,0.0,0.0,0.0,2.0,0.0,0.0,0.0,0.0,0.0,3.0,0.0,0.0,-1.0,0.0,0.0,0.0,2.0,0.0,1.0,0.0
2023,12,2023_12_CLE_DEN,2023-11-26,CLE,DEN,Home,17.0,2.082,-1.98045,0.13436,-0.03281,17.03281,-1.0,1225.255725,1.0,0.0,0.0,0.0,1.225256,0.0,1.0,0.0,0.0,0.0,0.0,0.0,0.0,0.0,0.0,0.0,0.0,0.0,0.0,0.0,0.0,0.0,0.0,0.0,0.0,0.0,0.0,0.0,0.0,0.0,0.0,0.0,0.0,0.0,0.0,0.0,0.0,-1.0
2023,12,2023_12_GB_DET,2023-11-23,GB,DET,Home,-7.0,2.082,-1.539134,1.194199,-0.651333,-6.348667,0.0,292.632421,0.0,0.0,0.0,0.0,0.292632,0.0,0.0,0.0,1.0,0.0,0.0,0.0,0.0,0.0,0.0,0.0,0.0,0.0,0.0,0.0,0.0,0.0,0.0,0.0,0.0,0.0,0.0,0.0,0.0,0.0,-1.0,0.0,0.0,0.0,0.0,0.0,1.0,0.0
2023,12,2023_12_JAX_HOU,2023-11-26,JAX,HOU,Home,-3.0,2.082,-5.614613,-2.668774,-0.863839,-2.136161,0.0,824.794909,0.0,0.0,0.0,0.0,0.824795,0.0,1.0,0.0,0.0,0.0,0.0,0.0,0.0,0.0,0.0,0.0,0.0,0.0,0.0,0.0,0.0,0.0,0.0,0.0,0.0,0.0,0.0,0.0,0.0,0.0,-1.0,0.0,0.0,0.0,0.0,0.0,1.0,0.0
2023,12,2023_12_KC_LV,2023-11-26,KC,LV,Home,-14.0,2.082,-2.213633,5.819858,-5.951491,-8.048509,4.0,1149.22993,0.0,0.0,1.0,0.0,1.14923,0.0,1.0,0.0,0.0,0.0,0.0,0.0,0.0,0.0,0.0,6.0,0.0,0.0,0.0,0.0,0.0,0.0,0.0,0.0,0.0,0.0,0.0,0.0,0.0,0.0,-1.0,0.0,0.0,0.0,0.0,0.0,0.0,-1.0
2023,12,2023_12_LA_ARI,2023-11-26,LAR,ARI,Home,-23.0,2.082,-1.775395,0.37222,-0.065615,-22.934385,2.0,350.319259,0.0,0.0,0.0,1.0,0.350319,0.0,0.0,0.350319,0.0,0.0,0.0,0.0,0.0,0.0,0.0,0.0,0.0,0.0,0.0,0.0,0.0,0.0,0.0,0.0,0.0,0.0,0.0,0.0,0.0,0.0,-1.0,0.0,0.0,0.0,2.0,0.0,1.0,0.0
2023,12,2023_12_MIA_NYJ,2023-11-24,MIA,NYJ,Home,-21.0,2.082,-4.151541,0.769454,-2.838994,-18.161006,2.0,1085.511258,0.0,0.0,0.0,0.0,1.085511,0.0,1.0,0.0,0.0,0.0,0.0,0.0,0.0,0.0,0.0,0.0,0.0,0.0,0.0,2.0,0.0,0.0,0.0,0.0,0.0,0.0,0.0,0.0,0.0,0.0,-1.0,0.0,0.0,0.0,0.0,0.0,1.0,0.0
2023,12,2023_12_NE_NYG,2023-11-26,NE,NYG,Home,3.0,2.082,-5.098496,1.770655,-4.78715,7.78715,-6.0,170.187519,0.0,-0.177065,-7.0,0.0,0.170188,0.0,0.0,0.0,0.0,0.0,0.0,-6.0,0.0,0.0,0.0,0.0,1.0,0.0,0.0,0.0,0.0,0.0,0.0,0.0,0.0,0.0,0.0,0.0,0.0,0.0,0.0,0.0,0.0,0.0,0.0,0.0,0.0,-1.0
2023,12,2023_12_NO_ATL,2023-11-26,NO,ATL,Home,9.0,2.082,-3.985724,0.362775,-2.266499,11.266499,-2.0,424.399135,0.0,-0.43485,0.0,0.0,0.424399,0.0,0.0,0.424399,1.0,0.0,0.0,-6.0,0.0,0.0,0.0,0.0,0.0,0.0,0.0,0.0,4.0,0.0,0.0,0.0,0.0,0.0,0.0,0.0,0.0,0.0,-1.0,0.0,0.0,0.0,2.0,0.0,0.0,-1.0
2023,12,2023_12_PIT_CIN,2023-11-26,PIT,CIN,Home,-6.0,2.082,3.441945,-1.845419,7.369364,-13.369364,0.0,256.539705,0.0,0.0,3.0,0.0,0.25654,0.0,0.0,0.0,0.0,0.0,0.0,0.0,0.0,0.0,0.0,0.0,0.0,0.0,0.0,0.0,0.0,0.0,0.0,0.0,0.0,0.0,0.0,0.0,0.0,0.0,-1.0,0.0,0.0,0.0,0.0,0.0,1.0,0.0
2023,12,2023_12_SF_SEA,2023-11-23,SF,SEA,Home,-18.0,2.082,0.111362,6.323117,-4.129755,-13.870245,2.0,704.452846,0.0,0.0,0.0,0.0,0.704453,0.0,0.0,0.0,0.0,0.0,0.0,0.0,0.0,0.0,0.0,0.0,0.0,0.0,0.0,0.0,0.0,0.0,0.0,0.0,0.0,0.0,2.0,0.0,0.0,0.0,-1.0,0.0,0.0,0.0,0.0,0.0,1.0,0.0
2023,12,2023_12_TB_IND,2023-11-26,TB,IND,Home,7.0,2.082,-1.670627,1.998131,-1.586759,8.586759,8.0,840.637485,0.0,-0.167063,7.0,0.0,0.840637,0.0,1.0,0.840637,0.0,0.0,0.0,0.0,0.0,0.0,0.0,0.0,1.0,0.0,0.0,0.0,4.0,0.0,0.0,0.0,0.0,0.0,0.0,0.0,0.0,0.0,0.0,0.0,0.0,0.0,2.0,0.0,1.0,0.0
2023,12,2023_12_WAS_DAL,2023-11-23,WAS,DAL,Home,35.0,2.082,7.552321,-3.234649,12.86897,22.13103,2.0,1207.360458,0.0,0.0,0.0,0.0,1.20736,0.0,1.0,1.20736,0.0,0.0,0.0,0.0,0.0,0.0,0.0,0.0,0.0,0.0,0.0,0.0,0.0,0.0,0.0,0.0,0.0,0.0,0.0,0.0,0.0,0.0,-1.0,0.0,0.0,0.0,2.0,0.0,1.0,0.0
2023,13,2023_13_ARI_PIT,2023-12-03,ARI,PIT,Home,-14.0,2.082,-1.634833,-2.156682,2.603848,-16.603848,-1.0,1831.573963,0.0,0.0,0.0,0.0,1.831574,1.0,0.0,0.0,2.0,0.0,-2.0,0.0,0.0,0.0,0.0,0.0,1.0,1.0,0.0,0.0,0.0,0.0,0.0,0.0,0.0,0.0,0.0,0.0,0.0,0.0,0.0,0.0,0.0,0.0,0.0,0.0,0.0,-1.0
2023,13,2023_13_ATL_NYJ,2023-12-03,ATL,NYJ,Home,-5.0,2.082,-4.476841,-3.832268,1.437428,-6.437428,2.0,747.417492,0.0,0.0,2.0,0.0,0.747417,0.0,0.0,0.0,0.0,0.0,0.0,0.0,0.0,0.0,0.0,0.0,1.0,0.0,0.0,2.0,0.0,0.0,0.0,0.0,0.0,0.0,0.0,0.0,0.0,0.0,0.0,0.0,0.0,0.0,0.0,0.0,0.0,-1.0
2023,13,2023_13_CAR_TB,2023-12-03,CAR,TB,Home,3.0,2.082,1.855349,-4.842531,8.77988,-5.77988,0.0,510.22365,0.0,0.0,0.0,0.0,0.510224,0.0,0.0,0.510224,0.0,0.0,0.0,0.0,0.0,0.0,0.0,0.0,0.0,0.0,0.0,0.0,0.0,0.0,0.0,0.0,0.0,0.0,0.0,0.0,0.0,0.0,-1.0,0.0,0.0,0.0,2.0,0.0,0.0,-1.0
2023,13,2023_13_CIN_JAX,2023-12-04,CIN,JAX,Home,-3.0,2.082,-2.599142,3.196192,-3.713334,0.713334,9.0,627.618182,0.0,0.0,0.0,1.0,0.627618,0.0,0.0,0.0,0.0,0.0,0.0,0.0,0.0,0.0,0.0,0.0,0.0,0.0,0.0,0.0,0.0,2.0,0.0,0.0,0.0,0.0,0.0,0.0,6.0,0.0,0.0,0.0,0.0,0.0,0.0,0.0,1.0,0.0
2023,13,2023_13_CLE_LA,2023-12-03,CLE,LAR,Home,17.0,2.082,0.784711,-0.194231,3.060942,13.939058,7.0,2052.491358,0.0,0.0,0.0,0.0,2.052491,0.0,0.0,2.052491,0.0,0.0,0.0,0.0,0.0,0.0,0.0,0.0,1.0,0.0,0.0,0.0,0.0,0.0,0.0,0.0,0.0,0.0,0.0,0.0,0.0,0.0,0.0,0.0,0.0,2.0,2.0,1.0,1.0,0.0
2023,13,2023_13_DEN_HOU,2023-12-03,DEN,HOU,Home,5.0,2.082,-5.642339,-1.679995,-1.880344,6.880344,2.0,882.508543,0.0,0.0,0.0,0.0,0.882509,0.0,1.0,0.0,1.0,0.0,0.0,0.0,0.0,0.0,0.0,0.0,0.0,1.0,0.0,0.0,0.0,0.0,0.0,0.0,0.0,0.0,0.0,0.0,0.0,0.0,0.0,0.0,0.0,0.0,0.0,0.0,1.0,0.0
2023,13,2023_13_DET_NO,2023-12-03,DET,NO,Home,-5.0,2.082,0.142369,-1.645329,3.869698,-8.869698,-1.0,940.840807,0.0,0.0,-3.0,0.0,0.940841,0.0,1.0,0.0,0.0,0.0,0.0,0.0,0.0,0.0,0.0,0.0,0.0,0.0,0.0,0.0,0.0,0.0,0.0,0.0,0.0,0.0,0.0,0.0,0.0,0.0,0.0,0.0,0.0,0.0,0.0,0.0,0.0,-1.0
2023,13,2023_13_IND_TEN,2023-12-03,IND,TEN,Home,-3.0,2.082,-0.762534,-1.50654,2.826006,-5.826006,2.0,250.486953,0.0,0.0,0.0,1.0,0.250487,0.0,0.0,0.250487,0.0,0.0,0.0,0.0,0.0,0.0,0.0,0.0,0.0,0.0,0.0,0.0,0.0,0.0,0.0,0.0,0.0,0.0,0.0,0.0,0.0,0.0,-1.0,0.0,0.0,0.0,2.0,0.0,1.0,0.0
2023,13,2023_13_KC_GB,2023-12-03,KC,GB,Home,8.0,2.082,1.306832,5.979551,-2.590718,10.590718,7.0,501.079943,0.0,0.0,3.0,0.0,0.50108,0.0,0.0,0.0,0.0,0.0,0.0,0.0,0.0,0.0,0.0,0.0,1.0,0.0,0.0,0.0,0.0,0.0,0.0,0.0,0.0,4.0,0.0,3.0,0.0,0.0,0.0,0.0,0.0,0.0,0.0,0.0,0.0,-1.0
2023,13,2023_13_LAC_NE,2023-12-03,LAC,NE,Home,-6.0,2.082,1.607175,0.755089,2.934086,-8.934086,2.0,2589.421676,0.0,0.0,0.0,0.0,2.589422,0.0,0.0,0.0,3.0,0.0,0.0,0.0,0.0,0.0,0.0,0.0,0.0,0.0,2.0,0.0,0.0,0.0,0.0,0.0,0.0,0.0,0.0,0.0,0.0,0.0,0.0,0.0,0.0,0.0,0.0,1.0,0.0,-1.0
2023,13,2023_13_MIA_WAS,2023-12-03,MIA,WAS,Home,-30.0,2.082,-3.585734,1.062171,-2.565905,-27.434095,6.0,915.92841,0.0,0.0,1.0,0.0,0.915928,0.0,1.0,0.915928,0.0,0.0,0.0,0.0,0.0,0.0,0.0,0.0,1.0,0.0,0.0,4.0,0.0,0.0,0.0,0.0,0.0,0.0,0.0,0.0,0.0,0.0,0.0,0.0,0.0,0.0,2.0,0.0,0.0,-1.0
2023,13,2023_13_SEA_DAL,2023-11-30,SEA,DAL,Home,6.0,2.082,7.946057,-0.138956,10.167013,-4.167013,1.0,1668.6548,0.0,0.0,0.0,0.0,1.668655,1.0,0.0,0.0,0.0,0.0,0.0,0.0,0.0,0.0,0.0,0.0,0.0,0.0,0.0,0.0,0.0,0.0,0.0,0.0,0.0,0.0,2.0,0.0,0.0,0.0,0.0,0.0,0.0,0.0,0.0,0.0,0.0,-1.0
2023,13,2023_13_SF_PHI,2023-12-03,SF,PHI,Home,-23.0,2.082,4.695397,6.568653,0.208744,-23.208744,-2.0,2502.322348,0.0,0.0,-3.0,0.0,2.502322,0.0,0.0,2.502322,0.0,0.0,0.0,0.0,0.0,0.0,0.0,0.0,0.0,0.0,0.0,0.0,0.0,0.0,0.0,-4.0,0.0,0.0,0.0,0.0,0.0,0.0,0.0,0.0,0.0,0.0,2.0,1.0,0.0,-1.0
2023,14,2023_14_BUF_KC,2023-12-10,BUF,KC,Home,-3.0,2.082,5.775606,8.053864,-0.196258,-2.803742,-5.0,857.58787,0.0,-0.805386,-7.0,1.0,0.857588,0.0,1.0,0.0,0.0,0.0,0.0,-8.0,2.0,0.0,0.0,0.0,0.0,0.0,0.0,0.0,0.0,0.0,0.0,0.0,0.0,0.0,0.0,0.0,0.0,0.0,0.0,0.0,0.0,0.0,0.0,0.0,1.0,0.0
2023,14,2023_14_CAR_NO,2023-12-10,CAR,NO,Home,22.0,2.082,-0.011691,-4.729138,6.799447,15.200553,2.0,648.697077,0.0,0.0,0.0,0.0,0.648697,0.0,0.0,0.648697,0.0,0.0,0.0,0.0,0.0,0.0,0.0,0.0,0.0,0.0,0.0,0.0,0.0,0.0,0.0,0.0,0.0,0.0,0.0,0.0,0.0,0.0,-1.0,0.0,0.0,0.0,2.0,0.0,1.0,0.0
2023,14,2023_14_DEN_LAC,2023-12-10,DEN,LAC,Home,-17.0,2.082,0.894931,-1.829086,4.806018,-21.806018,0.0,836.807673,0.0,0.0,0.0,0.0,0.836808,0.0,1.0,0.0,0.0,0.0,0.0,0.0,0.0,0.0,0.0,0.0,0.0,0.0,0.0,0.0,0.0,0.0,0.0,0.0,0.0,0.0,0.0,0.0,0.0,0.0,-1.0,0.0,0.0,0.0,0.0,0.0,1.0,0.0
2023,14,2023_14_DET_CHI,2023-12-10,DET,CHI,Home,15.0,2.082,-5.073383,-1.463889,-1.527494,16.527494,0.0,236.619167,0.0,-0.507338,6.0,1.0,0.236619,0.0,0.0,0.0,0.0,0.0,0.0,0.0,0.0,0.0,0.0,0.0,0.0,0.0,0.0,0.0,4.0,0.0,0.0,0.0,-4.0,0.0,0.0,0.0,0.0,0.0,-1.0,0.0,0.0,0.0,0.0,0.0,1.0,0.0
2023,14,2023_14_GB_NYG,2023-12-11,GB,NYG,Home,2.0,2.082,-5.003145,1.503915,-4.42506,6.42506,10.0,753.868951,0.0,-0.500315,7.0,0.0,0.753869,0.0,1.0,0.0,0.0,0.0,0.0,0.0,0.0,0.0,0.0,0.0,0.0,0.0,0.0,0.0,4.0,2.0,0.0,0.0,0.0,0.0,0.0,3.0,0.0,0.0,0.0,0.0,0.0,0.0,0.0,0.0,1.0,0.0
2023,14,2023_14_HOU_NYJ,2023-12-10,HOU,NYJ,Home,24.0,2.082,-4.597785,-5.508498,2.992713,21.007287,-1.0,1422.524374,0.0,0.0,0.0,0.0,1.422524,1.0,0.0,0.0,1.0,0.0,0.0,0.0,0.0,0.0,0.0,0.0,0.0,0.0,0.0,0.0,0.0,0.0,0.0,0.0,0.0,0.0,0.0,0.0,0.0,0.0,0.0,0.0,0.0,0.0,0.0,0.0,0.0,-1.0
2023,14,2023_14_IND_CIN,2023-12-10,IND,CIN,Home,20.0,2.082,3.156881,-1.408001,6.646882,13.353118,-3.0,99.214681,0.0,0.0,-1.0,0.0,0.099215,0.0,0.0,0.099215,0.0,0.0,0.0,0.0,2.0,0.0,0.0,0.0,0.0,0.0,0.0,0.0,0.0,0.0,-2.0,0.0,-4.0,0.0,0.0,0.0,0.0,0.0,0.0,0.0,0.0,0.0,2.0,0.0,0.0,-1.0
2023,14,2023_14_JAX_CLE,2023-12-10,JAX,CLE,Home,4.0,2.082,-0.463551,-2.57168,4.190129,-0.190129,9.0,772.624205,0.0,0.0,1.0,0.0,0.772624,0.0,1.0,0.0,0.0,0.0,0.0,0.0,0.0,4.0,0.0,6.0,0.0,0.0,0.0,0.0,0.0,0.0,0.0,0.0,0.0,0.0,0.0,0.0,0.0,0.0,0.0,0.0,0.0,0.0,0.0,0.0,0.0,-1.0
2023,14,2023_14_LA_BAL,2023-12-10,LAR,BAL,Home,6.0,2.082,2.788077,1.133033,3.737044,2.262956,10.0,2321.836347,0.0,0.278808,7.0,1.0,2.321836,0.0,0.0,0.0,3.0,0.0,0.0,0.0,0.0,0.0,0.0,0.0,1.0,0.0,2.0,0.0,5.0,0.0,0.0,0.0,0.0,0.0,0.0,0.0,0.0,0.0,0.0,0.0,0.0,0.0,0.0,1.0,1.0,0.0
2023,14,2023_14_MIN_LV,2023-12-10,MIN,LV,Home,-3.0,2.082,-2.338793,0.289136,-0.545929,-2.454071,6.0,1298.846944,0.0,-0.262793,1.0,1.0,1.298847,1.0,0.0,0.0,0.0,0.0,0.0,-6.0,0.0,0.0,0.0,6.0,1.0,0.0,0.0,0.0,4.0,0.0,0.0,0.0,0.0,0.0,0.0,0.0,0.0,0.0,0.0,0.0,0.0,0.0,0.0,0.0,1.0,0.0
2023,14,2023_14_NE_PIT,2023-12-07,NE,PIT,Home,-3.0,2.082,-1.952153,1.459887,-1.330039,-1.669961,9.0,468.229207,0.0,0.0,0.0,1.0,0.468229,0.0,0.0,0.0,0.0,0.0,0.0,0.0,0.0,0.0,0.0,0.0,0.0,0.0,0.0,0.0,0.0,0.0,0.0,0.0,0.0,0.0,2.0,0.0,6.0,0.0,0.0,0.0,0.0,0.0,0.0,0.0,1.0,0.0
2023,14,2023_14_PHI_DAL,2023-12-10,PHI,DAL,Home,20.0,2.082,7.807676,4.216357,5.673319,14.326681,8.0,1312.507638,0.0,0.0,3.0,0.0,1.312508,1.0,0.0,0.0,0.0,1.0,-2.0,0.0,0.0,0.0,0.0,0.0,0.0,0.0,0.0,0.0,0.0,0.0,0.0,0.0,0.0,4.0,0.0,0.0,6.0,0.0,-1.0,0.0,0.0,0.0,0.0,0.0,1.0,0.0
2023,14,2023_14_SEA_SF,2023-12-10,SEA,SF,Home,12.0,2.082,7.053231,0.028889,9.106342,2.893658,2.0,704.452846,0.0,0.0,-3.0,1.0,0.704453,0.0,0.0,0.704453,0.0,0.0,0.0,0.0,0.0,0.0,0.0,0.0,0.0,0.0,0.0,0.0,0.0,0.0,0.0,0.0,0.0,0.0,0.0,0.0,0.0,0.0,-1.0,0.0,0.0,0.0,2.0,0.0,1.0,0.0
2023,14,2023_14_TB_ATL,2023-12-10,TB,ATL,Home,-4.0,2.082,-3.722442,1.761024,-3.401466,-0.598534,2.0,414.852675,0.0,0.0,0.0,0.0,0.414853,0.0,0.0,0.414853,0.0,0.0,0.0,0.0,0.0,0.0,0.0,0.0,0.0,0.0,0.0,0.0,0.0,0.0,0.0,0.0,0.0,0.0,0.0,0.0,0.0,0.0,-1.0,0.0,0.0,0.0,2.0,0.0,1.0,0.0
2023,14,2023_14_TEN_MIA,2023-12-11,TEN,MIA,Home,-1.0,2.082,1.52811,-0.865539,4.475649,-5.475649,8.0,803.812163,0.0,0.0,0.0,0.0,0.803812,0.0,1.0,0.0,0.0,0.0,0.0,0.0,0.0,4.0,0.0,0.0,0.0,0.0,0.0,0.0,0.0,2.0,0.0,0.0,0.0,0.0,0.0,3.0,0.0,0.0,0.0,0.0,0.0,0.0,0.0,0.0,0.0,-1.0
2023,15,2023_15_ATL_CAR,2023-12-17,ATL,CAR,Home,2.0,2.082,-4.975159,-3.730112,0.836953,1.163047,2.0,226.134727,0.0,0.0,0.0,1.0,0.226135,0.0,0.0,0.0,0.0,0.0,0.0,0.0,0.0,0.0,0.0,0.0,0.0,0.0,0.0,2.0,0.0,0.0,0.0,0.0,0.0,0.0,0.0,0.0,0.0,0.0,-1.0,0.0,0.0,0.0,0.0,0.0,1.0,0.0
2023,15,2023_15_BAL_JAX,2023-12-17,BAL,JAX,Home,-16.0,2.082,-2.603258,2.838103,-3.359361,-12.640639,13.0,680.642376,0.0,0.0,0.0,0.0,0.680642,0.0,0.0,0.0,0.0,0.0,0.0,0.0,0.0,4.0,0.0,0.0,0.0,0.0,0.0,0.0,0.0,0.0,0.0,0.0,0.0,4.0,0.0,0.0,6.0,0.0,0.0,0.0,0.0,0.0,0.0,0.0,0.0,-1.0
2023,15,2023_15_CHI_CLE,2023-12-17,CHI,CLE,Home,3.0,2.082,-0.45435,-4.798961,6.426611,-3.426611,2.0,306.259003,0.0,0.0,0.0,0.0,0.306259,0.0,0.0,0.306259,1.0,0.0,0.0,0.0,0.0,0.0,0.0,0.0,1.0,0.0,0.0,0.0,0.0,0.0,0.0,0.0,0.0,0.0,0.0,0.0,0.0,0.0,0.0,0.0,0.0,0.0,2.0,0.0,0.0,-1.0
2023,15,2023_15_DAL_BUF,2023-12-17,DAL,BUF,Home,21.0,2.082,8.139699,8.04259,2.179109,18.820891,0.0,1212.279128,0.0,0.0,0.0,0.0,1.212279,0.0,1.0,0.0,0.0,0.0,0.0,0.0,0.0,0.0,0.0,0.0,1.0,0.0,0.0,0.0,0.0,0.0,0.0,0.0,0.0,0.0,0.0,0.0,0.0,0.0,0.0,0.0,0.0,0.0,0.0,0.0,0.0,-1.0
2023,15,2023_15_DEN_DET,2023-12-16,DEN,DET,Home,25.0,2.082,-1.73972,-1.471272,1.813553,23.186447,5.0,1155.77436,0.0,0.0,0.0,0.0,1.155774,0.0,1.0,1.155774,0.0,0.0,0.0,0.0,0.0,0.0,0.0,0.0,1.0,0.0,0.0,0.0,0.0,0.0,0.0,0.0,0.0,0.0,0.0,0.0,0.0,1.0,0.0,0.0,0.0,0.0,2.0,0.0,1.0,0.0
2023,15,2023_15_HOU_TEN,2023-12-17,HOU,TEN,Home,-3.0,2.082,-0.813495,-5.895834,7.164339,-10.164339,-6.0,671.468776,0.0,0.0,-1.0,1.0,0.671469,0.0,0.0,0.0,0.0,0.0,-2.0,0.0,0.0,0.0,0.0,0.0,0.0,0.0,0.0,0.0,0.0,0.0,0.0,0.0,-4.0,0.0,0.0,0.0,0.0,0.0,-1.0,0.0,0.0,0.0,0.0,0.0,1.0,0.0
2023,15,2023_15_KC_NE,2023-12-17,KC,NE,Home,-10.0,2.082,1.504188,5.729431,-2.143243,-7.856757,3.0,1232.696983,0.0,0.0,3.0,0.0,1.232697,0.0,1.0,1.232697,1.0,0.0,0.0,0.0,0.0,0.0,0.0,0.0,0.0,0.0,0.0,0.0,0.0,0.0,0.0,0.0,0.0,0.0,0.0,0.0,0.0,0.0,0.0,0.0,0.0,0.0,2.0,0.0,1.0,0.0
2023,15,2023_15_LAC_LV,2023-12-14,LAC,LV,Home,42.0,2.082,-2.381435,0.522497,-0.821932,42.821932,2.0,231.708179,0.0,0.0,0.0,1.0,0.231708,0.0,0.0,0.0,0.0,0.0,0.0,0.0,0.0,0.0,0.0,0.0,0.0,0.0,0.0,0.0,0.0,0.0,0.0,0.0,0.0,0.0,2.0,0.0,0.0,0.0,-1.0,0.0,0.0,0.0,0.0,0.0,1.0,0.0
2023,15,2023_15_MIN_CIN,2023-12-16,MIN,CIN,Home,3.0,2.082,3.41304,0.336193,5.158847,-2.158847,2.0,604.511452,0.0,0.0,0.0,0.0,0.604511,0.0,0.0,0.604511,1.0,0.0,0.0,0.0,0.0,0.0,0.0,0.0,1.0,0.0,0.0,0.0,0.0,0.0,0.0,0.0,0.0,0.0,0.0,0.0,0.0,0.0,0.0,0.0,0.0,0.0,2.0,0.0,0.0,-1.0
2023,15,2023_15_NYG_NO,2023-12-17,NYG,NO,Home,18.0,2.082,0.235024,-4.887922,7.204945,10.795055,5.0,1169.793239,0.0,0.0,1.0,0.0,1.169793,0.0,1.0,0.0,0.0,0.0,0.0,0.0,0.0,0.0,0.0,6.0,0.0,0.0,0.0,0.0,0.0,0.0,0.0,0.0,0.0,0.0,0.0,0.0,0.0,0.0,0.0,0.0,0.0,0.0,0.0,0.0,0.0,-1.0
2023,15,2023_15_NYJ_MIA,2023-12-17,NYJ,MIA,Home,30.0,2.082,1.45138,-4.211037,7.744417,22.255583,0.0,1085.511258,0.0,0.0,-1.0,1.0,1.085511,0.0,1.0,0.0,0.0,0.0,0.0,0.0,0.0,0.0,0.0,0.0,0.0,0.0,0.0,0.0,0.0,0.0,0.0,0.0,0.0,0.0,0.0,0.0,0.0,0.0,-1.0,0.0,0.0,0.0,0.0,0.0,1.0,0.0
2023,15,2023_15_PHI_SEA,2023-12-18,PHI,SEA,Home,3.0,2.082,-0.030341,3.990887,-1.939228,4.939228,8.0,2374.837888,0.0,0.0,0.0,0.0,2.374838,0.0,0.0,0.0,0.0,3.0,-2.0,0.0,0.0,0.0,0.0,0.0,0.0,0.0,0.0,0.0,0.0,2.0,0.0,0.0,0.0,0.0,0.0,0.0,6.0,0.0,0.0,0.0,0.0,0.0,0.0,1.0,1.0,0.0
2023,15,2023_15_PIT_IND,2023-12-16,PIT,IND,Home,17.0,2.082,-1.669422,-1.965622,2.378201,14.621799,3.0,328.29285,0.0,0.0,-3.0,0.0,0.328293,0.0,0.0,0.0,0.0,0.0,0.0,0.0,0.0,0.0,0.0,0.0,0.0,0.0,0.0,2.0,0.0,0.0,0.0,0.0,0.0,0.0,0.0,0.0,0.0,0.0,0.0,0.0,0.0,0.0,0.0,0.0,1.0,0.0
2023,15,2023_15_SF_ARI,2023-12-17,SF,ARI,Home,-16.0,2.082,-1.808195,7.090047,-6.816242,-9.183758,4.0,607.928175,0.0,-0.18082,7.0,0.0,0.607928,0.0,0.0,0.607928,0.0,0.0,0.0,0.0,0.0,0.0,0.0,0.0,0.0,0.0,0.0,0.0,4.0,0.0,0.0,0.0,0.0,0.0,0.0,0.0,0.0,0.0,-1.0,0.0,0.0,0.0,2.0,0.0,0.0,-1.0
2023,15,2023_15_TB_GB,2023-12-17,TB,GB,Home,-14.0,2.082,1.407626,1.774289,1.715336,-15.715336,-3.0,1182.326016,0.0,0.0,-1.0,0.0,1.182326,0.0,1.0,1.182326,0.0,0.0,0.0,0.0,0.0,0.0,0.0,0.0,0.0,0.0,0.0,0.0,0.0,0.0,0.0,0.0,-4.0,0.0,0.0,0.0,0.0,0.0,0.0,0.0,0.0,0.0,2.0,0.0,0.0,-1.0
2023,15,2023_15_WAS_LA,2023-12-17,WAS,LAR,Home,8.0,2.082,1.078994,-4.117853,7.278847,0.721153,-9.0,2310.867618,0.0,0.411785,-7.0,0.0,2.310868,0.0,0.0,0.0,0.0,0.0,-4.0,-5.0,0.0,0.0,0.0,0.0,0.0,0.0,0.0,0.0,0.0,0.0,-2.0,0.0,0.0,0.0,0.0,0.0,0.0,0.0,0.0,0.0,0.0,0.0,0.0,1.0,1.0,0.0
2023,16,2023_16_ARI_CHI,2023-12-24,ARI,CHI,Home,11.0,2.082,-4.701332,-1.956601,-0.66273,11.66273,-1.0,1458.666476,0.0,0.0,0.0,0.0,1.458666,1.0,0.0,0.0,0.0,0.0,0.0,0.0,0.0,0.0,0.0,0.0,0.0,0.0,0.0,0.0,0.0,0.0,0.0,0.0,0.0,0.0,0.0,0.0,0.0,0.0,0.0,0.0,0.0,0.0,0.0,0.0,0.0,-1.0
2023,16,2023_16_BAL_SF,2023-12-25,BAL,SF,Home,-14.0,2.082,7.248166,3.035989,6.294176,-20.294176,11.0,2435.025152,0.0,0.0,0.0,0.0,2.435025,0.0,0.0,2.435025,0.0,3.0,0.0,0.0,0.0,0.0,0.0,0.0,1.0,0.0,0.0,0.0,0.0,2.0,0.0,0.0,0.0,0.0,0.0,0.0,6.0,0.0,0.0,0.0,0.0,0.0,2.0,1.0,0.0,-1.0
2023,16,2023_16_BUF_LAC,2023-12-23,BUF,LAC,Home,-2.0,2.082,-0.210383,8.472242,-6.600625,4.600625,12.0,2205.616892,0.0,0.0,3.0,0.0,2.205617,0.0,0.0,2.205617,0.0,3.0,0.0,0.0,0.0,0.0,0.0,0.0,0.0,0.0,0.0,4.0,0.0,0.0,0.0,0.0,0.0,0.0,0.0,0.0,6.0,0.0,0.0,0.0,0.0,0.0,2.0,1.0,0.0,-1.0
2023,16,2023_16_CIN_PIT,2023-12-23,CIN,PIT,Home,23.0,2.082,-2.182085,3.37053,-3.470615,26.470615,4.0,256.539705,0.0,0.0,0.0,1.0,0.25654,0.0,0.0,0.0,0.0,0.0,0.0,0.0,0.0,4.0,0.0,0.0,0.0,0.0,0.0,0.0,0.0,0.0,0.0,0.0,0.0,0.0,0.0,0.0,0.0,0.0,-1.0,0.0,0.0,0.0,0.0,0.0,1.0,0.0
2023,16,2023_16_CLE_HOU,2023-12-24,CLE,HOU,Home,-14.0,2.082,-5.756251,-0.527143,-3.147107,-10.852893,-1.0,1119.9254,0.0,0.0,0.0,0.0,1.119925,0.0,1.0,0.0,0.0,0.0,0.0,0.0,0.0,0.0,0.0,0.0,0.0,0.0,0.0,0.0,0.0,0.0,-2.0,0.0,0.0,0.0,0.0,0.0,0.0,0.0,0.0,0.0,0.0,0.0,0.0,0.0,1.0,0.0
2023,16,2023_16_DAL_MIA,2023-12-24,DAL,MIA,Home,2.0,2.082,1.831618,7.664686,-3.751068,5.751068,0.0,1116.388194,0.0,0.0,0.0,1.0,1.116388,0.0,1.0,0.0,0.0,0.0,-2.0,0.0,0.0,0.0,0.0,0.0,1.0,0.0,0.0,0.0,0.0,0.0,0.0,0.0,0.0,0.0,0.0,0.0,0.0,0.0,0.0,0.0,0.0,0.0,0.0,0.0,1.0,0.0
2023,16,2023_16_DET_MIN,2023-12-24,DET,MIN,Home,-6.0,2.082,0.374146,-1.34759,3.803737,-9.803737,-2.0,541.488485,0.0,0.0,0.0,0.0,0.541488,0.0,0.0,0.541488,0.0,0.0,0.0,0.0,0.0,0.0,0.0,0.0,0.0,0.0,0.0,0.0,0.0,0.0,-2.0,0.0,0.0,0.0,0.0,0.0,0.0,0.0,-1.0,0.0,0.0,0.0,2.0,0.0,0.0,-1.0
2023,16,2023_16_GB_CAR,2023-12-24,GB,CAR,Home,-3.0,2.082,-4.898793,1.17455,-3.991343,0.991343,-1.0,745.54795,0.0,0.0,0.0,0.0,0.745548,0.0,0.0,0.0,1.0,0.0,0.0,0.0,0.0,0.0,0.0,0.0,0.0,0.0,0.0,0.0,0.0,0.0,0.0,0.0,0.0,0.0,0.0,0.0,0.0,0.0,0.0,0.0,0.0,0.0,0.0,0.0,0.0,-1.0
2023,16,2023_16_IND_ATL,2023-12-24,IND,ATL,Home,19.0,2.082,-3.715516,-1.427505,-0.206011,19.206011,2.0,426.182474,0.0,0.0,-1.0,0.0,0.426182,0.0,0.0,0.426182,0.0,0.0,0.0,0.0,0.0,0.0,0.0,0.0,1.0,0.0,0.0,0.0,0.0,0.0,0.0,0.0,0.0,0.0,0.0,0.0,0.0,0.0,0.0,0.0,0.0,0.0,2.0,0.0,0.0,-1.0
2023,16,2023_16_JAX_TB,2023-12-24,JAX,TB,Home,18.0,2.082,2.086761,-2.809012,6.977774,11.022226,0.0,170.437739,0.0,0.0,0.0,0.0,0.170438,0.0,0.0,0.0,0.0,0.0,0.0,0.0,0.0,0.0,0.0,0.0,1.0,0.0,0.0,0.0,0.0,0.0,0.0,0.0,0.0,0.0,0.0,0.0,0.0,0.0,0.0,0.0,0.0,0.0,0.0,0.0,0.0,-1.0
2023,16,2023_16_LV_KC,2023-12-25,LV,KC,Home,-6.0,2.082,5.817784,-1.725064,9.624848,-15.624848,0.0,1149.22993,0.0,0.0,-3.0,0.0,1.14923,0.0,1.0,0.0,2.0,0.0,0.0,0.0,0.0,0.0,0.0,0.0,0.0,0.0,2.0,0.0,0.0,0.0,0.0,0.0,0.0,0.0,0.0,0.0,0.0,0.0,-1.0,0.0,0.0,0.0,0.0,0.0,0.0,-1.0
2023,16,2023_16_NE_DEN,2023-12-24,NE,DEN,Home,-3.0,2.082,-1.889109,1.40021,-1.207319,-1.792681,13.0,1758.373055,1.0,0.0,1.0,1.0,1.758373,1.0,0.0,0.0,0.0,2.0,0.0,0.0,0.0,0.0,0.0,0.0,0.0,0.0,0.0,2.0,0.0,0.0,0.0,0.0,0.0,4.0,0.0,0.0,6.0,0.0,0.0,0.0,0.0,0.0,0.0,0.0,1.0,0.0
2023,16,2023_16_NO_LA,2023-12-21,NO,LAR,Home,8.0,2.082,1.097832,0.460377,2.719455,5.280545,4.0,1674.106906,0.0,0.0,0.0,0.0,1.674107,1.0,0.0,0.0,0.0,2.0,0.0,0.0,0.0,0.0,0.0,0.0,0.0,0.0,0.0,0.0,0.0,0.0,0.0,0.0,0.0,0.0,2.0,3.0,0.0,0.0,0.0,0.0,0.0,0.0,0.0,0.0,0.0,-1.0
2023,16,2023_16_NYG_PHI,2023-12-25,NYG,PHI,Home,8.0,2.082,3.868439,-5.093778,11.044217,-3.044217,-4.0,85.370877,0.0,0.0,-1.0,1.0,0.085371,0.0,0.0,0.0,0.0,0.0,0.0,0.0,0.0,0.0,0.0,0.0,0.0,0.0,0.0,0.0,0.0,0.0,0.0,0.0,-4.0,0.0,0.0,0.0,0.0,0.0,-1.0,0.0,0.0,0.0,0.0,0.0,1.0,0.0
2023,16,2023_16_SEA_TEN,2023-12-24,SEA,TEN,Home,-3.0,2.082,-0.98389,0.065086,1.033024,-4.033024,8.0,1970.629492,0.0,0.0,1.0,1.0,1.970629,1.0,0.0,1.970629,2.0,0.0,0.0,0.0,0.0,0.0,0.0,6.0,1.0,0.0,2.0,0.0,0.0,0.0,0.0,-4.0,0.0,0.0,0.0,0.0,0.0,0.0,0.0,0.0,0.0,0.0,2.0,0.0,1.0,0.0
2023,16,2023_16_WAS_NYJ,2023-12-24,WAS,NYJ,Home,2.0,2.082,-4.564124,-4.180243,1.698119,0.301881,8.0,198.052961,0.0,0.0,0.0,0.0,0.198053,0.0,0.0,0.198053,0.0,0.0,0.0,0.0,0.0,0.0,0.0,0.0,1.0,0.0,0.0,4.0,0.0,0.0,0.0,0.0,0.0,0.0,0.0,0.0,0.0,0.0,0.0,0.0,0.0,0.0,2.0,0.0,1.0,0.0
2023,17,2023_17_ARI_PHI,2023-12-31,ARI,PHI,Home,-4.0,2.082,3.797471,-2.177766,8.057237,-12.057237,3.0,2085.60035,0.0,0.0,-1.0,0.0,2.0856,0.0,0.0,2.0856,2.0,0.0,0.0,0.0,0.0,0.0,0.0,0.0,0.0,1.0,0.0,0.0,0.0,0.0,0.0,0.0,0.0,0.0,0.0,0.0,0.0,0.0,0.0,0.0,0.0,0.0,2.0,1.0,0.0,-1.0
2023,17,2023_17_ATL_CHI,2023-12-31,ATL,CHI,Home,20.0,2.082,-4.476931,-3.376002,0.981071,19.018929,1.0,586.872716,0.0,0.0,0.0,1.0,0.586873,0.0,0.0,0.0,0.0,0.0,0.0,0.0,0.0,0.0,0.0,0.0,0.0,0.0,0.0,0.0,0.0,0.0,0.0,0.0,0.0,0.0,0.0,0.0,0.0,0.0,0.0,0.0,0.0,0.0,0.0,0.0,1.0,0.0
2023,17,2023_17_CAR_JAX,2023-12-31,CAR,JAX,Home,26.0,2.082,-3.070854,-4.844973,3.856118,22.143882,0.0,341.737424,0.0,0.0,0.0,0.0,0.341737,0.0,0.0,0.0,0.0,0.0,0.0,0.0,0.0,0.0,0.0,0.0,1.0,0.0,0.0,0.0,0.0,0.0,0.0,0.0,0.0,0.0,0.0,0.0,0.0,0.0,0.0,0.0,0.0,0.0,0.0,0.0,0.0,-1.0
2023,17,2023_17_CIN_KC,2023-12-31,CIN,KC,Home,8.0,2.082,5.550477,2.975682,4.656795,3.343205,-1.0,534.428153,0.0,0.0,-2.0,1.0,0.534428,0.0,0.0,0.0,0.0,0.0,-2.0,0.0,0.0,0.0,0.0,0.0,0.0,0.0,0.0,0.0,0.0,0.0,0.0,0.0,0.0,0.0,0.0,0.0,0.0,0.0,0.0,0.0,0.0,0.0,0.0,0.0,1.0,0.0
2023,17,2023_17_DET_DAL,2023-12-30,DET,DAL,Home,1.0,2.082,7.545276,-1.141133,10.768409,-9.768409,7.0,1013.262859,0.0,0.0,0.0,0.0,1.013263,0.0,1.0,1.013263,0.0,1.0,0.0,0.0,0.0,0.0,0.0,0.0,0.0,0.0,0.0,0.0,0.0,0.0,0.0,0.0,0.0,0.0,0.0,0.0,6.0,0.0,0.0,0.0,0.0,0.0,2.0,0.0,0.0,-1.0
2023,17,2023_17_GB_MIN,2023-12-31,GB,MIN,Home,-23.0,2.082,0.233107,1.204342,1.110765,-24.110765,9.0,257.029197,0.0,0.0,0.0,0.0,0.257029,0.0,0.0,0.257029,0.0,0.0,0.0,0.0,0.0,0.0,0.0,0.0,0.0,0.0,0.0,0.0,0.0,0.0,0.0,0.0,0.0,4.0,0.0,3.0,0.0,0.0,-1.0,0.0,0.0,0.0,2.0,0.0,1.0,0.0
2023,17,2023_17_LAC_DEN,2023-12-31,LAC,DEN,Home,7.0,2.082,-1.922991,-0.131372,0.29038,6.70962,0.0,836.807673,1.0,0.0,-1.0,1.0,0.836808,0.0,1.0,0.0,0.0,0.0,0.0,0.0,0.0,0.0,0.0,0.0,0.0,0.0,0.0,0.0,0.0,0.0,0.0,0.0,0.0,0.0,0.0,0.0,0.0,0.0,-1.0,0.0,0.0,0.0,0.0,0.0,1.0,0.0
2023,17,2023_17_LA_NYG,2023-12-31,LAR,NYG,Home,-1.0,2.082,-5.05109,1.146205,-4.115294,3.115294,-2.0,2449.341534,0.0,0.0,-4.0,0.0,2.449342,0.0,0.0,0.0,3.0,0.0,0.0,0.0,0.0,0.0,0.0,0.0,0.0,0.0,2.0,0.0,0.0,0.0,0.0,0.0,-4.0,0.0,0.0,0.0,0.0,0.0,0.0,0.0,0.0,0.0,0.0,1.0,0.0,-1.0
2023,17,2023_17_LV_IND,2023-12-31,LV,IND,Home,3.0,2.082,-1.79315,-1.467405,1.756255,1.243745,15.0,1594.623191,0.0,0.0,1.0,0.0,1.594623,1.0,0.0,0.0,3.0,0.0,0.0,0.0,0.0,0.0,8.0,0.0,0.0,0.0,2.0,2.0,0.0,0.0,0.0,0.0,0.0,0.0,0.0,0.0,0.0,0.0,0.0,0.0,0.0,2.0,0.0,0.0,1.0,0.0
2023,17,2023_17_MIA_BAL,2023-12-31,MIA,BAL,Home,37.0,2.082,3.403513,1.940613,3.5449,33.4551,-5.0,943.840878,0.0,0.0,-1.0,0.0,0.943841,0.0,1.0,0.0,0.0,0.0,0.0,0.0,0.0,0.0,0.0,0.0,0.0,0.0,0.0,0.0,0.0,0.0,0.0,0.0,-4.0,0.0,0.0,0.0,0.0,0.0,0.0,0.0,0.0,0.0,0.0,0.0,0.0,-1.0
2023,17,2023_17_NE_BUF,2023-12-31,NE,BUF,Home,6.0,2.082,8.407976,1.443977,9.046,-3.046,0.0,386.376435,0.0,0.0,1.0,0.0,0.386376,0.0,0.0,0.386376,0.0,0.0,0.0,0.0,0.0,0.0,0.0,0.0,0.0,0.0,0.0,0.0,0.0,0.0,0.0,0.0,0.0,0.0,0.0,0.0,0.0,0.0,-1.0,0.0,0.0,0.0,2.0,0.0,0.0,-1.0
2023,17,2023_17_NO_TB,2023-12-31,NO,TB,Home,-10.0,2.082,2.289492,0.412466,3.959027,-13.959027,0.0,477.877282,0.0,0.0,-3.0,1.0,0.477877,0.0,0.0,0.0,1.0,0.0,0.0,0.0,0.0,0.0,0.0,0.0,0.0,0.0,0.0,0.0,0.0,0.0,0.0,0.0,0.0,0.0,0.0,0.0,0.0,0.0,-1.0,0.0,0.0,0.0,0.0,0.0,1.0,0.0
2023,17,2023_17_NYJ_CLE,2023-12-28,NYJ,CLE,Home,17.0,2.082,-0.299223,-4.554754,6.33753,10.66247,9.0,399.386058,0.0,0.0,0.0,1.0,0.399386,0.0,0.0,0.0,0.0,0.0,0.0,0.0,0.0,0.0,0.0,0.0,0.0,0.0,0.0,0.0,0.0,0.0,0.0,0.0,0.0,0.0,2.0,0.0,6.0,0.0,0.0,0.0,0.0,0.0,0.0,0.0,1.0,0.0
2023,17,2023_17_PIT_SEA,2023-12-31,PIT,SEA,Home,-7.0,2.082,0.095947,-1.712976,3.890923,-10.890923,3.0,2131.54251,0.0,0.0,-1.0,0.0,2.131543,0.0,0.0,0.0,0.0,0.0,0.0,0.0,0.0,0.0,0.0,0.0,1.0,0.0,0.0,0.0,0.0,0.0,0.0,0.0,0.0,0.0,0.0,0.0,0.0,0.0,0.0,0.0,0.0,0.0,0.0,1.0,1.0,0.0
2023,17,2023_17_SF_WAS,2023-12-31,SF,WAS,Home,-17.0,2.082,-4.188808,6.883629,-8.990437,-8.009563,8.0,2427.601888,0.0,0.0,1.0,0.0,2.427602,0.0,0.0,0.0,3.0,0.0,0.0,0.0,0.0,0.0,0.0,6.0,0.0,0.0,2.0,0.0,0.0,0.0,0.0,0.0,0.0,0.0,0.0,0.0,0.0,0.0,0.0,0.0,0.0,0.0,0.0,1.0,0.0,-1.0
2023,17,2023_17_TEN_HOU,2023-12-31,TEN,HOU,Home,23.0,2.082,-5.994804,-1.125942,-2.786863,25.786863,0.0,671.468776,0.0,0.0,0.0,0.0,0.671469,0.0,0.0,0.0,0.0,0.0,0.0,0.0,0.0,0.0,0.0,0.0,0.0,0.0,0.0,0.0,0.0,0.0,0.0,0.0,0.0,0.0,0.0,0.0,0.0,0.0,-1.0,0.0,0.0,0.0,0.0,0.0,1.0,0.0
2023,18,2023_18_ATL_NO,2024-01-07,ATL,NO,Home,31.0,2.082,0.549394,-3.741659,6.373053,24.626947,-2.0,424.399135,0.0,0.0,0.0,0.0,0.424399,0.0,0.0,0.424399,0.0,0.0,-2.0,0.0,0.0,0.0,0.0,0.0,0.0,0.0,0.0,0.0,0.0,0.0,0.0,0.0,0.0,0.0,0.0,0.0,0.0,0.0,-1.0,0.0,0.0,0.0,2.0,0.0,0.0,-1.0
2023,18,2023_18_BUF_MIA,2024-01-07,BUF,MIA,Home,-7.0,2.082,1.356458,8.289374,-4.850916,-2.149084,14.0,1164.757936,0.0,0.0,0.0,1.0,1.164758,0.0,1.0,0.0,0.0,0.0,0.0,0.0,0.0,0.0,0.0,0.0,0.0,0.0,0.0,4.0,0.0,0.0,0.0,0.0,0.0,4.0,0.0,0.0,6.0,0.0,-1.0,0.0,0.0,0.0,0.0,0.0,1.0,0.0
2023,18,2023_18_CHI_GB,2024-01-07,CHI,GB,Home,8.0,2.082,1.606731,-4.145343,7.834073,0.165927,-2.0,183.712916,0.0,0.0,0.0,0.0,0.183713,0.0,0.0,0.0,0.0,0.0,0.0,0.0,0.0,0.0,0.0,0.0,0.0,0.0,0.0,0.0,0.0,0.0,0.0,0.0,0.0,0.0,0.0,0.0,0.0,0.0,-1.0,0.0,0.0,0.0,0.0,0.0,0.0,-1.0
2023,18,2023_18_CLE_CIN,2024-01-07,CLE,CIN,Home,17.0,2.082,3.016103,-0.012662,5.110765,11.889235,0.0,223.065569,0.0,0.0,-3.0,0.0,0.223066,0.0,0.0,0.0,0.0,0.0,0.0,0.0,0.0,0.0,0.0,0.0,0.0,0.0,0.0,0.0,0.0,0.0,0.0,0.0,0.0,0.0,0.0,0.0,0.0,0.0,-1.0,0.0,0.0,0.0,0.0,0.0,1.0,0.0
2023,18,2023_18_DAL_WAS,2024-01-07,DAL,WAS,Home,-28.0,2.082,-4.379049,7.310902,-9.607951,-18.392049,2.0,1207.360458,0.0,0.0,-1.0,1.0,1.20736,0.0,1.0,1.20736,0.0,0.0,0.0,0.0,0.0,0.0,0.0,0.0,0.0,0.0,0.0,0.0,0.0,0.0,0.0,0.0,0.0,0.0,0.0,0.0,0.0,0.0,-1.0,0.0,0.0,0.0,2.0,0.0,1.0,0.0
2023,18,2023_18_DEN_LV,2024-01-07,DEN,LV,Home,13.0,2.082,-1.45652,-1.779997,2.405477,10.594523,-2.0,608.258094,0.0,0.0,0.0,0.0,0.608258,0.0,0.0,0.0,0.0,0.0,0.0,0.0,0.0,0.0,0.0,0.0,0.0,0.0,0.0,0.0,0.0,0.0,0.0,0.0,0.0,0.0,0.0,0.0,0.0,0.0,-1.0,0.0,0.0,0.0,0.0,0.0,0.0,-1.0
2023,18,2023_18_HOU_IND,2024-01-06,HOU,IND,Home,-4.0,2.082,-1.748157,-5.564982,5.898825,-9.898825,1.0,870.881595,0.0,0.0,0.0,0.0,0.870882,0.0,1.0,0.0,0.0,0.0,0.0,0.0,0.0,0.0,0.0,0.0,0.0,0.0,0.0,0.0,0.0,0.0,0.0,0.0,0.0,0.0,0.0,3.0,0.0,0.0,-1.0,0.0,0.0,0.0,0.0,0.0,0.0,-1.0
2023,18,2023_18_JAX_TEN,2024-01-07,JAX,TEN,Home,8.0,2.082,-1.506703,-2.682704,3.258001,4.741999,0.0,500.780884,0.0,0.0,0.0,0.0,0.500781,0.0,0.0,0.0,0.0,0.0,0.0,0.0,0.0,0.0,0.0,0.0,0.0,0.0,0.0,2.0,0.0,0.0,0.0,0.0,0.0,0.0,0.0,0.0,0.0,0.0,-1.0,0.0,0.0,0.0,0.0,0.0,0.0,-1.0
2023,18,2023_18_KC_LAC,2024-01-07,KC,LAC,Home,-1.0,2.082,-0.221346,5.625015,-3.764361,2.764361,0.0,1366.48133,0.0,0.0,0.0,0.0,1.366481,1.0,0.0,0.0,0.0,0.0,0.0,0.0,0.0,0.0,0.0,0.0,0.0,0.0,0.0,0.0,0.0,0.0,0.0,0.0,0.0,0.0,0.0,0.0,0.0,0.0,-1.0,0.0,0.0,0.0,0.0,0.0,1.0,0.0
2023,18,2023_18_LA_SF,2024-01-07,LAR,SF,Home,-1.0,2.082,7.018645,1.139907,7.960738,-8.960738,0.0,313.511192,0.0,0.0,0.0,1.0,0.313511,0.0,0.0,0.0,0.0,0.0,0.0,0.0,0.0,0.0,0.0,0.0,0.0,0.0,0.0,0.0,0.0,0.0,0.0,0.0,0.0,0.0,0.0,0.0,0.0,0.0,-1.0,0.0,0.0,0.0,0.0,0.0,1.0,0.0
2023,18,2023_18_MIN_DET,2024-01-07,MIN,DET,Home,10.0,2.082,-0.952633,-0.116158,1.245526,8.754474,-4.0,541.488485,0.0,0.0,1.0,0.0,0.541488,0.0,0.0,0.0,1.0,0.0,-2.0,0.0,0.0,0.0,0.0,0.0,0.0,0.0,0.0,0.0,0.0,0.0,0.0,0.0,0.0,0.0,0.0,0.0,0.0,0.0,-1.0,0.0,0.0,0.0,0.0,0.0,0.0,-1.0
2023,18,2023_18_NYJ_NE,2024-01-07,NYJ,NE,Home,-14.0,2.082,1.428369,-4.788185,8.298554,-22.298554,0.0,170.187519,0.0,0.0,-3.0,0.0,0.170188,0.0,0.0,0.170188,0.0,0.0,0.0,0.0,0.0,0.0,0.0,0.0,0.0,0.0,0.0,0.0,0.0,0.0,0.0,0.0,0.0,0.0,0.0,0.0,0.0,0.0,-1.0,0.0,0.0,0.0,2.0,0.0,0.0,-1.0
2023,18,2023_18_PHI_NYG,2024-01-07,PHI,NYG,Home,17.0,2.082,-5.066554,3.538116,-6.522671,23.522671,0.0,85.370877,0.0,0.0,0.0,0.0,0.085371,0.0,0.0,0.0,0.0,0.0,0.0,0.0,0.0,0.0,0.0,0.0,0.0,0.0,0.0,0.0,0.0,0.0,0.0,0.0,0.0,0.0,0.0,0.0,0.0,0.0,-1.0,0.0,0.0,0.0,0.0,0.0,1.0,0.0
2023,18,2023_18_PIT_BAL,2024-01-06,PIT,BAL,Home,-7.0,2.082,4.018879,-1.454835,7.555714,-14.555714,0.0,197.2245,0.0,0.0,0.0,0.0,0.197225,0.0,0.0,0.197225,0.0,0.0,0.0,0.0,0.0,0.0,0.0,0.0,0.0,0.0,0.0,0.0,0.0,0.0,0.0,0.0,0.0,0.0,0.0,0.0,0.0,0.0,-1.0,0.0,0.0,0.0,2.0,0.0,0.0,-1.0
2023,18,2023_18_SEA_ARI,2024-01-07,SEA,ARI,Home,-1.0,2.082,-1.966761,-0.055266,0.170504,-1.170504,0.0,1104.209444,0.0,0.0,0.0,1.0,1.104209,0.0,1.0,0.0,0.0,0.0,0.0,0.0,0.0,0.0,0.0,0.0,0.0,0.0,0.0,0.0,0.0,0.0,0.0,0.0,0.0,0.0,0.0,0.0,0.0,0.0,-1.0,0.0,0.0,0.0,0.0,0.0,1.0,0.0
2023,18,2023_18_TB_CAR,2024-01-07,TB,CAR,Home,-9.0,2.082,-5.26719,2.008813,-5.194003,-3.805997,0.0,510.22365,0.0,0.0,0.0,0.0,0.510224,0.0,0.0,0.0,0.0,0.0,0.0,0.0,0.0,0.0,0.0,0.0,0.0,0.0,0.0,2.0,0.0,0.0,0.0,0.0,0.0,0.0,0.0,0.0,0.0,0.0,-1.0,0.0,0.0,0.0,0.0,0.0,0.0,-1.0
2024,1,2024_01_ARI_BUF,2024-09-08,ARI,BUF,Home,6.0,2.082,7.787814,-5.045787,14.915601,-8.915601,3.0,1912.959574,0.0,0.0,0.0,0.0,1.91296,1.0,0.0,0.0,2.0,0.0,0.0,0.0,0.0,0.0,0.0,0.0,1.0,1.0,0.0,0.0,0.0,0.0,0.0,0.0,0.0,0.0,0.0,0.0,0.0,0.0,0.0,0.0,0.0,0.0,0.0,0.0,1.0,0.0
2024,1,2024_01_BAL_KC,2024-09-05,BAL,KC,Home,7.0,2.082,4.804521,5.583718,1.302803,5.697197,11.0,955.425332,0.0,0.0,0.0,0.0,0.955425,0.0,1.0,0.0,0.0,1.0,0.0,0.0,0.0,0.0,0.0,0.0,0.0,0.0,0.0,0.0,0.0,0.0,0.0,0.0,0.0,0.0,2.0,0.0,6.0,0.0,0.0,0.0,4.0,0.0,0.0,0.0,0.0,-1.0
2024,1,2024_01_CAR_NO,2024-09-08,CAR,NO,Home,37.0,2.082,0.537186,-5.116538,7.735724,29.264276,0.0,648.697077,0.0,0.0,0.0,0.0,0.648697,0.0,0.0,0.0,0.0,0.0,0.0,0.0,0.0,0.0,0.0,0.0,0.0,0.0,0.0,0.0,0.0,0.0,0.0,0.0,0.0,0.0,0.0,0.0,0.0,0.0,-1.0,0.0,0.0,0.0,0.0,0.0,1.0,0.0
2024,1,2024_01_DAL_CLE,2024-09-08,DAL,CLE,Home,-16.0,2.082,0.358983,7.054276,-4.613294,-11.386706,2.0,1039.272839,0.0,0.0,0.0,1.0,1.039273,0.0,1.0,0.0,0.0,0.0,0.0,0.0,0.0,0.0,0.0,0.0,1.0,0.0,0.0,0.0,0.0,0.0,0.0,0.0,0.0,0.0,0.0,0.0,0.0,0.0,0.0,0.0,0.0,0.0,0.0,0.0,1.0,0.0
2024,1,2024_01_DEN_SEA,2024-09-08,DEN,SEA,Home,6.0,2.082,-0.741796,-3.055011,4.395215,1.604785,2.0,1017.706428,0.0,0.0,0.0,0.0,1.017706,0.0,1.0,0.0,0.0,0.0,0.0,0.0,0.0,0.0,0.0,0.0,1.0,0.0,0.0,0.0,0.0,0.0,0.0,0.0,0.0,0.0,0.0,0.0,0.0,0.0,0.0,0.0,0.0,0.0,0.0,0.0,1.0,0.0
2024,1,2024_01_GB_PHI,2024-09-06,GB,PHI,Neutral,5.0,0.0,3.138184,0.455087,2.683097,2.316903,0,,0.0,0.0,0.0,0.0,0.0,0.0,0.0,0.0,0.0,0.0,0.0,0.0,0.0,0.0,0.0,0.0,0.0,0.0,0.0,0.0,0.0,0.0,0.0,0.0,0.0,0.0,0.0,0.0,0.0,0.0,0.0,0.0,0.0,0.0,0.0,0.0,0.0,0.0
2024,1,2024_01_HOU_IND,2024-09-08,HOU,IND,Home,-2.0,2.082,-4.39325,-3.335998,1.024748,-3.024748,-2.0,870.881595,0.0,0.0,0.0,0.0,0.870882,0.0,1.0,0.0,1.0,0.0,0.0,0.0,0.0,0.0,0.0,0.0,0.0,0.0,0.0,0.0,0.0,0.0,0.0,0.0,0.0,0.0,0.0,0.0,0.0,0.0,-1.0,0.0,0.0,0.0,0.0,0.0,0.0,-1.0
2024,1,2024_01_JAX_MIA,2024-09-08,JAX,MIA,Home,3.0,2.082,3.039125,1.134952,3.986173,-0.986173,-1.0,313.445264,0.0,0.0,0.0,0.0,0.313445,0.0,0.0,0.0,0.0,0.0,0.0,0.0,0.0,0.0,0.0,0.0,0.0,0.0,0.0,0.0,0.0,0.0,0.0,0.0,0.0,0.0,0.0,0.0,0.0,0.0,0.0,0.0,0.0,0.0,0.0,0.0,0.0,-1.0
2024,1,2024_01_LA_DET,2024-09-08,LAR,DET,Home,6.0,2.082,2.062752,-0.635672,4.780425,1.219575,3.0,1987.353838,0.0,0.0,0.0,0.0,1.987354,1.0,0.0,0.0,0.0,0.0,0.0,0.0,0.0,0.0,0.0,0.0,0.0,0.0,0.0,0.0,0.0,0.0,0.0,0.0,0.0,4.0,0.0,0.0,0.0,0.0,0.0,0.0,0.0,0.0,0.0,0.0,0.0,-1.0
2024,1,2024_01_LV_LAC,2024-09-08,LV,LAC,Home,12.0,2.082,-0.797121,-0.746837,2.031715,9.968285,0.0,231.708179,0.0,0.0,0.0,0.0,0.231708,0.0,0.0,0.0,0.0,0.0,0.0,0.0,0.0,0.0,0.0,0.0,0.0,0.0,0.0,0.0,0.0,0.0,0.0,0.0,0.0,0.0,0.0,0.0,0.0,0.0,-1.0,0.0,0.0,0.0,0.0,0.0,1.0,0.0
2024,1,2024_01_MIN_NYG,2024-09-08,MIN,NYG,Home,-22.0,2.082,-3.069385,-0.491004,-0.496381,-21.503619,-1.0,1009.927702,0.0,0.0,0.0,0.0,1.009928,0.0,1.0,0.0,1.0,0.0,0.0,0.0,0.0,0.0,0.0,0.0,0.0,0.0,0.0,0.0,0.0,0.0,0.0,0.0,0.0,0.0,0.0,0.0,0.0,0.0,0.0,0.0,0.0,0.0,0.0,0.0,0.0,-1.0
2024,1,2024_01_NE_CIN,2024-09-08,NE,CIN,Home,-6.0,2.082,2.549308,-1.916042,6.54735,-12.54735,-1.0,724.542061,0.0,0.0,0.0,0.0,0.724542,0.0,0.0,0.0,0.0,0.0,0.0,0.0,0.0,0.0,0.0,0.0,0.0,0.0,0.0,0.0,0.0,0.0,0.0,0.0,0.0,0.0,0.0,0.0,0.0,0.0,0.0,0.0,0.0,0.0,0.0,0.0,0.0,-1.0
2024,1,2024_01_NYJ_SF,2024-09-09,NYJ,SF,Home,13.0,2.082,7.996392,-1.689931,11.768322,1.231678,7.0,2546.682577,0.0,0.0,0.0,1.0,2.546683,0.0,0.0,0.0,0.0,3.0,0.0,0.0,0.0,0.0,0.0,0.0,1.0,0.0,0.0,0.0,0.0,2.0,0.0,0.0,0.0,0.0,0.0,0.0,6.0,0.0,0.0,-4.0,0.0,0.0,0.0,1.0,1.0,0.0
2024,1,2024_01_PIT_ATL,2024-09-08,PIT,ATL,Home,-8.0,2.082,-2.802405,-0.882435,0.16203,-8.16203,2.0,521.489918,0.0,0.0,0.0,0.0,0.52149,0.0,0.0,0.0,0.0,0.0,0.0,0.0,0.0,0.0,0.0,0.0,1.0,0.0,0.0,0.0,0.0,0.0,0.0,0.0,0.0,0.0,0.0,0.0,0.0,0.0,0.0,0.0,0.0,0.0,0.0,0.0,1.0,0.0
2024,1,2024_01_TEN_CHI,2024-09-08,TEN,CHI,Home,7.0,2.082,-3.643819,-3.153153,1.591335,5.408665,0.0,396.144279,0.0,0.0,0.0,0.0,0.396144,0.0,0.0,0.0,0.0,0.0,0.0,0.0,0.0,0.0,0.0,0.0,1.0,0.0,0.0,0.0,0.0,0.0,0.0,0.0,0.0,0.0,0.0,0.0,0.0,0.0,0.0,0.0,0.0,0.0,0.0,0.0,0.0,-1.0
2024,1,2024_01_WAS_TB,2024-09-08,WAS,TB,Home,17.0,2.082,-0.485488,-4.500626,6.097139,10.902861,-1.0,821.849344,0.0,0.0,0.0,0.0,0.821849,0.0,1.0,0.0,0.0,0.0,0.0,0.0,0.0,0.0,0.0,0.0,0.0,0.0,0.0,0.0,0.0,0.0,0.0,0.0,0.0,0.0,0.0,0.0,0.0,0.0,0.0,0.0,0.0,0.0,0.0,0.0,0.0,-1.0
2024,2,2024_02_ATL_PHI,2024-09-16,ATL,PHI,Home,-1.0,2.082,3.205693,-2.95933,8.247023,-9.247023,9.0,663.458629,0.0,0.0,2.0,1.0,0.663459,0.0,0.0,0.0,0.0,0.0,0.0,0.0,0.0,0.0,0.0,0.0,0.0,0.0,0.0,0.0,0.0,2.0,0.0,0.0,0.0,0.0,0.0,0.0,6.0,0.0,0.0,0.0,0.0,0.0,0.0,0.0,1.0,0.0
2024,2,2024_02_BUF_MIA,2024-09-12,BUF,MIA,Home,-21.0,2.082,3.001651,7.60034,-2.516689,-18.483311,8.0,1164.757936,0.0,0.0,0.0,1.0,1.164758,0.0,1.0,0.0,0.0,0.0,0.0,0.0,0.0,0.0,0.0,0.0,0.0,0.0,0.0,0.0,0.0,0.0,0.0,0.0,0.0,0.0,2.0,0.0,6.0,0.0,-1.0,0.0,0.0,0.0,0.0,0.0,1.0,0.0
2024,2,2024_02_CHI_HOU,2024-09-15,CHI,HOU,Home,6.0,2.082,-3.310324,-3.478736,2.250412,3.749588,9.0,947.04363,0.0,0.0,0.0,0.0,0.947044,0.0,1.0,0.0,0.0,0.0,0.0,0.0,0.0,0.0,0.0,0.0,1.0,0.0,0.0,0.0,0.0,0.0,0.0,0.0,0.0,4.0,0.0,3.0,0.0,0.0,0.0,0.0,0.0,0.0,0.0,0.0,1.0,0.0
2024,2,2024_02_CIN_KC,2024-09-15,CIN,KC,Home,1.0,2.082,4.943608,2.248184,4.777424,-3.777424,3.0,534.428153,0.0,0.0,3.0,1.0,0.534428,0.0,0.0,0.0,0.0,0.0,0.0,0.0,0.0,0.0,0.0,0.0,0.0,0.0,0.0,0.0,0.0,0.0,0.0,0.0,0.0,0.0,0.0,0.0,0.0,0.0,0.0,0.0,2.0,0.0,0.0,0.0,1.0,0.0
2024,2,2024_02_CLE_JAX,2024-09-15,CLE,JAX,Home,-5.0,2.082,1.115499,0.071436,3.126062,-8.126062,-1.0,772.624205,0.0,0.0,0.0,0.0,0.772624,0.0,1.0,0.0,0.0,0.0,0.0,0.0,0.0,0.0,0.0,0.0,0.0,0.0,0.0,0.0,0.0,0.0,0.0,0.0,0.0,0.0,0.0,0.0,0.0,0.0,0.0,0.0,0.0,0.0,0.0,0.0,0.0,-1.0
2024,2,2024_02_IND_GB,2024-09-15,IND,GB,Home,6.0,2.082,0.463571,-4.472142,7.017713,-1.017713,2.0,341.694153,0.0,0.0,2.0,1.0,0.341694,0.0,0.0,0.0,0.0,0.0,0.0,0.0,0.0,0.0,0.0,0.0,1.0,0.0,0.0,0.0,0.0,0.0,0.0,0.0,0.0,0.0,0.0,0.0,0.0,0.0,0.0,0.0,0.0,0.0,0.0,0.0,1.0,0.0
2024,2,2024_02_LAC_CAR,2024-09-15,LAC,CAR,Home,-23.0,2.082,-5.717854,-0.569196,-3.066659,-19.933341,9.0,2121.357913,0.0,0.0,0.0,1.0,2.121358,0.0,0.0,0.0,3.0,0.0,0.0,0.0,0.0,0.0,0.0,0.0,1.0,0.0,2.0,4.0,0.0,0.0,0.0,0.0,0.0,0.0,0.0,0.0,0.0,0.0,0.0,0.0,0.0,0.0,0.0,1.0,1.0,0.0
2024,2,2024_02_LA_ARI,2024-09-15,LAR,ARI,Home,31.0,2.082,-4.836196,-0.642698,-2.111498,33.111498,2.0,350.319259,0.0,0.0,0.0,1.0,0.350319,0.0,0.0,0.0,0.0,0.0,0.0,0.0,2.0,0.0,0.0,0.0,0.0,0.0,0.0,0.0,0.0,0.0,0.0,0.0,0.0,0.0,0.0,0.0,0.0,0.0,-1.0,0.0,0.0,0.0,0.0,0.0,1.0,0.0
2024,2,2024_02_LV_BAL,2024-09-15,LV,BAL,Home,-3.0,2.082,5.408318,-0.90956,8.399878,-11.399878,2.0,2103.99301,0.0,0.0,3.0,0.0,2.103993,0.0,0.0,0.0,3.0,0.0,0.0,0.0,0.0,0.0,0.0,0.0,0.0,0.0,2.0,0.0,0.0,0.0,0.0,0.0,0.0,0.0,0.0,0.0,0.0,0.0,0.0,0.0,0.0,0.0,0.0,1.0,0.0,-1.0
2024,2,2024_02_NO_DAL,2024-09-15,NO,DAL,Home,-25.0,2.082,7.261208,1.164814,8.178394,-33.178394,-1.0,456.565846,0.0,0.0,0.0,0.0,0.456566,0.0,0.0,0.0,0.0,0.0,0.0,0.0,0.0,0.0,0.0,0.0,0.0,0.0,0.0,0.0,0.0,0.0,0.0,0.0,0.0,0.0,0.0,0.0,0.0,0.0,0.0,0.0,0.0,0.0,0.0,0.0,0.0,-1.0
2024,2,2024_02_NYG_WAS,2024-09-15,NYG,WAS,Home,3.0,2.082,-4.757941,-3.543515,0.867573,2.132427,-2.0,198.052961,0.0,0.0,0.0,1.0,0.198053,0.0,0.0,0.0,0.0,0.0,-2.0,0.0,0.0,0.0,0.0,0.0,0.0,0.0,0.0,0.0,0.0,0.0,0.0,0.0,0.0,0.0,0.0,0.0,0.0,0.0,-1.0,0.0,0.0,0.0,0.0,0.0,1.0,0.0
2024,2,2024_02_NYJ_TEN,2024-09-15,NYJ,TEN,Home,-7.0,2.082,-3.307193,-1.72746,0.502266,-7.502266,9.0,757.021023,0.0,0.0,1.0,1.0,0.757021,0.0,1.0,0.0,0.0,0.0,0.0,0.0,0.0,0.0,8.0,0.0,0.0,0.0,0.0,0.0,0.0,0.0,0.0,0.0,0.0,0.0,0.0,0.0,0.0,0.0,0.0,0.0,0.0,0.0,0.0,0.0,1.0,0.0
2024,2,2024_02_PIT_DEN,2024-09-15,PIT,DEN,Home,-7.0,2.082,-3.085058,-0.764998,-0.23806,-6.76194,-1.0,1318.06762,1.0,0.0,0.0,0.0,1.318068,1.0,0.0,0.0,0.0,0.0,0.0,0.0,0.0,0.0,0.0,0.0,0.0,0.0,0.0,0.0,0.0,0.0,0.0,0.0,0.0,0.0,0.0,0.0,0.0,0.0,0.0,0.0,0.0,0.0,0.0,0.0,0.0,-1.0
2024,2,2024_02_SEA_NE,2024-09-15,SEA,NE,Home,-3.0,2.082,-1.644586,-0.727156,1.16457,-4.16457,3.0,2484.570886,0.0,0.0,0.0,0.0,2.484571,0.0,0.0,0.0,3.0,0.0,0.0,0.0,0.0,0.0,0.0,0.0,1.0,0.0,2.0,0.0,0.0,0.0,0.0,0.0,0.0,0.0,0.0,0.0,0.0,0.0,0.0,0.0,0.0,0.0,0.0,1.0,0.0,-1.0
2024,2,2024_02_SF_MIN,2024-09-15,SF,MIN,Home,6.0,2.082,0.030804,8.039805,-5.927001,11.927001,11.0,1572.032572,0.0,0.0,1.0,0.0,1.572033,1.0,0.0,0.0,2.0,0.0,0.0,0.0,0.0,0.0,0.0,6.0,0.0,0.0,2.0,0.0,0.0,0.0,0.0,0.0,0.0,0.0,0.0,0.0,0.0,0.0,0.0,2.0,0.0,0.0,0.0,0.0,1.0,0.0
2024,2,2024_02_TB_DET,2024-09-15,TB,DET,Home,-4.0,2.082,2.138921,-0.239909,4.460831,-8.460831,-3.0,992.931261,0.0,0.0,0.0,0.0,0.992931,0.0,1.0,0.0,0.0,0.0,0.0,0.0,0.0,0.0,0.0,0.0,0.0,0.0,0.0,0.0,0.0,0.0,0.0,-4.0,0.0,0.0,0.0,0.0,0.0,0.0,0.0,0.0,0.0,0.0,0.0,0.0,1.0,0.0
2024,3,2024_03_BAL_DAL,2024-09-22,BAL,DAL,Home,-3.0,2.082,6.463547,5.194514,3.351033,-6.351033,4.0,1226.439656,0.0,0.0,0.0,0.0,1.22644,0.0,1.0,0.0,0.0,0.0,0.0,0.0,0.0,0.0,0.0,0.0,1.0,0.0,0.0,2.0,0.0,0.0,0.0,0.0,0.0,0.0,0.0,0.0,0.0,0.0,0.0,0.0,0.0,0.0,0.0,0.0,1.0,0.0
2024,3,2024_03_CAR_LV,2024-09-22,CAR,LV,Home,-14.0,2.082,-0.607909,-6.076948,7.551039,-21.551039,-2.0,1918.12782,0.0,0.0,0.0,0.0,1.918128,1.0,0.0,0.0,0.0,0.0,-2.0,0.0,0.0,0.0,0.0,0.0,1.0,0.0,0.0,0.0,0.0,0.0,0.0,0.0,0.0,0.0,0.0,0.0,0.0,0.0,0.0,0.0,0.0,0.0,0.0,0.0,0.0,-1.0
2024,3,2024_03_CHI_IND,2024-09-22,CHI,IND,Home,5.0,2.082,-4.4641,-3.539508,1.157408,3.842592,2.0,163.9109,0.0,0.0,0.0,0.0,0.163911,0.0,0.0,0.0,1.0,0.0,0.0,0.0,0.0,0.0,0.0,0.0,1.0,0.0,0.0,0.0,0.0,0.0,0.0,0.0,0.0,0.0,0.0,0.0,0.0,0.0,0.0,0.0,0.0,0.0,0.0,0.0,1.0,0.0
2024,3,2024_03_DEN_TB,2024-09-22,DEN,TB,Home,-19.0,2.082,-0.02522,-3.184681,5.241461,-24.241461,1.0,1519.726659,0.0,0.0,0.0,0.0,1.519727,1.0,0.0,0.0,2.0,0.0,0.0,0.0,0.0,0.0,0.0,0.0,1.0,1.0,0.0,0.0,0.0,0.0,0.0,0.0,0.0,0.0,0.0,0.0,0.0,0.0,0.0,0.0,0.0,0.0,0.0,0.0,0.0,-1.0
2024,3,2024_03_DET_ARI,2024-09-22,DET,ARI,Home,-7.0,2.082,-4.154813,1.922875,-3.995688,-3.004312,1.0,1694.296709,0.0,0.0,0.0,1.0,1.694297,1.0,0.0,0.0,0.0,0.0,0.0,0.0,0.0,0.0,0.0,0.0,0.0,0.0,0.0,0.0,0.0,0.0,0.0,0.0,0.0,0.0,0.0,0.0,0.0,0.0,0.0,0.0,0.0,0.0,0.0,0.0,1.0,0.0
2024,3,2024_03_GB_TEN,2024-09-22,GB,TEN,Home,-16.0,2.082,-3.463773,0.410723,-1.792496,-14.207504,0.0,579.857188,0.0,0.0,0.0,0.0,0.579857,0.0,0.0,0.0,0.0,0.0,0.0,0.0,0.0,0.0,0.0,0.0,1.0,0.0,0.0,0.0,0.0,0.0,0.0,0.0,0.0,0.0,0.0,0.0,0.0,0.0,0.0,0.0,0.0,0.0,0.0,0.0,0.0,-1.0
2024,3,2024_03_HOU_MIN,2024-09-22,HOU,MIN,Home,27.0,2.082,0.291795,-3.236475,5.61027,21.38973,0.0,1062.870194,0.0,0.0,0.0,0.0,1.06287,0.0,1.0,0.0,0.0,0.0,0.0,0.0,0.0,0.0,0.0,0.0,1.0,0.0,0.0,0.0,0.0,0.0,0.0,0.0,0.0,0.0,0.0,0.0,0.0,0.0,0.0,0.0,0.0,0.0,0.0,0.0,0.0,-1.0
2024,3,2024_03_JAX_BUF,2024-09-23,JAX,BUF,Home,37.0,2.082,7.979054,0.925174,9.13588,27.86412,9.0,874.485488,0.0,0.0,3.0,0.0,0.874485,0.0,1.0,0.0,0.0,0.0,0.0,0.0,0.0,0.0,0.0,0.0,0.0,0.0,0.0,0.0,0.0,2.0,0.0,0.0,0.0,0.0,0.0,0.0,6.0,0.0,0.0,0.0,0.0,0.0,0.0,0.0,1.0,0.0
2024,3,2024_03_KC_ATL,2024-09-22,KC,ATL,Home,-5.0,2.082,-2.680417,4.910202,-5.508619,0.508619,3.0,668.818571,0.0,0.0,-1.0,0.0,0.668819,0.0,0.0,0.0,0.0,0.0,0.0,0.0,0.0,0.0,0.0,0.0,1.0,0.0,0.0,0.0,0.0,0.0,0.0,0.0,-4.0,4.0,0.0,3.0,0.0,0.0,0.0,0.0,-2.0,0.0,0.0,0.0,1.0,0.0
2024,3,2024_03_LAC_PIT,2024-09-22,LAC,PIT,Home,10.0,2.082,-0.584275,-0.137013,1.634738,8.365262,6.0,2138.834393,0.0,0.0,0.0,1.0,2.138834,0.0,0.0,0.0,3.0,0.0,0.0,0.0,0.0,0.0,0.0,0.0,0.0,0.0,2.0,0.0,0.0,0.0,0.0,0.0,0.0,0.0,0.0,0.0,0.0,0.0,0.0,0.0,0.0,2.0,0.0,1.0,1.0,0.0
2024,3,2024_03_MIA_SEA,2024-09-22,MIA,SEA,Home,21.0,2.082,-0.67028,2.608045,-1.196324,22.196324,-1.0,2719.73867,0.0,0.0,-3.0,0.0,2.719739,0.0,0.0,0.0,0.0,0.0,-2.0,0.0,0.0,0.0,0.0,0.0,1.0,0.0,0.0,0.0,0.0,0.0,-2.0,0.0,0.0,0.0,0.0,0.0,0.0,0.0,0.0,0.0,0.0,0.0,0.0,1.0,1.0,0.0
2024,3,2024_03_NE_NYJ,2024-09-19,NE,NYJ,Home,21.0,2.082,-1.575807,-1.691169,2.197362,18.802638,10.0,170.187519,0.0,0.0,0.0,0.0,0.170188,0.0,0.0,0.0,0.0,0.0,0.0,0.0,0.0,4.0,0.0,0.0,0.0,0.0,0.0,0.0,0.0,0.0,0.0,0.0,0.0,0.0,2.0,0.0,6.0,0.0,-1.0,0.0,0.0,0.0,0.0,0.0,0.0,-1.0
2024,3,2024_03_NYG_CLE,2024-09-22,NYG,CLE,Home,-6.0,2.082,0.260093,-3.688953,6.031046,-12.031046,2.0,399.386058,0.0,0.0,0.0,1.0,0.399386,0.0,0.0,0.0,0.0,0.0,0.0,0.0,0.0,0.0,0.0,0.0,1.0,0.0,0.0,0.0,0.0,0.0,0.0,0.0,0.0,0.0,0.0,0.0,0.0,0.0,0.0,0.0,0.0,0.0,0.0,0.0,1.0,0.0
2024,3,2024_03_PHI_NO,2024-09-22,PHI,NO,Home,-3.0,2.082,1.885405,2.945335,1.02207,-4.02207,7.0,1086.561214,0.0,0.0,1.0,0.0,1.086561,0.0,1.0,0.0,0.0,0.0,0.0,0.0,0.0,0.0,0.0,6.0,0.0,0.0,0.0,0.0,0.0,0.0,0.0,0.0,0.0,0.0,0.0,0.0,0.0,0.0,0.0,0.0,0.0,0.0,0.0,0.0,1.0,0.0
2024,3,2024_03_SF_LA,2024-09-22,SF,LAR,Home,3.0,2.082,-1.325801,7.78789,-7.03169,10.03169,6.0,313.511192,0.0,0.0,0.0,0.0,0.313511,0.0,0.0,0.0,0.0,0.0,0.0,0.0,0.0,0.0,0.0,0.0,0.0,0.0,0.0,4.0,0.0,0.0,0.0,0.0,0.0,0.0,0.0,0.0,0.0,0.0,-1.0,2.0,0.0,0.0,0.0,0.0,1.0,0.0
2024,3,2024_03_WAS_CIN,2024-09-23,WAS,CIN,Home,-5.0,2.082,2.342212,-4.81972,9.243931,-14.243931,10.0,410.92604,0.0,0.0,0.0,0.0,0.410926,0.0,0.0,0.0,0.0,0.0,0.0,0.0,0.0,0.0,0.0,0.0,1.0,0.0,0.0,0.0,0.0,2.0,0.0,0.0,0.0,0.0,0.0,0.0,6.0,0.0,0.0,0.0,0.0,0.0,0.0,0.0,1.0,0.0
2024,4,2024_04_BUF_BAL,2024-09-29,BUF,BAL,Home,25.0,2.082,5.240092,8.54468,-1.222588,26.222588,17.0,266.554138,0.0,0.0,1.0,1.0,0.266554,0.0,0.0,0.0,0.0,0.0,0.0,0.0,0.0,0.0,0.0,6.0,0.0,0.0,0.0,0.0,0.0,0.0,0.0,0.0,0.0,4.0,0.0,0.0,6.0,0.0,0.0,0.0,0.0,0.0,0.0,0.0,1.0,0.0
2024,4,2024_04_CIN_CAR,2024-09-29,CIN,CAR,Home,-10.0,2.082,-5.654332,1.975839,-5.548171,-4.451829,8.0,334.847584,0.0,0.0,1.0,1.0,0.334848,0.0,0.0,0.0,0.0,0.0,0.0,0.0,0.0,0.0,0.0,6.0,1.0,0.0,0.0,0.0,0.0,0.0,0.0,0.0,0.0,0.0,0.0,0.0,0.0,0.0,0.0,0.0,0.0,0.0,0.0,0.0,1.0,0.0
2024,4,2024_04_CLE_LV,2024-09-29,CLE,LV,Home,4.0,2.082,-1.057896,-0.050861,1.074965,2.925035,-1.0,1829.444232,0.0,0.0,0.0,0.0,1.829444,1.0,0.0,0.0,0.0,0.0,0.0,0.0,0.0,0.0,0.0,0.0,0.0,0.0,0.0,0.0,0.0,0.0,0.0,0.0,0.0,0.0,0.0,0.0,0.0,0.0,0.0,0.0,0.0,0.0,0.0,0.0,0.0,-1.0
2024,4,2024_04_DAL_NYG,2024-09-26,DAL,NYG,Home,-5.0,2.082,-3.350085,6.388043,-7.656127,2.656127,3.0,1385.055729,0.0,0.0,0.0,0.0,1.385056,1.0,0.0,0.0,0.0,0.0,0.0,0.0,0.0,0.0,0.0,0.0,0.0,0.0,0.0,0.0,0.0,0.0,0.0,0.0,0.0,0.0,2.0,3.0,0.0,0.0,-1.0,0.0,0.0,0.0,0.0,0.0,0.0,-1.0
2024,4,2024_04_DEN_NYJ,2024-09-29,DEN,NYJ,Home,-1.0,2.082,-1.185834,-2.696475,3.59264,-4.59264,6.0,1624.394134,0.0,0.0,3.0,0.0,1.624394,1.0,0.0,1.624394,2.0,0.0,0.0,0.0,0.0,0.0,0.0,0.0,0.0,1.0,0.0,0.0,0.0,0.0,0.0,0.0,0.0,0.0,0.0,0.0,0.0,0.0,0.0,0.0,0.0,2.0,2.0,0.0,1.0,0.0
2024,4,2024_04_JAX_HOU,2024-09-29,JAX,HOU,Home,4.0,2.082,-3.808041,0.226465,-1.952505,5.952505,8.0,824.794909,0.0,0.0,1.0,0.0,0.824795,0.0,1.0,0.824795,0.0,0.0,-4.0,0.0,0.0,0.0,8.0,0.0,0.0,0.0,0.0,2.0,0.0,0.0,0.0,0.0,0.0,0.0,0.0,0.0,0.0,0.0,-1.0,0.0,0.0,0.0,2.0,0.0,1.0,0.0
2024,4,2024_04_KC_LAC,2024-09-29,KC,LAC,Home,-7.0,2.082,-0.346063,4.853276,-3.117339,-3.882661,-2.0,1366.48133,0.0,0.0,0.0,0.0,1.366481,1.0,0.0,0.0,0.0,0.0,0.0,0.0,0.0,0.0,0.0,0.0,0.0,0.0,0.0,0.0,0.0,0.0,0.0,0.0,0.0,0.0,0.0,0.0,0.0,0.0,-1.0,0.0,-2.0,0.0,0.0,0.0,1.0,0.0
2024,4,2024_04_LA_CHI,2024-09-29,LAR,CHI,Home,6.0,2.082,-3.555275,-1.04705,-0.426226,6.426226,5.0,1750.806704,0.0,0.0,0.0,1.0,1.750807,1.0,0.0,1.750807,2.0,0.0,0.0,0.0,0.0,0.0,0.0,0.0,0.0,0.0,2.0,0.0,0.0,0.0,0.0,0.0,0.0,0.0,0.0,0.0,0.0,0.0,0.0,0.0,0.0,0.0,2.0,0.0,1.0,0.0
2024,4,2024_04_MIN_GB,2024-09-29,MIN,GB,Home,-2.0,2.082,0.793775,0.808009,2.067766,-4.067766,0.0,257.029197,0.0,0.0,0.0,1.0,0.257029,0.0,0.0,0.0,0.0,0.0,0.0,0.0,0.0,0.0,0.0,0.0,0.0,0.0,0.0,0.0,0.0,0.0,0.0,0.0,0.0,0.0,0.0,0.0,0.0,0.0,-1.0,0.0,0.0,0.0,0.0,0.0,1.0,0.0
2024,4,2024_04_NE_SF,2024-09-29,NE,SF,Home,17.0,2.082,7.642924,-2.039603,11.764527,5.235473,1.0,2673.538985,0.0,0.0,-3.0,1.0,2.673539,0.0,0.0,2.673539,0.0,0.0,-2.0,0.0,0.0,0.0,0.0,0.0,1.0,0.0,0.0,0.0,0.0,0.0,0.0,0.0,0.0,0.0,0.0,0.0,0.0,0.0,0.0,-2.0,0.0,0.0,2.0,1.0,1.0,0.0
2024,4,2024_04_NO_ATL,2024-09-29,NO,ATL,Home,2.0,2.082,-2.671272,1.80076,-2.390032,4.390032,-2.0,424.399135,0.0,0.0,0.0,0.0,0.424399,0.0,0.0,0.0,1.0,0.0,0.0,0.0,0.0,0.0,0.0,0.0,0.0,0.0,0.0,0.0,0.0,0.0,0.0,0.0,0.0,0.0,0.0,0.0,0.0,0.0,-1.0,0.0,0.0,0.0,0.0,0.0,0.0,-1.0
2024,4,2024_04_PHI_TB,2024-09-29,PHI,TB,Home,17.0,2.082,-0.505363,3.098598,-1.521961,18.521961,1.0,924.178285,0.0,0.0,0.0,0.0,0.924178,0.0,1.0,0.0,0.0,0.0,0.0,0.0,0.0,0.0,0.0,0.0,0.0,0.0,0.0,2.0,0.0,0.0,0.0,0.0,0.0,0.0,0.0,0.0,0.0,0.0,0.0,0.0,0.0,0.0,0.0,0.0,0.0,-1.0
2024,4,2024_04_PIT_IND,2024-09-29,PIT,IND,Home,3.0,2.082,-4.541417,-0.489051,-1.970366,4.970366,3.0,328.29285,0.0,0.0,0.0,0.0,0.328293,0.0,0.0,0.328293,0.0,0.0,0.0,0.0,0.0,0.0,0.0,0.0,0.0,0.0,0.0,0.0,0.0,0.0,0.0,0.0,0.0,0.0,0.0,0.0,0.0,0.0,0.0,0.0,0.0,0.0,2.0,0.0,1.0,0.0
2024,4,2024_04_SEA_DET,2024-09-30,SEA,DET,Home,13.0,2.082,2.093077,-0.150026,4.325102,8.674898,1.0,1932.981818,0.0,0.0,0.0,0.0,1.932982,1.0,0.0,0.0,0.0,0.0,0.0,0.0,0.0,0.0,0.0,0.0,0.0,0.0,0.0,0.0,0.0,2.0,0.0,0.0,0.0,0.0,0.0,0.0,0.0,0.0,0.0,0.0,0.0,0.0,0.0,0.0,0.0,-1.0
2024,4,2024_04_TEN_MIA,2024-09-30,TEN,MIA,Home,-19.0,2.082,2.181443,-3.875069,8.138512,-27.138512,6.0,803.812163,0.0,0.0,0.0,0.0,0.803812,0.0,1.0,0.0,0.0,0.0,0.0,0.0,0.0,0.0,0.0,0.0,0.0,0.0,0.0,2.0,0.0,2.0,0.0,0.0,0.0,0.0,0.0,3.0,0.0,0.0,0.0,0.0,0.0,0.0,0.0,0.0,0.0,-1.0
2024,4,2024_04_WAS_ARI,2024-09-29,WAS,ARI,Home,-28.0,2.082,-4.149599,-4.47367,2.406071,-30.406071,9.0,1995.013012,0.0,0.0,1.0,0.0,1.995013,1.0,0.0,1.995013,0.0,0.0,0.0,0.0,0.0,0.0,8.0,0.0,0.0,0.0,0.0,0.0,0.0,0.0,0.0,0.0,0.0,0.0,0.0,0.0,0.0,0.0,0.0,0.0,0.0,0.0,2.0,0.0,0.0,-1.0
2024,5,2024_05_ARI_SF,2024-10-06,ARI,SF,Home,-1.0,2.082,7.693465,-4.814713,14.590178,-15.590178,-4.0,607.928175,0.0,0.0,0.0,0.0,0.607928,0.0,0.0,0.0,0.0,0.0,-2.0,0.0,0.0,0.0,0.0,0.0,0.0,0.0,0.0,0.0,0.0,0.0,0.0,0.0,0.0,0.0,0.0,0.0,0.0,0.0,-1.0,0.0,0.0,0.0,0.0,0.0,0.0,-1.0
2024,5,2024_05_BAL_CIN,2024-10-06,BAL,CIN,Home,-3.0,2.082,2.109211,5.762424,-1.571213,-1.428787,0.0,422.769581,0.0,0.0,0.0,0.0,0.42277,0.0,0.0,0.0,0.0,0.0,0.0,0.0,0.0,0.0,0.0,0.0,0.0,0.0,0.0,0.0,0.0,0.0,0.0,0.0,0.0,0.0,0.0,0.0,0.0,0.0,-1.0,0.0,0.0,0.0,0.0,0.0,1.0,0.0
2024,5,2024_05_BUF_HOU,2024-10-06,BUF,HOU,Home,3.0,2.082,-3.600136,7.898678,-9.416814,12.416814,-1.0,1290.13514,0.0,0.0,0.0,0.0,1.290135,1.0,0.0,1.290135,0.0,0.0,-2.0,0.0,0.0,0.0,0.0,0.0,0.0,0.0,0.0,0.0,0.0,0.0,0.0,0.0,0.0,0.0,0.0,0.0,0.0,0.0,0.0,0.0,0.0,0.0,2.0,0.0,0.0,-1.0
2024,5,2024_05_CAR_CHI,2024-10-06,CAR,CHI,Home,26.0,2.082,-3.39129,-5.70028,4.39099,21.60901,-1.0,585.976725,0.0,0.0,0.0,0.0,0.585977,0.0,0.0,0.0,0.0,0.0,0.0,0.0,0.0,0.0,0.0,0.0,0.0,0.0,0.0,0.0,0.0,0.0,0.0,0.0,0.0,0.0,0.0,0.0,0.0,0.0,0.0,0.0,0.0,0.0,0.0,0.0,0.0,-1.0
2024,5,2024_05_CLE_WAS,2024-10-06,CLE,WAS,Home,21.0,2.082,-3.862297,-0.074746,-1.705551,22.705551,2.0,311.882788,0.0,0.0,0.0,0.0,0.311883,0.0,0.0,0.311883,0.0,0.0,0.0,0.0,0.0,0.0,0.0,0.0,1.0,0.0,0.0,0.0,0.0,0.0,0.0,0.0,0.0,0.0,0.0,0.0,0.0,0.0,0.0,0.0,0.0,0.0,2.0,0.0,0.0,-1.0
2024,5,2024_05_DAL_PIT,2024-10-06,DAL,PIT,Home,-3.0,2.082,-0.570724,6.345804,-4.834528,1.834528,9.0,1083.778178,0.0,0.0,-3.0,1.0,1.083778,0.0,1.0,0.0,0.0,0.0,0.0,0.0,0.0,0.0,0.0,0.0,1.0,0.0,0.0,0.0,0.0,0.0,0.0,0.0,0.0,4.0,0.0,3.0,0.0,0.0,0.0,0.0,0.0,0.0,0.0,0.0,1.0,0.0
2024,5,2024_05_GB_LA,2024-10-06,GB,LAR,Home,-5.0,2.082,-1.249556,0.747468,0.084976,-5.084976,1.0,1763.547051,0.0,0.0,0.0,0.0,1.763547,1.0,0.0,0.0,0.0,0.0,0.0,0.0,0.0,0.0,0.0,0.0,0.0,0.0,0.0,0.0,0.0,0.0,0.0,0.0,0.0,0.0,0.0,0.0,0.0,0.0,0.0,0.0,0.0,0.0,0.0,0.0,1.0,0.0
2024,5,2024_05_IND_JAX,2024-10-06,IND,JAX,Home,3.0,2.082,0.19072,-4.343595,6.616316,-3.616316,0.0,700.191122,0.0,0.0,0.0,1.0,0.700191,0.0,0.0,0.0,0.0,0.0,0.0,0.0,0.0,0.0,0.0,0.0,0.0,0.0,0.0,0.0,0.0,0.0,0.0,0.0,0.0,0.0,0.0,0.0,0.0,0.0,-1.0,0.0,0.0,0.0,0.0,0.0,1.0,0.0
2024,5,2024_05_LV_DEN,2024-10-06,LV,DEN,Home,16.0,2.082,-2.602717,-1.013842,0.493124,15.506876,-2.0,608.258094,1.0,0.0,0.0,0.0,0.608258,0.0,0.0,0.0,0.0,0.0,0.0,0.0,0.0,0.0,0.0,0.0,0.0,0.0,0.0,0.0,0.0,0.0,0.0,0.0,0.0,0.0,0.0,0.0,0.0,0.0,-1.0,0.0,0.0,0.0,0.0,0.0,0.0,-1.0
2024,5,2024_05_MIA_NE,2024-10-06,MIA,NE,Home,-5.0,2.082,-2.265424,1.548368,-1.731792,-3.268208,4.0,1225.685856,0.0,0.0,1.0,0.0,1.225686,0.0,1.0,0.0,0.0,0.0,-2.0,0.0,0.0,0.0,0.0,6.0,0.0,0.0,0.0,0.0,0.0,0.0,0.0,0.0,0.0,0.0,0.0,0.0,0.0,0.0,-1.0,0.0,0.0,0.0,0.0,0.0,1.0,0.0
2024,5,2024_05_NO_KC,2024-10-07,NO,KC,Home,13.0,2.082,4.919538,1.748131,5.253407,7.746593,9.0,676.502103,0.0,0.0,0.0,1.0,0.676502,0.0,0.0,0.676502,0.0,0.0,0.0,0.0,0.0,0.0,0.0,0.0,1.0,0.0,0.0,0.0,0.0,2.0,0.0,0.0,0.0,0.0,0.0,3.0,0.0,0.0,0.0,0.0,0.0,0.0,2.0,0.0,1.0,0.0
2024,5,2024_05_NYG_SEA,2024-10-06,NYG,SEA,Home,-9.0,2.082,-0.375545,-3.287438,4.993893,-13.993893,-2.0,2395.576173,0.0,0.0,-4.0,0.0,2.395576,0.0,0.0,2.395576,0.0,0.0,0.0,0.0,0.0,0.0,0.0,0.0,0.0,0.0,0.0,0.0,0.0,0.0,0.0,0.0,-4.0,0.0,0.0,0.0,0.0,0.0,0.0,0.0,0.0,0.0,2.0,1.0,0.0,-1.0
2024,5,2024_05_NYJ_MIN,2024-10-06,NYJ,MIN,Neutral,6.0,0.0,0.89354,-1.3734,2.26694,3.73306,1.0,,0.0,0.0,0.0,0.0,0.0,0.0,0.0,0.0,0.0,0.0,0.0,0.0,0.0,0.0,0.0,0.0,1.0,0.0,0.0,0.0,0.0,0.0,0.0,0.0,0.0,0.0,0.0,0.0,0.0,0.0,0.0,0.0,0.0,0.0,0.0,0.0,0.0,0.0
2024,5,2024_05_TB_ATL,2024-10-03,TB,ATL,Home,6.0,2.082,-2.529564,-0.090919,-0.356646,6.356646,8.0,414.852675,0.0,0.0,0.0,0.0,0.414853,0.0,0.0,0.0,0.0,0.0,0.0,0.0,0.0,0.0,0.0,0.0,0.0,0.0,0.0,0.0,0.0,0.0,0.0,0.0,0.0,0.0,2.0,0.0,6.0,0.0,-1.0,0.0,0.0,0.0,0.0,0.0,1.0,0.0
2024,6,2024_06_ARI_GB,2024-10-13,ARI,GB,Home,21.0,2.082,0.914501,-4.536645,7.533146,13.466854,0.0,1495.790449,0.0,0.0,0.0,0.0,1.49579,1.0,0.0,0.0,1.0,0.0,0.0,0.0,0.0,0.0,0.0,0.0,0.0,1.0,0.0,0.0,0.0,0.0,0.0,0.0,0.0,0.0,0.0,0.0,0.0,0.0,0.0,0.0,0.0,0.0,0.0,0.0,0.0,-1.0
2024,6,2024_06_ATL_CAR,2024-10-13,ATL,CAR,Home,-18.0,2.082,-6.177371,-2.43344,-1.661931,-16.338069,6.0,226.134727,0.0,0.0,-3.0,1.0,0.226135,0.0,0.0,0.0,0.0,0.0,0.0,0.0,0.0,4.0,0.0,0.0,0.0,0.0,0.0,2.0,0.0,0.0,0.0,0.0,0.0,0.0,0.0,0.0,0.0,0.0,-1.0,0.0,0.0,0.0,0.0,0.0,1.0,0.0
2024,6,2024_06_BUF_NYJ,2024-10-14,BUF,NYJ,Home,-3.0,2.082,-1.453322,7.651999,-7.023321,4.023321,8.0,277.911498,0.0,0.0,0.0,0.0,0.277911,0.0,0.0,0.277911,0.0,0.0,0.0,0.0,0.0,0.0,0.0,0.0,0.0,0.0,0.0,0.0,0.0,2.0,0.0,0.0,0.0,0.0,0.0,0.0,6.0,0.0,-1.0,0.0,0.0,0.0,2.0,0.0,0.0,-1.0
2024,6,2024_06_CIN_NYG,2024-10-13,CIN,NYG,Home,-10.0,2.082,-2.956576,2.01317,-2.887746,-7.112254,14.0,565.248051,0.0,0.0,0.0,0.0,0.565248,0.0,0.0,0.0,0.0,0.0,0.0,0.0,0.0,4.0,0.0,0.0,1.0,0.0,0.0,0.0,0.0,0.0,0.0,0.0,0.0,4.0,0.0,0.0,6.0,0.0,0.0,0.0,0.0,0.0,0.0,0.0,0.0,-1.0
2024,6,2024_06_CLE_PHI,2024-10-13,CLE,PHI,Home,4.0,2.082,2.809629,-0.557326,5.448956,-1.448956,7.0,359.562092,0.0,0.280963,7.0,0.0,0.359562,0.0,0.0,0.359562,0.0,0.0,-2.0,0.0,0.0,0.0,0.0,0.0,1.0,0.0,0.0,0.0,7.0,0.0,0.0,0.0,0.0,0.0,0.0,0.0,0.0,0.0,0.0,0.0,0.0,0.0,2.0,0.0,0.0,-1.0
2024,6,2024_06_DET_DAL,2024-10-13,DET,DAL,Home,-38.0,2.082,6.366185,2.301044,6.147141,-44.147141,-1.0,1013.262859,0.0,-0.230104,-6.0,0.0,1.013263,0.0,1.0,0.0,0.0,0.0,0.0,-6.0,0.0,0.0,0.0,6.0,0.0,0.0,0.0,0.0,0.0,0.0,0.0,0.0,0.0,0.0,0.0,0.0,0.0,0.0,0.0,0.0,0.0,0.0,0.0,0.0,0.0,-1.0
2024,6,2024_06_HOU_NE,2024-10-13,HOU,NE,Home,-20.0,2.082,-2.350442,-3.317292,3.04885,-23.04885,-1.0,1591.826346,0.0,0.0,0.0,0.0,1.591826,1.0,0.0,0.0,1.0,0.0,0.0,0.0,0.0,0.0,0.0,0.0,0.0,0.0,0.0,0.0,0.0,0.0,0.0,0.0,0.0,0.0,0.0,0.0,0.0,0.0,0.0,0.0,0.0,0.0,0.0,0.0,0.0,-1.0
2024,6,2024_06_IND_TEN,2024-10-13,IND,TEN,Home,-3.0,2.082,-3.246548,-4.245481,3.080933,-6.080933,0.0,250.486953,0.0,-0.324655,6.0,1.0,0.250487,0.0,0.0,0.0,0.0,0.0,0.0,0.0,0.0,0.0,0.0,0.0,0.0,0.0,0.0,0.0,4.0,0.0,0.0,0.0,-4.0,0.0,0.0,0.0,0.0,0.0,-1.0,0.0,0.0,0.0,0.0,0.0,1.0,0.0
2024,6,2024_06_JAX_CHI,2024-10-13,JAX,CHI,Neutral,19.0,0.0,-2.89898,0.124151,-3.023131,22.023131,3.0,,0.0,0.0,0.0,0.0,0.0,0.0,0.0,0.0,0.0,0.0,0.0,0.0,0.0,0.0,0.0,0.0,1.0,0.0,0.0,0.0,0.0,0.0,0.0,0.0,0.0,0.0,0.0,0.0,0.0,0.0,0.0,0.0,0.0,0.0,2.0,0.0,0.0,0.0
2024,6,2024_06_LAC_DEN,2024-10-13,LAC,DEN,Home,-7.0,2.082,-2.303643,-0.432834,0.211191,-7.211191,-4.0,836.807673,1.0,0.043283,-7.0,1.0,0.836808,0.0,1.0,0.836808,0.0,0.0,0.0,-6.0,0.0,0.0,0.0,0.0,0.0,0.0,0.0,0.0,0.0,0.0,0.0,0.0,0.0,0.0,0.0,0.0,0.0,0.0,-1.0,0.0,0.0,0.0,2.0,0.0,1.0,0.0
2024,6,2024_06_PIT_LV,2024-10-13,PIT,LV,Home,-19.0,2.082,-1.312784,-0.608499,1.377715,-20.377715,-1.0,1918.378192,0.0,0.0,0.0,0.0,1.918378,1.0,0.0,0.0,0.0,0.0,0.0,0.0,0.0,0.0,0.0,0.0,0.0,0.0,0.0,0.0,0.0,0.0,0.0,0.0,0.0,0.0,0.0,0.0,0.0,0.0,0.0,0.0,0.0,0.0,0.0,0.0,0.0,-1.0
2024,6,2024_06_SF_SEA,2024-10-10,SF,SEA,Home,-12.0,2.082,-0.685033,7.364463,-5.967496,-6.032504,2.0,704.452846,0.0,0.0,0.0,0.0,0.704453,0.0,0.0,0.0,0.0,0.0,0.0,0.0,0.0,0.0,0.0,0.0,0.0,0.0,0.0,0.0,0.0,0.0,0.0,0.0,0.0,0.0,2.0,0.0,0.0,0.0,-1.0,0.0,0.0,0.0,0.0,0.0,1.0,0.0
2024,6,2024_06_TB_NO,2024-10-13,TB,NO,Home,-24.0,2.082,1.535449,-0.257251,3.8747,-27.8747,-2.0,477.877282,0.0,0.0,-4.0,0.0,0.477877,0.0,0.0,0.0,0.0,0.0,0.0,0.0,2.0,0.0,0.0,0.0,0.0,0.0,0.0,0.0,0.0,0.0,0.0,0.0,-4.0,0.0,0.0,0.0,0.0,0.0,-1.0,0.0,0.0,0.0,0.0,0.0,1.0,0.0
2024,6,2024_06_WAS_BAL,2024-10-13,WAS,BAL,Home,7.0,2.082,5.716444,-3.334831,11.133276,-4.133276,0.0,28.677225,0.0,0.0,0.0,0.0,0.028677,0.0,0.0,0.028677,0.0,0.0,0.0,0.0,0.0,0.0,0.0,0.0,1.0,0.0,0.0,0.0,0.0,0.0,-2.0,0.0,0.0,0.0,0.0,0.0,0.0,0.0,0.0,0.0,0.0,0.0,2.0,0.0,0.0,-1.0
2024,7,2024_07_BAL_TB,2024-10-21,BAL,TB,Home,-10.0,2.082,0.332913,5.635391,-3.220478,-6.779522,8.0,850.5112,0.0,0.0,0.0,0.0,0.850511,0.0,1.0,0.0,0.0,0.0,0.0,0.0,0.0,0.0,0.0,0.0,1.0,0.0,0.0,0.0,0.0,2.0,0.0,0.0,0.0,0.0,0.0,0.0,6.0,0.0,0.0,0.0,0.0,0.0,0.0,0.0,0.0,-1.0
2024,7,2024_07_CAR_WAS,2024-10-20,CAR,WAS,Home,33.0,2.082,-3.298654,-6.442857,5.226202,27.773798,-1.0,336.179334,0.0,0.0,0.0,0.0,0.336179,0.0,0.0,0.0,0.0,0.0,0.0,0.0,0.0,0.0,0.0,0.0,0.0,0.0,0.0,0.0,0.0,0.0,0.0,0.0,0.0,0.0,0.0,0.0,0.0,0.0,0.0,0.0,0.0,0.0,0.0,0.0,0.0,-1.0
2024,7,2024_07_CIN_CLE,2024-10-20,CIN,CLE,Home,-7.0,2.082,-0.529181,2.134214,-0.581395,-6.418605,2.0,223.065569,0.0,0.0,0.0,1.0,0.223066,0.0,0.0,0.223066,0.0,0.0,0.0,0.0,0.0,0.0,0.0,0.0,0.0,0.0,0.0,0.0,0.0,0.0,0.0,0.0,0.0,0.0,0.0,0.0,0.0,0.0,-1.0,0.0,0.0,0.0,2.0,0.0,1.0,0.0
2024,7,2024_07_DEN_NO,2024-10-17,DEN,NO,Home,-23.0,2.082,1.027263,-2.445389,5.554653,-28.554653,7.0,1081.54298,0.0,0.0,0.0,0.0,1.081543,0.0,1.0,0.0,0.0,0.0,0.0,0.0,0.0,0.0,0.0,0.0,1.0,0.0,0.0,2.0,0.0,0.0,0.0,0.0,0.0,0.0,2.0,0.0,0.0,1.0,0.0,0.0,0.0,0.0,0.0,0.0,1.0,0.0
2024,7,2024_07_DET_MIN,2024-10-20,DET,MIN,Home,-2.0,2.082,1.151556,3.228676,0.004879,-2.004879,5.0,541.488485,0.0,0.115156,7.0,0.0,0.541488,0.0,0.0,0.541488,0.0,0.0,0.0,0.0,0.0,0.0,0.0,0.0,0.0,0.0,0.0,0.0,5.0,0.0,0.0,0.0,0.0,0.0,0.0,0.0,0.0,0.0,-1.0,0.0,0.0,0.0,2.0,0.0,0.0,-1.0
2024,7,2024_07_HOU_GB,2024-10-20,HOU,GB,Home,2.0,2.082,1.290552,-2.894657,6.267209,-4.267209,2.0,1099.759591,0.0,0.0,0.0,1.0,1.09976,0.0,1.0,0.0,0.0,0.0,0.0,0.0,0.0,0.0,0.0,0.0,1.0,0.0,0.0,0.0,0.0,0.0,0.0,0.0,0.0,0.0,0.0,0.0,0.0,0.0,0.0,0.0,0.0,0.0,0.0,0.0,1.0,0.0
2024,7,2024_07_KC_SF,2024-10-20,KC,SF,Home,-10.0,2.082,7.435133,5.060065,4.457068,-14.457068,0.0,1490.532208,0.0,-0.506006,-3.0,0.0,1.490532,1.0,0.0,1.490532,0.0,0.0,0.0,-8.0,0.0,0.0,0.0,6.0,1.0,0.0,0.0,0.0,0.0,0.0,0.0,0.0,0.0,0.0,0.0,0.0,0.0,0.0,0.0,0.0,0.0,0.0,2.0,0.0,0.0,-1.0
2024,7,2024_07_LAC_ARI,2024-10-21,LAC,ARI,Home,2.0,2.082,-4.800482,-0.331963,-2.386519,4.386519,8.0,350.319259,0.0,0.0,0.0,1.0,0.350319,0.0,0.0,0.350319,0.0,0.0,0.0,0.0,0.0,0.0,0.0,0.0,1.0,0.0,0.0,2.0,0.0,2.0,0.0,0.0,0.0,0.0,0.0,0.0,0.0,0.0,0.0,0.0,0.0,0.0,2.0,0.0,1.0,0.0
2024,7,2024_07_LV_LA,2024-10-20,LV,LAR,Home,5.0,2.082,-1.409283,-1.728446,2.401163,2.598837,5.0,231.708179,0.0,-0.140928,7.0,0.0,0.231708,0.0,0.0,0.0,0.0,0.0,-2.0,0.0,0.0,0.0,0.0,0.0,1.0,0.0,0.0,0.0,5.0,0.0,0.0,0.0,0.0,0.0,0.0,0.0,0.0,0.0,0.0,0.0,0.0,0.0,0.0,0.0,1.0,0.0
2024,7,2024_07_MIA_IND,2024-10-20,MIA,IND,Home,6.0,2.082,-4.141679,1.528876,-3.588555,9.588555,-3.0,1013.08921,0.0,-0.152888,-7.0,0.0,1.013089,0.0,1.0,1.013089,0.0,0.0,0.0,-6.0,0.0,0.0,0.0,0.0,0.0,0.0,0.0,0.0,0.0,0.0,0.0,0.0,0.0,0.0,0.0,0.0,0.0,0.0,0.0,0.0,0.0,0.0,2.0,0.0,1.0,0.0
2024,7,2024_07_NE_JAX,2024-10-20,NE,JAX,Neutral,16.0,0.0,-0.284528,-2.829121,2.544593,13.455407,0.0,,0.0,0.0,0.0,0.0,0.0,0.0,0.0,0.0,0.0,0.0,-2.0,0.0,0.0,0.0,0.0,0.0,0.0,0.0,0.0,2.0,0.0,0.0,0.0,0.0,0.0,0.0,0.0,0.0,0.0,0.0,0.0,0.0,0.0,0.0,0.0,0.0,0.0,0.0
2024,7,2024_07_NYJ_PIT,2024-10-20,NYJ,PIT,Home,22.0,2.082,-0.23112,-1.418616,3.269496,18.730504,17.0,312.511678,0.0,0.0,1.0,1.0,0.312512,0.0,0.0,0.0,0.0,0.0,0.0,0.0,0.0,0.0,0.0,6.0,0.0,0.0,0.0,0.0,0.0,0.0,0.0,0.0,0.0,4.0,0.0,0.0,6.0,0.0,0.0,0.0,0.0,0.0,0.0,0.0,1.0,0.0
2024,7,2024_07_PHI_NYG,2024-10-20,PHI,NYG,Home,-25.0,2.082,-3.197461,2.73219,-3.847651,-21.152349,2.0,85.370877,0.0,0.0,0.0,0.0,0.085371,0.0,0.0,0.085371,0.0,0.0,0.0,0.0,0.0,0.0,0.0,0.0,0.0,0.0,0.0,0.0,0.0,0.0,0.0,0.0,0.0,0.0,0.0,0.0,0.0,0.0,-1.0,0.0,0.0,0.0,2.0,0.0,1.0,0.0
2024,7,2024_07_SEA_ATL,2024-10-20,SEA,ATL,Home,-20.0,2.082,-2.053261,-0.821605,0.850344,-20.850344,2.0,2177.298328,0.0,0.0,-3.0,0.0,2.177298,0.0,0.0,0.0,3.0,0.0,0.0,0.0,0.0,0.0,0.0,0.0,0.0,0.0,2.0,0.0,0.0,0.0,0.0,0.0,0.0,0.0,0.0,0.0,0.0,0.0,0.0,0.0,0.0,0.0,0.0,1.0,0.0,-1.0
2024,7,2024_07_TEN_BUF,2024-10-20,TEN,BUF,Home,24.0,2.082,7.533492,-3.359564,12.975056,11.024944,-3.0,623.736637,0.0,0.0,-1.0,0.0,0.623737,0.0,0.0,0.0,1.0,0.0,0.0,0.0,0.0,0.0,0.0,0.0,0.0,0.0,0.0,0.0,0.0,0.0,0.0,0.0,-4.0,0.0,0.0,0.0,0.0,0.0,0.0,0.0,0.0,0.0,0.0,0.0,1.0,0.0
2024,8,2024_08_ARI_MIA,2024-10-27,ARI,MIA,Home,-1.0,2.082,1.334502,-4.692639,8.109141,-9.109141,9.0,1982.28826,0.0,0.0,1.0,0.0,1.982288,1.0,0.0,1.982288,2.0,0.0,0.0,0.0,0.0,0.0,0.0,6.0,1.0,1.0,0.0,0.0,0.0,0.0,0.0,0.0,0.0,0.0,0.0,0.0,0.0,0.0,0.0,0.0,0.0,0.0,2.0,0.0,0.0,-1.0
2024,8,2024_08_ATL_TB,2024-10-27,ATL,TB,Home,-5.0,2.082,0.088525,-2.571862,4.742386,-9.742386,-2.0,414.852675,0.0,0.0,-1.0,1.0,0.414853,0.0,0.0,0.0,0.0,0.0,-2.0,0.0,0.0,0.0,0.0,0.0,0.0,0.0,0.0,0.0,0.0,0.0,0.0,0.0,0.0,0.0,0.0,0.0,0.0,0.0,-1.0,0.0,0.0,0.0,0.0,0.0,1.0,0.0
2024,8,2024_08_BAL_CLE,2024-10-27,BAL,CLE,Home,5.0,2.082,-0.605831,5.797229,-4.321059,9.321059,8.0,308.262006,0.0,0.0,1.0,0.0,0.308262,0.0,0.0,0.308262,0.0,0.0,0.0,0.0,0.0,0.0,8.0,0.0,0.0,0.0,0.0,0.0,0.0,0.0,0.0,0.0,0.0,0.0,0.0,0.0,0.0,0.0,-1.0,0.0,0.0,0.0,2.0,0.0,0.0,-1.0
2024,8,2024_08_BUF_SEA,2024-10-27,BUF,SEA,Home,-21.0,2.082,-0.450553,7.743239,-6.111791,-14.888209,3.0,2118.063434,0.0,0.0,0.0,0.0,2.118063,0.0,0.0,2.118063,0.0,0.0,0.0,0.0,0.0,0.0,0.0,0.0,1.0,0.0,0.0,0.0,0.0,0.0,0.0,0.0,0.0,0.0,0.0,0.0,0.0,0.0,0.0,0.0,0.0,0.0,2.0,1.0,0.0,-1.0
2024,8,2024_08_CAR_DEN,2024-10-27,CAR,DEN,Home,14.0,2.082,-1.850398,-7.107041,7.338643,6.661357,-2.0,1356.78292,1.0,0.0,3.0,0.0,1.356783,1.0,0.0,1.356783,0.0,0.0,-4.0,0.0,0.0,0.0,0.0,0.0,1.0,0.0,0.0,0.0,0.0,0.0,0.0,0.0,0.0,0.0,0.0,0.0,0.0,0.0,0.0,0.0,0.0,0.0,2.0,0.0,0.0,-1.0
2024,8,2024_08_CHI_WAS,2024-10-27,CHI,WAS,Home,3.0,2.082,-2.761012,-2.400385,1.721373,1.278627,-6.0,601.056209,0.0,0.240039,-7.0,0.0,0.601056,0.0,0.0,0.0,0.0,0.0,0.0,-5.0,0.0,0.0,0.0,0.0,0.0,0.0,0.0,0.0,0.0,0.0,0.0,0.0,0.0,0.0,0.0,0.0,0.0,0.0,0.0,0.0,0.0,0.0,0.0,0.0,0.0,-1.0
2024,8,2024_08_DAL_SF,2024-10-27,DAL,SF,Home,6.0,2.082,7.194432,5.506852,3.76958,2.23042,-2.0,1438.373832,0.0,-0.550685,-7.0,1.0,1.438374,1.0,0.0,1.438374,0.0,2.0,-4.0,-8.0,0.0,0.0,0.0,0.0,0.0,0.0,0.0,0.0,0.0,0.0,0.0,0.0,0.0,4.0,0.0,3.0,0.0,0.0,0.0,0.0,0.0,0.0,2.0,0.0,1.0,0.0
2024,8,2024_08_GB_JAX,2024-10-27,GB,JAX,Home,-3.0,2.082,0.007593,1.178262,0.911331,-3.911331,0.0,1040.225529,0.0,0.0,0.0,0.0,1.040226,0.0,1.0,0.0,1.0,0.0,0.0,0.0,0.0,0.0,0.0,0.0,1.0,0.0,0.0,0.0,0.0,0.0,0.0,0.0,0.0,0.0,0.0,0.0,0.0,0.0,0.0,0.0,0.0,0.0,0.0,0.0,0.0,-1.0
2024,8,2024_08_IND_HOU,2024-10-27,IND,HOU,Home,3.0,2.082,-2.773436,-3.923069,3.231633,-0.231633,0.0,870.881595,0.0,0.0,0.0,0.0,0.870882,0.0,1.0,0.870882,0.0,0.0,0.0,0.0,0.0,0.0,0.0,0.0,0.0,0.0,0.0,0.0,0.0,0.0,0.0,0.0,0.0,0.0,0.0,0.0,0.0,0.0,-1.0,0.0,0.0,0.0,2.0,0.0,0.0,-1.0
2024,8,2024_08_KC_LV,2024-10-27,KC,LV,Home,-7.0,2.082,-1.704724,5.406044,-5.028767,-1.971233,2.0,1149.22993,0.0,0.0,0.0,0.0,1.14923,0.0,1.0,1.14923,0.0,0.0,0.0,0.0,0.0,0.0,0.0,0.0,0.0,0.0,0.0,0.0,0.0,0.0,0.0,0.0,0.0,0.0,0.0,0.0,0.0,0.0,-1.0,0.0,0.0,2.0,2.0,0.0,0.0,-1.0
2024,8,2024_08_MIN_LA,2024-10-24,MIN,LAR,Home,10.0,2.082,-1.348824,1.055097,-0.321921,10.321921,4.0,1530.135519,0.0,0.0,0.0,0.0,1.530136,1.0,0.0,0.0,0.0,2.0,0.0,0.0,0.0,0.0,0.0,0.0,0.0,0.0,0.0,0.0,0.0,0.0,0.0,0.0,0.0,0.0,2.0,3.0,0.0,0.0,0.0,0.0,0.0,0.0,0.0,0.0,0.0,-1.0
2024,8,2024_08_NO_LAC,2024-10-27,NO,LAC,Home,18.0,2.082,-0.344205,0.345461,1.392334,16.607666,-6.0,1674.106906,0.0,0.0,-4.0,0.0,1.674107,1.0,0.0,0.0,0.0,0.0,-2.0,0.0,0.0,0.0,0.0,0.0,1.0,0.0,0.0,0.0,0.0,0.0,0.0,0.0,-4.0,0.0,0.0,0.0,0.0,0.0,0.0,0.0,0.0,0.0,0.0,0.0,0.0,-1.0
2024,8,2024_08_NYG_PIT,2024-10-28,NYG,PIT,Home,8.0,2.082,0.135916,-3.542715,5.760632,2.239368,8.0,312.511678,0.0,0.0,0.0,1.0,0.312512,0.0,0.0,0.0,0.0,0.0,-2.0,0.0,0.0,0.0,0.0,0.0,1.0,0.0,0.0,0.0,0.0,2.0,0.0,0.0,0.0,0.0,0.0,0.0,6.0,0.0,0.0,0.0,0.0,0.0,0.0,0.0,1.0,0.0
2024,8,2024_08_NYJ_NE,2024-10-27,NYJ,NE,Home,3.0,2.082,-3.082567,-1.756637,0.75607,2.24393,-2.0,170.187519,0.0,0.0,0.0,0.0,0.170188,0.0,0.0,0.170188,0.0,0.0,-2.0,0.0,0.0,0.0,0.0,0.0,0.0,0.0,0.0,0.0,0.0,0.0,0.0,0.0,0.0,0.0,0.0,0.0,0.0,0.0,-1.0,0.0,0.0,0.0,2.0,0.0,0.0,-1.0
2024,8,2024_08_PHI_CIN,2024-10-27,PHI,CIN,Home,-20.0,2.082,2.268613,3.144161,1.206452,-21.206452,4.0,501.283102,0.0,0.0,0.0,0.0,0.501283,0.0,0.0,0.501283,0.0,0.0,0.0,0.0,0.0,0.0,0.0,0.0,1.0,0.0,0.0,0.0,0.0,0.0,0.0,0.0,0.0,0.0,0.0,0.0,0.0,0.0,0.0,0.0,0.0,0.0,2.0,0.0,1.0,0.0
2024,8,2024_08_TEN_DET,2024-10-27,TEN,DET,Home,38.0,2.082,3.242531,-3.53256,8.857091,29.142909,2.0,470.698497,0.0,0.0,0.0,0.0,0.470698,0.0,0.0,0.470698,1.0,0.0,-2.0,0.0,0.0,0.0,0.0,0.0,1.0,0.0,0.0,0.0,0.0,0.0,0.0,0.0,0.0,0.0,0.0,0.0,0.0,0.0,0.0,0.0,0.0,0.0,2.0,0.0,1.0,0.0
2024,9,2024_09_CHI_ARI,2024-11-03,CHI,ARI,Home,20.0,2.082,-4.470941,-2.373399,-0.015542,20.015542,-1.0,1458.666476,0.0,0.0,0.0,0.0,1.458666,1.0,0.0,0.0,0.0,0.0,0.0,0.0,0.0,0.0,0.0,0.0,0.0,0.0,0.0,0.0,0.0,0.0,0.0,0.0,0.0,0.0,0.0,0.0,0.0,0.0,0.0,0.0,0.0,0.0,0.0,0.0,0.0,-1.0
2024,9,2024_09_DAL_ATL,2024-11-03,DAL,ATL,Home,6.0,2.082,-2.44512,5.510302,-5.873422,11.873422,1.0,736.28229,0.0,0.0,0.0,0.0,0.736282,0.0,0.0,0.736282,1.0,0.0,0.0,0.0,0.0,0.0,0.0,0.0,0.0,0.0,0.0,0.0,0.0,0.0,0.0,0.0,0.0,0.0,0.0,0.0,0.0,0.0,0.0,0.0,0.0,0.0,2.0,0.0,0.0,-1.0
2024,9,2024_09_DEN_BAL,2024-11-03,DEN,BAL,Home,31.0,2.082,5.573817,-1.699171,9.354988,21.645012,0.0,1507.720279,0.0,0.0,0.0,0.0,1.50772,1.0,0.0,0.0,2.0,0.0,0.0,0.0,0.0,0.0,0.0,0.0,0.0,1.0,0.0,0.0,0.0,0.0,0.0,0.0,0.0,0.0,0.0,0.0,0.0,0.0,0.0,0.0,0.0,0.0,0.0,0.0,0.0,-1.0
2024,9,2024_09_DET_GB,2024-11-03,DET,GB,Home,-10.0,2.082,1.29621,3.81619,-0.43798,-9.56202,2.0,292.632421,0.0,0.0,0.0,1.0,0.292632,0.0,0.0,0.292632,0.0,0.0,0.0,0.0,0.0,0.0,0.0,0.0,0.0,0.0,0.0,0.0,0.0,0.0,0.0,0.0,0.0,0.0,0.0,0.0,0.0,0.0,-1.0,0.0,0.0,0.0,2.0,0.0,1.0,0.0
2024,9,2024_09_HOU_NYJ,2024-10-31,HOU,NYJ,Home,8.0,2.082,-1.771648,-2.83696,3.147311,4.852689,6.0,1422.524374,0.0,0.0,0.0,0.0,1.422524,1.0,0.0,1.422524,0.0,0.0,0.0,0.0,0.0,0.0,0.0,0.0,0.0,0.0,0.0,0.0,0.0,0.0,0.0,0.0,0.0,0.0,2.0,3.0,0.0,0.0,0.0,0.0,0.0,0.0,2.0,0.0,0.0,-1.0
2024,9,2024_09_IND_MIN,2024-11-03,IND,MIN,Home,8.0,2.082,0.928862,-3.997867,7.008729,0.991271,12.0,510.406991,0.0,0.0,3.0,0.0,0.510407,0.0,0.0,0.510407,0.0,1.0,0.0,0.0,0.0,0.0,0.0,0.0,1.0,0.0,0.0,0.0,0.0,0.0,0.0,0.0,0.0,4.0,0.0,0.0,6.0,0.0,0.0,0.0,0.0,0.0,2.0,0.0,0.0,-1.0
2024,9,2024_09_JAX_PHI,2024-11-03,JAX,PHI,Home,5.0,2.082,3.56126,-0.112954,5.756214,-0.756214,0.0,755.476144,0.0,0.0,0.0,0.0,0.755476,0.0,1.0,0.0,0.0,0.0,0.0,0.0,0.0,0.0,0.0,0.0,1.0,0.0,0.0,0.0,0.0,0.0,0.0,0.0,0.0,0.0,0.0,0.0,0.0,0.0,0.0,0.0,0.0,0.0,0.0,0.0,0.0,-1.0
2024,9,2024_09_LAC_CLE,2024-11-03,LAC,CLE,Home,-17.0,2.082,-0.492587,-0.000647,1.59006,-18.59006,6.0,2052.491358,0.0,0.0,0.0,1.0,2.052491,0.0,0.0,2.052491,3.0,0.0,0.0,0.0,0.0,0.0,0.0,0.0,0.0,0.0,2.0,0.0,0.0,0.0,0.0,0.0,0.0,0.0,0.0,0.0,0.0,0.0,0.0,0.0,0.0,0.0,2.0,1.0,1.0,0.0
2024,9,2024_09_LA_SEA,2024-11-03,LAR,SEA,Home,-6.0,2.082,-0.683453,-1.117762,2.516308,-8.516308,0.0,965.0728,0.0,0.0,-3.0,0.0,0.965073,0.0,1.0,0.0,0.0,0.0,0.0,0.0,0.0,0.0,0.0,0.0,0.0,0.0,0.0,2.0,0.0,0.0,0.0,0.0,0.0,0.0,0.0,0.0,0.0,0.0,-1.0,0.0,0.0,0.0,0.0,0.0,0.0,-1.0
2024,9,2024_09_LV_CIN,2024-11-03,LV,CIN,Home,17.0,2.082,1.798988,-1.694412,5.575399,11.424601,5.0,1683.654126,0.0,0.0,0.0,0.0,1.683654,1.0,0.0,0.0,3.0,0.0,0.0,0.0,0.0,0.0,0.0,0.0,0.0,0.0,2.0,2.0,0.0,0.0,0.0,0.0,0.0,0.0,0.0,0.0,0.0,0.0,0.0,0.0,0.0,0.0,0.0,0.0,1.0,0.0
2024,9,2024_09_MIA_BUF,2024-11-03,MIA,BUF,Home,3.0,2.082,8.019992,1.17127,8.930722,-5.930722,2.0,1164.757936,0.0,0.0,0.0,0.0,1.164758,0.0,1.0,1.164758,0.0,0.0,0.0,0.0,0.0,0.0,0.0,0.0,0.0,0.0,0.0,0.0,0.0,0.0,0.0,0.0,0.0,0.0,0.0,0.0,0.0,0.0,-1.0,0.0,0.0,0.0,2.0,0.0,1.0,0.0
2024,9,2024_09_NE_TEN,2024-11-03,NE,TEN,Home,3.0,2.082,-4.138875,-3.034848,0.977973,2.022027,5.0,924.570086,0.0,0.0,0.0,1.0,0.92457,0.0,1.0,0.0,0.0,0.0,0.0,0.0,0.0,0.0,0.0,0.0,0.0,0.0,0.0,4.0,0.0,0.0,0.0,0.0,0.0,0.0,0.0,0.0,0.0,0.0,0.0,0.0,0.0,0.0,0.0,0.0,1.0,0.0
2024,9,2024_09_NO_CAR,2024-11-03,NO,CAR,Home,1.0,2.082,-7.280536,0.00758,-5.206116,6.206116,0.0,648.697077,0.0,0.0,0.0,1.0,0.648697,0.0,0.0,0.0,1.0,0.0,0.0,0.0,0.0,0.0,0.0,0.0,0.0,0.0,0.0,0.0,0.0,0.0,0.0,0.0,0.0,0.0,0.0,0.0,0.0,0.0,-1.0,0.0,0.0,0.0,0.0,0.0,1.0,0.0
2024,9,2024_09_TB_KC,2024-11-04,TB,KC,Home,6.0,2.082,5.468759,-0.112278,7.663037,-1.663037,8.0,1028.447565,0.0,0.0,0.0,0.0,1.028448,0.0,1.0,0.0,0.0,1.0,0.0,0.0,0.0,0.0,0.0,0.0,1.0,0.0,0.0,0.0,0.0,2.0,0.0,0.0,0.0,0.0,0.0,0.0,6.0,0.0,0.0,0.0,0.0,0.0,0.0,0.0,0.0,-1.0
2024,9,2024_09_WAS_NYG,2024-11-03,WAS,NYG,Home,-5.0,2.082,-3.567909,-2.703555,1.217646,-6.217646,-4.0,198.052961,0.0,0.0,-1.0,0.0,0.198053,0.0,0.0,0.0,0.0,0.0,0.0,0.0,0.0,0.0,0.0,0.0,0.0,0.0,0.0,0.0,0.0,0.0,0.0,0.0,-4.0,0.0,0.0,0.0,0.0,0.0,-1.0,0.0,0.0,0.0,0.0,0.0,1.0,0.0
2024,10,2024_10_ATL_NO,2024-11-10,ATL,NO,Home,3.0,2.082,-0.075616,-2.191754,4.198139,-1.198139,-2.0,424.399135,0.0,0.0,0.0,0.0,0.424399,0.0,0.0,0.0,0.0,0.0,0.0,0.0,0.0,0.0,0.0,0.0,0.0,0.0,0.0,0.0,0.0,0.0,0.0,0.0,0.0,0.0,0.0,0.0,0.0,0.0,-1.0,0.0,0.0,0.0,0.0,0.0,0.0,-1.0
2024,10,2024_10_BUF_IND,2024-11-10,BUF,IND,Home,-10.0,2.082,-4.039993,7.918485,-9.876478,-0.123522,-1.0,435.820074,0.0,0.0,0.0,0.0,0.43582,0.0,0.0,0.0,0.0,0.0,0.0,0.0,0.0,0.0,0.0,0.0,0.0,0.0,0.0,0.0,0.0,0.0,0.0,0.0,0.0,0.0,0.0,0.0,0.0,0.0,0.0,0.0,0.0,0.0,0.0,0.0,0.0,-1.0
2024,10,2024_10_CIN_BAL,2024-11-07,CIN,BAL,Home,1.0,2.082,5.993092,2.045252,6.02984,-5.02984,8.0,422.769581,0.0,0.0,0.0,1.0,0.42277,0.0,0.0,0.0,0.0,0.0,0.0,0.0,0.0,0.0,0.0,0.0,0.0,0.0,0.0,0.0,0.0,0.0,0.0,0.0,0.0,0.0,2.0,0.0,6.0,0.0,-1.0,0.0,0.0,0.0,0.0,0.0,1.0,0.0
2024,10,2024_10_DEN_KC,2024-11-10,DEN,KC,Home,2.0,2.082,5.436717,-2.104795,9.623512,-7.623512,-7.0,564.281843,0.0,0.0,-1.0,0.0,0.564282,0.0,0.0,0.564282,1.0,0.0,-4.0,0.0,0.0,0.0,0.0,0.0,0.0,1.0,0.0,0.0,0.0,0.0,0.0,-4.0,0.0,0.0,0.0,0.0,0.0,0.0,-1.0,0.0,0.0,0.0,2.0,0.0,0.0,-1.0
2024,10,2024_10_DET_HOU,2024-11-10,DET,HOU,Home,-3.0,2.082,-2.958167,3.958011,-4.834178,1.834178,12.0,1111.969407,0.0,0.0,3.0,0.0,1.111969,0.0,1.0,1.111969,0.0,1.0,0.0,0.0,0.0,0.0,0.0,0.0,1.0,0.0,0.0,0.0,0.0,0.0,0.0,0.0,0.0,4.0,0.0,0.0,6.0,0.0,0.0,0.0,0.0,0.0,2.0,0.0,0.0,-1.0
2024,10,2024_10_MIA_LA,2024-11-11,MIA,LAR,Home,-8.0,2.082,-0.943527,1.284148,-0.145676,-7.854324,11.0,2332.605371,0.0,0.0,0.0,0.0,2.332605,0.0,0.0,2.332605,0.0,3.0,0.0,0.0,0.0,0.0,0.0,0.0,1.0,0.0,0.0,0.0,0.0,2.0,-2.0,0.0,0.0,0.0,0.0,0.0,6.0,0.0,0.0,0.0,0.0,0.0,2.0,1.0,1.0,0.0
2024,10,2024_10_MIN_JAX,2024-11-10,MIN,JAX,Home,-5.0,2.082,-0.119114,0.915765,1.047121,-6.047121,2.0,1192.484222,0.0,0.0,0.0,1.0,1.192484,0.0,1.0,0.0,1.0,0.0,0.0,0.0,0.0,0.0,0.0,0.0,1.0,0.0,0.0,0.0,0.0,0.0,0.0,0.0,0.0,0.0,0.0,0.0,0.0,0.0,0.0,0.0,0.0,0.0,0.0,0.0,1.0,0.0
2024,10,2024_10_NE_CHI,2024-11-10,NE,CHI,Home,-16.0,2.082,-2.764985,-3.077874,2.394889,-18.394889,8.0,838.812251,0.0,0.0,0.0,1.0,0.838812,0.0,1.0,0.838812,0.0,0.0,0.0,0.0,2.0,0.0,0.0,0.0,1.0,0.0,0.0,2.0,0.0,0.0,0.0,0.0,0.0,0.0,0.0,0.0,0.0,0.0,0.0,0.0,0.0,0.0,2.0,0.0,1.0,0.0
2024,10,2024_10_NYG_CAR,2024-11-10,NYG,CAR,Neutral,3.0,0.0,-7.153001,-3.710853,-3.442148,6.442148,0,,0.0,0.0,0.0,0.0,0.0,0.0,0.0,0.0,0.0,0.0,0.0,0.0,0.0,0.0,0.0,0.0,0.0,0.0,0.0,0.0,0.0,0.0,0.0,0.0,0.0,0.0,0.0,0.0,0.0,0.0,0.0,0.0,0.0,0.0,0.0,0.0,0.0,0.0
2024,10,2024_10_NYJ_ARI,2024-11-10,NYJ,ARI,Home,25.0,2.082,-4.072156,-1.719531,-0.270624,25.270624,5.0,2143.949513,0.0,0.0,-3.0,1.0,2.14395,0.0,0.0,2.14395,0.0,0.0,0.0,0.0,0.0,0.0,0.0,0.0,1.0,0.0,0.0,0.0,0.0,0.0,0.0,0.0,0.0,0.0,0.0,0.0,0.0,0.0,0.0,0.0,0.0,0.0,2.0,1.0,1.0,0.0
2024,10,2024_10_PHI_DAL,2024-11-10,PHI,DAL,Home,-28.0,2.082,5.291992,3.52609,3.847902,-31.847902,2.0,1312.507638,0.0,0.0,0.0,0.0,1.312508,1.0,0.0,1.312508,0.0,0.0,0.0,0.0,0.0,0.0,0.0,0.0,0.0,0.0,0.0,0.0,0.0,0.0,0.0,0.0,0.0,0.0,0.0,0.0,0.0,0.0,-1.0,0.0,0.0,0.0,2.0,0.0,1.0,0.0
2024,10,2024_10_PIT_WAS,2024-11-10,PIT,WAS,Home,-1.0,2.082,-2.61959,0.154962,-0.692551,-0.307449,0.0,198.44885,0.0,-0.015496,-6.0,0.0,0.198449,0.0,0.0,0.0,0.0,0.0,0.0,-6.0,0.0,0.0,0.0,6.0,1.0,0.0,0.0,0.0,0.0,0.0,0.0,0.0,0.0,0.0,0.0,0.0,0.0,0.0,0.0,0.0,0.0,0.0,0.0,0.0,0.0,-1.0
2024,10,2024_10_SF_TB,2024-11-10,SF,TB,Home,-3.0,2.082,-0.049701,7.286863,-5.254564,2.254564,-12.0,2366.815977,0.0,-0.728686,-7.0,0.0,2.366816,0.0,0.0,0.0,3.0,0.0,0.0,-8.0,0.0,0.0,0.0,0.0,0.0,0.0,2.0,0.0,0.0,0.0,-2.0,0.0,-4.0,0.0,0.0,0.0,0.0,0.0,0.0,0.0,0.0,0.0,0.0,1.0,0.0,-1.0
2024,10,2024_10_TEN_LAC,2024-11-10,TEN,LAC,Home,10.0,2.082,0.312004,-4.114471,6.508475,3.491525,7.0,1784.06098,0.0,0.0,0.0,0.0,1.784061,1.0,0.0,1.784061,0.0,0.0,0.0,0.0,0.0,4.0,0.0,0.0,0.0,0.0,0.0,0.0,0.0,0.0,0.0,0.0,0.0,0.0,0.0,0.0,0.0,0.0,0.0,0.0,0.0,0.0,2.0,0.0,1.0,0.0
2024,11,2024_11_ATL_DEN,2024-11-17,ATL,DEN,Home,32.0,2.082,-1.978976,-2.159438,2.262461,29.737539,4.0,1210.793462,1.0,0.0,0.0,1.0,1.210793,0.0,1.0,1.210793,0.0,0.0,0.0,0.0,0.0,0.0,0.0,0.0,1.0,0.0,0.0,0.0,0.0,0.0,0.0,0.0,0.0,0.0,0.0,0.0,0.0,0.0,0.0,0.0,0.0,0.0,2.0,0.0,1.0,0.0
2024,11,2024_11_BAL_PIT,2024-11-17,BAL,PIT,Home,2.0,2.082,0.167515,5.905455,-3.655939,5.655939,-2.0,197.2245,0.0,0.0,-3.0,0.0,0.197225,0.0,0.0,0.0,0.0,0.0,0.0,0.0,0.0,0.0,0.0,0.0,0.0,0.0,0.0,0.0,0.0,0.0,0.0,0.0,0.0,0.0,0.0,0.0,0.0,0.0,-1.0,0.0,0.0,0.0,0.0,0.0,0.0,-1.0
2024,11,2024_11_CIN_LAC,2024-11-17,CIN,LAC,Home,7.0,2.082,0.378464,2.140413,0.320052,6.679948,9.0,1899.953123,0.0,0.0,-3.0,0.0,1.899953,1.0,0.0,0.0,0.0,3.0,0.0,0.0,0.0,0.0,0.0,0.0,0.0,0.0,0.0,0.0,0.0,0.0,0.0,0.0,0.0,4.0,0.0,0.0,6.0,0.0,0.0,0.0,0.0,0.0,0.0,0.0,0.0,-1.0
2024,11,2024_11_CLE_NO,2024-11-17,CLE,NO,Home,21.0,2.082,-0.0636,-0.795818,2.814219,18.185781,-4.0,925.401671,0.0,0.079582,-7.0,0.0,0.925402,0.0,1.0,0.0,0.0,0.0,0.0,-6.0,0.0,0.0,0.0,0.0,1.0,0.0,0.0,0.0,0.0,0.0,0.0,0.0,0.0,0.0,0.0,0.0,0.0,0.0,0.0,0.0,0.0,0.0,0.0,0.0,1.0,0.0
2024,11,2024_11_GB_CHI,2024-11-17,GB,CHI,Home,-1.0,2.082,-3.101555,1.084753,-2.104308,1.104308,-8.0,183.712916,0.0,-0.108475,-7.0,0.0,0.183713,0.0,0.0,0.0,0.0,0.0,0.0,-6.0,0.0,0.0,0.0,0.0,0.0,0.0,0.0,0.0,0.0,0.0,0.0,0.0,0.0,0.0,0.0,0.0,0.0,0.0,-1.0,0.0,0.0,0.0,0.0,0.0,0.0,-1.0
2024,11,2024_11_HOU_DAL,2024-11-18,HOU,DAL,Home,-24.0,2.082,4.706288,-2.947528,9.735816,-33.735816,7.0,233.81865,0.0,0.0,0.0,0.0,0.233819,0.0,0.0,0.0,0.0,0.0,0.0,0.0,0.0,0.0,0.0,0.0,1.0,0.0,0.0,2.0,0.0,2.0,0.0,0.0,0.0,0.0,0.0,3.0,0.0,0.0,0.0,0.0,0.0,0.0,0.0,0.0,0.0,-1.0
2024,11,2024_11_IND_NYJ,2024-11-17,IND,NYJ,Home,-1.0,2.082,-2.153855,-4.047259,3.975404,-4.975404,3.0,640.802851,0.0,0.0,0.0,0.0,0.640803,0.0,0.0,0.640803,0.0,0.0,0.0,0.0,0.0,0.0,0.0,0.0,0.0,0.0,0.0,2.0,0.0,0.0,0.0,0.0,0.0,0.0,0.0,0.0,0.0,0.0,0.0,0.0,0.0,0.0,2.0,0.0,0.0,-1.0
2024,11,2024_11_JAX_DET,2024-11-17,JAX,DET,Home,46.0,2.082,3.889652,-0.237943,6.209595,39.790405,2.0,833.890235,0.0,0.0,0.0,0.0,0.83389,0.0,1.0,0.0,0.0,0.0,0.0,0.0,0.0,0.0,0.0,0.0,1.0,0.0,0.0,0.0,0.0,0.0,0.0,0.0,0.0,0.0,0.0,0.0,0.0,0.0,0.0,0.0,0.0,0.0,0.0,0.0,1.0,0.0
2024,11,2024_11_KC_BUF,2024-11-17,KC,BUF,Home,9.0,2.082,7.908939,5.319184,4.671755,4.328245,1.0,857.58787,0.0,0.0,0.0,0.0,0.857588,0.0,1.0,0.0,0.0,0.0,0.0,0.0,0.0,0.0,0.0,0.0,0.0,0.0,0.0,0.0,0.0,0.0,0.0,0.0,0.0,0.0,0.0,0.0,0.0,0.0,0.0,0.0,0.0,0.0,0.0,0.0,1.0,0.0
2024,11,2024_11_LA_NE,2024-11-17,LAR,NE,Home,-6.0,2.082,-2.767303,-1.063318,0.378015,-6.378015,9.0,2589.421676,0.0,0.0,1.0,0.0,2.589422,0.0,0.0,0.0,3.0,0.0,0.0,0.0,0.0,0.0,0.0,6.0,1.0,0.0,2.0,0.0,0.0,0.0,0.0,0.0,0.0,0.0,0.0,0.0,0.0,0.0,0.0,0.0,0.0,0.0,0.0,1.0,0.0,-1.0
2024,11,2024_11_LV_MIA,2024-11-17,LV,MIA,Home,15.0,2.082,1.429281,-1.915151,5.426432,9.573568,-3.0,2170.588817,0.0,0.191515,-7.0,0.0,2.170589,0.0,0.0,2.170589,3.0,0.0,0.0,-5.0,0.0,0.0,0.0,0.0,0.0,0.0,2.0,0.0,0.0,0.0,0.0,0.0,-4.0,0.0,0.0,0.0,0.0,0.0,0.0,0.0,0.0,2.0,2.0,1.0,0.0,-1.0
2024,11,2024_11_MIN_TEN,2024-11-17,MIN,TEN,Home,-10.0,2.082,-4.189944,1.008649,-3.116593,-6.883407,4.0,696.717528,0.0,0.0,0.0,1.0,0.696718,0.0,0.0,0.696718,0.0,0.0,0.0,0.0,0.0,0.0,0.0,0.0,1.0,0.0,0.0,0.0,0.0,0.0,0.0,0.0,0.0,0.0,0.0,0.0,0.0,0.0,0.0,0.0,0.0,0.0,2.0,0.0,1.0,0.0
2024,11,2024_11_SEA_SF,2024-11-17,SEA,SF,Home,-3.0,2.082,7.26588,-0.771678,10.119558,-13.119558,-2.0,704.452846,0.0,0.077168,-7.0,1.0,0.704453,0.0,0.0,0.0,0.0,0.0,0.0,-6.0,0.0,4.0,0.0,0.0,0.0,0.0,0.0,0.0,0.0,0.0,0.0,0.0,0.0,0.0,0.0,0.0,0.0,0.0,-1.0,0.0,0.0,0.0,0.0,0.0,1.0,0.0
2024,11,2024_11_WAS_PHI,2024-11-14,WAS,PHI,Home,8.0,2.082,4.088006,-2.641472,8.811478,-0.811478,6.0,113.642178,0.0,0.0,0.0,0.0,0.113642,0.0,0.0,0.0,0.0,0.0,0.0,0.0,0.0,0.0,0.0,0.0,0.0,0.0,0.0,0.0,0.0,0.0,0.0,0.0,0.0,0.0,2.0,0.0,6.0,0.0,-1.0,0.0,0.0,0.0,0.0,0.0,0.0,-1.0
2024,12,2024_12_ARI_SEA,2024-11-24,ARI,SEA,Home,10.0,2.082,-0.514771,-3.584134,5.151363,4.848637,-5.0,1104.209444,0.0,0.358413,-7.0,0.0,1.104209,0.0,1.0,0.0,0.0,0.0,0.0,-5.0,0.0,0.0,0.0,0.0,0.0,0.0,0.0,0.0,0.0,0.0,0.0,0.0,0.0,0.0,0.0,0.0,0.0,0.0,-1.0,0.0,0.0,0.0,0.0,0.0,1.0,0.0
2024,12,2024_12_BAL_LAC,2024-11-25,BAL,LAC,Home,-7.0,2.082,0.533839,5.75288,-3.137041,-3.862959,10.0,2321.836347,0.0,0.0,0.0,0.0,2.321836,0.0,0.0,0.0,0.0,3.0,0.0,0.0,0.0,0.0,0.0,0.0,0.0,0.0,0.0,0.0,0.0,2.0,0.0,0.0,0.0,0.0,0.0,0.0,6.0,0.0,0.0,0.0,0.0,0.0,0.0,1.0,1.0,0.0
2024,12,2024_12_DAL_WAS,2024-11-24,DAL,WAS,Home,-8.0,2.082,-2.695131,4.085603,-4.698734,-3.301266,4.0,1207.360458,0.0,0.0,4.0,1.0,1.20736,0.0,1.0,0.0,1.0,0.0,-2.0,0.0,0.0,0.0,0.0,6.0,0.0,0.0,0.0,0.0,0.0,0.0,0.0,0.0,0.0,0.0,0.0,0.0,0.0,0.0,-1.0,0.0,0.0,0.0,0.0,0.0,1.0,0.0
2024,12,2024_12_DEN_LV,2024-11-24,DEN,LV,Home,-10.0,2.082,-2.012246,-1.398796,1.46855,-11.46855,0.0,608.258094,0.0,0.0,0.0,0.0,0.608258,0.0,0.0,0.608258,0.0,0.0,0.0,0.0,0.0,0.0,0.0,0.0,0.0,0.0,0.0,0.0,0.0,0.0,0.0,0.0,0.0,0.0,0.0,0.0,0.0,0.0,-1.0,0.0,0.0,0.0,2.0,0.0,0.0,-1.0
2024,12,2024_12_DET_IND,2024-11-24,DET,IND,Home,-18.0,2.082,-3.97724,4.652155,-6.547395,-11.452605,2.0,241.158453,0.0,0.0,0.0,0.0,0.241158,0.0,0.0,0.241158,0.0,0.0,0.0,0.0,0.0,0.0,0.0,0.0,1.0,0.0,0.0,0.0,0.0,0.0,0.0,0.0,0.0,0.0,0.0,0.0,0.0,0.0,0.0,0.0,0.0,0.0,2.0,0.0,0.0,-1.0
2024,12,2024_12_KC_CAR,2024-11-24,KC,CAR,Home,-3.0,2.082,-7.018991,5.282539,-10.219531,7.219531,0.0,794.95236,0.0,-0.701899,7.0,0.0,0.794952,0.0,1.0,0.0,1.0,0.0,0.0,0.0,0.0,0.0,0.0,0.0,1.0,0.0,0.0,0.0,4.0,0.0,0.0,-4.0,0.0,0.0,0.0,0.0,0.0,0.0,0.0,0.0,0.0,0.0,0.0,0.0,0.0,-1.0
2024,12,2024_12_MIN_CHI,2024-11-24,MIN,CHI,Home,-3.0,2.082,-3.022145,1.208952,-2.149097,-0.850903,2.0,355.333612,0.0,0.0,0.0,1.0,0.355334,0.0,0.0,0.355334,0.0,0.0,0.0,0.0,0.0,0.0,0.0,0.0,0.0,0.0,0.0,0.0,0.0,0.0,0.0,0.0,0.0,0.0,0.0,0.0,0.0,0.0,-1.0,0.0,0.0,0.0,2.0,0.0,1.0,0.0
2024,12,2024_12_NE_MIA,2024-11-24,NE,MIA,Home,19.0,2.082,1.606972,-2.866311,6.555284,12.444716,2.0,1225.685856,0.0,0.0,0.0,1.0,1.225686,0.0,1.0,1.225686,0.0,0.0,0.0,0.0,0.0,0.0,0.0,0.0,0.0,0.0,0.0,0.0,0.0,0.0,0.0,0.0,0.0,0.0,0.0,0.0,0.0,0.0,-1.0,0.0,0.0,0.0,2.0,0.0,1.0,0.0
2024,12,2024_12_PHI_LA,2024-11-24,PHI,LAR,Home,-17.0,2.082,-0.941079,4.005813,-2.864892,-14.135108,12.0,2396.024772,0.0,0.0,-3.0,0.0,2.396025,0.0,0.0,0.0,0.0,3.0,0.0,0.0,0.0,0.0,0.0,0.0,0.0,0.0,0.0,0.0,0.0,0.0,0.0,0.0,0.0,4.0,0.0,0.0,6.0,0.0,0.0,0.0,0.0,0.0,0.0,1.0,1.0,0.0
2024,12,2024_12_PIT_CLE,2024-11-21,PIT,CLE,Home,5.0,2.082,-1.179352,0.196742,0.705906,4.294094,8.0,114.323201,0.0,0.0,0.0,0.0,0.114323,0.0,0.0,0.0,0.0,0.0,0.0,0.0,0.0,0.0,0.0,0.0,0.0,0.0,0.0,2.0,0.0,0.0,0.0,0.0,0.0,0.0,2.0,0.0,6.0,0.0,-1.0,0.0,0.0,0.0,0.0,0.0,0.0,-1.0
2024,12,2024_12_SF_GB,2024-11-24,SF,GB,Home,28.0,2.082,1.155771,7.015204,-3.777434,31.777434,-1.0,1821.660263,0.0,0.0,0.0,0.0,1.82166,1.0,0.0,0.0,0.0,0.0,0.0,0.0,0.0,0.0,0.0,0.0,0.0,0.0,0.0,0.0,0.0,0.0,0.0,0.0,0.0,0.0,0.0,0.0,0.0,0.0,0.0,0.0,0.0,0.0,0.0,0.0,0.0,-1.0
2024,12,2024_12_TB_NYG,2024-11-24,TB,NYG,Home,-23.0,2.082,-3.880722,-0.017772,-1.78095,-21.21905,-3.0,1007.584684,0.0,-0.386295,0.0,0.0,1.007585,0.0,1.0,0.0,0.0,0.0,0.0,-6.0,0.0,0.0,0.0,0.0,0.0,0.0,0.0,0.0,4.0,0.0,-2.0,0.0,0.0,0.0,0.0,0.0,0.0,0.0,0.0,0.0,0.0,0.0,0.0,0.0,1.0,0.0
2024,12,2024_12_TEN_HOU,2024-11-24,TEN,HOU,Home,-5.0,2.082,-2.384925,-4.311916,4.008991,-9.008991,-4.0,671.468776,0.0,0.0,-1.0,0.0,0.671469,0.0,0.0,0.0,0.0,0.0,0.0,0.0,0.0,0.0,0.0,0.0,0.0,0.0,0.0,0.0,0.0,0.0,0.0,0.0,-4.0,0.0,0.0,0.0,0.0,0.0,-1.0,0.0,0.0,0.0,0.0,0.0,1.0,0.0
2024,13,2024_13_ARI_MIN,2024-12-01,ARI,MIN,Home,1.0,2.082,1.278013,-3.736903,7.096916,-6.096916,0.0,1282.684837,0.0,0.0,0.0,0.0,1.282685,1.0,0.0,0.0,1.0,0.0,0.0,0.0,0.0,0.0,0.0,0.0,0.0,1.0,0.0,0.0,0.0,0.0,-2.0,0.0,0.0,0.0,0.0,0.0,0.0,0.0,0.0,0.0,0.0,0.0,0.0,0.0,1.0,0.0
2024,13,2024_13_CHI_DET,2024-11-28,CHI,DET,Home,3.0,2.082,4.942046,-2.978444,10.00249,-7.00249,4.0,236.619167,0.0,0.0,0.0,0.0,0.236619,0.0,0.0,0.0,1.0,0.0,0.0,0.0,0.0,4.0,0.0,0.0,0.0,0.0,0.0,0.0,0.0,0.0,0.0,0.0,0.0,0.0,0.0,0.0,0.0,0.0,-1.0,0.0,0.0,0.0,0.0,0.0,1.0,0.0
2024,13,2024_13_CLE_DEN,2024-12-02,CLE,DEN,Home,9.0,2.082,-1.225356,-1.124277,1.98092,7.01908,7.0,1225.255725,1.0,0.0,-3.0,0.0,1.225256,0.0,1.0,0.0,0.0,2.0,0.0,0.0,0.0,0.0,0.0,0.0,0.0,0.0,0.0,0.0,0.0,2.0,0.0,0.0,0.0,0.0,0.0,0.0,6.0,0.0,0.0,0.0,0.0,0.0,0.0,0.0,0.0,-1.0
2024,13,2024_13_HOU_JAX,2024-12-01,HOU,JAX,Home,-3.0,2.082,-0.937244,-2.532854,3.67761,-6.67761,9.0,824.794909,0.0,-0.093724,7.0,1.0,0.824795,0.0,1.0,0.0,1.0,0.0,0.0,0.0,0.0,0.0,0.0,0.0,0.0,0.0,0.0,4.0,5.0,0.0,0.0,0.0,0.0,0.0,0.0,0.0,0.0,0.0,-1.0,0.0,0.0,0.0,0.0,0.0,1.0,0.0
2024,13,2024_13_IND_NE,2024-12-01,IND,NE,Home,-1.0,2.082,-3.096243,-4.183179,3.168936,-4.168936,1.0,793.225205,0.0,0.0,0.0,0.0,0.793225,0.0,1.0,0.0,0.0,0.0,0.0,0.0,0.0,0.0,0.0,0.0,0.0,0.0,0.0,2.0,0.0,0.0,0.0,0.0,0.0,0.0,0.0,0.0,0.0,0.0,0.0,0.0,0.0,0.0,0.0,0.0,0.0,-1.0
2024,13,2024_13_LAC_ATL,2024-12-01,LAC,ATL,Home,-4.0,2.082,-2.617332,0.452307,-0.987639,-3.012361,16.0,1938.356979,0.0,-0.261733,7.0,0.0,1.938357,1.0,0.0,0.0,3.0,0.0,0.0,0.0,0.0,0.0,0.0,6.0,1.0,0.0,2.0,4.0,4.0,0.0,0.0,0.0,0.0,0.0,0.0,0.0,0.0,0.0,0.0,0.0,0.0,0.0,0.0,0.0,0.0,-1.0
2024,13,2024_13_LA_NO,2024-12-01,LAR,NO,Home,-7.0,2.082,0.270699,-1.235215,3.587915,-10.587915,4.0,1674.106906,0.0,0.02707,7.0,0.0,1.674107,1.0,0.0,0.0,0.0,0.0,0.0,0.0,0.0,0.0,0.0,0.0,0.0,0.0,0.0,0.0,5.0,0.0,0.0,0.0,0.0,0.0,0.0,0.0,0.0,0.0,0.0,0.0,0.0,0.0,0.0,0.0,0.0,-1.0
2024,13,2024_13_LV_KC,2024-11-29,LV,KC,Home,2.0,2.082,5.142118,-2.251191,9.475309,-7.475309,0.0,1149.22993,0.0,0.0,0.0,0.0,1.14923,0.0,1.0,1.14923,0.0,0.0,0.0,0.0,0.0,0.0,0.0,0.0,0.0,0.0,0.0,0.0,0.0,0.0,0.0,0.0,0.0,0.0,0.0,0.0,0.0,0.0,-1.0,0.0,0.0,0.0,2.0,0.0,0.0,-1.0
2024,13,2024_13_MIA_GB,2024-11-28,MIA,GB,Home,13.0,2.082,1.770112,1.805011,2.0471,10.9529,8.0,1353.552675,0.0,0.0,0.0,0.0,1.353553,1.0,0.0,0.0,0.0,1.0,0.0,0.0,0.0,0.0,0.0,0.0,1.0,0.0,0.0,0.0,0.0,0.0,0.0,0.0,0.0,0.0,2.0,0.0,6.0,0.0,0.0,0.0,0.0,0.0,0.0,0.0,0.0,-1.0
2024,13,2024_13_NYG_DAL,2024-11-28,NYG,DAL,Home,7.0,2.082,4.127402,-4.244,10.453402,-3.453402,-4.0,1385.055729,0.0,0.0,0.0,0.0,1.385056,1.0,0.0,0.0,0.0,0.0,-2.0,0.0,0.0,0.0,0.0,0.0,0.0,0.0,0.0,0.0,0.0,0.0,0.0,0.0,0.0,0.0,0.0,0.0,0.0,0.0,-1.0,0.0,0.0,0.0,0.0,0.0,0.0,-1.0
2024,13,2024_13_PHI_BAL,2024-12-01,PHI,BAL,Home,-5.0,2.082,5.813656,4.249741,3.645915,-8.645915,-2.0,88.628381,0.0,0.0,-1.0,0.0,0.088628,0.0,0.0,0.088628,0.0,0.0,0.0,0.0,0.0,0.0,0.0,0.0,1.0,0.0,0.0,0.0,0.0,0.0,0.0,0.0,-4.0,0.0,0.0,0.0,0.0,0.0,0.0,0.0,0.0,0.0,2.0,0.0,0.0,-1.0
2024,13,2024_13_PIT_CIN,2024-12-01,PIT,CIN,Home,-6.0,2.082,1.919326,0.100036,3.90129,-9.90129,7.0,256.539705,0.0,0.191933,4.0,0.0,0.25654,0.0,0.0,0.25654,0.0,0.0,0.0,0.0,0.0,0.0,0.0,0.0,0.0,0.0,0.0,0.0,5.0,0.0,0.0,0.0,0.0,0.0,0.0,0.0,0.0,0.0,-1.0,0.0,0.0,0.0,2.0,0.0,1.0,0.0
2024,13,2024_13_SEA_NYJ,2024-12-01,SEA,NYJ,Home,-5.0,2.082,-2.229518,-0.516792,0.369273,-5.369273,7.0,2395.576173,0.0,-0.222952,7.0,0.0,2.395576,0.0,0.0,0.0,3.0,0.0,0.0,0.0,0.0,0.0,0.0,0.0,1.0,0.0,2.0,0.0,4.0,0.0,0.0,0.0,0.0,0.0,0.0,0.0,0.0,0.0,0.0,0.0,0.0,0.0,0.0,1.0,0.0,-1.0
2024,13,2024_13_SF_BUF,2024-12-01,SF,BUF,Home,25.0,2.082,7.996148,6.404714,3.673434,21.326566,16.0,2287.219607,0.0,0.799615,7.0,0.0,2.28722,0.0,0.0,2.28722,0.0,0.0,-2.0,0.0,0.0,0.0,0.0,0.0,1.0,0.0,0.0,0.0,7.0,0.0,0.0,0.0,0.0,4.0,0.0,0.0,0.0,0.0,0.0,0.0,0.0,2.0,2.0,1.0,1.0,0.0
2024,13,2024_13_TB_CAR,2024-12-01,TB,CAR,Home,-3.0,2.082,-6.850838,0.39797,-5.166808,2.166808,0.0,510.22365,0.0,0.0,0.0,0.0,0.510224,0.0,0.0,0.510224,0.0,0.0,0.0,0.0,0.0,0.0,0.0,0.0,0.0,0.0,0.0,0.0,0.0,0.0,0.0,0.0,0.0,0.0,0.0,0.0,0.0,0.0,-1.0,0.0,0.0,0.0,2.0,0.0,0.0,-1.0
2024,13,2024_13_TEN_WAS,2024-12-01,TEN,WAS,Home,23.0,2.082,-2.77011,-4.139801,3.451691,19.548309,2.0,574.501101,0.0,0.0,0.0,0.0,0.574501,0.0,0.0,0.574501,1.0,0.0,0.0,0.0,0.0,0.0,0.0,0.0,1.0,0.0,0.0,0.0,0.0,0.0,0.0,0.0,0.0,0.0,0.0,0.0,0.0,0.0,0.0,0.0,0.0,0.0,2.0,0.0,0.0,-1.0
2024,14,2024_14_ATL_MIN,2024-12-08,ATL,MIN,Home,21.0,2.082,1.184105,-2.68702,5.953124,15.046876,1.0,906.809374,0.0,0.0,0.0,0.0,0.906809,0.0,1.0,0.906809,0.0,0.0,0.0,0.0,0.0,0.0,0.0,0.0,0.0,0.0,0.0,0.0,0.0,0.0,0.0,0.0,0.0,0.0,0.0,0.0,0.0,0.0,0.0,0.0,0.0,0.0,2.0,0.0,0.0,-1.0
2024,14,2024_14_BUF_LA,2024-12-08,BUF,LAR,Home,2.0,2.082,-1.039192,8.353475,-7.310667,9.310667,1.0,2205.616892,0.0,0.0,0.0,0.0,2.205617,0.0,0.0,0.0,0.0,0.0,0.0,0.0,0.0,0.0,0.0,0.0,1.0,0.0,0.0,0.0,0.0,0.0,0.0,0.0,0.0,0.0,0.0,0.0,0.0,0.0,0.0,0.0,0.0,0.0,0.0,1.0,0.0,-1.0
2024,14,2024_14_CAR_PHI,2024-12-08,CAR,PHI,Home,6.0,2.082,4.435226,-6.84474,13.361967,-7.361967,3.0,448.457402,0.0,0.0,0.0,0.0,0.448457,0.0,0.0,0.0,0.0,0.0,0.0,0.0,0.0,4.0,0.0,0.0,0.0,0.0,0.0,0.0,0.0,0.0,0.0,0.0,0.0,0.0,0.0,0.0,0.0,0.0,0.0,0.0,0.0,0.0,0.0,0.0,0.0,-1.0
2024,14,2024_14_CHI_SF,2024-12-08,CHI,SF,Home,25.0,2.082,6.052979,-2.832555,10.967535,14.032465,1.0,1841.187567,0.0,0.0,-3.0,0.0,1.841188,1.0,0.0,0.0,0.0,0.0,0.0,0.0,0.0,0.0,0.0,0.0,0.0,0.0,0.0,2.0,0.0,0.0,0.0,0.0,0.0,0.0,0.0,0.0,0.0,0.0,0.0,0.0,0.0,0.0,0.0,0.0,0.0,-1.0
2024,14,2024_14_CIN_DAL,2024-12-09,CIN,DAL,Home,-7.0,2.082,4.107697,1.701145,4.488552,-11.488552,10.0,828.092361,0.0,0.0,3.0,0.0,0.828092,0.0,1.0,0.828092,0.0,1.0,0.0,0.0,0.0,0.0,0.0,0.0,1.0,0.0,0.0,0.0,0.0,2.0,0.0,0.0,0.0,0.0,0.0,0.0,6.0,0.0,0.0,0.0,0.0,0.0,2.0,0.0,0.0,-1.0
2024,14,2024_14_CLE_PIT,2024-12-08,CLE,PIT,Home,13.0,2.082,0.247356,-1.264263,3.593619,9.406381,8.0,114.323201,0.0,0.0,1.0,0.0,0.114323,0.0,0.0,0.114323,0.0,0.0,0.0,0.0,0.0,0.0,8.0,0.0,0.0,0.0,0.0,0.0,0.0,0.0,0.0,0.0,0.0,0.0,0.0,0.0,0.0,0.0,-1.0,0.0,0.0,0.0,2.0,0.0,0.0,-1.0
2024,14,2024_14_GB_DET,2024-12-05,GB,DET,Home,3.0,2.082,4.842421,1.975895,4.948526,-1.948526,5.0,292.632421,0.0,0.0,0.0,0.0,0.292632,0.0,0.0,0.0,0.0,0.0,0.0,0.0,0.0,0.0,0.0,0.0,0.0,0.0,0.0,0.0,0.0,0.0,0.0,0.0,0.0,0.0,2.0,3.0,0.0,0.0,-1.0,0.0,0.0,0.0,0.0,0.0,1.0,0.0
2024,14,2024_14_JAX_TEN,2024-12-08,JAX,TEN,Home,-4.0,2.082,-4.480563,-1.072441,-1.326122,-2.673878,0.0,500.780884,0.0,0.0,0.0,0.0,0.500781,0.0,0.0,0.0,0.0,0.0,0.0,0.0,0.0,0.0,0.0,0.0,0.0,0.0,0.0,2.0,0.0,0.0,0.0,0.0,0.0,0.0,0.0,0.0,0.0,0.0,-1.0,0.0,0.0,0.0,0.0,0.0,0.0,-1.0
2024,14,2024_14_LAC_KC,2024-12-08,LAC,KC,Home,2.0,2.082,5.016572,0.485844,6.612728,-4.612728,6.0,1366.48133,0.0,0.0,2.0,1.0,1.366481,1.0,0.0,0.0,0.0,0.0,0.0,0.0,0.0,0.0,0.0,0.0,0.0,0.0,0.0,0.0,0.0,0.0,0.0,0.0,0.0,4.0,0.0,0.0,0.0,0.0,-1.0,0.0,0.0,2.0,0.0,0.0,1.0,0.0
2024,14,2024_14_LV_TB,2024-12-08,LV,TB,Home,15.0,2.082,0.327547,-2.114545,4.524092,10.475908,4.0,1984.047273,0.0,0.0,-2.0,0.0,1.984047,1.0,0.0,1.984047,3.0,0.0,0.0,0.0,0.0,0.0,0.0,0.0,1.0,0.0,2.0,0.0,0.0,0.0,-2.0,0.0,0.0,0.0,0.0,0.0,0.0,0.0,0.0,0.0,0.0,2.0,2.0,0.0,0.0,-1.0
2024,14,2024_14_NO_NYG,2024-12-08,NO,NYG,Home,-3.0,2.082,-4.130427,0.065011,-2.113438,-0.886562,-1.0,1169.793239,0.0,0.0,3.0,0.0,1.169793,0.0,1.0,0.0,1.0,0.0,0.0,0.0,0.0,0.0,0.0,0.0,0.0,0.0,0.0,0.0,0.0,0.0,0.0,0.0,0.0,0.0,0.0,0.0,0.0,0.0,0.0,0.0,0.0,0.0,0.0,0.0,0.0,-1.0
2024,14,2024_14_NYJ_MIA,2024-12-08,NYJ,MIA,Home,6.0,2.082,1.631377,-2.309512,6.022889,-0.022889,0.0,1085.511258,0.0,0.0,3.0,1.0,1.085511,0.0,1.0,0.0,0.0,0.0,0.0,0.0,0.0,0.0,0.0,0.0,0.0,0.0,0.0,0.0,0.0,0.0,0.0,0.0,0.0,0.0,0.0,0.0,0.0,0.0,-1.0,0.0,0.0,0.0,0.0,0.0,1.0,0.0
2024,14,2024_14_SEA_ARI,2024-12-08,SEA,ARI,Home,-12.0,2.082,-3.613287,-0.432584,-1.098704,-10.901296,2.0,1104.209444,0.0,0.0,0.0,1.0,1.104209,0.0,1.0,1.104209,0.0,0.0,0.0,0.0,0.0,0.0,0.0,0.0,0.0,0.0,0.0,0.0,0.0,0.0,0.0,0.0,0.0,0.0,0.0,0.0,0.0,0.0,-1.0,0.0,0.0,0.0,2.0,0.0,1.0,0.0
2024,15,2024_15_ATL_LV,2024-12-16,ATL,LV,Home,-6.0,2.082,-2.286764,-2.915212,2.710448,-8.710448,10.0,1744.028149,0.0,0.0,0.0,1.0,1.744028,1.0,0.0,1.744028,0.0,3.0,-2.0,0.0,0.0,0.0,0.0,0.0,1.0,0.0,0.0,0.0,0.0,2.0,0.0,0.0,0.0,0.0,0.0,0.0,6.0,0.0,0.0,0.0,0.0,0.0,2.0,0.0,1.0,0.0
2024,15,2024_15_BAL_NYG,2024-12-15,BAL,NYG,Home,-21.0,2.082,-4.157588,5.659391,-7.73498,-13.26502,-4.0,171.514888,0.0,-0.565939,-7.0,0.0,0.171515,0.0,0.0,0.171515,0.0,0.0,0.0,-8.0,0.0,0.0,0.0,0.0,1.0,0.0,0.0,0.0,0.0,0.0,0.0,0.0,0.0,0.0,0.0,0.0,0.0,0.0,0.0,0.0,0.0,0.0,2.0,0.0,1.0,0.0
2024,15,2024_15_BUF_DET,2024-12-15,BUF,DET,Home,-6.0,2.082,4.807551,8.181823,-1.292271,-4.707729,0.0,218.788165,0.0,0.0,3.0,0.0,0.218788,0.0,0.0,0.0,0.0,0.0,0.0,0.0,0.0,0.0,0.0,0.0,1.0,0.0,0.0,0.0,0.0,0.0,0.0,0.0,0.0,0.0,0.0,0.0,0.0,0.0,0.0,0.0,0.0,0.0,0.0,0.0,0.0,-1.0
2024,15,2024_15_CHI_MIN,2024-12-16,CHI,MIN,Home,18.0,2.082,1.42576,-3.078472,6.586232,11.413768,5.0,355.333612,0.0,0.0,0.0,0.0,0.355334,0.0,0.0,0.355334,0.0,0.0,-2.0,0.0,0.0,0.0,0.0,0.0,0.0,0.0,0.0,0.0,0.0,2.0,0.0,0.0,0.0,0.0,0.0,3.0,0.0,0.0,-1.0,0.0,0.0,0.0,2.0,0.0,1.0,0.0
2024,15,2024_15_CIN_TEN,2024-12-15,CIN,TEN,Home,-10.0,2.082,-4.531748,1.913121,-4.362869,-5.637131,11.0,237.007015,0.0,0.0,1.0,1.0,0.237007,0.0,0.0,0.237007,0.0,0.0,0.0,0.0,0.0,0.0,8.0,0.0,0.0,0.0,0.0,0.0,0.0,0.0,0.0,0.0,0.0,0.0,0.0,0.0,0.0,0.0,0.0,0.0,0.0,0.0,2.0,0.0,1.0,0.0
2024,15,2024_15_DAL_CAR,2024-12-15,DAL,CAR,Home,-16.0,2.082,-6.708104,3.902457,-8.528562,-7.471438,7.0,944.984437,0.0,0.0,1.0,1.0,0.944984,0.0,1.0,0.0,1.0,0.0,0.0,0.0,0.0,0.0,0.0,6.0,0.0,0.0,0.0,0.0,0.0,0.0,0.0,0.0,0.0,0.0,0.0,0.0,0.0,0.0,0.0,0.0,0.0,0.0,0.0,0.0,1.0,0.0
2024,15,2024_15_GB_SEA,2024-12-15,GB,SEA,Home,-17.0,2.082,-0.218521,2.007325,-0.143846,-16.856154,8.0,1643.596851,0.0,0.0,-3.0,0.0,1.643597,1.0,0.0,0.0,0.0,2.0,0.0,0.0,0.0,0.0,0.0,0.0,0.0,0.0,0.0,0.0,0.0,0.0,0.0,0.0,0.0,4.0,0.0,3.0,0.0,0.0,0.0,0.0,0.0,0.0,0.0,0.0,1.0,0.0
2024,15,2024_15_IND_DEN,2024-12-15,IND,DEN,Home,18.0,2.082,-1.112161,-4.132044,5.101883,12.898117,3.0,999.789633,1.0,0.301988,-1.0,1.0,0.99979,0.0,1.0,0.99979,0.0,0.0,0.0,-5.0,0.0,0.0,0.0,0.0,0.0,0.0,0.0,0.0,5.0,0.0,0.0,0.0,0.0,0.0,0.0,0.0,0.0,0.0,0.0,0.0,0.0,0.0,2.0,0.0,1.0,0.0
2024,15,2024_15_KC_CLE,2024-12-15,KC,CLE,Home,-14.0,2.082,-1.403475,4.937144,-4.258619,-9.741381,-1.0,694.2336,0.0,0.0,0.0,0.0,0.694234,0.0,0.0,0.0,1.0,0.0,0.0,0.0,0.0,0.0,0.0,0.0,0.0,0.0,0.0,0.0,0.0,0.0,0.0,0.0,0.0,0.0,0.0,0.0,0.0,0.0,0.0,0.0,0.0,0.0,0.0,0.0,0.0,-1.0
2024,15,2024_15_LA_SF,2024-12-12,LAR,SF,Home,-6.0,2.082,6.327815,-0.857552,9.267367,-15.267367,2.0,313.511192,0.0,0.0,0.0,1.0,0.313511,0.0,0.0,0.0,0.0,0.0,0.0,0.0,0.0,0.0,0.0,0.0,0.0,0.0,0.0,0.0,0.0,0.0,0.0,0.0,0.0,0.0,2.0,0.0,0.0,0.0,-1.0,0.0,0.0,0.0,0.0,0.0,1.0,0.0
2024,15,2024_15_MIA_HOU,2024-12-15,MIA,HOU,Home,8.0,2.082,-2.467838,1.611224,-1.997063,9.997063,9.0,961.330892,0.0,-0.246784,7.0,0.0,0.961331,0.0,1.0,0.0,0.0,0.0,0.0,0.0,0.0,4.0,0.0,0.0,0.0,0.0,0.0,0.0,4.0,0.0,0.0,0.0,0.0,0.0,0.0,0.0,0.0,0.0,0.0,0.0,0.0,0.0,0.0,0.0,1.0,0.0
2024,15,2024_15_NE_ARI,2024-12-15,NE,ARI,Home,13.0,2.082,-3.762138,-3.181084,1.500947,11.499053,-2.0,2291.301337,0.0,0.318108,-7.0,1.0,2.291301,0.0,0.0,0.0,0.0,0.0,0.0,-5.0,0.0,0.0,0.0,0.0,1.0,0.0,0.0,0.0,0.0,0.0,0.0,0.0,0.0,0.0,0.0,0.0,0.0,0.0,0.0,0.0,0.0,0.0,0.0,1.0,1.0,0.0
2024,15,2024_15_NYJ_JAX,2024-12-15,NYJ,JAX,Home,-7.0,2.082,-1.044877,-2.325951,3.363074,-10.363074,3.0,839.387991,0.0,0.0,0.0,1.0,0.839388,0.0,1.0,0.0,0.0,0.0,0.0,0.0,2.0,0.0,0.0,0.0,0.0,0.0,0.0,0.0,0.0,0.0,0.0,0.0,0.0,0.0,0.0,0.0,0.0,0.0,0.0,0.0,0.0,0.0,0.0,0.0,1.0,0.0
2024,15,2024_15_PIT_PHI,2024-12-15,PIT,PHI,Home,14.0,2.082,4.296613,0.410765,5.967848,8.032152,2.0,258.690218,0.0,0.0,0.0,0.0,0.25869,0.0,0.0,0.25869,0.0,0.0,0.0,0.0,0.0,0.0,0.0,0.0,1.0,0.0,0.0,0.0,0.0,0.0,0.0,0.0,0.0,0.0,0.0,0.0,0.0,0.0,0.0,0.0,0.0,0.0,2.0,0.0,0.0,-1.0
2024,15,2024_15_TB_LAC,2024-12-15,TB,LAC,Home,-23.0,2.082,0.537316,0.512432,2.106884,-25.106884,5.0,2151.718042,0.0,0.0,0.0,0.0,2.151718,0.0,0.0,2.151718,0.0,0.0,0.0,0.0,0.0,0.0,0.0,0.0,1.0,0.0,0.0,0.0,0.0,0.0,0.0,0.0,0.0,0.0,0.0,0.0,0.0,0.0,0.0,0.0,0.0,0.0,2.0,1.0,1.0,0.0
2024,15,2024_15_WAS_NO,2024-12-15,WAS,NO,Home,-1.0,2.082,0.095627,-2.442834,4.62046,-5.62046,-4.0,972.99276,0.0,0.244283,-7.0,0.0,0.972993,0.0,1.0,0.0,0.0,0.0,0.0,-5.0,0.0,0.0,0.0,0.0,0.0,0.0,0.0,0.0,0.0,0.0,0.0,0.0,0.0,0.0,0.0,0.0,0.0,0.0,0.0,0.0,0.0,0.0,0.0,0.0,1.0,0.0
2024,16,2024_16_ARI_CAR,2024-12-22,ARI,CAR,Home,6.0,2.082,-6.803515,-3.575771,-1.145744,7.145744,0.0,1787.574105,0.0,0.0,0.0,0.0,1.787574,1.0,0.0,0.0,2.0,0.0,0.0,0.0,0.0,0.0,0.0,0.0,0.0,1.0,0.0,0.0,0.0,0.0,0.0,0.0,0.0,0.0,0.0,0.0,0.0,0.0,0.0,0.0,0.0,0.0,0.0,0.0,0.0,-1.0
2024,16,2024_16_CLE_CIN,2024-12-22,CLE,CIN,Home,18.0,2.082,2.001123,-1.576853,5.659976,12.340024,2.0,223.065569,0.0,0.0,0.0,0.0,0.223066,0.0,0.0,0.223066,0.0,0.0,0.0,0.0,0.0,0.0,0.0,0.0,0.0,0.0,0.0,0.0,0.0,0.0,0.0,0.0,0.0,0.0,0.0,0.0,0.0,0.0,-1.0,0.0,0.0,0.0,2.0,0.0,1.0,0.0
2024,16,2024_16_DEN_LAC,2024-12-19,DEN,LAC,Home,7.0,2.082,0.107724,-0.927655,3.117379,3.882621,5.0,836.807673,0.0,0.0,0.0,0.0,0.836808,0.0,1.0,0.0,0.0,1.0,0.0,0.0,0.0,0.0,0.0,0.0,0.0,0.0,0.0,2.0,0.0,0.0,0.0,0.0,0.0,0.0,2.0,0.0,0.0,1.0,-1.0,0.0,0.0,0.0,0.0,0.0,1.0,0.0
2024,16,2024_16_DET_CHI,2024-12-22,DET,CHI,Home,-17.0,2.082,-3.237011,4.762448,-5.917458,-11.082542,-4.0,236.619167,0.0,0.0,-1.0,1.0,0.236619,0.0,0.0,0.0,0.0,0.0,0.0,0.0,0.0,0.0,0.0,0.0,0.0,0.0,0.0,0.0,0.0,0.0,0.0,0.0,-4.0,0.0,0.0,0.0,0.0,0.0,-1.0,0.0,0.0,0.0,0.0,0.0,1.0,0.0
2024,16,2024_16_HOU_KC,2024-12-21,HOU,KC,Home,8.0,2.082,5.076367,-2.33613,9.494497,-1.494497,1.0,649.148596,0.0,0.0,0.0,1.0,0.649149,0.0,0.0,0.0,0.0,0.0,0.0,0.0,0.0,0.0,0.0,0.0,0.0,0.0,0.0,0.0,0.0,0.0,0.0,0.0,0.0,0.0,0.0,0.0,0.0,0.0,0.0,0.0,0.0,0.0,0.0,0.0,1.0,0.0
2024,16,2024_16_JAX_LV,2024-12-22,JAX,LV,Home,5.0,2.082,-2.460579,-1.235105,0.856526,4.143474,-1.0,1969.614358,0.0,0.0,-1.0,0.0,1.969614,1.0,0.0,0.0,0.0,0.0,0.0,0.0,0.0,0.0,0.0,0.0,0.0,0.0,0.0,0.0,0.0,0.0,0.0,0.0,0.0,0.0,0.0,0.0,0.0,0.0,0.0,0.0,0.0,0.0,0.0,0.0,0.0,-1.0
2024,16,2024_16_LA_NYJ,2024-12-22,LAR,NYJ,Home,-10.0,2.082,-2.183456,-0.603048,0.501591,-10.501591,5.0,2449.341534,0.0,0.0,-3.0,0.0,2.449342,0.0,0.0,2.449342,3.0,0.0,0.0,0.0,0.0,0.0,0.0,0.0,1.0,0.0,2.0,0.0,0.0,0.0,0.0,0.0,0.0,0.0,0.0,0.0,0.0,0.0,0.0,0.0,0.0,0.0,2.0,1.0,0.0,-1.0
2024,16,2024_16_MIN_SEA,2024-12-22,MIN,SEA,Home,-3.0,2.082,-0.497131,1.636438,-0.051569,-2.948431,5.0,1391.700371,0.0,0.0,1.0,0.0,1.3917,1.0,0.0,0.0,0.0,0.0,0.0,0.0,0.0,0.0,0.0,6.0,0.0,0.0,0.0,0.0,0.0,0.0,0.0,0.0,0.0,0.0,0.0,0.0,0.0,0.0,0.0,0.0,0.0,0.0,0.0,0.0,0.0,-1.0
2024,16,2024_16_NE_BUF,2024-12-22,NE,BUF,Home,3.0,2.082,8.253067,-3.404894,13.739961,-10.739961,0.0,386.376435,0.0,0.0,0.0,0.0,0.386376,0.0,0.0,0.386376,0.0,0.0,0.0,0.0,0.0,0.0,0.0,0.0,0.0,0.0,0.0,0.0,0.0,0.0,0.0,0.0,0.0,0.0,0.0,0.0,0.0,0.0,-1.0,0.0,0.0,0.0,2.0,0.0,0.0,-1.0
2024,16,2024_16_NO_GB,2024-12-23,NO,GB,Home,34.0,2.082,2.311348,0.045277,4.348071,29.651929,6.0,1011.35072,0.0,0.0,0.0,1.0,1.011351,0.0,1.0,0.0,0.0,0.0,0.0,0.0,0.0,0.0,0.0,0.0,0.0,0.0,0.0,0.0,0.0,2.0,0.0,0.0,0.0,0.0,0.0,3.0,0.0,0.0,0.0,0.0,0.0,0.0,0.0,0.0,1.0,0.0
2024,16,2024_16_NYG_ATL,2024-12-22,NYG,ATL,Home,27.0,2.082,-2.732954,-4.359128,3.708174,23.291826,-7.0,747.417492,0.0,0.0,-1.0,0.0,0.747417,0.0,0.0,0.0,0.0,0.0,-2.0,0.0,0.0,0.0,0.0,0.0,0.0,0.0,0.0,0.0,0.0,0.0,0.0,0.0,-4.0,0.0,0.0,0.0,0.0,0.0,0.0,0.0,0.0,0.0,0.0,0.0,0.0,-1.0
2024,16,2024_16_PHI_WAS,2024-12-22,PHI,WAS,Home,3.0,2.082,-2.341207,4.465002,-4.724209,7.724209,-2.0,113.642178,0.0,0.0,0.0,0.0,0.113642,0.0,0.0,0.0,0.0,0.0,0.0,0.0,0.0,0.0,0.0,0.0,0.0,0.0,0.0,0.0,0.0,0.0,0.0,0.0,0.0,0.0,0.0,0.0,0.0,0.0,-1.0,0.0,0.0,0.0,0.0,0.0,0.0,-1.0
2024,16,2024_16_PIT_BAL,2024-12-21,PIT,BAL,Home,17.0,2.082,5.86578,0.262912,7.684868,9.315132,0.0,197.2245,0.0,0.0,0.0,0.0,0.197225,0.0,0.0,0.197225,0.0,0.0,0.0,0.0,0.0,0.0,0.0,0.0,0.0,0.0,0.0,0.0,0.0,0.0,0.0,0.0,0.0,0.0,0.0,0.0,0.0,0.0,-1.0,0.0,0.0,0.0,2.0,0.0,0.0,-1.0
2024,16,2024_16_SF_MIA,2024-12-22,SF,MIA,Home,12.0,2.082,1.420518,6.09938,-2.596861,14.596861,1.0,2554.730945,0.0,0.0,-3.0,0.0,2.554731,0.0,0.0,0.0,0.0,0.0,0.0,0.0,0.0,0.0,0.0,0.0,1.0,0.0,0.0,0.0,0.0,0.0,0.0,0.0,0.0,0.0,0.0,0.0,0.0,0.0,0.0,0.0,0.0,0.0,0.0,1.0,0.0,-1.0
2024,16,2024_16_TB_DAL,2024-12-22,TB,DAL,Home,2.0,2.082,4.03323,0.968979,5.146251,-3.146251,13.0,929.222419,0.0,0.0,0.0,0.0,0.929222,0.0,1.0,0.929222,0.0,1.0,0.0,0.0,0.0,0.0,0.0,0.0,0.0,0.0,0.0,0.0,0.0,0.0,0.0,0.0,0.0,4.0,0.0,0.0,6.0,0.0,0.0,0.0,0.0,0.0,2.0,0.0,1.0,0.0
2024,16,2024_16_TEN_IND,2024-12-22,TEN,IND,Home,8.0,2.082,-4.372819,-4.66234,2.371521,5.628479,0.0,250.486953,0.0,0.0,0.0,0.0,0.250487,0.0,0.0,0.0,1.0,0.0,0.0,0.0,0.0,0.0,0.0,0.0,0.0,0.0,0.0,0.0,0.0,0.0,0.0,0.0,0.0,0.0,0.0,0.0,0.0,0.0,-1.0,0.0,0.0,0.0,0.0,0.0,1.0,0.0
2024,17,2024_17_ARI_LA,2024-12-28,ARI,LAR,Home,4.0,2.082,-0.459491,-3.702279,5.324788,-1.324788,3.0,350.319259,0.0,0.0,0.0,0.0,0.350319,0.0,0.0,0.0,0.0,1.0,0.0,0.0,2.0,0.0,0.0,0.0,0.0,0.0,0.0,0.0,0.0,0.0,0.0,0.0,0.0,0.0,0.0,0.0,0.0,1.0,-1.0,0.0,0.0,0.0,0.0,0.0,1.0,0.0
2024,17,2024_17_ATL_WAS,2024-12-29,ATL,WAS,Home,6.0,2.082,-2.275571,-2.36777,2.174199,3.825801,13.0,549.818311,0.0,0.0,0.0,1.0,0.549818,0.0,0.0,0.549818,0.0,0.0,0.0,0.0,0.0,0.0,0.0,0.0,0.0,0.0,0.0,0.0,0.0,0.0,0.0,0.0,0.0,4.0,0.0,0.0,6.0,0.0,0.0,0.0,0.0,0.0,2.0,0.0,1.0,0.0
2024,17,2024_17_BAL_HOU,2024-12-25,BAL,HOU,Home,-29.0,2.082,-2.316399,6.001105,-6.235504,-22.764496,1.0,1254.826668,0.0,0.0,0.0,0.0,1.254827,1.0,0.0,0.0,0.0,0.0,0.0,0.0,0.0,0.0,0.0,0.0,0.0,0.0,0.0,0.0,0.0,0.0,0.0,0.0,0.0,0.0,0.0,0.0,0.0,0.0,0.0,0.0,0.0,0.0,0.0,0.0,1.0,0.0
2024,17,2024_17_CAR_TB,2024-12-29,CAR,TB,Home,34.0,2.082,1.027666,-6.69623,9.805896,24.194104,2.0,510.22365,0.0,0.0,0.0,0.0,0.510224,0.0,0.0,0.0,0.0,0.0,0.0,0.0,0.0,4.0,0.0,0.0,0.0,0.0,0.0,0.0,0.0,0.0,0.0,0.0,0.0,0.0,0.0,0.0,0.0,0.0,-1.0,0.0,0.0,0.0,0.0,0.0,0.0,-1.0
2024,17,2024_17_DAL_PHI,2024-12-29,DAL,PHI,Home,34.0,2.082,4.301177,3.948939,2.434238,31.565762,0.0,1312.507638,0.0,0.0,0.0,1.0,1.312508,1.0,0.0,0.0,1.0,0.0,0.0,0.0,0.0,0.0,0.0,0.0,0.0,0.0,0.0,0.0,0.0,0.0,0.0,0.0,0.0,0.0,0.0,0.0,0.0,0.0,-1.0,0.0,0.0,0.0,0.0,0.0,1.0,0.0
2024,17,2024_17_DEN_CIN,2024-12-28,DEN,CIN,Home,6.0,2.082,2.190103,-0.977767,5.249871,0.750129,1.0,1092.95172,0.0,0.0,-3.0,0.0,1.092952,0.0,1.0,0.0,0.0,0.0,0.0,0.0,0.0,0.0,0.0,0.0,0.0,0.0,0.0,0.0,0.0,0.0,0.0,0.0,0.0,0.0,0.0,0.0,0.0,0.0,0.0,0.0,0.0,0.0,0.0,0.0,1.0,0.0
2024,17,2024_17_DET_SF,2024-12-30,DET,SF,Home,-6.0,2.082,5.845171,4.993745,2.933426,-8.933426,10.0,2073.607984,0.0,0.0,0.0,1.0,2.073608,0.0,0.0,0.0,0.0,3.0,0.0,0.0,0.0,0.0,0.0,0.0,0.0,0.0,0.0,0.0,0.0,2.0,0.0,0.0,0.0,0.0,0.0,0.0,6.0,0.0,0.0,0.0,0.0,0.0,0.0,1.0,1.0,0.0
2024,17,2024_17_GB_MIN,2024-12-29,GB,MIN,Home,2.0,2.082,1.713067,2.828803,0.966264,1.033736,8.0,257.029197,0.0,0.0,1.0,0.0,0.257029,0.0,0.0,0.257029,0.0,0.0,0.0,0.0,0.0,0.0,0.0,6.0,0.0,0.0,0.0,0.0,0.0,0.0,0.0,0.0,0.0,0.0,0.0,0.0,0.0,0.0,-1.0,0.0,0.0,0.0,2.0,0.0,1.0,0.0
2024,17,2024_17_IND_NYG,2024-12-29,IND,NYG,Home,12.0,2.082,-4.770127,-4.274219,1.586092,10.413908,4.0,640.802851,0.0,0.0,0.0,0.0,0.640803,0.0,0.0,0.640803,0.0,0.0,0.0,0.0,0.0,0.0,0.0,0.0,1.0,0.0,0.0,2.0,0.0,0.0,0.0,0.0,0.0,0.0,0.0,0.0,0.0,0.0,0.0,0.0,0.0,0.0,2.0,0.0,0.0,-1.0
2024,17,2024_17_KC_PIT,2024-12-25,KC,PIT,Home,-19.0,2.082,0.114457,5.067747,-2.871289,-16.128711,-1.0,773.752598,0.0,0.0,0.0,0.0,0.773753,0.0,1.0,0.0,1.0,0.0,0.0,0.0,0.0,0.0,0.0,0.0,0.0,0.0,0.0,0.0,0.0,0.0,0.0,0.0,0.0,0.0,0.0,0.0,0.0,0.0,0.0,0.0,0.0,0.0,0.0,0.0,0.0,-1.0
2024,17,2024_17_LAC_NE,2024-12-28,LAC,NE,Home,-33.0,2.082,-3.231174,0.188515,-1.337689,-31.662311,2.0,2589.421676,0.0,0.0,-3.0,0.0,2.589422,0.0,0.0,0.0,3.0,0.0,0.0,0.0,0.0,0.0,0.0,0.0,0.0,0.0,2.0,0.0,0.0,0.0,0.0,0.0,0.0,0.0,0.0,0.0,0.0,0.0,0.0,0.0,0.0,0.0,0.0,1.0,0.0,-1.0
2024,17,2024_17_LV_NO,2024-12-29,LV,NO,Home,-15.0,2.082,-0.418525,-2.380333,4.043808,-19.043808,4.0,1509.9485,0.0,0.0,-1.0,0.0,1.509948,1.0,0.0,0.0,2.0,0.0,0.0,0.0,0.0,0.0,0.0,0.0,1.0,0.0,2.0,4.0,0.0,0.0,0.0,0.0,-4.0,0.0,0.0,0.0,0.0,0.0,0.0,0.0,0.0,0.0,0.0,0.0,1.0,0.0
2024,17,2024_17_MIA_CLE,2024-12-29,MIA,CLE,Home,-17.0,2.082,-1.801063,1.671639,-1.390702,-15.609298,-1.0,1077.497703,0.0,0.0,0.0,0.0,1.077498,0.0,1.0,0.0,0.0,0.0,0.0,0.0,0.0,0.0,0.0,0.0,0.0,0.0,0.0,0.0,0.0,0.0,0.0,0.0,0.0,0.0,0.0,0.0,0.0,0.0,0.0,0.0,0.0,0.0,0.0,0.0,0.0,-1.0
2024,17,2024_17_NYJ_BUF,2024-12-29,NYJ,BUF,Home,26.0,2.082,8.093451,-2.347096,12.522547,13.477453,0.0,277.911498,0.0,0.0,0.0,0.0,0.277911,0.0,0.0,0.277911,0.0,0.0,0.0,0.0,0.0,0.0,0.0,0.0,0.0,0.0,0.0,0.0,0.0,0.0,0.0,0.0,0.0,0.0,0.0,0.0,0.0,0.0,-1.0,0.0,0.0,0.0,2.0,0.0,0.0,-1.0
2024,17,2024_17_SEA_CHI,2024-12-26,SEA,CHI,Home,-3.0,2.082,-3.36043,-0.571305,-0.707124,-2.292876,3.0,1733.964633,0.0,0.0,0.0,1.0,1.733965,1.0,0.0,0.0,0.0,0.0,0.0,0.0,0.0,0.0,0.0,0.0,0.0,0.0,0.0,0.0,0.0,0.0,0.0,0.0,0.0,0.0,2.0,0.0,0.0,0.0,0.0,0.0,0.0,0.0,0.0,0.0,1.0,0.0
2024,17,2024_17_TEN_JAX,2024-12-29,TEN,JAX,Home,7.0,2.082,-1.306392,-4.729415,5.505024,1.494976,-2.0,500.780884,0.0,0.0,0.0,0.0,0.500781,0.0,0.0,0.0,1.0,0.0,0.0,0.0,0.0,0.0,0.0,0.0,0.0,0.0,0.0,0.0,0.0,0.0,0.0,0.0,0.0,0.0,0.0,0.0,0.0,0.0,-1.0,0.0,0.0,0.0,0.0,0.0,0.0,-1.0
2024,18,2024_18_BUF_NE,2025-01-05,BUF,NE,Home,7.0,2.082,-3.747897,8.323701,-9.989598,16.989598,2.0,386.376435,0.0,0.0,1.0,0.0,0.386376,0.0,0.0,0.0,0.0,0.0,0.0,0.0,0.0,0.0,0.0,0.0,0.0,0.0,0.0,4.0,0.0,0.0,0.0,0.0,0.0,0.0,0.0,0.0,0.0,0.0,-1.0,0.0,0.0,0.0,0.0,0.0,0.0,-1.0
2024,18,2024_18_CAR_ATL,2025-01-05,CAR,ATL,Home,-6.0,2.082,-2.448685,-7.102177,6.735493,-12.735493,-6.0,226.134727,0.0,0.0,0.0,0.0,0.226135,0.0,0.0,0.0,0.0,0.0,-4.0,0.0,0.0,0.0,0.0,0.0,0.0,0.0,0.0,0.0,0.0,0.0,-2.0,0.0,0.0,0.0,0.0,0.0,0.0,0.0,-1.0,0.0,0.0,0.0,0.0,0.0,1.0,0.0
2024,18,2024_18_CHI_GB,2025-01-05,CHI,GB,Home,-2.0,2.082,2.834389,-3.410107,8.326496,-10.326496,-2.0,183.712916,0.0,0.0,-3.0,0.0,0.183713,0.0,0.0,0.0,0.0,0.0,0.0,0.0,0.0,0.0,0.0,0.0,0.0,0.0,0.0,0.0,0.0,0.0,0.0,0.0,0.0,0.0,0.0,0.0,0.0,0.0,-1.0,0.0,0.0,0.0,0.0,0.0,0.0,-1.0
2024,18,2024_18_CIN_PIT,2025-01-04,CIN,PIT,Home,-2.0,2.082,-0.154591,2.17788,-0.250471,-1.749529,12.0,256.539705,0.0,0.0,3.0,1.0,0.25654,0.0,0.0,0.0,0.0,0.0,0.0,0.0,0.0,4.0,0.0,0.0,0.0,0.0,0.0,2.0,0.0,0.0,0.0,0.0,0.0,0.0,0.0,0.0,6.0,0.0,-1.0,0.0,0.0,0.0,0.0,0.0,1.0,0.0
2024,18,2024_18_CLE_BAL,2025-01-04,CLE,BAL,Home,25.0,2.082,6.365926,-2.068542,10.516468,14.483532,-2.0,308.262006,0.0,0.0,4.0,0.0,0.308262,0.0,0.0,0.0,0.0,0.0,0.0,0.0,0.0,0.0,0.0,0.0,0.0,0.0,0.0,0.0,0.0,0.0,0.0,0.0,0.0,0.0,0.0,0.0,0.0,0.0,-1.0,0.0,0.0,0.0,0.0,0.0,0.0,-1.0
2024,18,2024_18_HOU_TEN,2025-01-05,HOU,TEN,Home,-9.0,2.082,-4.772047,-2.723614,0.033568,-9.033568,-4.0,671.468776,0.0,0.0,-4.0,1.0,0.671469,0.0,0.0,0.0,0.0,0.0,-4.0,0.0,0.0,0.0,0.0,0.0,0.0,0.0,0.0,0.0,0.0,0.0,0.0,0.0,0.0,0.0,0.0,0.0,0.0,0.0,-1.0,0.0,0.0,0.0,0.0,0.0,1.0,0.0
2024,18,2024_18_JAX_IND,2025-01-05,JAX,IND,Home,3.0,2.082,-4.504405,-1.310696,-1.11171,4.11171,0.0,700.191122,0.0,0.0,0.0,0.0,0.700191,0.0,0.0,0.0,0.0,0.0,0.0,0.0,0.0,0.0,0.0,0.0,0.0,0.0,0.0,0.0,0.0,0.0,0.0,0.0,0.0,0.0,0.0,0.0,0.0,0.0,-1.0,0.0,0.0,0.0,0.0,0.0,1.0,0.0
2024,18,2024_18_KC_DEN,2025-01-05,KC,DEN,Home,38.0,2.082,-0.910361,5.43637,-4.264731,42.264731,-2.0,564.281843,1.0,0.0,-3.0,0.0,0.564282,0.0,0.0,0.564282,0.0,0.0,0.0,0.0,0.0,0.0,0.0,0.0,0.0,0.0,0.0,0.0,0.0,0.0,-2.0,0.0,0.0,0.0,0.0,0.0,0.0,0.0,-1.0,0.0,0.0,0.0,2.0,0.0,0.0,-1.0
2024,18,2024_18_LAC_LV,2025-01-05,LAC,LV,Home,-14.0,2.082,-2.005717,0.770328,-0.694045,-13.305955,0.0,231.708179,0.0,0.0,-1.0,1.0,0.231708,0.0,0.0,0.0,0.0,0.0,0.0,0.0,0.0,0.0,0.0,0.0,0.0,0.0,0.0,0.0,0.0,0.0,0.0,0.0,0.0,0.0,0.0,0.0,0.0,0.0,-1.0,0.0,0.0,0.0,0.0,0.0,1.0,0.0
2024,18,2024_18_MIA_NYJ,2025-01-05,MIA,NYJ,Home,12.0,2.082,-2.590523,1.904451,-2.412974,14.412974,4.0,1085.511258,0.0,0.0,0.0,0.0,1.085511,0.0,1.0,1.085511,0.0,0.0,0.0,0.0,0.0,0.0,0.0,0.0,0.0,0.0,0.0,2.0,0.0,0.0,0.0,0.0,0.0,0.0,0.0,0.0,0.0,0.0,-1.0,0.0,0.0,0.0,2.0,0.0,1.0,0.0
2024,18,2024_18_MIN_DET,2025-01-05,MIN,DET,Home,22.0,2.082,5.139726,1.733661,5.488065,16.511935,1.0,541.488485,0.0,0.0,-1.0,0.0,0.541488,0.0,0.0,0.0,0.0,0.0,0.0,0.0,0.0,0.0,0.0,0.0,0.0,0.0,0.0,0.0,0.0,0.0,0.0,0.0,-4.0,4.0,0.0,3.0,0.0,0.0,-1.0,0.0,0.0,0.0,0.0,0.0,0.0,-1.0
2024,18,2024_18_NO_TB,2025-01-05,NO,TB,Home,8.0,2.082,1.393658,-0.749231,4.224889,3.775111,0.0,477.877282,0.0,0.0,0.0,1.0,0.477877,0.0,0.0,0.0,1.0,0.0,0.0,0.0,0.0,0.0,0.0,0.0,0.0,0.0,0.0,0.0,0.0,0.0,0.0,0.0,0.0,0.0,0.0,0.0,0.0,0.0,-1.0,0.0,0.0,0.0,0.0,0.0,1.0,0.0
2024,18,2024_18_NYG_PHI,2025-01-05,NYG,PHI,Home,7.0,2.082,4.787333,-4.624179,11.493512,-4.493512,0.0,85.370877,0.0,0.0,0.0,1.0,0.085371,0.0,0.0,0.0,0.0,0.0,0.0,0.0,0.0,0.0,0.0,0.0,0.0,0.0,0.0,0.0,0.0,0.0,0.0,0.0,0.0,0.0,0.0,0.0,0.0,0.0,-1.0,0.0,0.0,0.0,0.0,0.0,1.0,0.0
2024,18,2024_18_SEA_LA,2025-01-05,SEA,LAR,Home,-5.0,2.082,-0.481133,-0.532909,2.133775,-7.133775,-2.0,965.0728,0.0,0.0,-2.0,0.0,0.965073,0.0,1.0,0.0,0.0,0.0,0.0,0.0,0.0,0.0,0.0,0.0,0.0,0.0,0.0,0.0,0.0,0.0,0.0,0.0,0.0,0.0,0.0,0.0,0.0,0.0,-1.0,0.0,0.0,0.0,0.0,0.0,0.0,-1.0
2024,18,2024_18_SF_ARI,2025-01-05,SF,ARI,Home,23.0,2.082,-3.68055,5.722722,-7.321271,30.321271,4.0,607.928175,0.0,0.0,2.0,0.0,0.607928,0.0,0.0,0.0,0.0,0.0,0.0,0.0,0.0,0.0,0.0,6.0,0.0,0.0,0.0,0.0,0.0,0.0,0.0,0.0,0.0,0.0,0.0,0.0,0.0,0.0,-1.0,0.0,0.0,0.0,0.0,0.0,0.0,-1.0
2024,18,2024_18_WAS_DAL,2025-01-05,WAS,DAL,Home,-4.0,2.082,3.451923,-2.224704,7.758627,-11.758627,8.0,1207.360458,0.0,0.0,0.0,0.0,1.20736,0.0,1.0,0.0,0.0,0.0,0.0,0.0,0.0,4.0,0.0,0.0,0.0,0.0,0.0,4.0,0.0,0.0,0.0,0.0,0.0,0.0,0.0,0.0,0.0,0.0,-1.0,0.0,0.0,0.0,0.0,0.0,1.0,0.0
2025,1,2025_01_ARI_NO,2025-09-07,ARI,NO,Home,-7.0,2.082,-0.647755,-2.11654,3.550785,-10.550785,2.0,1323.924177,0.0,0.0,0.0,0.0,1.323924,1.0,0.0,0.0,1.0,0.0,0.0,0.0,0.0,0.0,0.0,0.0,0.0,1.0,0.0,0.0,0.0,0.0,0.0,0.0,0.0,0.0,0.0,0.0,0.0,0.0,0.0,0.0,0.0,0.0,0.0,0.0,1.0,0.0
2025,1,2025_01_BAL_BUF,2025-09-07,BAL,BUF,Home,1.0,2.082,6.61329,8.62781,0.067479,0.932521,11.0,266.554138,0.0,0.0,0.0,0.0,0.266554,0.0,0.0,0.0,0.0,0.0,0.0,0.0,0.0,0.0,0.0,0.0,0.0,0.0,0.0,0.0,0.0,0.0,0.0,0.0,0.0,4.0,0.0,0.0,6.0,0.0,0.0,0.0,0.0,0.0,0.0,0.0,1.0,0.0
2025,1,2025_01_CAR_JAX,2025-09-07,CAR,JAX,Home,16.0,2.082,-2.831119,-8.83172,8.082601,7.917399,0.0,341.737424,0.0,0.0,0.0,0.0,0.341737,0.0,0.0,0.0,0.0,0.0,0.0,0.0,0.0,0.0,0.0,0.0,1.0,0.0,0.0,0.0,0.0,0.0,0.0,0.0,0.0,0.0,0.0,0.0,0.0,0.0,0.0,0.0,0.0,0.0,0.0,0.0,0.0,-1.0
2025,1,2025_01_CIN_CLE,2025-09-07,CIN,CLE,Home,-1.0,2.082,-2.819789,0.693784,-1.431573,0.431573,0.0,223.065569,0.0,0.0,0.0,1.0,0.223066,0.0,0.0,0.0,0.0,0.0,0.0,0.0,0.0,0.0,0.0,0.0,0.0,0.0,0.0,0.0,0.0,0.0,0.0,0.0,0.0,0.0,0.0,0.0,0.0,0.0,-1.0,0.0,0.0,0.0,0.0,0.0,1.0,0.0
2025,1,2025_01_DAL_PHI,2025-09-04,DAL,PHI,Home,4.0,2.082,3.441842,1.466446,4.057397,-0.057397,9.0,1312.507638,0.0,0.0,0.0,1.0,1.312508,1.0,0.0,0.0,0.0,0.0,0.0,0.0,0.0,0.0,0.0,0.0,0.0,0.0,0.0,0.0,0.0,0.0,0.0,0.0,0.0,0.0,2.0,3.0,0.0,0.0,-1.0,0.0,4.0,0.0,0.0,0.0,1.0,0.0
2025,1,2025_01_DET_GB,2025-09-07,DET,GB,Home,14.0,2.082,4.111906,7.528646,-1.334739,15.334739,0.0,292.632421,0.0,0.0,0.0,1.0,0.292632,0.0,0.0,0.0,0.0,0.0,0.0,0.0,0.0,0.0,0.0,0.0,0.0,0.0,0.0,0.0,0.0,0.0,0.0,0.0,0.0,0.0,0.0,0.0,0.0,0.0,-1.0,0.0,0.0,0.0,0.0,0.0,1.0,0.0
2025,1,2025_01_HOU_LA,2025-09-07,HOU,LAR,Home,5.0,2.082,0.659974,-0.004386,2.746361,2.253639,0.0,1374.937934,0.0,0.0,0.0,0.0,1.374938,1.0,0.0,0.0,0.0,0.0,0.0,0.0,0.0,0.0,0.0,0.0,1.0,0.0,0.0,0.0,0.0,0.0,0.0,0.0,0.0,0.0,0.0,0.0,0.0,0.0,0.0,0.0,0.0,0.0,0.0,0.0,0.0,-1.0
2025,1,2025_01_KC_LAC,2025-09-05,KC,LAC,Neutral,6.0,0.0,1.465213,3.842729,-2.377516,8.377516,3.0,,0.0,0.0,0.0,0.0,0.0,0.0,0.0,0.0,0.0,0.0,0.0,0.0,0.0,0.0,0.0,0.0,0.0,0.0,0.0,0.0,0.0,0.0,0.0,0.0,0.0,0.0,0.0,0.0,0.0,0.0,-1.0,4.0,0.0,0.0,0.0,0.0,0.0,0.0
2025,1,2025_01_LV_NE,2025-09-07,LV,NE,Home,-7.0,2.082,-5.995468,-2.319429,-1.594039,-5.405961,4.0,2364.898463,0.0,0.0,0.0,0.0,2.364898,0.0,0.0,0.0,3.0,0.0,0.0,0.0,0.0,0.0,0.0,0.0,0.0,0.0,2.0,0.0,0.0,0.0,0.0,0.0,0.0,0.0,0.0,0.0,0.0,0.0,0.0,0.0,0.0,0.0,0.0,1.0,1.0,0.0
2025,1,2025_01_MIA_IND,2025-09-07,MIA,IND,Home,25.0,2.082,-2.548608,1.34104,-1.807648,26.807648,1.0,1013.08921,0.0,0.0,0.0,0.0,1.013089,0.0,1.0,0.0,0.0,0.0,0.0,0.0,0.0,0.0,0.0,0.0,0.0,0.0,0.0,0.0,0.0,0.0,0.0,0.0,0.0,0.0,0.0,0.0,0.0,0.0,0.0,0.0,0.0,0.0,0.0,0.0,1.0,0.0
2025,1,2025_01_MIN_CHI,2025-09-08,MIN,CHI,Home,-3.0,2.082,-1.402863,2.534175,-1.855039,-1.144961,5.0,355.333612,0.0,0.0,0.0,1.0,0.355334,0.0,0.0,0.0,0.0,0.0,0.0,0.0,0.0,0.0,0.0,0.0,0.0,0.0,0.0,0.0,0.0,2.0,0.0,0.0,0.0,0.0,0.0,3.0,0.0,0.0,-1.0,0.0,0.0,0.0,0.0,0.0,1.0,0.0
2025,1,2025_01_NYG_WAS,2025-09-07,NYG,WAS,Home,15.0,2.082,-2.749851,-6.621367,5.953515,9.046485,0.0,198.052961,0.0,0.0,0.0,1.0,0.198053,0.0,0.0,0.0,0.0,0.0,0.0,0.0,0.0,0.0,0.0,0.0,0.0,0.0,0.0,0.0,0.0,0.0,0.0,0.0,0.0,0.0,0.0,0.0,0.0,0.0,-1.0,0.0,0.0,0.0,0.0,0.0,1.0,0.0
2025,1,2025_01_PIT_NYJ,2025-09-07,PIT,NYJ,Home,-2.0,2.082,-3.738106,0.40645,-2.062556,0.062556,1.0,312.511678,0.0,0.0,0.0,0.0,0.312512,0.0,0.0,0.0,0.0,0.0,0.0,0.0,0.0,0.0,0.0,0.0,0.0,0.0,0.0,0.0,0.0,0.0,0.0,0.0,0.0,0.0,0.0,0.0,0.0,0.0,0.0,0.0,0.0,0.0,0.0,0.0,1.0,0.0
2025,1,2025_01_SF_SEA,2025-09-07,SF,SEA,Home,-4.0,2.082,-0.531013,3.870245,-2.319258,-1.680742,0.0,704.452846,0.0,0.0,0.0,0.0,0.704453,0.0,0.0,0.0,0.0,0.0,0.0,0.0,0.0,0.0,0.0,0.0,0.0,0.0,0.0,0.0,0.0,0.0,0.0,0.0,0.0,0.0,0.0,0.0,0.0,0.0,-1.0,0.0,0.0,0.0,0.0,0.0,1.0,0.0
2025,1,2025_01_TB_ATL,2025-09-07,TB,ATL,Home,-3.0,2.082,-2.805845,3.02522,-3.749064,0.749064,0.0,414.852675,0.0,0.0,0.0,0.0,0.414853,0.0,0.0,0.0,0.0,0.0,0.0,0.0,0.0,0.0,0.0,0.0,0.0,0.0,0.0,0.0,0.0,0.0,0.0,0.0,0.0,0.0,0.0,0.0,0.0,0.0,-1.0,0.0,0.0,0.0,0.0,0.0,1.0,0.0
2025,1,2025_01_TEN_DEN,2025-09-07,TEN,DEN,Home,8.0,2.082,1.576264,-5.241174,8.899437,-0.899437,-1.0,1022.457446,1.0,0.0,0.0,0.0,1.022457,0.0,1.0,0.0,0.0,0.0,0.0,0.0,0.0,0.0,0.0,0.0,0.0,0.0,0.0,0.0,0.0,0.0,0.0,0.0,0.0,0.0,0.0,0.0,0.0,0.0,0.0,0.0,0.0,0.0,0.0,0.0,0.0,-1.0
2025,2,2025_02_ATL_MIN,2025-09-14,ATL,MIN,Home,-16.0,2.082,2.576093,-2.803051,7.461144,-23.461144,5.0,906.809374,0.0,0.0,-1.0,0.0,0.906809,0.0,1.0,0.0,0.0,1.0,0.0,0.0,0.0,0.0,0.0,0.0,0.0,0.0,0.0,0.0,0.0,0.0,0.0,0.0,-4.0,4.0,0.0,0.0,6.0,0.0,0.0,0.0,0.0,0.0,0.0,0.0,0.0,-1.0
2025,2,2025_02_BUF_NYJ,2025-09-14,BUF,NYJ,Home,-20.0,2.082,-3.778711,6.581264,-8.277976,-11.722024,-2.0,277.911498,0.0,0.0,0.0,0.0,0.277911,0.0,0.0,0.0,0.0,0.0,0.0,0.0,0.0,0.0,0.0,0.0,0.0,0.0,0.0,0.0,0.0,0.0,0.0,0.0,0.0,0.0,0.0,0.0,0.0,0.0,-1.0,0.0,0.0,0.0,0.0,0.0,0.0,-1.0
2025,2,2025_02_CAR_ARI,2025-09-14,CAR,ARI,Home,5.0,2.082,-1.884254,-9.025593,9.223339,-4.223339,-1.0,1787.574105,0.0,0.0,0.0,0.0,1.787574,1.0,0.0,0.0,0.0,0.0,0.0,0.0,0.0,0.0,0.0,0.0,0.0,0.0,0.0,0.0,0.0,0.0,0.0,0.0,0.0,0.0,0.0,0.0,0.0,0.0,0.0,0.0,0.0,0.0,0.0,0.0,0.0,-1.0
2025,2,2025_02_CHI_DET,2025-09-14,CHI,DET,Home,31.0,2.082,7.226763,-1.399182,10.707945,20.292055,6.0,236.619167,0.0,0.0,1.0,0.0,0.236619,0.0,0.0,0.0,1.0,0.0,0.0,0.0,0.0,0.0,0.0,6.0,0.0,0.0,0.0,0.0,0.0,0.0,0.0,0.0,0.0,0.0,0.0,0.0,0.0,0.0,-1.0,0.0,0.0,0.0,0.0,0.0,1.0,0.0
2025,2,2025_02_CLE_BAL,2025-09-14,CLE,BAL,Home,24.0,2.082,8.620961,-2.793845,13.496806,10.503194,-2.0,308.262006,0.0,0.0,0.0,0.0,0.308262,0.0,0.0,0.0,0.0,0.0,0.0,0.0,0.0,0.0,0.0,0.0,0.0,0.0,0.0,0.0,0.0,0.0,0.0,0.0,0.0,0.0,0.0,0.0,0.0,0.0,-1.0,0.0,0.0,0.0,0.0,0.0,0.0,-1.0
2025,2,2025_02_DEN_IND,2025-09-14,DEN,IND,Home,1.0,2.082,-1.942779,1.552648,-1.413426,2.413426,1.0,999.789633,0.0,0.0,0.0,0.0,0.99979,0.0,1.0,0.0,0.0,0.0,0.0,0.0,0.0,0.0,0.0,0.0,0.0,0.0,0.0,0.0,0.0,0.0,0.0,0.0,0.0,0.0,0.0,0.0,0.0,0.0,0.0,0.0,0.0,0.0,0.0,0.0,1.0,0.0
2025,2,2025_02_JAX_CIN,2025-09-14,JAX,CIN,Home,4.0,2.082,0.706454,-2.616989,5.405443,-1.405443,1.0,627.618182,0.0,0.0,0.0,0.0,0.627618,0.0,0.0,0.0,0.0,0.0,0.0,0.0,0.0,0.0,0.0,0.0,0.0,0.0,0.0,0.0,0.0,0.0,0.0,0.0,0.0,0.0,0.0,0.0,0.0,0.0,0.0,0.0,0.0,0.0,0.0,0.0,1.0,0.0
2025,2,2025_02_LAC_LV,2025-09-15,LAC,LV,Home,-11.0,2.082,-2.225812,1.621817,-1.765629,-9.234371,2.0,231.708179,0.0,0.0,-2.0,1.0,0.231708,0.0,0.0,0.0,0.0,0.0,0.0,0.0,0.0,0.0,0.0,0.0,0.0,0.0,0.0,0.0,0.0,2.0,0.0,0.0,0.0,0.0,0.0,0.0,0.0,0.0,-1.0,0.0,0.0,0.0,0.0,0.0,1.0,0.0
2025,2,2025_02_LA_TEN,2025-09-14,LAR,TEN,Home,-14.0,2.082,-5.174033,0.729062,-3.821095,-10.178905,4.0,1784.06098,0.0,0.0,0.0,1.0,1.784061,1.0,0.0,0.0,2.0,0.0,0.0,0.0,0.0,0.0,0.0,0.0,1.0,0.0,2.0,0.0,0.0,0.0,0.0,0.0,0.0,0.0,0.0,0.0,0.0,0.0,0.0,0.0,0.0,0.0,0.0,0.0,1.0,0.0
2025,2,2025_02_NE_MIA,2025-09-14,NE,MIA,Home,-6.0,2.082,0.745105,-6.140984,8.968089,-14.968089,2.0,1225.685856,0.0,0.0,0.0,1.0,1.225686,0.0,1.0,0.0,0.0,0.0,0.0,0.0,0.0,0.0,0.0,0.0,0.0,0.0,0.0,2.0,0.0,0.0,0.0,0.0,0.0,0.0,0.0,0.0,0.0,0.0,-1.0,0.0,0.0,0.0,0.0,0.0,1.0,0.0
2025,2,2025_02_NYG_DAL,2025-09-14,NYG,DAL,Home,3.0,2.082,1.427744,-6.820399,10.330144,-7.330144,-2.0,1385.055729,0.0,0.0,3.0,0.0,1.385056,1.0,0.0,0.0,0.0,0.0,0.0,0.0,0.0,0.0,0.0,0.0,0.0,0.0,0.0,0.0,0.0,0.0,0.0,0.0,0.0,0.0,0.0,0.0,0.0,0.0,-1.0,0.0,0.0,0.0,0.0,0.0,0.0,-1.0
2025,2,2025_02_PHI_KC,2025-09-14,PHI,KC,Home,-3.0,2.082,3.651234,3.42172,2.311514,-5.311514,-4.0,1029.880967,0.0,0.0,-1.0,0.0,1.029881,0.0,1.0,0.0,0.0,0.0,0.0,0.0,0.0,0.0,0.0,0.0,1.0,0.0,0.0,0.0,0.0,0.0,0.0,0.0,0.0,0.0,0.0,0.0,0.0,0.0,0.0,-2.0,-2.0,0.0,0.0,0.0,0.0,-1.0
2025,2,2025_02_SEA_PIT,2025-09-14,SEA,PIT,Home,-14.0,2.082,0.453037,-0.569774,3.104811,-17.104811,5.0,2131.54251,0.0,0.0,0.0,1.0,2.131543,0.0,0.0,0.0,3.0,0.0,0.0,0.0,0.0,0.0,0.0,0.0,1.0,0.0,2.0,0.0,0.0,0.0,0.0,0.0,0.0,0.0,0.0,0.0,0.0,0.0,0.0,0.0,0.0,0.0,0.0,1.0,1.0,0.0
2025,2,2025_02_SF_NO,2025-09-14,SF,NO,Home,-5.0,2.082,-0.885229,3.913786,-2.717015,-2.282985,3.0,1894.371265,0.0,0.0,0.0,0.0,1.894371,1.0,0.0,0.0,2.0,0.0,0.0,0.0,0.0,0.0,0.0,0.0,0.0,0.0,2.0,0.0,0.0,0.0,0.0,0.0,0.0,0.0,0.0,0.0,0.0,0.0,0.0,0.0,0.0,0.0,0.0,0.0,1.0,0.0
2025,2,2025_02_TB_HOU,2025-09-15,TB,HOU,Home,-1.0,2.082,-0.000821,2.98258,-0.901401,-0.098599,10.0,789.712128,0.0,0.0,0.0,0.0,0.789712,0.0,1.0,0.0,0.0,1.0,0.0,0.0,0.0,0.0,0.0,0.0,1.0,0.0,0.0,0.0,0.0,2.0,0.0,0.0,0.0,0.0,0.0,0.0,6.0,0.0,0.0,0.0,0.0,0.0,0.0,0.0,1.0,0.0
2025,2,2025_02_WAS_GB,2025-09-11,WAS,GB,Home,9.0,2.082,4.433571,-2.582381,9.097952,-0.097952,7.0,694.00558,0.0,0.0,0.0,0.0,0.694006,0.0,0.0,0.0,0.0,1.0,0.0,0.0,0.0,0.0,0.0,0.0,0.0,0.0,0.0,0.0,0.0,0.0,0.0,0.0,0.0,0.0,2.0,0.0,6.0,0.0,0.0,0.0,0.0,0.0,0.0,0.0,0.0,-1.0
2025,3,2025_03_ARI_SF,2025-09-21,ARI,SF,Home,1.0,2.082,3.998726,-1.922559,8.003285,-7.003285,-2.0,607.928175,0.0,0.0,0.0,0.0,0.607928,0.0,0.0,0.0,0.0,0.0,0.0,0.0,0.0,0.0,0.0,0.0,0.0,0.0,0.0,0.0,0.0,0.0,0.0,0.0,0.0,0.0,0.0,0.0,0.0,0.0,-1.0,0.0,0.0,0.0,0.0,0.0,0.0,-1.0
2025,3,2025_03_ATL_CAR,2025-09-21,ATL,CAR,Home,30.0,2.082,-8.908849,-2.297717,-4.529132,34.529132,0.0,226.134727,0.0,0.0,0.0,1.0,0.226135,0.0,0.0,0.0,0.0,0.0,0.0,0.0,0.0,0.0,0.0,0.0,0.0,0.0,0.0,0.0,0.0,0.0,0.0,0.0,0.0,0.0,0.0,0.0,0.0,0.0,-1.0,0.0,0.0,0.0,0.0,0.0,1.0,0.0
2025,3,2025_03_CIN_MIN,2025-09-21,CIN,MIN,Home,38.0,2.082,2.069538,0.631196,3.520342,34.479658,0.0,604.511452,0.0,0.0,0.0,0.0,0.604511,0.0,0.0,0.0,0.0,0.0,0.0,0.0,0.0,0.0,0.0,0.0,1.0,0.0,0.0,0.0,0.0,0.0,0.0,0.0,0.0,0.0,0.0,0.0,0.0,0.0,0.0,0.0,0.0,0.0,0.0,0.0,0.0,-1.0
2025,3,2025_03_DAL_CHI,2025-09-21,DAL,CHI,Home,17.0,2.082,-1.851997,1.345803,-1.1158,18.1158,9.0,816.18237,0.0,0.0,0.0,1.0,0.816182,0.0,1.0,0.0,0.0,0.0,0.0,0.0,0.0,4.0,0.0,0.0,0.0,0.0,0.0,4.0,0.0,0.0,0.0,0.0,0.0,0.0,0.0,0.0,0.0,0.0,0.0,0.0,0.0,0.0,0.0,0.0,1.0,0.0
2025,3,2025_03_DEN_LAC,2025-09-21,DEN,LAC,Home,3.0,2.082,1.771635,1.462222,2.391413,0.608587,-4.0,836.807673,0.0,0.0,-1.0,0.0,0.836808,0.0,1.0,0.0,0.0,0.0,0.0,0.0,0.0,0.0,0.0,0.0,0.0,0.0,0.0,0.0,0.0,0.0,0.0,0.0,-4.0,0.0,0.0,0.0,0.0,0.0,-1.0,0.0,0.0,0.0,0.0,0.0,1.0,0.0
2025,3,2025_03_DET_BAL,2025-09-22,DET,BAL,Home,-8.0,2.082,8.81476,7.624634,3.272126,-11.272126,10.0,396.795381,0.0,0.0,0.0,1.0,0.396795,0.0,0.0,0.0,0.0,0.0,0.0,0.0,0.0,0.0,0.0,0.0,1.0,0.0,0.0,0.0,0.0,2.0,0.0,0.0,0.0,0.0,0.0,0.0,6.0,0.0,0.0,0.0,0.0,0.0,0.0,0.0,1.0,0.0
2025,3,2025_03_GB_CLE,2025-09-21,GB,CLE,Home,3.0,2.082,-3.069166,4.40708,-5.394247,8.394247,2.0,382.171213,0.0,0.0,-3.0,0.0,0.382171,0.0,0.0,0.0,1.0,0.0,0.0,0.0,0.0,0.0,0.0,0.0,1.0,0.0,0.0,2.0,0.0,0.0,0.0,0.0,0.0,0.0,0.0,0.0,0.0,0.0,0.0,0.0,0.0,0.0,0.0,0.0,0.0,-1.0
2025,3,2025_03_HOU_JAX,2025-09-21,HOU,JAX,Home,7.0,2.082,-2.620024,-0.034761,-0.503263,7.503263,6.0,824.794909,0.0,0.0,1.0,1.0,0.824795,0.0,1.0,0.0,1.0,0.0,0.0,0.0,0.0,0.0,0.0,6.0,0.0,0.0,0.0,0.0,0.0,0.0,0.0,0.0,0.0,0.0,0.0,0.0,0.0,0.0,-1.0,0.0,0.0,0.0,0.0,0.0,1.0,0.0
2025,3,2025_03_IND_TEN,2025-09-21,IND,TEN,Home,-21.0,2.082,-5.405656,-1.930375,-1.393281,-19.606719,0.0,250.486953,0.0,0.0,0.0,1.0,0.250487,0.0,0.0,0.0,0.0,0.0,0.0,0.0,0.0,0.0,0.0,0.0,0.0,0.0,0.0,0.0,0.0,0.0,0.0,0.0,0.0,0.0,0.0,0.0,0.0,0.0,-1.0,0.0,0.0,0.0,0.0,0.0,1.0,0.0
2025,3,2025_03_KC_NYG,2025-09-21,KC,NYG,Home,-13.0,2.082,-6.634737,3.521153,-8.07389,-4.92611,9.0,1085.692478,0.0,0.0,0.0,0.0,1.085692,0.0,1.0,0.0,0.0,0.0,0.0,0.0,0.0,0.0,0.0,0.0,1.0,0.0,0.0,0.0,0.0,0.0,-2.0,0.0,0.0,4.0,0.0,3.0,0.0,0.0,0.0,2.0,0.0,0.0,0.0,0.0,1.0,0.0
2025,3,2025_03_LA_PHI,2025-09-21,LAR,PHI,Home,7.0,2.082,3.561593,0.974445,4.669148,2.330852,8.0,2396.024772,0.0,0.0,0.0,1.0,2.396025,0.0,0.0,0.0,3.0,0.0,0.0,0.0,0.0,0.0,0.0,0.0,0.0,0.0,2.0,0.0,0.0,0.0,0.0,0.0,0.0,0.0,0.0,0.0,0.0,0.0,0.0,0.0,2.0,2.0,0.0,1.0,1.0,0.0
2025,3,2025_03_LV_WAS,2025-09-21,LV,WAS,Home,17.0,2.082,-2.552077,-2.447376,1.977299,15.022701,9.0,2094.049331,0.0,0.0,4.0,0.0,2.094049,0.0,0.0,0.0,3.0,0.0,0.0,0.0,0.0,0.0,0.0,6.0,1.0,0.0,2.0,0.0,0.0,0.0,0.0,0.0,0.0,0.0,0.0,0.0,0.0,0.0,0.0,0.0,0.0,0.0,0.0,1.0,0.0,-1.0
2025,3,2025_03_MIA_BUF,2025-09-18,MIA,BUF,Home,10.0,2.082,6.842143,0.438737,8.485406,1.514594,8.0,1164.757936,0.0,0.0,0.0,0.0,1.164758,0.0,1.0,0.0,0.0,0.0,0.0,0.0,0.0,0.0,0.0,0.0,0.0,0.0,0.0,0.0,0.0,0.0,0.0,0.0,0.0,0.0,2.0,0.0,6.0,0.0,-1.0,0.0,0.0,0.0,0.0,0.0,1.0,0.0
2025,3,2025_03_NO_SEA,2025-09-21,NO,SEA,Home,31.0,2.082,-0.160717,-0.876908,2.798191,28.201809,0.0,2098.092308,0.0,0.0,0.0,0.0,2.098092,0.0,0.0,0.0,0.0,0.0,0.0,0.0,0.0,0.0,0.0,0.0,0.0,0.0,0.0,0.0,0.0,0.0,0.0,0.0,0.0,0.0,0.0,0.0,0.0,0.0,0.0,0.0,0.0,0.0,0.0,1.0,0.0,-1.0
2025,3,2025_03_NYJ_TB,2025-09-21,NYJ,TB,Home,2.0,2.082,3.059656,-4.033439,9.175095,-7.175095,-4.0,1007.584684,0.0,0.0,-1.0,1.0,1.007585,0.0,1.0,0.0,0.0,0.0,-2.0,0.0,0.0,0.0,0.0,0.0,1.0,0.0,0.0,0.0,0.0,0.0,0.0,0.0,-4.0,0.0,0.0,0.0,0.0,0.0,0.0,0.0,0.0,0.0,0.0,0.0,1.0,0.0
2025,3,2025_03_PIT_NE,2025-09-21,PIT,NE,Home,-7.0,2.082,-5.847222,0.070256,-3.835478,-3.164522,1.0,468.229207,0.0,0.0,0.0,0.0,0.468229,0.0,0.0,0.0,0.0,0.0,0.0,0.0,0.0,0.0,0.0,0.0,0.0,0.0,0.0,0.0,0.0,0.0,0.0,0.0,0.0,0.0,0.0,0.0,0.0,0.0,0.0,0.0,0.0,0.0,0.0,0.0,1.0,0.0
2025,4,2025_04_BAL_KC,2025-09-28,BAL,KC,Home,17.0,2.082,3.570493,8.515721,-2.863228,19.863228,3.0,955.425332,0.0,0.0,1.0,0.0,0.955425,0.0,1.0,0.0,0.0,0.0,0.0,0.0,0.0,0.0,0.0,6.0,0.0,0.0,0.0,0.0,0.0,0.0,0.0,0.0,0.0,0.0,0.0,0.0,0.0,0.0,0.0,-2.0,0.0,0.0,0.0,0.0,0.0,-1.0
2025,4,2025_04_CAR_NE,2025-09-28,CAR,NE,Home,29.0,2.082,-5.919968,-8.256323,4.418355,24.581645,4.0,701.035368,0.0,0.0,0.0,0.0,0.701035,0.0,0.0,0.701035,0.0,0.0,0.0,0.0,0.0,0.0,0.0,0.0,1.0,0.0,0.0,0.0,0.0,0.0,0.0,0.0,0.0,0.0,0.0,0.0,0.0,0.0,0.0,0.0,0.0,0.0,2.0,0.0,1.0,0.0
2025,4,2025_04_CHI_LV,2025-09-28,CHI,LV,Home,-1.0,2.082,-2.775943,-1.31766,0.623717,-1.623717,0.0,1526.11218,0.0,0.0,0.0,0.0,1.526112,1.0,0.0,0.0,0.0,0.0,0.0,0.0,0.0,0.0,0.0,0.0,1.0,0.0,0.0,0.0,0.0,0.0,0.0,0.0,0.0,0.0,0.0,0.0,0.0,0.0,0.0,0.0,0.0,0.0,0.0,0.0,0.0,-1.0
2025,4,2025_04_CIN_DEN,2025-09-29,CIN,DEN,Home,25.0,2.082,1.443392,-0.107471,3.632862,21.367138,7.0,1092.95172,1.0,0.0,0.0,1.0,1.092952,0.0,1.0,1.092952,0.0,2.0,-4.0,0.0,0.0,0.0,0.0,0.0,0.0,0.0,0.0,0.0,0.0,2.0,0.0,0.0,0.0,0.0,0.0,0.0,6.0,0.0,0.0,0.0,0.0,0.0,2.0,0.0,1.0,0.0
2025,4,2025_04_CLE_DET,2025-09-28,CLE,DET,Home,24.0,2.082,7.966661,-2.99284,13.041501,10.958499,-2.0,90.044991,0.0,0.0,-1.0,0.0,0.090045,0.0,0.0,0.0,0.0,0.0,0.0,0.0,0.0,0.0,0.0,0.0,1.0,0.0,0.0,0.0,0.0,0.0,0.0,0.0,-4.0,0.0,0.0,0.0,0.0,0.0,0.0,0.0,0.0,0.0,0.0,0.0,1.0,0.0
2025,4,2025_04_GB_DAL,2025-09-28,GB,DAL,Home,0.0,2.082,0.96855,4.354863,-1.304313,1.304313,8.0,945.849707,0.0,0.0,0.0,0.0,0.94585,0.0,1.0,0.0,0.0,0.0,0.0,0.0,0.0,0.0,0.0,0.0,0.0,0.0,0.0,0.0,0.0,0.0,0.0,0.0,0.0,4.0,0.0,3.0,0.0,0.0,0.0,0.0,0.0,0.0,0.0,0.0,1.0,0.0
2025,4,2025_04_IND_LA,2025-09-28,IND,LAR,Home,7.0,2.082,0.965063,-1.559032,4.606095,2.393905,0.0,1813.100547,0.0,0.0,0.0,0.0,1.813101,1.0,0.0,0.0,0.0,0.0,0.0,0.0,0.0,0.0,0.0,0.0,1.0,0.0,0.0,0.0,0.0,0.0,0.0,0.0,0.0,0.0,0.0,0.0,0.0,0.0,0.0,0.0,0.0,0.0,0.0,0.0,0.0,-1.0
2025,4,2025_04_JAX_SF,2025-09-28,JAX,SF,Home,-5.0,2.082,3.938419,-2.484961,8.50538,-13.50538,1.0,2346.700409,0.0,0.0,0.0,0.0,2.3467,0.0,0.0,0.0,0.0,0.0,0.0,0.0,0.0,0.0,0.0,0.0,1.0,0.0,0.0,0.0,0.0,0.0,0.0,0.0,0.0,0.0,0.0,0.0,0.0,0.0,0.0,0.0,0.0,0.0,0.0,1.0,0.0,-1.0
2025,4,2025_04_LAC_NYG,2025-09-28,LAC,NYG,Home,3.0,2.082,-6.758401,1.719221,-6.395622,9.395622,3.0,2449.341534,0.0,0.0,0.0,0.0,2.449342,0.0,0.0,0.0,3.0,0.0,0.0,0.0,0.0,0.0,0.0,0.0,1.0,0.0,2.0,0.0,0.0,0.0,0.0,0.0,0.0,0.0,0.0,0.0,0.0,0.0,0.0,0.0,0.0,0.0,0.0,1.0,0.0,-1.0
2025,4,2025_04_MIN_PIT,2025-09-28,MIN,PIT,Neutral,3.0,0.0,0.06054,2.846265,-2.785725,5.785725,1.0,,0.0,0.0,0.0,0.0,0.0,0.0,0.0,0.0,0.0,0.0,0.0,0.0,0.0,0.0,0.0,0.0,1.0,0.0,0.0,0.0,0.0,0.0,0.0,0.0,0.0,0.0,0.0,0.0,0.0,0.0,0.0,0.0,0.0,0.0,0.0,0.0,0.0,0.0
2025,4,2025_04_NO_BUF,2025-09-28,NO,BUF,Home,12.0,2.082,6.864397,-1.490765,10.437162,1.562838,-4.0,1083.996182,0.0,0.0,3.0,0.0,1.083996,0.0,1.0,0.0,1.0,0.0,-4.0,0.0,0.0,0.0,0.0,0.0,1.0,0.0,0.0,0.0,0.0,0.0,0.0,0.0,0.0,0.0,0.0,0.0,0.0,0.0,0.0,0.0,0.0,0.0,0.0,0.0,0.0,-1.0
2025,4,2025_04_NYJ_MIA,2025-09-29,NYJ,MIA,Home,6.0,2.082,0.41677,-3.882185,6.380955,-0.380955,8.0,1085.511258,0.0,0.0,3.0,1.0,1.085511,0.0,1.0,0.0,0.0,0.0,0.0,0.0,0.0,0.0,0.0,0.0,0.0,0.0,0.0,0.0,0.0,2.0,0.0,0.0,0.0,0.0,0.0,0.0,6.0,0.0,-1.0,0.0,0.0,0.0,0.0,0.0,1.0,0.0
2025,4,2025_04_PHI_TB,2025-09-28,PHI,TB,Home,-6.0,2.082,2.847317,3.578499,1.350818,-7.350818,-3.0,924.178285,0.0,0.0,0.0,0.0,0.924178,0.0,1.0,0.0,0.0,0.0,0.0,0.0,0.0,0.0,0.0,0.0,0.0,0.0,0.0,0.0,0.0,0.0,0.0,0.0,0.0,0.0,0.0,0.0,0.0,0.0,0.0,0.0,-2.0,0.0,0.0,0.0,0.0,-1.0
2025,4,2025_04_SEA_ARI,2025-09-25,SEA,ARI,Home,-3.0,2.082,-1.694706,0.470388,-0.083094,-2.916906,2.0,1104.209444,0.0,0.0,0.0,1.0,1.104209,0.0,1.0,0.0,0.0,0.0,0.0,0.0,0.0,0.0,0.0,0.0,0.0,0.0,0.0,0.0,0.0,0.0,0.0,0.0,0.0,0.0,2.0,0.0,0.0,0.0,-1.0,0.0,0.0,0.0,0.0,0.0,1.0,0.0
2025,4,2025_04_TEN_HOU,2025-09-28,TEN,HOU,Home,26.0,2.082,-0.203392,-5.806513,7.68512,18.31488,-2.0,671.468776,0.0,0.0,0.0,0.0,0.671469,0.0,0.0,0.0,0.0,0.0,-2.0,0.0,0.0,0.0,0.0,0.0,0.0,0.0,0.0,0.0,0.0,0.0,0.0,0.0,0.0,0.0,0.0,0.0,0.0,0.0,-1.0,0.0,0.0,0.0,0.0,0.0,1.0,0.0
2025,4,2025_04_WAS_ATL,2025-09-28,WAS,ATL,Home,7.0,2.082,-2.986644,-2.289755,1.385111,5.614889,5.0,549.818311,0.0,0.0,0.0,0.0,0.549818,0.0,0.0,0.0,0.0,0.0,0.0,0.0,0.0,0.0,0.0,0.0,0.0,0.0,0.0,4.0,0.0,0.0,0.0,0.0,0.0,0.0,0.0,0.0,0.0,0.0,0.0,0.0,0.0,0.0,0.0,0.0,1.0,0.0
2025,5,2025_05_DAL_NYJ,2025-10-05,DAL,NYJ,Home,-15.0,2.082,-3.778151,0.99042,-2.686571,-12.313429,0.0,1385.055729,0.0,0.0,-1.0,0.0,1.385056,1.0,0.0,0.0,1.0,0.0,0.0,0.0,0.0,4.0,0.0,0.0,1.0,0.0,0.0,0.0,0.0,0.0,0.0,0.0,-4.0,0.0,0.0,0.0,0.0,0.0,0.0,0.0,0.0,0.0,0.0,0.0,0.0,-1.0
2025,5,2025_05_DEN_PHI,2025-10-05,DEN,PHI,Home,-4.0,2.082,3.731956,1.896472,3.917484,-7.917484,9.0,1576.738758,0.0,0.0,1.0,0.0,1.576739,1.0,0.0,1.576739,2.0,0.0,0.0,0.0,0.0,0.0,0.0,6.0,1.0,1.0,0.0,0.0,0.0,0.0,0.0,0.0,0.0,0.0,0.0,0.0,0.0,0.0,0.0,0.0,0.0,0.0,2.0,0.0,0.0,-1.0
2025,5,2025_05_DET_CIN,2025-10-05,DET,CIN,Home,-13.0,2.082,-0.602645,8.170544,-6.691189,-6.308811,-2.0,237.025288,0.0,0.0,-1.0,0.0,0.237025,0.0,0.0,0.0,0.0,0.0,0.0,0.0,0.0,0.0,0.0,0.0,1.0,0.0,0.0,2.0,0.0,0.0,0.0,0.0,-4.0,0.0,0.0,0.0,0.0,0.0,0.0,0.0,0.0,0.0,0.0,0.0,0.0,-1.0
2025,5,2025_05_HOU_BAL,2025-10-05,HOU,BAL,Home,-34.0,2.082,8.060354,0.168087,9.974268,-43.974268,1.0,1254.826668,0.0,0.0,0.0,1.0,1.254827,1.0,0.0,0.0,1.0,0.0,0.0,0.0,0.0,0.0,0.0,0.0,0.0,0.0,0.0,0.0,0.0,0.0,0.0,0.0,0.0,0.0,0.0,0.0,0.0,0.0,0.0,0.0,0.0,0.0,0.0,0.0,1.0,0.0
2025,5,2025_05_KC_JAX,2025-10-06,KC,JAX,Home,3.0,2.082,-2.229293,4.009079,-4.156372,7.156372,4.0,944.925923,0.0,0.0,0.0,0.0,0.944926,0.0,1.0,0.0,0.0,0.0,0.0,0.0,0.0,0.0,0.0,0.0,0.0,0.0,0.0,0.0,0.0,2.0,0.0,0.0,0.0,0.0,0.0,3.0,0.0,0.0,0.0,0.0,0.0,0.0,0.0,0.0,0.0,-1.0
2025,5,2025_05_LV_IND,2025-10-05,LV,IND,Home,34.0,2.082,-1.57603,-2.745768,3.251738,30.748262,3.0,1594.623191,0.0,0.0,0.0,0.0,1.594623,1.0,0.0,0.0,3.0,0.0,0.0,0.0,0.0,0.0,0.0,0.0,0.0,0.0,2.0,0.0,0.0,0.0,0.0,0.0,0.0,0.0,0.0,0.0,0.0,0.0,0.0,0.0,0.0,0.0,0.0,0.0,1.0,0.0
2025,5,2025_05_MIA_CAR,2025-10-05,MIA,CAR,Home,3.0,2.082,-8.768053,0.476362,-7.162415,10.162415,10.0,641.379476,0.0,0.0,1.0,0.0,0.641379,0.0,0.0,0.0,0.0,0.0,0.0,0.0,0.0,0.0,0.0,6.0,1.0,0.0,0.0,4.0,0.0,0.0,0.0,0.0,0.0,0.0,0.0,0.0,0.0,0.0,0.0,0.0,0.0,0.0,0.0,0.0,0.0,-1.0
2025,5,2025_05_MIN_CLE,2025-10-05,MIN,CLE,Neutral,-4.0,0.0,-3.286006,2.726648,-6.012654,2.012654,3.0,,0.0,0.0,0.0,0.0,0.0,0.0,0.0,0.0,0.0,0.0,0.0,0.0,0.0,0.0,0.0,0.0,1.0,0.0,0.0,2.0,0.0,0.0,0.0,0.0,0.0,0.0,0.0,0.0,0.0,0.0,0.0,0.0,0.0,0.0,0.0,0.0,0.0,0.0
2025,5,2025_05_NE_BUF,2025-10-05,NE,BUF,Home,-3.0,2.082,6.968681,-5.363139,14.41382,-17.41382,8.0,386.376435,0.0,0.0,0.0,0.0,0.386376,0.0,0.0,0.0,0.0,0.0,0.0,0.0,0.0,0.0,0.0,0.0,0.0,0.0,0.0,0.0,0.0,0.0,0.0,0.0,0.0,4.0,0.0,0.0,6.0,0.0,-1.0,0.0,0.0,0.0,0.0,0.0,0.0,-1.0
2025,5,2025_05_NYG_NO,2025-10-05,NYG,NO,Home,12.0,2.082,-1.544015,-6.577353,7.115338,4.884662,-1.0,1169.793239,0.0,0.0,0.0,0.0,1.169793,0.0,1.0,0.0,0.0,0.0,0.0,0.0,0.0,0.0,0.0,0.0,0.0,0.0,0.0,0.0,0.0,0.0,0.0,0.0,0.0,0.0,0.0,0.0,0.0,0.0,0.0,0.0,0.0,0.0,0.0,0.0,0.0,-1.0
2025,5,2025_05_SF_LA,2025-10-02,SF,LAR,Home,-3.0,2.082,0.988253,3.647216,-0.576964,-2.423036,2.0,313.511192,0.0,0.0,0.0,0.0,0.313511,0.0,0.0,0.0,0.0,0.0,0.0,0.0,0.0,0.0,0.0,0.0,0.0,0.0,0.0,0.0,0.0,0.0,0.0,0.0,0.0,0.0,2.0,0.0,0.0,0.0,-1.0,0.0,0.0,0.0,0.0,0.0,1.0,0.0
2025,5,2025_05_TB_SEA,2025-10-05,TB,SEA,Home,-3.0,2.082,0.492991,2.676567,-0.101576,-2.898424,2.0,2522.589902,0.0,0.0,3.0,0.0,2.52259,0.0,0.0,0.0,0.0,0.0,0.0,0.0,0.0,0.0,0.0,0.0,0.0,0.0,0.0,0.0,0.0,0.0,0.0,0.0,0.0,0.0,0.0,0.0,0.0,0.0,0.0,0.0,0.0,0.0,0.0,1.0,1.0,0.0
2025,5,2025_05_TEN_ARI,2025-10-05,TEN,ARI,Home,-1.0,2.082,-1.804065,-6.170891,6.448826,-7.448826,-2.0,1452.67999,0.0,0.0,3.0,0.0,1.45268,1.0,0.0,0.0,0.0,0.0,-2.0,0.0,0.0,0.0,0.0,0.0,1.0,0.0,0.0,0.0,0.0,0.0,0.0,0.0,0.0,0.0,0.0,0.0,0.0,0.0,0.0,0.0,0.0,0.0,0.0,0.0,0.0,-1.0
2025,5,2025_05_WAS_LAC,2025-10-05,WAS,LAC,Home,-17.0,2.082,1.583553,-2.402726,6.068279,-23.068279,5.0,2310.867618,0.0,0.0,0.0,0.0,2.310868,0.0,0.0,2.310868,0.0,0.0,0.0,0.0,0.0,0.0,0.0,0.0,1.0,0.0,0.0,0.0,0.0,0.0,0.0,0.0,0.0,0.0,0.0,0.0,0.0,0.0,0.0,0.0,0.0,0.0,2.0,1.0,1.0,0.0
2025,6,2025_06_ARI_IND,2025-10-12,ARI,IND,Home,4.0,2.082,-0.832352,-1.95555,3.205198,0.794802,3.0,1503.4268,0.0,0.0,0.0,0.0,1.503427,1.0,0.0,0.0,2.0,0.0,0.0,0.0,0.0,0.0,0.0,0.0,1.0,1.0,0.0,0.0,0.0,0.0,0.0,0.0,0.0,0.0,0.0,0.0,0.0,0.0,0.0,0.0,0.0,0.0,0.0,0.0,1.0,0.0
2025,6,2025_06_BUF_ATL,2025-10-13,BUF,ATL,Home,10.0,2.082,-2.825228,6.562554,-7.305783,17.305783,12.0,693.141146,0.0,-0.282523,7.0,0.0,0.693141,0.0,0.0,0.0,0.0,0.0,0.0,0.0,0.0,0.0,0.0,0.0,1.0,0.0,0.0,0.0,4.0,2.0,0.0,0.0,0.0,0.0,0.0,0.0,6.0,0.0,0.0,0.0,0.0,0.0,0.0,0.0,0.0,-1.0
2025,6,2025_06_CHI_WAS,2025-10-13,CHI,WAS,Home,-1.0,2.082,-1.958121,-1.226357,1.350236,-2.350236,1.0,601.056209,0.0,0.122636,-7.0,0.0,0.601056,0.0,0.0,0.601056,0.0,0.0,0.0,-5.0,0.0,0.0,0.0,0.0,0.0,0.0,0.0,0.0,0.0,2.0,0.0,0.0,0.0,0.0,0.0,3.0,0.0,0.0,0.0,0.0,0.0,0.0,2.0,0.0,0.0,-1.0
2025,6,2025_06_CIN_GB,2025-10-12,CIN,GB,Home,9.0,2.082,4.390306,-0.795138,7.267445,1.732555,9.0,415.676907,0.0,0.439031,7.0,1.0,0.415677,0.0,0.0,0.415677,0.0,0.0,0.0,0.0,0.0,0.0,0.0,0.0,1.0,0.0,0.0,0.0,7.0,0.0,-2.0,0.0,0.0,0.0,0.0,0.0,0.0,0.0,0.0,0.0,0.0,0.0,2.0,0.0,1.0,0.0
2025,6,2025_06_CLE_PIT,2025-10-12,CLE,PIT,Home,14.0,2.082,0.047721,-3.343912,5.473634,8.526366,3.0,114.323201,0.0,0.004772,7.0,0.0,0.114323,0.0,0.0,0.0,0.0,0.0,0.0,0.0,0.0,0.0,0.0,0.0,0.0,0.0,0.0,0.0,5.0,0.0,0.0,0.0,0.0,0.0,0.0,0.0,0.0,0.0,-1.0,0.0,0.0,0.0,0.0,0.0,0.0,-1.0
2025,6,2025_06_DAL_CAR,2025-10-12,DAL,CAR,Home,3.0,2.082,-8.48882,1.251491,-7.658311,10.658311,3.0,944.984437,0.0,0.0,0.0,1.0,0.944984,0.0,1.0,0.944984,1.0,0.0,0.0,0.0,0.0,0.0,0.0,0.0,0.0,0.0,0.0,0.0,0.0,0.0,0.0,0.0,0.0,0.0,0.0,0.0,0.0,0.0,0.0,0.0,0.0,0.0,2.0,0.0,1.0,0.0
2025,6,2025_06_DEN_NYJ,2025-10-12,DEN,NYJ,Neutral,-2.0,0.0,-4.034954,1.946551,-5.981505,3.981505,2.0,,0.0,0.0,0.0,0.0,0.0,0.0,0.0,0.0,0.0,0.0,0.0,0.0,0.0,0.0,0.0,0.0,0.0,0.0,0.0,0.0,0.0,0.0,0.0,0.0,0.0,0.0,0.0,0.0,0.0,0.0,0.0,0.0,0.0,0.0,2.0,0.0,0.0,0.0
2025,6,2025_06_DET_KC,2025-10-12,DET,KC,Home,13.0,2.082,3.708202,8.298171,-2.507968,15.507968,10.0,640.263308,0.0,0.0,-1.0,1.0,0.640263,0.0,0.0,0.640263,0.0,1.0,0.0,0.0,0.0,0.0,0.0,0.0,1.0,0.0,0.0,0.0,0.0,0.0,0.0,0.0,-4.0,4.0,0.0,0.0,6.0,0.0,0.0,0.0,0.0,0.0,2.0,0.0,1.0,0.0
2025,6,2025_06_LAC_MIA,2025-10-12,LAC,MIA,Home,-2.0,2.082,0.240774,0.978775,1.343999,-3.343999,4.0,2332.605371,0.0,0.0,0.0,1.0,2.332605,0.0,0.0,0.0,3.0,0.0,0.0,0.0,0.0,0.0,0.0,0.0,0.0,0.0,2.0,0.0,0.0,0.0,0.0,0.0,0.0,0.0,0.0,0.0,0.0,0.0,0.0,0.0,0.0,0.0,0.0,1.0,1.0,0.0
2025,6,2025_06_LA_BAL,2025-10-12,LAR,BAL,Home,-14.0,2.082,7.125324,0.939788,8.267535,-22.267535,13.0,2321.836347,0.0,0.0,-3.0,1.0,2.321836,0.0,0.0,0.0,3.0,0.0,0.0,0.0,0.0,4.0,0.0,0.0,1.0,0.0,2.0,4.0,0.0,0.0,0.0,0.0,0.0,0.0,0.0,0.0,0.0,0.0,0.0,0.0,0.0,0.0,0.0,1.0,1.0,0.0
2025,6,2025_06_NE_NO,2025-10-12,NE,NO,Home,-6.0,2.082,-1.379199,-5.07081,5.773611,-11.773611,0.0,1339.813841,0.0,0.0,0.0,0.0,1.339814,1.0,0.0,0.0,0.0,0.0,0.0,0.0,0.0,0.0,0.0,0.0,1.0,0.0,0.0,0.0,0.0,0.0,0.0,0.0,0.0,0.0,0.0,0.0,0.0,0.0,0.0,0.0,0.0,0.0,0.0,0.0,0.0,-1.0
2025,6,2025_06_PHI_NYG,2025-10-09,PHI,NYG,Home,17.0,2.082,-6.662442,3.588878,-8.169319,25.169319,8.0,85.370877,0.0,0.0,0.0,0.0,0.085371,0.0,0.0,0.0,0.0,0.0,0.0,0.0,0.0,0.0,0.0,0.0,0.0,0.0,0.0,0.0,0.0,0.0,0.0,0.0,0.0,0.0,2.0,0.0,6.0,0.0,-1.0,0.0,0.0,0.0,0.0,0.0,1.0,0.0
2025,6,2025_06_SEA_JAX,2025-10-12,SEA,JAX,Home,-8.0,2.082,-1.940184,0.409085,-0.267269,-7.732731,5.0,2452.532721,0.0,0.0,-1.0,1.0,2.452533,0.0,0.0,0.0,3.0,0.0,0.0,0.0,0.0,0.0,0.0,0.0,1.0,0.0,2.0,0.0,0.0,0.0,0.0,0.0,0.0,0.0,0.0,0.0,0.0,0.0,0.0,0.0,0.0,0.0,0.0,1.0,1.0,0.0
2025,6,2025_06_SF_TB,2025-10-12,SF,TB,Home,11.0,2.082,2.800366,3.663597,1.218768,9.781232,2.0,2366.815977,0.0,0.0,-3.0,0.0,2.366816,0.0,0.0,0.0,0.0,0.0,0.0,0.0,2.0,0.0,0.0,0.0,0.0,0.0,0.0,0.0,0.0,0.0,0.0,0.0,0.0,0.0,0.0,0.0,0.0,0.0,0.0,0.0,0.0,0.0,0.0,1.0,0.0,-1.0
2025,6,2025_06_TEN_LV,2025-10-12,TEN,LV,Home,10.0,2.082,-3.461395,-5.85405,4.474655,5.525345,5.0,1579.830881,0.0,0.0,0.0,0.0,1.579831,1.0,0.0,1.579831,0.0,0.0,0.0,0.0,0.0,0.0,0.0,0.0,0.0,0.0,0.0,4.0,0.0,0.0,0.0,0.0,0.0,0.0,0.0,0.0,0.0,0.0,0.0,0.0,0.0,0.0,2.0,0.0,0.0,-1.0
2025,7,2025_07_ATL_SF,2025-10-19,ATL,SF,Home,10.0,2.082,3.496537,-2.428226,8.006763,1.993237,18.0,2112.196656,0.0,0.0,1.0,1.0,2.112197,0.0,0.0,0.0,0.0,3.0,0.0,0.0,0.0,0.0,0.0,6.0,0.0,0.0,0.0,0.0,0.0,0.0,0.0,0.0,0.0,4.0,0.0,0.0,6.0,0.0,0.0,0.0,0.0,0.0,0.0,1.0,1.0,0.0
2025,7,2025_07_CAR_NYJ,2025-10-19,CAR,NYJ,Home,-7.0,2.082,-3.964412,-8.236311,6.353899,-13.353899,2.0,533.679722,0.0,0.0,0.0,0.0,0.53368,0.0,0.0,0.0,0.0,0.0,0.0,0.0,0.0,0.0,0.0,0.0,1.0,0.0,0.0,0.0,0.0,0.0,0.0,0.0,0.0,0.0,0.0,0.0,0.0,0.0,0.0,0.0,0.0,0.0,0.0,0.0,1.0,0.0
2025,7,2025_07_GB_ARI,2025-10-19,GB,ARI,Home,-4.0,2.082,-1.950022,4.420646,-4.288668,0.288668,1.0,1495.790449,0.0,0.0,0.0,0.0,1.49579,1.0,0.0,1.49579,0.0,0.0,0.0,0.0,0.0,0.0,0.0,0.0,0.0,0.0,0.0,0.0,0.0,0.0,0.0,0.0,0.0,0.0,0.0,0.0,0.0,0.0,0.0,0.0,0.0,0.0,2.0,0.0,0.0,-1.0
2025,7,2025_07_HOU_SEA,2025-10-20,HOU,SEA,Home,8.0,2.082,0.573776,1.119164,1.536612,6.463388,1.0,1891.144872,0.0,-0.111916,-7.0,0.0,1.891145,1.0,0.0,1.891145,0.0,2.0,0.0,-6.0,0.0,0.0,0.0,0.0,1.0,0.0,0.0,0.0,0.0,2.0,0.0,0.0,0.0,0.0,0.0,3.0,0.0,0.0,0.0,0.0,0.0,0.0,2.0,0.0,0.0,-1.0
2025,7,2025_07_IND_LAC,2025-10-19,IND,LAC,Home,-14.0,2.082,1.075161,-0.817657,3.974819,-17.974819,-1.0,1813.100547,0.0,0.0,0.0,0.0,1.813101,1.0,0.0,0.0,0.0,0.0,0.0,0.0,0.0,0.0,0.0,0.0,0.0,0.0,0.0,0.0,0.0,0.0,0.0,0.0,0.0,0.0,0.0,0.0,0.0,0.0,0.0,0.0,0.0,0.0,0.0,0.0,0.0,-1.0
2025,7,2025_07_LA_JAX,2025-10-19,LAR,JAX,Neutral,-28.0,0.0,-2.127979,1.33999,-3.467969,-24.532031,1.0,,0.0,0.0,0.0,0.0,0.0,0.0,0.0,0.0,0.0,0.0,0.0,0.0,0.0,0.0,0.0,0.0,1.0,0.0,0.0,0.0,0.0,0.0,0.0,0.0,0.0,0.0,0.0,0.0,0.0,0.0,0.0,0.0,0.0,0.0,0.0,0.0,0.0,0.0
2025,7,2025_07_LV_KC,2025-10-19,LV,KC,Home,31.0,2.082,3.995919,-3.304425,9.382343,21.617657,0.0,1149.22993,0.0,0.0,0.0,0.0,1.14923,0.0,1.0,0.0,2.0,0.0,0.0,0.0,0.0,0.0,0.0,0.0,0.0,0.0,2.0,0.0,0.0,0.0,0.0,0.0,0.0,0.0,0.0,0.0,0.0,0.0,-1.0,0.0,0.0,0.0,0.0,0.0,0.0,-1.0
2025,7,2025_07_MIA_CLE,2025-10-19,MIA,CLE,Home,25.0,2.082,-3.572734,0.171021,-1.661755,26.661755,-1.0,1077.497703,0.0,0.0,0.0,0.0,1.077498,0.0,1.0,0.0,0.0,0.0,0.0,0.0,0.0,0.0,0.0,0.0,0.0,0.0,0.0,0.0,0.0,0.0,0.0,0.0,0.0,0.0,0.0,0.0,0.0,0.0,0.0,0.0,0.0,0.0,0.0,0.0,0.0,-1.0
2025,7,2025_07_NE_TEN,2025-10-19,NE,TEN,Home,-18.0,2.082,-5.980088,-4.846935,0.948847,-18.948847,3.0,924.570086,0.0,0.0,0.0,1.0,0.92457,0.0,1.0,0.92457,0.0,0.0,0.0,0.0,0.0,0.0,0.0,0.0,0.0,0.0,0.0,0.0,0.0,0.0,0.0,0.0,0.0,0.0,0.0,0.0,0.0,0.0,0.0,0.0,0.0,0.0,2.0,0.0,1.0,0.0
2025,7,2025_07_NO_CHI,2025-10-19,NO,CHI,Home,12.0,2.082,-1.176991,-1.526442,2.43145,9.56855,-3.0,834.356143,0.0,0.0,-1.0,1.0,0.834356,0.0,1.0,0.0,0.0,0.0,0.0,0.0,0.0,0.0,0.0,0.0,0.0,0.0,0.0,0.0,0.0,0.0,0.0,0.0,-4.0,0.0,0.0,0.0,0.0,0.0,0.0,0.0,0.0,0.0,0.0,0.0,1.0,0.0
2025,7,2025_07_NYG_DEN,2025-10-19,NYG,DEN,Home,1.0,2.082,1.891035,-6.195393,10.168428,-9.168428,2.0,1624.394134,1.0,0.0,-3.0,1.0,1.624394,1.0,0.0,0.0,0.0,0.0,0.0,0.0,0.0,0.0,0.0,0.0,1.0,0.0,0.0,0.0,0.0,0.0,0.0,0.0,0.0,0.0,0.0,0.0,0.0,0.0,0.0,0.0,0.0,0.0,0.0,0.0,1.0,0.0
2025,7,2025_07_PHI_MIN,2025-10-19,PHI,MIN,Home,-6.0,2.082,2.729855,3.127462,1.684393,-7.684393,8.0,984.175988,0.0,0.272985,4.0,0.0,0.984176,0.0,1.0,0.984176,0.0,0.0,0.0,0.0,0.0,0.0,0.0,0.0,0.0,0.0,0.0,0.0,5.0,0.0,0.0,0.0,0.0,0.0,0.0,0.0,0.0,0.0,0.0,0.0,0.0,0.0,2.0,0.0,1.0,0.0
2025,7,2025_07_PIT_CIN,2025-10-16,PIT,CIN,Home,2.0,2.082,-0.881676,0.191543,1.008781,0.991219,8.0,256.539705,0.0,0.0,0.0,0.0,0.25654,0.0,0.0,0.0,0.0,0.0,0.0,0.0,0.0,0.0,0.0,0.0,0.0,0.0,0.0,0.0,0.0,0.0,0.0,0.0,0.0,0.0,2.0,0.0,6.0,0.0,-1.0,0.0,0.0,0.0,0.0,0.0,1.0,0.0
2025,7,2025_07_TB_DET,2025-10-20,TB,DET,Home,15.0,2.082,7.981011,2.997874,7.065137,7.934863,9.0,992.931261,0.0,0.0,0.0,0.0,0.992931,0.0,1.0,0.0,0.0,0.0,0.0,0.0,0.0,0.0,0.0,0.0,0.0,0.0,0.0,0.0,0.0,2.0,0.0,0.0,0.0,0.0,0.0,0.0,6.0,0.0,0.0,0.0,0.0,0.0,0.0,0.0,1.0,0.0
2025,7,2025_07_WAS_DAL,2025-10-19,WAS,DAL,Home,22.0,2.082,1.032375,-1.986588,5.100963,16.899037,8.0,1207.360458,0.0,0.0,1.0,0.0,1.20736,0.0,1.0,1.20736,0.0,0.0,0.0,0.0,0.0,0.0,0.0,6.0,0.0,0.0,0.0,0.0,0.0,0.0,0.0,0.0,0.0,0.0,0.0,0.0,0.0,0.0,-1.0,0.0,0.0,0.0,2.0,0.0,1.0,0.0
2025,8,2025_08_BUF_CAR,2025-10-26,BUF,CAR,Home,-31.0,2.082,-8.018006,6.14728,-12.083285,-18.916715,2.0,533.13546,0.0,-0.614728,-6.0,1.0,0.533135,0.0,0.0,0.0,0.0,0.0,0.0,-8.0,0.0,0.0,8.0,0.0,1.0,0.0,0.0,0.0,0.0,0.0,0.0,0.0,0.0,0.0,0.0,0.0,0.0,0.0,0.0,0.0,0.0,0.0,0.0,0.0,1.0,0.0
2025,8,2025_08_CHI_BAL,2025-10-26,CHI,BAL,Home,14.0,2.082,6.689854,-0.985265,9.757119,4.242881,9.0,603.498113,0.0,0.668985,7.0,0.0,0.603498,0.0,0.0,0.603498,1.0,0.0,0.0,0.0,0.0,0.0,0.0,0.0,1.0,0.0,0.0,0.0,7.0,0.0,0.0,0.0,0.0,0.0,0.0,0.0,0.0,0.0,0.0,0.0,0.0,0.0,2.0,0.0,0.0,-1.0
2025,8,2025_08_CLE_NE,2025-10-26,CLE,NE,Home,19.0,2.082,-4.567621,-3.056003,0.570382,18.429618,1.0,538.682522,0.0,0.0,0.0,0.0,0.538683,0.0,0.0,0.0,0.0,0.0,0.0,0.0,0.0,0.0,0.0,0.0,0.0,0.0,0.0,0.0,0.0,0.0,0.0,0.0,0.0,0.0,0.0,0.0,0.0,0.0,0.0,0.0,0.0,0.0,0.0,0.0,1.0,0.0
2025,8,2025_08_DAL_DEN,2025-10-26,DAL,DEN,Home,20.0,2.082,1.658656,1.416221,2.324436,17.675564,4.0,654.214547,1.0,0.0,0.0,1.0,0.654215,0.0,0.0,0.654215,0.0,0.0,0.0,0.0,0.0,0.0,0.0,0.0,1.0,0.0,0.0,0.0,0.0,0.0,0.0,0.0,0.0,0.0,0.0,0.0,0.0,0.0,0.0,0.0,0.0,0.0,2.0,0.0,1.0,0.0
2025,8,2025_08_GB_PIT,2025-10-26,GB,PIT,Home,-10.0,2.082,0.228039,4.44523,-2.135191,-7.864809,9.0,496.241811,0.0,0.0,3.0,0.0,0.496242,0.0,0.0,0.496242,0.0,0.0,0.0,0.0,0.0,0.0,0.0,0.0,1.0,0.0,0.0,0.0,0.0,0.0,0.0,0.0,0.0,4.0,0.0,3.0,0.0,0.0,0.0,0.0,0.0,0.0,2.0,0.0,0.0,-1.0
2025,8,2025_08_MIA_ATL,2025-10-26,MIA,ATL,Home,-24.0,2.082,-2.507901,-0.376142,-0.049759,-23.950241,2.0,593.506129,0.0,0.0,0.0,0.0,0.593506,0.0,0.0,0.593506,0.0,0.0,-2.0,0.0,0.0,0.0,0.0,0.0,1.0,0.0,0.0,0.0,0.0,0.0,0.0,0.0,0.0,0.0,0.0,0.0,0.0,0.0,0.0,0.0,0.0,0.0,2.0,0.0,1.0,0.0
2025,8,2025_08_MIN_LAC,2025-10-23,MIN,LAC,Home,27.0,2.082,0.665554,2.610339,0.137215,26.862785,7.0,1530.135519,0.0,0.0,0.0,0.0,1.530136,1.0,0.0,1.530136,0.0,2.0,0.0,0.0,0.0,0.0,0.0,0.0,1.0,0.0,0.0,0.0,0.0,0.0,0.0,0.0,0.0,0.0,2.0,3.0,0.0,0.0,0.0,0.0,0.0,0.0,2.0,0.0,0.0,-1.0
2025,8,2025_08_NYG_PHI,2025-10-26,NYG,PHI,Home,18.0,2.082,3.350033,-5.972463,11.404496,6.595504,2.0,85.370877,0.0,0.0,0.0,1.0,0.085371,0.0,0.0,0.085371,0.0,0.0,0.0,0.0,0.0,0.0,0.0,0.0,0.0,0.0,0.0,0.0,0.0,0.0,0.0,0.0,0.0,0.0,0.0,0.0,0.0,0.0,-1.0,0.0,0.0,0.0,2.0,0.0,1.0,0.0
2025,8,2025_08_NYJ_CIN,2025-10-26,NYJ,CIN,Home,-1.0,2.082,-0.812266,-4.276063,5.545797,-6.545797,-1.0,565.248051,0.0,0.0,3.0,0.0,0.565248,0.0,0.0,0.0,0.0,0.0,0.0,0.0,0.0,0.0,0.0,0.0,0.0,0.0,0.0,0.0,0.0,0.0,0.0,0.0,0.0,0.0,0.0,0.0,0.0,0.0,0.0,0.0,0.0,0.0,0.0,0.0,0.0,-1.0
2025,8,2025_08_SF_HOU,2025-10-26,SF,HOU,Home,11.0,2.082,0.931328,3.615822,-0.602494,11.602494,2.0,1613.206632,0.0,0.0,-1.0,0.0,1.613207,1.0,0.0,1.613207,2.0,0.0,0.0,0.0,0.0,0.0,0.0,0.0,1.0,0.0,2.0,0.0,0.0,0.0,0.0,0.0,-4.0,0.0,0.0,0.0,0.0,0.0,0.0,0.0,0.0,0.0,2.0,0.0,1.0,0.0
2025,8,2025_08_TB_NO,2025-10-26,TB,NO,Home,-20.0,2.082,-1.675699,2.834869,-2.428569,-17.571431,10.0,477.877282,0.0,0.0,1.0,0.0,0.477877,0.0,0.0,0.477877,0.0,0.0,0.0,0.0,0.0,0.0,8.0,0.0,0.0,0.0,0.0,0.0,0.0,0.0,0.0,0.0,0.0,0.0,0.0,0.0,0.0,0.0,-1.0,0.0,0.0,0.0,2.0,0.0,1.0,0.0
2025,8,2025_08_TEN_IND,2025-10-26,TEN,IND,Home,24.0,2.082,-0.561472,-6.420707,7.941235,16.058765,2.0,250.486953,0.0,0.0,0.0,0.0,0.250487,0.0,0.0,0.250487,0.0,0.0,0.0,0.0,0.0,0.0,0.0,0.0,0.0,0.0,0.0,0.0,0.0,0.0,0.0,0.0,0.0,0.0,0.0,0.0,0.0,0.0,-1.0,0.0,0.0,0.0,2.0,0.0,1.0,0.0
2025,8,2025_08_WAS_KC,2025-10-27,WAS,KC,Home,21.0,2.082,4.329043,-2.256106,8.667149,12.332851,8.0,944.941292,0.0,0.0,0.0,0.0,0.944941,0.0,1.0,0.944941,0.0,1.0,-2.0,0.0,0.0,0.0,0.0,0.0,1.0,0.0,0.0,0.0,0.0,2.0,0.0,0.0,0.0,0.0,0.0,0.0,6.0,0.0,0.0,0.0,0.0,0.0,2.0,0.0,0.0,-1.0
2025,9,2025_09_ARI_DAL,2025-11-03,ARI,DAL,Home,-10.0,2.082,1.015043,-1.932851,5.029894,-15.029894,1.0,878.43943,0.0,0.193285,-7.0,0.0,0.878439,0.0,1.0,0.0,0.0,0.0,0.0,-5.0,0.0,0.0,0.0,0.0,0.0,0.0,0.0,2.0,0.0,2.0,0.0,0.0,0.0,0.0,0.0,0.0,0.0,1.0,0.0,0.0,0.0,0.0,0.0,0.0,1.0,0.0
2025,9,2025_09_ATL_NE,2025-11-02,ATL,NE,Home,1.0,2.082,-4.081686,-3.062179,1.062492,-0.062492,-2.0,917.017123,0.0,0.0,0.0,0.0,0.917017,0.0,1.0,0.0,0.0,0.0,-2.0,0.0,0.0,0.0,0.0,0.0,1.0,0.0,0.0,0.0,0.0,0.0,0.0,0.0,0.0,0.0,0.0,0.0,0.0,0.0,0.0,0.0,0.0,0.0,0.0,0.0,0.0,-1.0
2025,9,2025_09_BAL_MIA,2025-10-30,BAL,MIA,Home,-22.0,2.082,0.220671,6.786624,-4.483953,-17.516047,7.0,943.840878,0.0,0.0,0.0,0.0,0.943841,0.0,1.0,0.0,0.0,0.0,0.0,0.0,0.0,0.0,0.0,0.0,0.0,0.0,0.0,0.0,0.0,0.0,0.0,0.0,0.0,0.0,2.0,0.0,6.0,0.0,0.0,0.0,0.0,0.0,0.0,0.0,0.0,-1.0
2025,9,2025_09_CAR_GB,2025-11-02,CAR,GB,Home,-3.0,2.082,4.51175,-8.435969,15.029718,-18.029718,-5.0,745.54795,0.0,0.0,0.0,0.0,0.745548,0.0,0.0,0.0,0.0,0.0,-4.0,0.0,0.0,0.0,0.0,0.0,0.0,0.0,0.0,0.0,0.0,0.0,0.0,0.0,0.0,0.0,0.0,0.0,0.0,0.0,0.0,0.0,0.0,0.0,0.0,0.0,0.0,-1.0
2025,9,2025_09_CHI_CIN,2025-11-02,CHI,CIN,Home,-5.0,2.082,-0.970753,-1.162719,2.273965,-7.273965,4.0,251.165765,0.0,0.0,0.0,0.0,0.251166,0.0,0.0,0.251166,1.0,0.0,0.0,0.0,0.0,0.0,0.0,0.0,1.0,0.0,0.0,0.0,0.0,0.0,0.0,0.0,0.0,0.0,0.0,0.0,0.0,0.0,0.0,0.0,0.0,0.0,2.0,0.0,1.0,0.0
2025,9,2025_09_DEN_HOU,2025-11-02,DEN,HOU,Home,-3.0,2.082,1.176552,2.095097,1.163455,-4.163455,2.0,882.508543,0.0,0.0,0.0,0.0,0.882509,0.0,1.0,0.0,1.0,0.0,0.0,0.0,0.0,0.0,0.0,0.0,0.0,1.0,0.0,0.0,0.0,0.0,0.0,0.0,0.0,0.0,0.0,0.0,0.0,0.0,0.0,0.0,0.0,0.0,0.0,0.0,1.0,0.0
2025,9,2025_09_IND_PIT,2025-11-02,IND,PIT,Home,7.0,2.082,0.053985,-0.211449,2.347434,4.652566,1.0,328.29285,0.0,0.0,0.0,1.0,0.328293,0.0,0.0,0.0,0.0,0.0,0.0,0.0,0.0,0.0,0.0,0.0,0.0,0.0,0.0,0.0,0.0,0.0,0.0,0.0,0.0,0.0,0.0,0.0,0.0,0.0,0.0,0.0,0.0,0.0,0.0,0.0,1.0,0.0
2025,9,2025_09_JAX_LV,2025-11-02,JAX,LV,Home,-1.0,2.082,-3.6347,-2.597175,1.044474,-2.044474,0.0,1969.614358,0.0,-0.103753,0.0,0.0,1.969614,1.0,0.0,0.0,0.0,0.0,-2.0,-5.0,0.0,0.0,0.0,0.0,0.0,0.0,0.0,4.0,4.0,0.0,0.0,0.0,0.0,0.0,0.0,0.0,0.0,0.0,0.0,0.0,0.0,0.0,0.0,0.0,0.0,-1.0
2025,9,2025_09_KC_BUF,2025-11-02,KC,BUF,Home,7.0,2.082,6.667118,4.672696,4.076421,2.923579,7.0,857.58787,0.0,0.0,1.0,0.0,0.857588,0.0,1.0,0.0,0.0,0.0,0.0,0.0,0.0,0.0,0.0,6.0,0.0,0.0,0.0,0.0,0.0,0.0,0.0,0.0,0.0,0.0,0.0,0.0,0.0,0.0,0.0,0.0,0.0,0.0,0.0,0.0,1.0,0.0
2025,9,2025_09_LAC_TEN,2025-11-02,LAC,TEN,Home,-7.0,2.082,-6.641568,1.272486,-5.832054,-1.167946,5.0,1784.06098,0.0,0.0,-3.0,1.0,1.784061,1.0,0.0,0.0,2.0,0.0,0.0,0.0,0.0,0.0,0.0,0.0,0.0,0.0,2.0,2.0,0.0,0.0,0.0,0.0,0.0,0.0,0.0,0.0,0.0,0.0,0.0,0.0,0.0,0.0,0.0,0.0,1.0,0.0
2025,9,2025_09_MIN_DET,2025-11-02,MIN,DET,Home,-3.0,2.082,8.120384,2.022597,8.179787,-11.179787,5.0,541.488485,0.0,0.812038,3.0,0.0,0.541488,0.0,0.0,0.541488,1.0,0.0,-2.0,0.0,0.0,0.0,0.0,0.0,0.0,0.0,0.0,0.0,7.0,0.0,0.0,0.0,0.0,0.0,0.0,0.0,0.0,0.0,-1.0,0.0,0.0,0.0,2.0,0.0,0.0,-1.0
2025,9,2025_09_NO_LA,2025-11-02,NO,LAR,Home,24.0,2.082,1.837722,-2.072366,5.992087,18.007913,2.0,1674.106906,0.0,0.183772,7.0,0.0,1.674107,1.0,0.0,0.0,0.0,0.0,-2.0,0.0,0.0,0.0,0.0,0.0,0.0,0.0,0.0,0.0,5.0,0.0,0.0,0.0,0.0,0.0,0.0,0.0,0.0,0.0,0.0,0.0,0.0,0.0,0.0,0.0,0.0,-1.0
2025,9,2025_09_SEA_WAS,2025-11-02,SEA,WAS,Home,-24.0,2.082,-2.571554,0.699958,-1.189512,-22.810488,4.0,2329.614513,0.0,-0.069996,-7.0,1.0,2.329615,0.0,0.0,0.0,0.0,0.0,0.0,-6.0,0.0,0.0,0.0,6.0,0.0,0.0,0.0,2.0,0.0,0.0,0.0,0.0,-4.0,4.0,0.0,0.0,0.0,0.0,0.0,0.0,0.0,0.0,0.0,1.0,1.0,0.0
2025,9,2025_09_SF_NYG,2025-11-02,SF,NYG,Home,-10.0,2.082,-6.166776,3.347399,-7.432175,-2.567825,8.0,2546.682577,0.0,0.0,0.0,0.0,2.546683,0.0,0.0,2.546683,3.0,0.0,0.0,0.0,0.0,0.0,0.0,0.0,0.0,0.0,2.0,0.0,0.0,0.0,0.0,0.0,0.0,0.0,0.0,0.0,0.0,0.0,0.0,0.0,0.0,2.0,2.0,1.0,1.0,0.0
2025,10,2025_10_ARI_SEA,2025-11-09,ARI,SEA,Home,22.0,2.082,1.200597,-1.577494,4.860091,17.139909,10.0,1104.209444,0.0,0.0,1.0,0.0,1.104209,0.0,1.0,1.104209,0.0,0.0,0.0,0.0,0.0,0.0,8.0,0.0,0.0,0.0,0.0,0.0,0.0,0.0,0.0,0.0,0.0,0.0,0.0,0.0,0.0,0.0,-1.0,0.0,0.0,0.0,2.0,0.0,1.0,0.0
2025,10,2025_10_ATL_IND,2025-11-09,ATL,IND,Neutral,6.0,0.0,-0.29559,-3.081865,2.786276,3.213724,3.0,,0.0,0.0,0.0,0.0,0.0,0.0,0.0,0.0,0.0,0.0,0.0,0.0,0.0,0.0,0.0,0.0,1.0,0.0,0.0,0.0,0.0,0.0,0.0,0.0,0.0,0.0,0.0,0.0,0.0,0.0,0.0,0.0,0.0,0.0,2.0,0.0,0.0,0.0
2025,10,2025_10_BAL_MIN,2025-11-09,BAL,MIN,Home,-8.0,2.082,2.229868,7.131777,-2.819909,-5.180091,2.0,936.58099,0.0,0.0,-3.0,0.0,0.936581,0.0,1.0,0.0,0.0,0.0,0.0,0.0,0.0,0.0,0.0,0.0,1.0,0.0,0.0,0.0,0.0,0.0,0.0,0.0,0.0,0.0,0.0,0.0,0.0,0.0,0.0,0.0,0.0,0.0,0.0,0.0,1.0,0.0
2025,10,2025_10_BUF_MIA,2025-11-09,BUF,MIA,Home,17.0,2.082,-0.104844,6.697307,-4.720151,21.720151,4.0,1164.757936,0.0,0.0,3.0,1.0,1.164758,0.0,1.0,1.164758,0.0,0.0,0.0,0.0,0.0,0.0,0.0,0.0,0.0,0.0,0.0,2.0,0.0,0.0,0.0,0.0,0.0,0.0,0.0,0.0,0.0,0.0,-1.0,0.0,0.0,0.0,2.0,0.0,1.0,0.0
2025,10,2025_10_CLE_NYJ,2025-11-09,CLE,NYJ,Home,7.0,2.082,-4.032398,-3.392377,1.441979,5.558021,0.0,399.386058,0.0,-0.064002,0.0,0.0,0.399386,0.0,0.0,0.399386,0.0,0.0,-2.0,-5.0,0.0,0.0,0.0,0.0,0.0,0.0,0.0,0.0,4.0,0.0,0.0,0.0,0.0,0.0,0.0,0.0,0.0,0.0,0.0,0.0,0.0,0.0,2.0,0.0,1.0,0.0
2025,10,2025_10_DET_WAS,2025-11-09,DET,WAS,Home,-22.0,2.082,-3.02354,7.925059,-8.866599,-13.133401,3.0,401.453358,0.0,0.0,0.0,1.0,0.401453,0.0,0.0,0.0,0.0,0.0,0.0,0.0,0.0,0.0,0.0,0.0,0.0,0.0,0.0,2.0,0.0,0.0,0.0,0.0,0.0,0.0,0.0,0.0,0.0,0.0,0.0,0.0,0.0,0.0,0.0,0.0,1.0,0.0
2025,10,2025_10_JAX_HOU,2025-11-09,JAX,HOU,Home,7.0,2.082,1.117258,-2.554312,5.753569,1.246431,2.0,824.794909,0.0,0.0,0.0,0.0,0.824795,0.0,1.0,0.0,0.0,0.0,0.0,0.0,2.0,0.0,0.0,0.0,0.0,0.0,0.0,0.0,0.0,0.0,0.0,0.0,0.0,0.0,0.0,0.0,0.0,0.0,-1.0,0.0,0.0,0.0,0.0,0.0,1.0,0.0
2025,10,2025_10_LA_SF,2025-11-09,LAR,SF,Home,-16.0,2.082,3.485407,2.231665,3.335742,-19.335742,2.0,313.511192,0.0,0.0,0.0,1.0,0.313511,0.0,0.0,0.313511,0.0,0.0,0.0,0.0,0.0,0.0,0.0,0.0,0.0,0.0,0.0,0.0,0.0,0.0,0.0,0.0,0.0,0.0,0.0,0.0,0.0,0.0,-1.0,0.0,0.0,0.0,2.0,0.0,1.0,0.0
2025,10,2025_10_LV_DEN,2025-11-06,LV,DEN,Home,3.0,2.082,2.144896,-3.69206,7.918956,-4.918956,4.0,608.258094,1.0,0.0,0.0,0.0,0.608258,0.0,0.0,0.0,0.0,0.0,0.0,0.0,0.0,4.0,0.0,0.0,0.0,0.0,0.0,0.0,0.0,0.0,0.0,0.0,0.0,0.0,2.0,0.0,0.0,0.0,-1.0,0.0,0.0,0.0,0.0,0.0,0.0,-1.0
2025,10,2025_10_NE_TB,2025-11-09,NE,TB,Home,-5.0,2.082,3.04529,-4.114169,9.241459,-14.241459,7.0,1161.85698,0.0,0.304529,7.0,1.0,1.161857,0.0,1.0,0.0,0.0,0.0,0.0,0.0,0.0,0.0,0.0,0.0,1.0,0.0,0.0,0.0,5.0,0.0,0.0,0.0,0.0,0.0,0.0,0.0,0.0,0.0,0.0,0.0,0.0,0.0,0.0,0.0,1.0,0.0
2025,10,2025_10_NO_CAR,2025-11-09,NO,CAR,Home,-10.0,2.082,-8.145475,-2.399184,-3.664291,-6.335709,0.0,648.697077,0.0,0.0,0.0,1.0,0.648697,0.0,0.0,0.648697,1.0,0.0,-2.0,0.0,0.0,0.0,0.0,0.0,0.0,0.0,0.0,0.0,0.0,0.0,0.0,0.0,0.0,0.0,0.0,0.0,0.0,0.0,-1.0,0.0,0.0,0.0,2.0,0.0,1.0,0.0
2025,10,2025_10_NYG_CHI,2025-11-09,NYG,CHI,Home,4.0,2.082,-1.044813,-6.27705,7.314237,-3.314237,3.0,705.515207,0.0,0.0,0.0,1.0,0.705515,0.0,0.0,0.705515,0.0,0.0,0.0,0.0,0.0,0.0,0.0,0.0,0.0,0.0,0.0,0.0,0.0,0.0,0.0,0.0,0.0,0.0,0.0,0.0,0.0,0.0,0.0,0.0,0.0,0.0,2.0,0.0,1.0,0.0
2025,10,2025_10_PHI_GB,2025-11-10,PHI,GB,Home,-3.0,2.082,4.171887,3.356647,2.89724,-5.89724,3.0,731.434027,0.0,-0.335665,-7.0,0.0,0.731434,0.0,0.0,0.731434,0.0,1.0,0.0,-6.0,0.0,0.0,0.0,0.0,0.0,0.0,0.0,0.0,0.0,2.0,0.0,0.0,0.0,0.0,0.0,0.0,6.0,0.0,0.0,0.0,0.0,0.0,2.0,0.0,0.0,-1.0
2025,10,2025_10_PIT_LAC,2025-11-09,PIT,LAC,Home,15.0,2.082,1.272556,0.165861,3.188695,11.811305,12.0,2138.834393,0.0,0.0,0.0,0.0,2.138834,0.0,0.0,0.0,0.0,3.0,0.0,0.0,0.0,0.0,0.0,0.0,0.0,0.0,0.0,0.0,0.0,0.0,0.0,0.0,0.0,4.0,0.0,0.0,6.0,0.0,0.0,0.0,0.0,0.0,0.0,1.0,1.0,0.0
2025,11,2025_11_BAL_CLE,2025-11-16,BAL,CLE,Home,-7.0,2.082,-3.484142,7.226509,-8.628651,1.628651,0.0,308.262006,0.0,0.0,0.0,0.0,0.308262,0.0,0.0,0.308262,0.0,0.0,0.0,0.0,0.0,0.0,0.0,0.0,0.0,0.0,0.0,0.0,0.0,0.0,0.0,0.0,0.0,0.0,0.0,0.0,0.0,0.0,-1.0,0.0,0.0,0.0,2.0,0.0,0.0,-1.0
2025,11,2025_11_CAR_ATL,2025-11-16,CAR,ATL,Home,-3.0,2.082,-3.189331,-8.281544,7.174213,-10.174213,-2.0,226.134727,0.0,0.0,0.0,0.0,0.226135,0.0,0.0,0.0,0.0,0.0,0.0,0.0,0.0,0.0,0.0,0.0,0.0,0.0,0.0,0.0,0.0,0.0,-2.0,0.0,0.0,0.0,0.0,0.0,0.0,0.0,-1.0,0.0,0.0,0.0,0.0,0.0,1.0,0.0
2025,11,2025_11_CHI_MIN,2025-11-16,CHI,MIN,Home,-2.0,2.082,2.126756,-1.122613,5.331368,-7.331368,2.0,355.333612,0.0,0.0,0.0,0.0,0.355334,0.0,0.0,0.355334,0.0,0.0,0.0,0.0,0.0,0.0,0.0,0.0,0.0,0.0,0.0,0.0,0.0,0.0,0.0,0.0,0.0,0.0,0.0,0.0,0.0,0.0,-1.0,0.0,0.0,0.0,2.0,0.0,1.0,0.0
2025,11,2025_11_CIN_PIT,2025-11-16,CIN,PIT,Home,22.0,2.082,-0.041563,-1.086015,3.126453,18.873547,-6.0,256.539705,0.0,0.108602,-7.0,1.0,0.25654,0.0,0.0,0.0,0.0,0.0,0.0,-6.0,0.0,0.0,0.0,0.0,0.0,0.0,0.0,0.0,0.0,0.0,0.0,0.0,0.0,0.0,0.0,0.0,0.0,0.0,-1.0,0.0,0.0,0.0,0.0,0.0,1.0,0.0
2025,11,2025_11_DAL_LV,2025-11-17,DAL,LV,Home,-17.0,2.082,-3.567938,0.673449,-2.159386,-14.840614,7.0,1054.865561,0.0,-0.067345,-3.0,1.0,1.054866,0.0,1.0,0.0,0.0,2.0,0.0,-6.0,0.0,0.0,0.0,6.0,1.0,0.0,0.0,0.0,0.0,2.0,0.0,0.0,0.0,0.0,0.0,3.0,0.0,0.0,0.0,0.0,0.0,0.0,0.0,0.0,1.0,0.0
2025,11,2025_11_DET_PHI,2025-11-16,DET,PHI,Home,7.0,2.082,3.444971,8.136344,-2.609372,9.609372,7.0,443.115041,0.0,0.0,-1.0,1.0,0.443115,0.0,0.0,0.0,0.0,0.0,0.0,0.0,0.0,0.0,0.0,0.0,0.0,0.0,0.0,0.0,0.0,0.0,0.0,0.0,-4.0,4.0,0.0,0.0,6.0,0.0,0.0,0.0,0.0,0.0,0.0,0.0,1.0,0.0
2025,11,2025_11_GB_NYG,2025-11-16,GB,NYG,Home,-7.0,2.082,-6.229223,4.058551,-8.205774,1.205774,7.0,753.868951,0.0,0.0,1.0,0.0,0.753869,0.0,1.0,0.0,1.0,0.0,0.0,0.0,0.0,0.0,0.0,6.0,0.0,0.0,0.0,0.0,0.0,0.0,0.0,0.0,0.0,0.0,0.0,0.0,0.0,0.0,0.0,0.0,0.0,0.0,0.0,0.0,1.0,0.0
2025,11,2025_11_HOU_TEN,2025-11-16,HOU,TEN,Home,-3.0,2.082,-6.64043,1.140899,-5.699329,2.699329,4.0,671.468776,0.0,-0.664043,7.0,1.0,0.671469,0.0,0.0,0.0,0.0,0.0,0.0,0.0,0.0,0.0,0.0,0.0,0.0,0.0,0.0,0.0,4.0,0.0,0.0,0.0,0.0,0.0,0.0,0.0,0.0,0.0,-1.0,0.0,0.0,0.0,0.0,0.0,1.0,0.0
2025,11,2025_11_KC_DEN,2025-11-16,KC,DEN,Home,3.0,2.082,2.090333,4.612027,-0.439693,3.439693,-10.0,564.281843,1.0,-0.461203,-4.0,0.0,0.564282,0.0,0.0,0.0,0.0,0.0,0.0,-8.0,0.0,0.0,0.0,0.0,0.0,0.0,0.0,0.0,0.0,0.0,0.0,0.0,0.0,0.0,0.0,0.0,0.0,0.0,-1.0,0.0,0.0,0.0,0.0,0.0,0.0,-1.0
2025,11,2025_11_LAC_JAX,2025-11-16,LAC,JAX,Home,29.0,2.082,-2.577837,1.505174,-2.001011,31.001011,4.0,2150.464892,0.0,0.0,0.0,1.0,2.150465,0.0,0.0,0.0,3.0,0.0,0.0,0.0,0.0,0.0,0.0,0.0,0.0,0.0,2.0,0.0,0.0,0.0,0.0,0.0,0.0,0.0,0.0,0.0,0.0,0.0,0.0,0.0,0.0,0.0,0.0,1.0,1.0,0.0
2025,11,2025_11_NYJ_NE,2025-11-13,NYJ,NE,Home,13.0,2.082,-3.826931,-3.913784,2.168853,10.831147,6.0,170.187519,0.0,0.0,0.0,0.0,0.170188,0.0,0.0,0.0,0.0,0.0,0.0,0.0,0.0,0.0,0.0,0.0,0.0,0.0,0.0,0.0,0.0,0.0,0.0,0.0,0.0,0.0,2.0,0.0,6.0,0.0,-1.0,0.0,0.0,0.0,0.0,0.0,0.0,-1.0
2025,11,2025_11_SEA_LA,2025-11-16,SEA,LAR,Home,2.0,2.082,2.582129,1.480481,3.183648,-1.183648,-2.0,965.0728,0.0,0.0,0.0,0.0,0.965073,0.0,1.0,0.0,0.0,0.0,0.0,0.0,0.0,0.0,0.0,0.0,0.0,0.0,0.0,0.0,0.0,0.0,0.0,0.0,0.0,0.0,0.0,0.0,0.0,0.0,-1.0,0.0,0.0,0.0,0.0,0.0,0.0,-1.0
2025,11,2025_11_SF_ARI,2025-11-16,SF,ARI,Home,-19.0,2.082,-1.894163,3.132816,-2.944979,-16.055021,2.0,607.928175,0.0,0.0,0.0,0.0,0.607928,0.0,0.0,0.607928,0.0,0.0,0.0,0.0,0.0,0.0,0.0,0.0,0.0,0.0,0.0,2.0,0.0,0.0,0.0,0.0,0.0,0.0,0.0,0.0,0.0,0.0,-1.0,0.0,0.0,0.0,2.0,0.0,0.0,-1.0
2025,11,2025_11_TB_BUF,2025-11-16,TB,BUF,Home,12.0,2.082,6.364678,2.758094,5.688584,6.311416,4.0,1043.359019,0.0,0.0,0.0,0.0,1.043359,0.0,1.0,1.043359,0.0,0.0,0.0,0.0,0.0,0.0,0.0,0.0,1.0,0.0,0.0,0.0,0.0,0.0,0.0,0.0,0.0,0.0,0.0,0.0,0.0,0.0,0.0,0.0,0.0,0.0,2.0,0.0,1.0,0.0
2025,11,2025_11_WAS_MIA,2025-11-16,WAS,MIA,Neutral,3.0,0.0,0.318077,-3.271698,3.589775,-0.589775,-1.0,,0.0,0.0,0.0,0.0,0.0,0.0,0.0,0.0,0.0,0.0,-2.0,0.0,0.0,0.0,0.0,0.0,1.0,0.0,0.0,0.0,0.0,0.0,0.0,0.0,0.0,0.0,0.0,0.0,0.0,0.0,0.0,0.0,0.0,0.0,0.0,0.0,0.0,0.0
2025,12,2025_12_ATL_NO,2025-11-23,ATL,NO,Home,-14.0,2.082,-2.301555,-3.371373,3.151818,-17.151818,8.0,424.399135,0.0,-0.230156,7.0,0.0,0.424399,0.0,0.0,0.424399,0.0,0.0,0.0,0.0,0.0,4.0,0.0,0.0,0.0,0.0,0.0,0.0,4.0,0.0,0.0,0.0,0.0,0.0,0.0,0.0,0.0,0.0,-1.0,0.0,0.0,0.0,2.0,0.0,0.0,-1.0
2025,12,2025_12_BUF_HOU,2025-11-20,BUF,HOU,Home,4.0,2.082,1.155854,6.484728,-3.246874,7.246874,7.0,1290.13514,0.0,0.0,0.0,0.0,1.290135,1.0,0.0,0.0,0.0,1.0,0.0,0.0,0.0,0.0,0.0,0.0,0.0,0.0,0.0,0.0,0.0,0.0,0.0,0.0,0.0,0.0,2.0,0.0,6.0,0.0,0.0,0.0,0.0,0.0,0.0,0.0,0.0,-1.0
2025,12,2025_12_CAR_SF,2025-11-24,CAR,SF,Home,11.0,2.082,3.435347,-8.10869,13.626037,-2.626037,12.0,2275.98438,0.0,0.0,0.0,0.0,2.275984,0.0,0.0,2.275984,0.0,3.0,0.0,0.0,2.0,0.0,0.0,0.0,0.0,0.0,0.0,0.0,0.0,2.0,0.0,0.0,0.0,0.0,0.0,0.0,6.0,0.0,0.0,0.0,0.0,0.0,2.0,1.0,0.0,-1.0
2025,12,2025_12_CLE_LV,2025-11-23,CLE,LV,Home,-14.0,2.082,-3.890539,-3.450949,1.64241,-15.64241,1.0,1829.444232,0.0,0.0,-1.0,0.0,1.829444,1.0,0.0,1.829444,0.0,0.0,0.0,0.0,0.0,0.0,0.0,0.0,0.0,0.0,0.0,0.0,0.0,0.0,0.0,0.0,0.0,0.0,0.0,0.0,0.0,0.0,0.0,0.0,0.0,0.0,2.0,0.0,0.0,-1.0
2025,12,2025_12_IND_KC,2025-11-23,IND,KC,Home,3.0,2.082,4.479216,-0.185949,6.747164,-3.747164,-1.0,446.727605,0.0,0.018595,-7.0,1.0,0.446728,0.0,0.0,0.0,0.0,0.0,0.0,-6.0,0.0,4.0,0.0,0.0,0.0,0.0,0.0,0.0,0.0,0.0,0.0,0.0,0.0,0.0,0.0,0.0,0.0,0.0,0.0,0.0,0.0,0.0,0.0,0.0,1.0,0.0
2025,12,2025_12_JAX_ARI,2025-11-23,JAX,ARI,Home,-3.0,2.082,-2.152346,-1.991645,1.921299,-4.921299,4.0,1802.958693,0.0,0.0,0.0,0.0,1.802959,1.0,0.0,1.802959,0.0,0.0,0.0,0.0,0.0,0.0,0.0,0.0,1.0,0.0,0.0,2.0,0.0,0.0,0.0,0.0,0.0,0.0,0.0,0.0,0.0,0.0,0.0,0.0,0.0,0.0,2.0,0.0,0.0,-1.0
2025,12,2025_12_MIN_GB,2025-11-23,MIN,GB,Home,17.0,2.082,4.024091,1.953173,4.152917,12.847083,0.0,257.029197,0.0,0.0,0.0,1.0,0.257029,0.0,0.0,0.0,0.0,0.0,0.0,0.0,0.0,0.0,0.0,0.0,0.0,0.0,0.0,0.0,0.0,0.0,0.0,0.0,0.0,0.0,0.0,0.0,0.0,0.0,-1.0,0.0,0.0,0.0,0.0,0.0,1.0,0.0
2025,12,2025_12_NE_CIN,2025-11-23,NE,CIN,Home,-6.0,2.082,-1.402082,-3.631739,4.311657,-10.311657,1.0,724.542061,0.0,0.0,-3.0,0.0,0.724542,0.0,0.0,0.0,0.0,0.0,0.0,0.0,0.0,0.0,0.0,0.0,0.0,0.0,0.0,2.0,0.0,0.0,0.0,0.0,0.0,0.0,0.0,0.0,0.0,0.0,0.0,0.0,0.0,0.0,0.0,0.0,0.0,-1.0
2025,12,2025_12_NYG_DET,2025-11-23,NYG,DET,Home,7.0,2.082,7.937821,-6.164596,16.184417,-9.184417,-1.0,475.280588,0.0,0.0,0.0,0.0,0.475281,0.0,0.0,0.0,0.0,0.0,0.0,0.0,0.0,0.0,0.0,0.0,0.0,0.0,0.0,0.0,0.0,0.0,0.0,0.0,0.0,0.0,0.0,0.0,0.0,0.0,0.0,0.0,0.0,0.0,0.0,0.0,0.0,-1.0
2025,12,2025_12_NYJ_BAL,2025-11-23,NYJ,BAL,Home,13.0,2.082,7.183958,-4.080278,13.346236,-0.346236,3.0,171.514888,0.0,0.0,-3.0,1.0,0.171515,0.0,0.0,0.171515,0.0,0.0,0.0,0.0,0.0,0.0,0.0,0.0,0.0,0.0,0.0,0.0,0.0,0.0,0.0,0.0,0.0,0.0,0.0,0.0,0.0,0.0,0.0,0.0,0.0,0.0,2.0,0.0,1.0,0.0
2025,12,2025_12_PHI_DAL,2025-11-23,PHI,DAL,Home,3.0,2.082,0.970944,3.661369,-0.608425,3.608425,-4.0,1312.507638,0.0,0.0,-1.0,0.0,1.312508,1.0,0.0,0.0,0.0,0.0,0.0,0.0,0.0,0.0,0.0,0.0,0.0,0.0,0.0,0.0,0.0,0.0,0.0,0.0,-4.0,0.0,0.0,0.0,0.0,0.0,-1.0,0.0,0.0,0.0,0.0,0.0,1.0,0.0
2025,12,2025_12_PIT_CHI,2025-11-23,PIT,CHI,Home,3.0,2.082,-1.032865,0.267418,0.781718,2.218282,0.0,407.182879,0.0,0.0,0.0,0.0,0.407183,0.0,0.0,0.0,0.0,0.0,0.0,0.0,0.0,0.0,0.0,0.0,1.0,0.0,0.0,0.0,0.0,0.0,0.0,0.0,0.0,0.0,0.0,0.0,0.0,0.0,0.0,0.0,0.0,0.0,0.0,0.0,0.0,-1.0
2025,12,2025_12_SEA_TEN,2025-11-23,SEA,TEN,Home,-6.0,2.082,-6.591758,1.526339,-6.036097,0.036097,6.0,1970.629492,0.0,0.0,0.0,1.0,1.970629,1.0,0.0,1.970629,2.0,0.0,0.0,0.0,0.0,0.0,0.0,0.0,1.0,0.0,2.0,0.0,0.0,0.0,0.0,0.0,0.0,0.0,0.0,0.0,0.0,0.0,0.0,0.0,0.0,0.0,2.0,0.0,1.0,0.0
2025,12,2025_12_TB_LA,2025-11-23,TB,LAR,Home,27.0,2.082,2.601673,2.65428,2.029393,24.970607,14.0,2151.718042,0.0,0.0,0.0,0.0,2.151718,0.0,0.0,2.151718,0.0,3.0,0.0,0.0,0.0,0.0,0.0,0.0,0.0,0.0,0.0,0.0,0.0,0.0,0.0,0.0,0.0,4.0,0.0,0.0,6.0,0.0,0.0,0.0,0.0,0.0,2.0,1.0,1.0,0.0
2025,13,2025_13_ARI_TB,2025-11-30,ARI,TB,Home,3.0,2.082,2.177476,-2.193678,6.453153,-3.453153,6.0,1801.632765,0.0,0.0,0.0,0.0,1.801633,1.0,0.0,0.0,2.0,0.0,0.0,0.0,0.0,4.0,0.0,0.0,0.0,1.0,0.0,2.0,0.0,0.0,0.0,0.0,0.0,0.0,0.0,0.0,0.0,0.0,0.0,0.0,0.0,0.0,0.0,0.0,0.0,-1.0
2025,13,2025_13_ATL_NYJ,2025-11-30,ATL,NYJ,Home,3.0,2.082,-4.055527,-3.126693,1.153166,1.846834,2.0,747.417492,0.0,0.0,0.0,0.0,0.747417,0.0,0.0,0.747417,0.0,0.0,0.0,0.0,0.0,0.0,0.0,0.0,1.0,0.0,0.0,0.0,0.0,0.0,0.0,0.0,0.0,0.0,0.0,0.0,0.0,0.0,0.0,0.0,0.0,0.0,2.0,0.0,0.0,-1.0
2025,13,2025_13_BUF_PIT,2025-11-30,BUF,PIT,Home,-19.0,2.082,0.257544,6.354786,-4.015242,-14.984758,3.0,172.856434,0.0,0.0,-3.0,1.0,0.172856,0.0,0.0,0.172856,0.0,0.0,0.0,0.0,0.0,0.0,0.0,0.0,0.0,0.0,0.0,0.0,0.0,0.0,0.0,0.0,0.0,0.0,0.0,0.0,0.0,0.0,0.0,0.0,0.0,0.0,2.0,0.0,1.0,0.0
2025,13,2025_13_CHI_PHI,2025-11-28,CHI,PHI,Home,-9.0,2.082,3.614969,-1.024591,6.72156,-15.72156,-1.0,663.667206,0.0,0.0,0.0,0.0,0.663667,0.0,0.0,0.0,0.0,0.0,0.0,0.0,0.0,0.0,0.0,0.0,0.0,0.0,0.0,0.0,0.0,0.0,0.0,0.0,0.0,0.0,0.0,0.0,0.0,0.0,0.0,0.0,0.0,0.0,0.0,0.0,0.0,-1.0
2025,13,2025_13_CIN_BAL,2025-11-27,CIN,BAL,Home,-18.0,2.082,7.192924,-1.564948,10.839872,-28.839872,8.0,422.769581,0.0,0.0,0.0,1.0,0.42277,0.0,0.0,0.0,0.0,0.0,0.0,0.0,0.0,0.0,0.0,0.0,0.0,0.0,0.0,0.0,0.0,0.0,0.0,0.0,0.0,0.0,2.0,0.0,6.0,0.0,-1.0,0.0,0.0,0.0,0.0,0.0,1.0,0.0
2025,13,2025_13_DEN_WAS,2025-11-30,DEN,WAS,Home,-1.0,2.082,-3.215231,2.016979,-3.15021,2.15021,1.0,1499.757257,0.0,-0.523221,0.0,0.0,1.499757,1.0,0.0,0.0,0.0,0.0,0.0,-6.0,0.0,0.0,0.0,0.0,1.0,0.0,0.0,0.0,4.0,0.0,-2.0,0.0,0.0,4.0,0.0,0.0,0.0,1.0,0.0,0.0,0.0,0.0,0.0,0.0,0.0,-1.0
2025,13,2025_13_GB_DET,2025-11-27,GB,DET,Home,-7.0,2.082,7.744768,4.233549,5.593219,-12.593219,-4.0,292.632421,0.0,0.0,0.0,0.0,0.292632,0.0,0.0,0.0,1.0,0.0,0.0,0.0,0.0,0.0,0.0,0.0,0.0,0.0,0.0,0.0,0.0,0.0,0.0,-4.0,0.0,0.0,0.0,0.0,0.0,0.0,-1.0,0.0,0.0,0.0,0.0,0.0,1.0,0.0
2025,13,2025_13_HOU_IND,2025-11-30,HOU,IND,Home,-4.0,2.082,-0.091535,1.299642,0.690823,-4.690823,-4.0,870.881595,0.0,0.0,-3.0,0.0,0.870882,0.0,1.0,0.0,1.0,0.0,0.0,0.0,0.0,0.0,0.0,0.0,0.0,0.0,0.0,0.0,0.0,0.0,-2.0,0.0,0.0,0.0,0.0,0.0,0.0,0.0,-1.0,0.0,0.0,0.0,0.0,0.0,0.0,-1.0
2025,13,2025_13_JAX_TEN,2025-11-30,JAX,TEN,Home,-22.0,2.082,-6.564656,-1.892376,-2.59028,-19.40972,2.0,500.780884,0.0,0.0,0.0,0.0,0.500781,0.0,0.0,0.500781,0.0,0.0,0.0,0.0,2.0,0.0,0.0,0.0,0.0,0.0,0.0,0.0,0.0,0.0,0.0,0.0,0.0,0.0,0.0,0.0,0.0,0.0,-1.0,0.0,0.0,0.0,2.0,0.0,0.0,-1.0
2025,13,2025_13_KC_DAL,2025-11-27,KC,DAL,Home,3.0,2.082,1.045683,4.361932,-1.234248,4.234248,8.0,459.20072,0.0,0.0,0.0,0.0,0.459201,0.0,0.0,0.459201,0.0,0.0,0.0,0.0,0.0,4.0,0.0,0.0,1.0,0.0,0.0,0.0,0.0,0.0,0.0,0.0,0.0,0.0,0.0,0.0,0.0,0.0,0.0,0.0,0.0,0.0,2.0,0.0,1.0,0.0
2025,13,2025_13_LA_CAR,2025-11-30,LAR,CAR,Home,3.0,2.082,-8.09169,3.054268,-9.063958,12.063958,0.0,2121.357913,0.0,0.0,-1.0,1.0,2.121358,0.0,0.0,0.0,3.0,0.0,0.0,0.0,0.0,0.0,0.0,0.0,0.0,0.0,2.0,0.0,0.0,0.0,0.0,0.0,-4.0,0.0,0.0,0.0,0.0,0.0,0.0,0.0,0.0,0.0,0.0,1.0,1.0,0.0
2025,13,2025_13_LV_LAC,2025-11-30,LV,LAC,Home,17.0,2.082,0.847443,-4.183494,7.112937,9.887063,9.0,231.708179,0.0,0.084744,7.0,0.0,0.231708,0.0,0.0,0.0,0.0,0.0,0.0,0.0,0.0,0.0,0.0,0.0,0.0,0.0,0.0,4.0,5.0,0.0,0.0,0.0,0.0,0.0,0.0,0.0,0.0,0.0,-1.0,0.0,0.0,0.0,0.0,0.0,1.0,0.0
2025,13,2025_13_MIN_SEA,2025-11-30,MIN,SEA,Home,26.0,2.082,1.560704,1.718122,1.924583,24.075417,-1.0,1391.700371,0.0,0.0,0.0,0.0,1.3917,1.0,0.0,0.0,0.0,0.0,0.0,0.0,0.0,0.0,0.0,0.0,0.0,0.0,0.0,0.0,0.0,0.0,0.0,0.0,0.0,0.0,0.0,0.0,0.0,0.0,0.0,0.0,0.0,0.0,0.0,0.0,0.0,-1.0
2025,13,2025_13_NO_MIA,2025-11-30,NO,MIA,Home,4.0,2.082,0.345457,-2.603242,5.0307,-1.0307,5.0,660.669278,0.0,0.034546,7.0,1.0,0.660669,0.0,0.0,0.660669,1.0,0.0,0.0,0.0,0.0,0.0,0.0,0.0,1.0,0.0,0.0,0.0,5.0,0.0,0.0,-4.0,0.0,0.0,0.0,0.0,0.0,0.0,0.0,0.0,0.0,0.0,2.0,0.0,1.0,0.0
2025,13,2025_13_NYG_NE,2025-12-01,NYG,NE,Home,18.0,2.082,-3.458425,-6.006541,4.630115,13.369885,12.0,170.187519,0.0,0.0,0.0,0.0,0.170188,0.0,0.0,0.170188,0.0,0.0,0.0,0.0,2.0,0.0,0.0,0.0,1.0,0.0,0.0,0.0,0.0,2.0,0.0,0.0,0.0,0.0,0.0,0.0,6.0,0.0,0.0,0.0,0.0,0.0,2.0,0.0,0.0,-1.0
2025,13,2025_13_SF_CLE,2025-11-30,SF,CLE,Home,-18.0,2.082,-3.170071,3.416452,-4.504523,-13.495477,9.0,2147.423464,0.0,0.0,1.0,0.0,2.147423,0.0,0.0,0.0,3.0,0.0,0.0,0.0,0.0,0.0,0.0,6.0,1.0,0.0,2.0,0.0,0.0,0.0,0.0,0.0,0.0,0.0,0.0,0.0,0.0,0.0,0.0,0.0,0.0,0.0,0.0,1.0,0.0,-1.0
2025,14,2025_14_CHI_GB,2025-12-07,CHI,GB,Home,7.0,2.082,4.412342,-0.785116,7.279458,-0.279458,0.0,183.712916,0.0,0.0,1.0,0.0,0.183713,0.0,0.0,0.183713,0.0,0.0,0.0,0.0,0.0,0.0,0.0,0.0,0.0,0.0,0.0,0.0,0.0,0.0,0.0,0.0,0.0,0.0,0.0,0.0,0.0,0.0,-1.0,0.0,0.0,0.0,2.0,0.0,0.0,-1.0
2025,14,2025_14_CIN_BUF,2025-12-07,CIN,BUF,Home,5.0,2.082,6.652625,-1.129473,9.864097,-4.864097,1.0,392.290119,0.0,0.0,-3.0,0.0,0.39229,0.0,0.0,0.39229,0.0,0.0,0.0,0.0,0.0,0.0,0.0,0.0,0.0,0.0,0.0,0.0,0.0,0.0,0.0,0.0,0.0,0.0,0.0,0.0,0.0,0.0,0.0,0.0,0.0,0.0,2.0,0.0,0.0,-1.0
2025,14,2025_14_DAL_DET,2025-12-04,DAL,DET,Home,14.0,2.082,7.513464,1.101339,8.494125,5.505875,4.0,1013.262859,0.0,0.0,0.0,0.0,1.013263,0.0,1.0,0.0,0.0,0.0,0.0,0.0,0.0,0.0,0.0,0.0,0.0,0.0,0.0,0.0,0.0,0.0,0.0,0.0,0.0,0.0,2.0,3.0,0.0,0.0,0.0,0.0,0.0,0.0,0.0,0.0,0.0,-1.0
2025,14,2025_14_DEN_LV,2025-12-07,DEN,LV,Home,-7.0,2.082,-4.369508,1.961527,-4.249034,-2.750966,0.0,608.258094,0.0,0.0,0.0,0.0,0.608258,0.0,0.0,0.0,0.0,0.0,0.0,0.0,2.0,0.0,0.0,0.0,0.0,0.0,0.0,0.0,0.0,0.0,0.0,0.0,0.0,0.0,0.0,0.0,0.0,0.0,-1.0,0.0,0.0,0.0,0.0,0.0,0.0,-1.0
2025,14,2025_14_HOU_KC,2025-12-07,HOU,KC,Home,-10.0,2.082,4.279656,1.377029,4.984628,-14.984628,10.0,649.148596,0.0,0.0,3.0,1.0,0.649149,0.0,0.0,0.649149,0.0,0.0,0.0,0.0,0.0,0.0,0.0,0.0,0.0,0.0,0.0,0.0,0.0,0.0,0.0,0.0,0.0,4.0,0.0,3.0,0.0,0.0,0.0,0.0,0.0,0.0,2.0,0.0,1.0,0.0
2025,14,2025_14_IND_JAX,2025-12-07,IND,JAX,Home,17.0,2.082,-1.543553,-0.200451,0.738898,16.261102,0.0,700.191122,0.0,0.0,0.0,1.0,0.700191,0.0,0.0,0.0,0.0,0.0,0.0,0.0,0.0,0.0,0.0,0.0,0.0,0.0,0.0,0.0,0.0,0.0,0.0,0.0,0.0,0.0,0.0,0.0,0.0,0.0,-1.0,0.0,0.0,0.0,0.0,0.0,1.0,0.0
2025,14,2025_14_LA_ARI,2025-12-07,LAR,ARI,Home,-28.0,2.082,-2.056898,2.880437,-2.855335,-25.144665,0.0,350.319259,0.0,0.0,0.0,1.0,0.350319,0.0,0.0,0.0,0.0,0.0,0.0,0.0,0.0,0.0,0.0,0.0,0.0,0.0,0.0,0.0,0.0,0.0,0.0,0.0,0.0,0.0,0.0,0.0,0.0,0.0,-1.0,0.0,0.0,0.0,0.0,0.0,1.0,0.0
2025,14,2025_14_MIA_NYJ,2025-12-07,MIA,NYJ,Home,-24.0,2.082,-3.99291,0.365057,-2.275967,-21.724033,0.0,1085.511258,0.0,0.0,0.0,0.0,1.085511,0.0,1.0,0.0,0.0,0.0,0.0,0.0,0.0,0.0,0.0,0.0,0.0,0.0,0.0,0.0,0.0,0.0,0.0,0.0,0.0,0.0,0.0,0.0,0.0,0.0,-1.0,0.0,0.0,0.0,0.0,0.0,1.0,0.0
2025,14,2025_14_NO_TB,2025-12-07,NO,TB,Home,-4.0,2.082,2.128593,-2.567597,6.77819,-10.77819,2.0,477.877282,0.0,0.0,0.0,1.0,0.477877,0.0,0.0,0.477877,1.0,0.0,0.0,0.0,0.0,0.0,0.0,0.0,0.0,0.0,0.0,0.0,0.0,0.0,0.0,0.0,0.0,0.0,0.0,0.0,0.0,0.0,-1.0,0.0,0.0,0.0,2.0,0.0,1.0,0.0
2025,14,2025_14_PHI_LAC,2025-12-08,PHI,LAC,Home,3.0,2.082,0.966935,3.307195,-0.25826,3.25826,11.0,2396.024772,0.0,0.0,-2.0,0.0,2.396025,0.0,0.0,0.0,0.0,3.0,0.0,0.0,0.0,0.0,0.0,0.0,1.0,0.0,0.0,0.0,0.0,2.0,0.0,0.0,0.0,0.0,0.0,0.0,6.0,0.0,0.0,0.0,0.0,0.0,0.0,1.0,1.0,0.0
2025,14,2025_14_PIT_BAL,2025-12-07,PIT,BAL,Home,-5.0,2.082,6.648367,-0.013993,8.74436,-13.74436,-4.0,197.2245,0.0,0.0,3.0,0.0,0.197225,0.0,0.0,0.0,0.0,0.0,-2.0,0.0,0.0,0.0,0.0,0.0,0.0,0.0,0.0,0.0,0.0,0.0,0.0,0.0,0.0,0.0,0.0,0.0,0.0,0.0,-1.0,0.0,0.0,0.0,0.0,0.0,0.0,-1.0
2025,14,2025_14_SEA_ATL,2025-12-07,SEA,ATL,Home,-28.0,2.082,-3.142937,1.996341,-3.057278,-24.942722,4.0,2177.298328,0.0,0.0,0.0,0.0,2.177298,0.0,0.0,2.177298,3.0,0.0,0.0,0.0,0.0,0.0,0.0,0.0,0.0,0.0,2.0,0.0,0.0,0.0,0.0,0.0,0.0,0.0,0.0,0.0,0.0,0.0,0.0,0.0,0.0,0.0,2.0,1.0,0.0,-1.0
2025,14,2025_14_TEN_CLE,2025-12-07,TEN,CLE,Home,-2.0,2.082,-3.453538,-6.863922,5.492383,-7.492383,-3.0,458.738335,0.0,0.0,0.0,0.0,0.458738,0.0,0.0,0.0,1.0,0.0,-2.0,0.0,0.0,0.0,0.0,0.0,0.0,0.0,0.0,0.0,0.0,0.0,0.0,0.0,0.0,0.0,0.0,0.0,0.0,0.0,0.0,0.0,0.0,0.0,0.0,0.0,0.0,-1.0
2025,14,2025_14_WAS_MIN,2025-12-07,WAS,MIN,Home,31.0,2.082,1.302719,-3.186715,6.571433,24.428567,7.0,938.644093,0.0,0.0,0.0,0.0,0.938644,0.0,1.0,0.0,0.0,0.0,0.0,0.0,0.0,4.0,0.0,0.0,0.0,0.0,0.0,2.0,0.0,0.0,0.0,0.0,0.0,0.0,0.0,0.0,0.0,0.0,0.0,0.0,0.0,0.0,0.0,0.0,1.0,0.0
2025,15,2025_15_ARI_HOU,2025-12-14,ARI,HOU,Home,20.0,2.082,1.66122,-2.432243,6.175463,13.824537,1.0,1025.240696,0.0,0.0,0.0,0.0,1.025241,0.0,1.0,0.0,1.0,0.0,-2.0,0.0,0.0,0.0,0.0,0.0,1.0,1.0,0.0,0.0,0.0,0.0,0.0,0.0,0.0,0.0,0.0,0.0,0.0,0.0,0.0,0.0,0.0,0.0,0.0,0.0,1.0,0.0
2025,15,2025_15_ATL_TB,2025-12-11,ATL,TB,Home,-1.0,2.082,1.911633,-3.603899,7.597532,-8.597532,8.0,414.852675,0.0,0.0,0.0,1.0,0.414853,0.0,0.0,0.414853,0.0,0.0,-2.0,0.0,0.0,0.0,0.0,0.0,0.0,0.0,0.0,0.0,0.0,0.0,0.0,0.0,0.0,0.0,2.0,0.0,6.0,0.0,-1.0,0.0,0.0,0.0,2.0,0.0,1.0,0.0
2025,15,2025_15_BAL_CIN,2025-12-14,BAL,CIN,Home,-24.0,2.082,-1.031874,6.441402,-5.391275,-18.608725,0.0,422.769581,0.0,0.0,0.0,0.0,0.42277,0.0,0.0,0.0,0.0,0.0,0.0,0.0,0.0,0.0,0.0,0.0,0.0,0.0,0.0,0.0,0.0,0.0,0.0,0.0,0.0,0.0,0.0,0.0,0.0,0.0,-1.0,0.0,0.0,0.0,0.0,0.0,1.0,0.0
2025,15,2025_15_BUF_NE,2025-12-14,BUF,NE,Home,-4.0,2.082,-3.196169,6.55333,-7.667499,3.667499,4.0,386.376435,0.0,-0.319617,6.0,0.0,0.386376,0.0,0.0,0.386376,0.0,0.0,0.0,0.0,0.0,0.0,0.0,0.0,0.0,0.0,0.0,0.0,4.0,0.0,0.0,0.0,0.0,0.0,0.0,0.0,0.0,0.0,-1.0,0.0,0.0,0.0,2.0,0.0,0.0,-1.0
2025,15,2025_15_CAR_NO,2025-12-14,CAR,NO,Home,3.0,2.082,-2.409162,-7.879077,7.551914,-4.551914,-3.0,648.697077,0.0,0.787908,-7.0,0.0,0.648697,0.0,0.0,0.648697,0.0,0.0,0.0,-5.0,0.0,0.0,0.0,0.0,0.0,0.0,0.0,0.0,0.0,0.0,0.0,0.0,0.0,0.0,0.0,0.0,0.0,0.0,-1.0,0.0,0.0,0.0,2.0,0.0,1.0,0.0
2025,15,2025_15_CLE_CHI,2025-12-14,CLE,CHI,Home,28.0,2.082,-0.747275,-3.561078,4.895802,23.104198,0.0,306.259003,0.0,0.0,0.0,0.0,0.306259,0.0,0.0,0.0,0.0,0.0,0.0,0.0,0.0,0.0,0.0,0.0,1.0,0.0,0.0,0.0,0.0,0.0,0.0,0.0,0.0,0.0,0.0,0.0,0.0,0.0,0.0,0.0,0.0,0.0,0.0,0.0,0.0,-1.0
2025,15,2025_15_DET_LA,2025-12-14,DET,LAR,Home,7.0,2.082,3.347579,7.634642,-2.205064,9.205064,-1.0,1987.353838,0.0,0.0,-3.0,0.0,1.987354,1.0,0.0,0.0,0.0,0.0,0.0,0.0,0.0,0.0,0.0,0.0,0.0,0.0,0.0,0.0,0.0,0.0,0.0,0.0,0.0,0.0,0.0,0.0,0.0,0.0,0.0,0.0,0.0,0.0,0.0,0.0,0.0,-1.0
2025,15,2025_15_GB_DEN,2025-12-14,GB,DEN,Home,8.0,2.082,1.958513,4.470173,-0.429659,8.429659,0.0,926.986238,1.0,0.0,0.0,0.0,0.926986,0.0,1.0,0.0,0.0,0.0,0.0,0.0,0.0,0.0,0.0,0.0,1.0,0.0,0.0,0.0,0.0,0.0,0.0,0.0,0.0,0.0,0.0,0.0,0.0,0.0,0.0,0.0,0.0,0.0,0.0,0.0,0.0,-1.0
2025,15,2025_15_IND_SEA,2025-12-14,IND,SEA,Home,2.0,2.082,2.453715,-0.414719,4.950434,-2.950434,2.0,1867.630648,0.0,0.0,0.0,0.0,1.867631,1.0,0.0,1.867631,0.0,0.0,0.0,0.0,0.0,0.0,0.0,0.0,1.0,0.0,0.0,0.0,0.0,0.0,0.0,0.0,0.0,0.0,0.0,0.0,0.0,0.0,0.0,0.0,0.0,0.0,2.0,0.0,0.0,-1.0
2025,15,2025_15_LAC_KC,2025-12-14,LAC,KC,Home,-3.0,2.082,4.002204,0.997471,5.086733,-8.086733,12.0,1366.48133,0.0,0.0,1.0,1.0,1.366481,1.0,0.0,0.0,2.0,0.0,0.0,0.0,0.0,4.0,0.0,6.0,0.0,0.0,2.0,0.0,0.0,0.0,0.0,0.0,0.0,0.0,0.0,0.0,0.0,0.0,-1.0,0.0,0.0,0.0,0.0,0.0,1.0,0.0
2025,15,2025_15_LV_PHI,2025-12-14,LV,PHI,Home,31.0,2.082,3.213582,-4.431658,9.727239,21.272761,-3.0,2176.393188,0.0,0.0,-1.0,0.0,2.176393,0.0,0.0,0.0,3.0,0.0,0.0,0.0,0.0,0.0,0.0,0.0,1.0,0.0,2.0,0.0,0.0,0.0,-2.0,0.0,-4.0,0.0,0.0,0.0,0.0,0.0,0.0,0.0,0.0,0.0,0.0,1.0,0.0,-1.0
2025,15,2025_15_MIA_PIT,2025-12-15,MIA,PIT,Home,13.0,2.082,0.205632,0.681049,1.606583,11.393417,7.0,1001.162802,0.0,0.0,0.0,0.0,1.001163,0.0,1.0,0.0,0.0,0.0,0.0,0.0,0.0,0.0,0.0,0.0,0.0,0.0,0.0,0.0,0.0,2.0,0.0,0.0,0.0,0.0,0.0,0.0,6.0,0.0,0.0,0.0,0.0,0.0,0.0,0.0,0.0,-1.0
2025,15,2025_15_MIN_DAL,2025-12-14,MIN,DAL,Home,-8.0,2.082,0.934253,1.747517,1.268736,-9.268736,8.0,869.347194,0.0,0.0,3.0,0.0,0.869347,0.0,1.0,0.869347,0.0,0.0,0.0,0.0,0.0,0.0,0.0,0.0,0.0,0.0,0.0,0.0,0.0,0.0,0.0,0.0,0.0,4.0,0.0,3.0,0.0,0.0,0.0,0.0,0.0,0.0,2.0,0.0,0.0,-1.0
2025,15,2025_15_NYJ_JAX,2025-12-14,NYJ,JAX,Home,28.0,2.082,-1.225308,-4.371559,5.228252,22.771748,-1.0,839.387991,0.0,0.0,0.0,1.0,0.839388,0.0,1.0,0.0,0.0,0.0,-2.0,0.0,0.0,0.0,0.0,0.0,0.0,0.0,0.0,0.0,0.0,0.0,0.0,0.0,0.0,0.0,0.0,0.0,0.0,0.0,0.0,0.0,0.0,0.0,0.0,0.0,1.0,0.0
2025,15,2025_15_TEN_SF,2025-12-14,TEN,SF,Home,13.0,2.082,3.725422,-6.676853,12.484275,0.515725,7.0,1938.301754,0.0,0.372542,7.0,0.0,1.938302,1.0,0.0,0.0,0.0,0.0,0.0,0.0,0.0,0.0,0.0,0.0,1.0,0.0,0.0,0.0,7.0,0.0,0.0,0.0,0.0,0.0,0.0,0.0,0.0,0.0,0.0,0.0,0.0,0.0,0.0,0.0,0.0,-1.0
2025,15,2025_15_WAS_NYG,2025-12-14,WAS,NYG,Home,-8.0,2.082,-6.29982,-3.658643,-0.559176,-7.440824,-2.0,198.052961,0.0,-0.629982,6.0,0.0,0.198053,0.0,0.0,0.198053,0.0,0.0,-4.0,0.0,0.0,0.0,0.0,0.0,0.0,0.0,0.0,0.0,4.0,0.0,0.0,0.0,-4.0,0.0,0.0,0.0,0.0,0.0,-1.0,0.0,0.0,0.0,2.0,0.0,1.0,0.0
2025,16,2025_16_ATL_ARI,2025-12-21,ATL,ARI,Home,-7.0,2.082,-2.65017,-3.450787,2.882617,-9.882617,5.0,1597.809903,0.0,0.0,-3.0,1.0,1.59781,1.0,0.0,1.59781,0.0,0.0,0.0,0.0,0.0,0.0,0.0,0.0,0.0,0.0,0.0,2.0,0.0,0.0,0.0,0.0,0.0,0.0,0.0,0.0,0.0,0.0,0.0,0.0,0.0,0.0,2.0,0.0,1.0,0.0
2025,16,2025_16_BUF_CLE,2025-12-21,BUF,CLE,Home,-3.0,2.082,-3.953765,6.440161,-8.311926,5.311926,5.0,173.01867,0.0,0.0,0.0,1.0,0.173019,0.0,0.0,0.173019,0.0,0.0,0.0,0.0,0.0,0.0,0.0,0.0,0.0,0.0,0.0,2.0,0.0,0.0,0.0,0.0,0.0,0.0,0.0,0.0,0.0,0.0,0.0,0.0,0.0,0.0,2.0,0.0,1.0,0.0
2025,16,2025_16_CIN_MIA,2025-12-21,CIN,MIA,Home,-24.0,2.082,0.432559,-1.334513,3.849072,-27.849072,-3.0,940.958363,0.0,0.0,-1.0,1.0,0.940958,0.0,1.0,0.940958,0.0,0.0,-2.0,0.0,0.0,0.0,0.0,0.0,0.0,0.0,0.0,0.0,0.0,0.0,0.0,0.0,-4.0,0.0,0.0,0.0,0.0,0.0,0.0,0.0,0.0,0.0,2.0,0.0,1.0,0.0
2025,16,2025_16_GB_CHI,2025-12-20,GB,CHI,Home,6.0,2.082,-0.339299,4.365885,-2.623184,8.623184,3.0,183.712916,0.0,0.0,0.0,0.0,0.183713,0.0,0.0,0.183713,0.0,0.0,0.0,0.0,0.0,0.0,0.0,0.0,0.0,0.0,0.0,0.0,0.0,0.0,0.0,0.0,0.0,0.0,0.0,3.0,0.0,0.0,-1.0,0.0,0.0,0.0,2.0,0.0,0.0,-1.0
2025,16,2025_16_JAX_DEN,2025-12-21,JAX,DEN,Home,-14.0,2.082,2.046839,-0.819357,4.948196,-18.948196,-1.0,1468.244756,1.0,0.0,0.0,0.0,1.468245,1.0,0.0,0.0,0.0,0.0,0.0,0.0,0.0,0.0,0.0,0.0,0.0,0.0,0.0,0.0,0.0,0.0,0.0,0.0,0.0,0.0,0.0,0.0,0.0,0.0,0.0,0.0,0.0,0.0,0.0,0.0,0.0,-1.0
2025,16,2025_16_KC_TEN,2025-12-21,KC,TEN,Home,17.0,2.082,-6.636741,3.86351,-8.418251,25.418251,-1.0,466.558068,0.0,0.0,0.0,0.0,0.466558,0.0,0.0,0.0,0.0,0.0,0.0,0.0,0.0,0.0,0.0,0.0,0.0,0.0,0.0,0.0,0.0,0.0,0.0,0.0,0.0,0.0,0.0,0.0,0.0,0.0,0.0,0.0,0.0,0.0,0.0,0.0,0.0,-1.0
2025,16,2025_16_LAC_DAL,2025-12-21,LAC,DAL,Home,-17.0,2.082,0.780512,1.103282,1.75923,-18.75923,4.0,1226.785849,0.0,0.0,0.0,0.0,1.226786,0.0,1.0,0.0,2.0,0.0,0.0,0.0,0.0,0.0,0.0,0.0,1.0,0.0,2.0,0.0,0.0,0.0,0.0,0.0,0.0,0.0,0.0,0.0,0.0,0.0,0.0,0.0,0.0,2.0,0.0,0.0,0.0,-1.0
2025,16,2025_16_LA_SEA,2025-12-18,LAR,SEA,Home,1.0,2.082,2.407656,3.499296,0.99036,0.00964,2.0,965.0728,0.0,0.0,0.0,0.0,0.965073,0.0,1.0,0.965073,0.0,0.0,0.0,0.0,0.0,0.0,0.0,0.0,0.0,0.0,0.0,0.0,0.0,0.0,0.0,0.0,0.0,0.0,2.0,0.0,0.0,0.0,-1.0,0.0,0.0,0.0,2.0,0.0,0.0,-1.0
2025,16,2025_16_LV_HOU,2025-12-21,LV,HOU,Home,2.0,2.082,1.941736,-4.790315,8.814051,-6.814051,1.0,1226.779566,0.0,0.0,0.0,0.0,1.22678,0.0,1.0,1.22678,0.0,0.0,-4.0,0.0,0.0,0.0,0.0,0.0,0.0,0.0,0.0,0.0,0.0,0.0,0.0,0.0,0.0,0.0,0.0,0.0,0.0,0.0,0.0,0.0,0.0,2.0,2.0,0.0,1.0,0.0
2025,16,2025_16_MIN_NYG,2025-12-21,MIN,NYG,Home,-3.0,2.082,-6.417098,1.943465,-6.278563,3.278563,1.0,1009.927702,0.0,0.0,0.0,0.0,1.009928,0.0,1.0,1.009928,1.0,0.0,0.0,0.0,0.0,0.0,0.0,0.0,0.0,0.0,0.0,0.0,0.0,0.0,0.0,0.0,0.0,0.0,0.0,0.0,0.0,0.0,0.0,0.0,0.0,0.0,2.0,0.0,0.0,-1.0
2025,16,2025_16_NE_BAL,2025-12-21,NE,BAL,Home,-4.0,2.082,6.720258,-3.200669,12.002928,-16.002928,11.0,341.347456,0.0,0.0,0.0,1.0,0.341347,0.0,0.0,0.0,0.0,0.0,0.0,0.0,0.0,0.0,0.0,0.0,0.0,0.0,0.0,0.0,0.0,0.0,0.0,0.0,0.0,4.0,0.0,0.0,6.0,0.0,0.0,0.0,0.0,0.0,0.0,0.0,1.0,0.0
2025,16,2025_16_NYJ_NO,2025-12-21,NYJ,NO,Home,23.0,2.082,-2.469776,-4.792186,4.40441,18.59559,-2.0,1169.793239,0.0,0.0,0.0,0.0,1.169793,0.0,1.0,0.0,0.0,0.0,-2.0,0.0,0.0,0.0,0.0,0.0,1.0,0.0,0.0,0.0,0.0,0.0,0.0,0.0,0.0,0.0,0.0,0.0,0.0,0.0,0.0,0.0,0.0,0.0,0.0,0.0,0.0,-1.0
2025,16,2025_16_PHI_WAS,2025-12-20,PHI,WAS,Home,-11.0,2.082,-3.532344,3.562786,-5.013131,-5.986869,-2.0,113.642178,0.0,0.0,0.0,0.0,0.113642,0.0,0.0,0.0,0.0,0.0,0.0,0.0,0.0,0.0,0.0,0.0,0.0,0.0,0.0,0.0,0.0,0.0,0.0,0.0,0.0,0.0,0.0,0.0,0.0,0.0,-1.0,0.0,0.0,0.0,0.0,0.0,0.0,-1.0
2025,16,2025_16_PIT_DET,2025-12-21,PIT,DET,Home,-5.0,2.082,7.510343,0.363783,9.22856,-14.22856,8.0,204.360852,0.0,0.0,1.0,0.0,0.204361,0.0,0.0,0.0,0.0,0.0,0.0,0.0,0.0,0.0,0.0,6.0,1.0,0.0,0.0,0.0,0.0,0.0,0.0,0.0,0.0,0.0,0.0,0.0,0.0,0.0,0.0,0.0,0.0,0.0,0.0,0.0,1.0,0.0
2025,16,2025_16_SF_IND,2025-12-22,SF,IND,Home,-21.0,2.082,-0.315125,3.721483,-1.954608,-19.045392,4.0,1927.920091,0.0,0.0,0.0,0.0,1.92792,1.0,0.0,0.0,0.0,0.0,0.0,0.0,0.0,0.0,0.0,0.0,1.0,0.0,0.0,0.0,0.0,2.0,0.0,0.0,0.0,0.0,0.0,0.0,0.0,0.0,0.0,0.0,0.0,0.0,0.0,0.0,1.0,0.0
2025,16,2025_16_TB_CAR,2025-12-21,TB,CAR,Home,3.0,2.082,-7.799011,1.7976,-7.514612,10.514612,-2.0,510.22365,0.0,0.0,-3.0,0.0,0.510224,0.0,0.0,0.0,0.0,0.0,0.0,0.0,0.0,0.0,0.0,0.0,0.0,0.0,0.0,0.0,0.0,0.0,0.0,0.0,0.0,0.0,0.0,0.0,0.0,0.0,-1.0,0.0,0.0,0.0,0.0,0.0,0.0,-1.0
2025,17,2025_17_ARI_CIN,2025-12-28,ARI,CIN,Home,23.0,2.082,-0.848868,-2.781072,4.014203,18.985797,3.0,1585.237625,0.0,0.0,0.0,0.0,1.585238,1.0,0.0,0.0,2.0,0.0,0.0,0.0,0.0,0.0,0.0,0.0,1.0,1.0,0.0,0.0,0.0,0.0,0.0,0.0,0.0,0.0,0.0,0.0,0.0,0.0,0.0,0.0,0.0,0.0,0.0,0.0,1.0,0.0
2025,17,2025_17_BAL_GB,2025-12-27,BAL,GB,Home,-17.0,2.082,4.21921,6.483631,-0.182421,-16.817579,4.0,689.290793,0.0,0.0,1.0,0.0,0.689291,0.0,0.0,0.0,0.0,1.0,0.0,0.0,0.0,0.0,0.0,0.0,1.0,0.0,0.0,0.0,0.0,0.0,-2.0,0.0,0.0,0.0,0.0,0.0,6.0,0.0,0.0,0.0,0.0,0.0,0.0,0.0,0.0,-1.0
2025,17,2025_17_CHI_SF,2025-12-28,CHI,SF,Home,4.0,2.082,4.039644,-0.201877,6.323521,-2.323521,6.0,1841.187567,0.0,0.0,-2.0,0.0,1.841188,1.0,0.0,0.0,0.0,2.0,0.0,0.0,0.0,4.0,0.0,0.0,0.0,0.0,0.0,0.0,0.0,0.0,0.0,0.0,-4.0,4.0,0.0,3.0,0.0,0.0,0.0,0.0,0.0,0.0,0.0,0.0,0.0,-1.0
2025,17,2025_17_DAL_WAS,2025-12-25,DAL,WAS,Home,-7.0,2.082,-3.657269,0.445526,-2.020796,-4.979204,0.0,1207.360458,0.0,0.0,1.0,1.0,1.20736,0.0,1.0,0.0,1.0,0.0,0.0,0.0,0.0,0.0,0.0,0.0,0.0,0.0,0.0,0.0,0.0,0.0,0.0,0.0,0.0,0.0,0.0,0.0,0.0,0.0,-1.0,0.0,0.0,0.0,0.0,0.0,1.0,0.0
2025,17,2025_17_DEN_KC,2025-12-25,DEN,KC,Home,-7.0,2.082,3.431479,1.699708,3.813772,-10.813772,1.0,564.281843,0.0,0.0,0.0,0.0,0.564282,0.0,0.0,0.0,0.0,0.0,0.0,0.0,0.0,0.0,0.0,0.0,0.0,0.0,0.0,0.0,0.0,0.0,0.0,0.0,0.0,0.0,2.0,0.0,0.0,1.0,-1.0,0.0,0.0,0.0,0.0,0.0,0.0,-1.0
2025,17,2025_17_DET_MIN,2025-12-25,DET,MIN,Home,13.0,2.082,1.903477,7.242769,-3.257293,16.257293,-2.0,541.488485,0.0,0.0,0.0,0.0,0.541488,0.0,0.0,0.0,0.0,0.0,0.0,0.0,0.0,0.0,0.0,0.0,0.0,0.0,0.0,0.0,0.0,0.0,0.0,0.0,0.0,0.0,0.0,0.0,0.0,0.0,-1.0,0.0,0.0,0.0,0.0,0.0,0.0,-1.0
2025,17,2025_17_HOU_LAC,2025-12-27,HOU,LAC,Home,-4.0,2.082,1.37349,1.83573,1.619759,-5.619759,-1.0,1374.937934,0.0,0.0,0.0,0.0,1.374938,1.0,0.0,0.0,0.0,0.0,0.0,0.0,0.0,0.0,0.0,0.0,0.0,0.0,0.0,0.0,0.0,0.0,0.0,0.0,0.0,0.0,0.0,0.0,0.0,0.0,0.0,0.0,0.0,0.0,0.0,0.0,0.0,-1.0
2025,17,2025_17_JAX_IND,2025-12-28,JAX,IND,Home,-6.0,2.082,-0.57768,-0.476823,1.981143,-7.981143,2.0,700.191122,0.0,0.0,-1.0,0.0,0.700191,0.0,0.0,0.0,0.0,0.0,0.0,0.0,0.0,0.0,0.0,0.0,0.0,0.0,0.0,2.0,0.0,0.0,0.0,0.0,0.0,0.0,0.0,0.0,0.0,0.0,-1.0,0.0,0.0,0.0,0.0,0.0,1.0,0.0
2025,17,2025_17_LA_ATL,2025-12-29,LAR,ATL,Home,3.0,2.082,-3.27658,3.522897,-4.717477,7.717477,5.0,1938.356979,0.0,0.0,-3.0,0.0,1.938357,1.0,0.0,1.938357,0.0,0.0,0.0,0.0,2.0,0.0,0.0,0.0,0.0,0.0,0.0,0.0,0.0,2.0,0.0,0.0,0.0,0.0,0.0,0.0,0.0,0.0,0.0,0.0,0.0,0.0,2.0,0.0,0.0,-1.0
2025,17,2025_17_NE_NYJ,2025-12-28,NE,NYJ,Home,-32.0,2.082,-5.147937,-2.959377,-0.10656,-31.89344,0.0,170.187519,0.0,0.0,0.0,0.0,0.170188,0.0,0.0,0.0,0.0,0.0,0.0,0.0,0.0,0.0,0.0,0.0,0.0,0.0,0.0,2.0,0.0,0.0,0.0,0.0,0.0,0.0,0.0,0.0,0.0,0.0,-1.0,0.0,0.0,0.0,0.0,0.0,0.0,-1.0
2025,17,2025_17_NO_TEN,2025-12-28,NO,TEN,Home,-8.0,2.082,-6.186531,-2.13435,-1.970182,-6.029818,2.0,470.184872,0.0,0.0,0.0,1.0,0.470185,0.0,0.0,0.0,0.0,0.0,0.0,0.0,0.0,0.0,0.0,0.0,1.0,0.0,0.0,0.0,0.0,0.0,0.0,0.0,0.0,0.0,0.0,0.0,0.0,0.0,0.0,0.0,0.0,0.0,0.0,0.0,1.0,0.0
2025,17,2025_17_NYG_LV,2025-12-28,NYG,LV,Home,-24.0,2.082,-4.706806,-6.383342,3.758536,-27.758536,3.0,2227.529439,0.0,0.0,0.0,1.0,2.227529,0.0,0.0,0.0,0.0,0.0,0.0,0.0,0.0,0.0,0.0,0.0,1.0,0.0,0.0,0.0,0.0,0.0,0.0,0.0,0.0,0.0,0.0,0.0,0.0,0.0,0.0,0.0,0.0,0.0,0.0,1.0,1.0,0.0
2025,17,2025_17_PHI_BUF,2025-12-28,PHI,BUF,Home,-1.0,2.082,6.294408,3.615644,4.760764,-5.760764,4.0,273.182957,0.0,0.0,-1.0,0.0,0.273183,0.0,0.0,0.273183,0.0,0.0,0.0,0.0,0.0,0.0,0.0,0.0,1.0,0.0,0.0,0.0,0.0,0.0,0.0,0.0,0.0,0.0,0.0,0.0,0.0,0.0,0.0,0.0,0.0,0.0,2.0,0.0,1.0,0.0
2025,17,2025_17_PIT_CLE,2025-12-28,PIT,CLE,Home,7.0,2.082,-3.83259,0.62902,-2.379611,9.379611,0.0,114.323201,0.0,0.0,0.0,0.0,0.114323,0.0,0.0,0.114323,0.0,0.0,0.0,0.0,0.0,0.0,0.0,0.0,0.0,0.0,0.0,0.0,0.0,0.0,0.0,0.0,0.0,0.0,0.0,0.0,0.0,0.0,-1.0,0.0,0.0,0.0,2.0,0.0,0.0,-1.0
2025,17,2025_17_SEA_CAR,2025-12-28,SEA,CAR,Home,-17.0,2.082,-7.601975,2.430329,-7.950303,-9.049697,8.0,2280.39924,0.0,0.0,-3.0,1.0,2.280399,0.0,0.0,0.0,3.0,0.0,0.0,0.0,0.0,4.0,0.0,0.0,0.0,0.0,2.0,0.0,0.0,0.0,0.0,0.0,0.0,0.0,0.0,0.0,0.0,0.0,0.0,0.0,0.0,0.0,0.0,1.0,1.0,0.0
2025,17,2025_17_TB_MIA,2025-12-28,TB,MIA,Home,3.0,2.082,-0.06041,1.666527,0.355063,2.644937,2.0,197.178448,0.0,0.0,0.0,0.0,0.197178,0.0,0.0,0.0,0.0,0.0,0.0,0.0,0.0,0.0,0.0,0.0,1.0,0.0,0.0,2.0,0.0,0.0,0.0,0.0,0.0,0.0,0.0,0.0,0.0,0.0,0.0,0.0,0.0,0.0,0.0,0.0,0.0,-1.0
2025,18,2025_18_ARI_LA,2026-01-04,ARI,LAR,Home,17.0,2.082,3.383227,-3.092748,8.557976,8.442024,-4.0,350.319259,0.0,0.0,-1.0,0.0,0.350319,0.0,0.0,0.350319,0.0,0.0,-2.0,0.0,0.0,0.0,0.0,0.0,0.0,0.0,0.0,0.0,0.0,0.0,0.0,0.0,-4.0,0.0,0.0,0.0,0.0,0.0,-1.0,0.0,0.0,0.0,2.0,0.0,1.0,0.0
2025,18,2025_18_BAL_PIT,2026-01-04,BAL,PIT,Home,2.0,2.082,0.521919,6.795378,-4.191459,6.191459,10.0,197.2245,0.0,0.0,-1.0,0.0,0.197225,0.0,0.0,0.197225,0.0,0.0,0.0,0.0,0.0,0.0,0.0,0.0,0.0,0.0,0.0,0.0,0.0,0.0,0.0,0.0,0.0,4.0,0.0,0.0,6.0,0.0,-1.0,0.0,0.0,0.0,2.0,0.0,0.0,-1.0
2025,18,2025_18_CAR_TB,2026-01-03,CAR,TB,Home,2.0,2.082,1.614562,-7.751207,11.447769,-9.447769,-2.0,510.22365,0.0,0.0,0.0,0.0,0.510224,0.0,0.0,0.0,0.0,0.0,0.0,0.0,0.0,0.0,0.0,0.0,0.0,0.0,0.0,0.0,0.0,0.0,0.0,0.0,0.0,0.0,0.0,0.0,0.0,0.0,-1.0,0.0,0.0,0.0,0.0,0.0,0.0,-1.0
2025,18,2025_18_CLE_CIN,2026-01-04,CLE,CIN,Home,-2.0,2.082,-0.494819,-3.644683,5.231864,-7.231864,0.0,223.065569,0.0,0.0,0.0,0.0,0.223066,0.0,0.0,0.0,0.0,0.0,0.0,0.0,0.0,0.0,0.0,0.0,0.0,0.0,0.0,0.0,0.0,0.0,0.0,0.0,0.0,0.0,0.0,0.0,0.0,0.0,-1.0,0.0,0.0,0.0,0.0,0.0,1.0,0.0
2025,18,2025_18_DAL_NYG,2026-01-04,DAL,NYG,Home,17.0,2.082,-5.893072,0.54434,-4.355412,21.355412,-2.0,1385.055729,0.0,0.0,-3.0,0.0,1.385056,1.0,0.0,0.0,1.0,0.0,0.0,0.0,0.0,0.0,0.0,0.0,0.0,0.0,0.0,0.0,0.0,0.0,0.0,0.0,0.0,0.0,0.0,0.0,0.0,0.0,-1.0,0.0,0.0,0.0,0.0,0.0,0.0,-1.0
2025,18,2025_18_DET_CHI,2026-01-04,DET,CHI,Home,-3.0,2.082,-0.188027,6.967157,-5.073184,2.073184,2.0,236.619167,0.0,0.0,-3.0,1.0,0.236619,0.0,0.0,0.236619,0.0,0.0,0.0,0.0,0.0,0.0,0.0,0.0,0.0,0.0,0.0,0.0,0.0,0.0,0.0,0.0,0.0,0.0,0.0,0.0,0.0,0.0,-1.0,0.0,0.0,0.0,2.0,0.0,1.0,0.0
2025,18,2025_18_GB_MIN,2026-01-04,GB,MIN,Home,13.0,2.082,2.149065,3.931784,0.299281,12.700719,2.0,257.029197,0.0,0.0,2.0,0.0,0.257029,0.0,0.0,0.257029,0.0,0.0,0.0,0.0,0.0,0.0,0.0,0.0,0.0,0.0,0.0,0.0,0.0,0.0,0.0,0.0,0.0,0.0,0.0,0.0,0.0,0.0,-1.0,0.0,0.0,0.0,2.0,0.0,1.0,0.0
2025,18,2025_18_IND_HOU,2026-01-04,IND,HOU,Home,8.0,2.082,1.905284,-0.712956,4.70024,3.29976,-2.0,870.881595,0.0,0.0,1.0,0.0,0.870882,0.0,1.0,0.0,0.0,0.0,0.0,0.0,0.0,0.0,0.0,0.0,0.0,0.0,0.0,0.0,0.0,0.0,0.0,0.0,0.0,0.0,0.0,0.0,0.0,0.0,-1.0,0.0,0.0,0.0,0.0,0.0,0.0,-1.0
2025,18,2025_18_KC_LV,2026-01-04,KC,LV,Home,2.0,2.082,-5.170187,3.230177,-6.318363,8.318363,0.0,1149.22993,0.0,0.0,-3.0,0.0,1.14923,0.0,1.0,0.0,0.0,0.0,0.0,0.0,0.0,0.0,0.0,0.0,0.0,0.0,0.0,2.0,0.0,0.0,0.0,0.0,0.0,0.0,0.0,0.0,0.0,0.0,-1.0,0.0,0.0,0.0,0.0,0.0,0.0,-1.0
2025,18,2025_18_LAC_DEN,2026-01-04,LAC,DEN,Home,16.0,2.082,1.812889,1.24544,2.649449,13.350551,2.0,836.807673,1.0,0.0,2.0,1.0,0.836808,0.0,1.0,0.836808,0.0,0.0,0.0,0.0,0.0,0.0,0.0,0.0,0.0,0.0,0.0,0.0,0.0,0.0,0.0,0.0,0.0,0.0,0.0,0.0,0.0,0.0,-1.0,0.0,0.0,0.0,2.0,0.0,1.0,0.0
2025,18,2025_18_MIA_NE,2026-01-04,MIA,NE,Home,28.0,2.082,-2.458873,-0.036982,-0.339891,28.339891,0.0,1225.685856,0.0,0.0,0.0,0.0,1.225686,0.0,1.0,0.0,0.0,0.0,0.0,0.0,0.0,0.0,0.0,0.0,0.0,0.0,0.0,0.0,0.0,0.0,0.0,0.0,0.0,0.0,0.0,0.0,0.0,0.0,-1.0,0.0,0.0,0.0,0.0,0.0,1.0,0.0
2025,18,2025_18_NO_ATL,2026-01-04,NO,ATL,Home,2.0,2.082,-3.176732,-2.037793,0.943061,1.056939,-2.0,424.399135,0.0,0.0,-1.0,0.0,0.424399,0.0,0.0,0.0,1.0,0.0,0.0,0.0,0.0,0.0,0.0,0.0,0.0,0.0,0.0,0.0,0.0,0.0,0.0,0.0,0.0,0.0,0.0,0.0,0.0,0.0,-1.0,0.0,0.0,0.0,0.0,0.0,0.0,-1.0
2025,18,2025_18_NYJ_BUF,2026-01-04,NYJ,BUF,Home,27.0,2.082,6.217812,-5.62856,13.928372,13.071628,-4.0,277.911498,0.0,0.0,0.0,0.0,0.277911,0.0,0.0,0.277911,0.0,0.0,-4.0,0.0,0.0,0.0,0.0,0.0,0.0,0.0,0.0,0.0,0.0,0.0,0.0,0.0,0.0,0.0,0.0,0.0,0.0,0.0,-1.0,0.0,0.0,0.0,2.0,0.0,0.0,-1.0
2025,18,2025_18_SEA_SF,2026-01-03,SEA,SF,Home,-10.0,2.082,3.996329,2.559103,3.519226,-13.519226,0.0,704.452846,0.0,0.0,0.0,1.0,0.704453,0.0,0.0,0.0,0.0,0.0,0.0,0.0,0.0,0.0,0.0,0.0,0.0,0.0,0.0,0.0,0.0,0.0,0.0,0.0,0.0,0.0,0.0,0.0,0.0,0.0,-1.0,0.0,0.0,0.0,0.0,0.0,1.0,0.0
2025,18,2025_18_TEN_JAX,2026-01-04,TEN,JAX,Home,34.0,2.082,-0.378004,-6.282361,7.986357,26.013643,-2.0,500.780884,0.0,0.0,0.0,0.0,0.500781,0.0,0.0,0.0,1.0,0.0,0.0,0.0,0.0,0.0,0.0,0.0,0.0,0.0,0.0,0.0,0.0,0.0,0.0,0.0,0.0,0.0,0.0,0.0,0.0,0.0,-1.0,0.0,0.0,0.0,0.0,0.0,0.0,-1.0
2025,18,2025_18_WAS_PHI,2026-01-04,WAS,PHI,Home,-7.0,2.082,3.752491,-3.679954,9.514445,-16.514445,-2.0,113.642178,0.0,0.0,-3.0,0.0,0.113642,0.0,0.0,0.0,0.0,0.0,0.0,0.0,0.0,0.0,0.0,0.0,0.0,0.0,0.0,0.0,0.0,0.0,0.0,0.0,0.0,0.0,0.0,0.0,0.0,0.0,-1.0,0.0,0.0,0.0,0.0,0.0,0.0,-1.0
