season,game_type,week,gameday,home_team,away_team,home_score,away_score,location,stadium_id,stadium
2021,REG,1,2021-09-09,TB,DAL,31,29,Home,TAM00,Raymond James Stadium
2021,REG,1,2021-09-12,TEN,ARI,13,38,Home,NAS00,Nissan Stadium
2021,REG,1,2021-09-12,LA,CHI,34,14,Home,LAX01,SoFi Stadium
2021,REG,1,2021-09-12,KC,CLE,33,29,Home,KAN00,GEHA Field at Arrowhead Stadium
2021,REG,1,2021-09-12,NYG,DEN,13,27,Home,NYC01,MetLife Stadium
2021,REG,1,2021-09-12,NO,GB,38,3,Neutral,JAX00,TIAA Bank Stadium
2021,REG,1,2021-09-12,HOU,JAX,37,21,Home,HOU00,NRG Stadium
2021,REG,1,2021-09-12,WAS,LAC,16,20,Home,WAS00,FedExField
2021,REG,1,2021-09-12,NE,MIA,16,17,Home,BOS00,Gillette Stadium
2021,REG,1,2021-09-12,CIN,MIN,27,24,Home,CIN00,Paul Brown Stadium
2021,REG,1,2021-09-12,CAR,NYJ,19,14,Home,CAR00,Bank of America Stadium
2021,REG,1,2021-09-12,ATL,PHI,6,32,Home,ATL97,Mercedes-Benz Stadium
2021,REG,1,2021-09-12,BUF,PIT,16,23,Home,BUF00,New Era Field
2021,REG,1,2021-09-12,IND,SEA,16,28,Home,IND00,Lucas Oil Stadium
2021,REG,1,2021-09-12,DET,SF,33,41,Home,DET00,Ford Field
2021,REG,1,2021-09-13,LV,BAL,33,27,Home,VEG00,Allegiant Stadium
2021,REG,2,2021-09-16,WAS,NYG,30,29,Home,WAS00,FedExField
2021,REG,2,2021-09-19,TB,ATL,48,25,Home,TAM00,Raymond James Stadium
2021,REG,2,2021-09-19,MIA,BUF,0,35,Home,MIA00,Hard Rock Stadium
2021,REG,2,2021-09-19,CHI,CIN,20,17,Home,CHI98,Soldier Field
2021,REG,2,2021-09-19,LAC,DAL,17,20,Home,LAX01,SoFi Stadium
2021,REG,2,2021-09-19,JAX,DEN,13,23,Home,JAX00,TIAA Bank Stadium
2021,REG,2,2021-09-19,CLE,HOU,31,21,Home,CLE00,FirstEnergy Stadium
2021,REG,2,2021-09-19,BAL,KC,36,35,Home,BAL00,M&T Bank Stadium
2021,REG,2,2021-09-19,IND,LA,24,27,Home,IND00,Lucas Oil Stadium
2021,REG,2,2021-09-19,PIT,LV,17,26,Home,PIT00,Heinz Field
2021,REG,2,2021-09-19,ARI,MIN,34,33,Home,PHO00,State Farm Stadium
2021,REG,2,2021-09-19,NYJ,NE,6,25,Home,NYC01,MetLife Stadium
2021,REG,2,2021-09-19,CAR,NO,26,7,Home,CAR00,Bank of America Stadium
2021,REG,2,2021-09-19,PHI,SF,11,17,Home,PHI00,Lincoln Financial Field
2021,REG,2,2021-09-19,SEA,TEN,30,33,Home,SEA00,Lumen Field
2021,REG,2,2021-09-20,GB,DET,35,17,Home,GNB00,Lambeau Field
2021,REG,3,2021-09-23,HOU,CAR,9,24,Home,HOU00,NRG Stadium
2021,REG,3,2021-09-26,JAX,ARI,19,31,Home,JAX00,TIAA Bank Stadium
2021,REG,3,2021-09-26,NYG,ATL,14,17,Home,NYC01,MetLife Stadium
2021,REG,3,2021-09-26,DET,BAL,17,19,Home,DET00,Ford Field
2021,REG,3,2021-09-26,CLE,CHI,26,6,Home,CLE00,FirstEnergy Stadium
2021,REG,3,2021-09-26,PIT,CIN,10,24,Home,PIT00,Heinz Field
2021,REG,3,2021-09-26,SF,GB,28,30,Home,SFO01,Levi's Stadium
2021,REG,3,2021-09-26,TEN,IND,25,16,Home,NAS00,Nissan Stadium
2021,REG,3,2021-09-26,KC,LAC,24,30,Home,KAN00,GEHA Field at Arrowhead Stadium
2021,REG,3,2021-09-26,LV,MIA,31,28,Home,VEG00,Allegiant Stadium
2021,REG,3,2021-09-26,NE,NO,13,28,Home,BOS00,Gillette Stadium
2021,REG,3,2021-09-26,DEN,NYJ,26,0,Home,DEN00,Empower Field at Mile High
2021,REG,3,2021-09-26,MIN,SEA,30,17,Home,MIN01,U.S. Bank Stadium
2021,REG,3,2021-09-26,LA,TB,34,24,Home,LAX01,SoFi Stadium
2021,REG,3,2021-09-26,BUF,WAS,43,21,Home,BUF00,New Era Field
2021,REG,3,2021-09-27,DAL,PHI,41,21,Home,DAL00,AT&T Stadium
2021,REG,4,2021-09-30,CIN,JAX,24,21,Home,CIN00,Paul Brown Stadium
2021,REG,4,2021-10-03,LA,ARI,20,37,Home,LAX01,SoFi Stadium
2021,REG,4,2021-10-03,DEN,BAL,7,23,Home,DEN00,Empower Field at Mile High
2021,REG,4,2021-10-03,DAL,CAR,36,28,Home,DAL00,AT&T Stadium
2021,REG,4,2021-10-03,MIN,CLE,7,14,Home,MIN01,U.S. Bank Stadium
2021,REG,4,2021-10-03,CHI,DET,24,14,Home,CHI98,Soldier Field
2021,REG,4,2021-10-03,BUF,HOU,40,0,Home,BUF00,New Era Field
2021,REG,4,2021-10-03,MIA,IND,17,27,Home,MIA00,Hard Rock Stadium
2021,REG,4,2021-10-03,PHI,KC,30,42,Home,PHI00,Lincoln Financial Field
2021,REG,4,2021-10-03,NO,NYG,21,27,Home,NOR00,Mercedes-Benz Superdome
2021,REG,4,2021-10-03,GB,PIT,27,17,Home,GNB00,Lambeau Field
2021,REG,4,2021-10-03,SF,SEA,21,28,Home,SFO01,Levi's Stadium
2021,REG,4,2021-10-03,NE,TB,17,19,Home,BOS00,Gillette Stadium
2021,REG,4,2021-10-03,NYJ,TEN,27,24,Home,NYC01,MetLife Stadium
2021,REG,4,2021-10-03,ATL,WAS,30,34,Home,ATL97,Mercedes-Benz Stadium
2021,REG,4,2021-10-04,LAC,LV,28,14,Home,LAX01,SoFi Stadium
2021,REG,5,2021-10-07,SEA,LA,17,26,Home,SEA00,Lumen Field
2021,REG,5,2021-10-10,KC,BUF,20,38,Home,KAN00,GEHA Field at Arrowhead Stadium
2021,REG,5,2021-10-10,LV,CHI,9,20,Home,VEG00,Allegiant Stadium
2021,REG,5,2021-10-10,LAC,CLE,47,42,Home,LAX01,SoFi Stadium
2021,REG,5,2021-10-10,PIT,DEN,27,19,Home,PIT00,Heinz Field
2021,REG,5,2021-10-10,MIN,DET,19,17,Home,MIN01,U.S. Bank Stadium
2021,REG,5,2021-10-10,CIN,GB,22,25,Home,CIN00,Paul Brown Stadium
2021,REG,5,2021-10-10,TB,MIA,45,17,Home,TAM00,Raymond James Stadium
2021,REG,5,2021-10-10,HOU,NE,22,25,Home,HOU00,NRG Stadium
2021,REG,5,2021-10-10,WAS,NO,22,33,Home,WAS00,FedExField
2021,REG,5,2021-10-10,DAL,NYG,44,20,Home,DAL00,AT&T Stadium
2021,REG,5,2021-10-10,ATL,NYJ,27,20,Neutral,LON02,Tottenham Stadium
2021,REG,5,2021-10-10,CAR,PHI,18,21,Home,CAR00,Bank of America Stadium
2021,REG,5,2021-10-10,ARI,SF,17,10,Home,PHO00,State Farm Stadium
2021,REG,5,2021-10-10,JAX,TEN,19,37,Home,JAX00,TIAA Bank Stadium
2021,REG,5,2021-10-11,BAL,IND,31,25,Home,BAL00,M&T Bank Stadium
2021,REG,6,2021-10-14,PHI,TB,22,28,Home,PHI00,Lincoln Financial Field
2021,REG,6,2021-10-17,CLE,ARI,14,37,Home,CLE00,FirstEnergy Stadium
2021,REG,6,2021-10-17,DET,CIN,11,34,Home,DET00,Ford Field
2021,REG,6,2021-10-17,NE,DAL,29,35,Home,BOS00,Gillette Stadium
2021,REG,6,2021-10-17,CHI,GB,14,24,Home,CHI98,Soldier Field
2021,REG,6,2021-10-17,IND,HOU,31,3,Home,IND00,Lucas Oil Stadium
2021,REG,6,2021-10-17,WAS,KC,13,31,Home,WAS00,FedExField
2021,REG,6,2021-10-17,NYG,LA,11,38,Home,NYC01,MetLife Stadium
2021,REG,6,2021-10-17,BAL,LAC,34,6,Home,BAL00,M&T Bank Stadium
2021,REG,6,2021-10-17,DEN,LV,24,34,Home,DEN00,Empower Field at Mile High
2021,REG,6,2021-10-17,JAX,MIA,23,20,Neutral,LON02,Tottenham Stadium
2021,REG,6,2021-10-17,CAR,MIN,28,34,Home,CAR00,Bank of America Stadium
2021,REG,6,2021-10-17,PIT,SEA,23,20,Home,PIT00,Heinz Field
2021,REG,6,2021-10-18,TEN,BUF,34,31,Home,NAS00,Nissan Stadium
2021,REG,7,2021-10-21,CLE,DEN,17,14,Home,CLE00,FirstEnergy Stadium
2021,REG,7,2021-10-24,MIA,ATL,28,30,Home,MIA00,Hard Rock Stadium
2021,REG,7,2021-10-24,NYG,CAR,25,3,Home,NYC01,MetLife Stadium
2021,REG,7,2021-10-24,TB,CHI,38,3,Home,TAM00,Raymond James Stadium
2021,REG,7,2021-10-24,BAL,CIN,17,41,Home,BAL00,M&T Bank Stadium
2021,REG,7,2021-10-24,LA,DET,28,19,Home,LAX01,SoFi Stadium
2021,REG,7,2021-10-24,ARI,HOU,31,5,Home,PHO00,State Farm Stadium
2021,REG,7,2021-10-24,SF,IND,18,30,Home,SFO01,Levi's Stadium
2021,REG,7,2021-10-24,TEN,KC,27,3,Home,NAS00,Nissan Stadium
2021,REG,7,2021-10-24,NE,NYJ,54,13,Home,BOS00,Gillette Stadium
2021,REG,7,2021-10-24,LV,PHI,33,22,Home,VEG00,Allegiant Stadium
2021,REG,7,2021-10-24,GB,WAS,24,10,Home,GNB00,Lambeau Field
2021,REG,7,2021-10-25,SEA,NO,10,13,Home,SEA00,Lumen Field
2021,REG,8,2021-10-28,ARI,GB,21,24,Home,PHO00,State Farm Stadium
2021,REG,8,2021-10-31,ATL,CAR,13,19,Home,ATL97,Mercedes-Benz Stadium
2021,REG,8,2021-10-31,NYJ,CIN,34,31,Home,NYC01,MetLife Stadium
2021,REG,8,2021-10-31,MIN,DAL,16,20,Home,MIN01,U.S. Bank Stadium
2021,REG,8,2021-10-31,SEA,JAX,31,7,Home,SEA00,Lumen Field
2021,REG,8,2021-10-31,HOU,LA,22,38,Home,HOU00,NRG Stadium
2021,REG,8,2021-10-31,BUF,MIA,26,11,Home,BUF00,New Era Field
2021,REG,8,2021-10-31,LAC,NE,24,27,Home,LAX01,SoFi Stadium
2021,REG,8,2021-10-31,DET,PHI,6,44,Home,DET00,Ford Field
2021,REG,8,2021-10-31,CLE,PIT,10,15,Home,CLE00,FirstEnergy Stadium
2021,REG,8,2021-10-31,CHI,SF,22,33,Home,CHI98,Soldier Field
2021,REG,8,2021-10-31,NO,TB,36,27,Home,NOR00,Mercedes-Benz Superdome
2021,REG,8,2021-10-31,IND,TEN,31,34,Home,IND00,Lucas Oil Stadium
2021,REG,8,2021-10-31,DEN,WAS,17,10,Home,DEN00,Empower Field at Mile High
2021,REG,8,2021-11-01,KC,NYG,20,17,Home,KAN00,GEHA Field at Arrowhead Stadium
2021,REG,9,2021-11-04,IND,NYJ,45,30,Home,IND00,Lucas Oil Stadium
2021,REG,9,2021-11-07,SF,ARI,17,31,Home,SFO01,Levi's Stadium
2021,REG,9,2021-11-07,NO,ATL,25,27,Home,NOR00,Mercedes-Benz Superdome
2021,REG,9,2021-11-07,JAX,BUF,9,6,Home,JAX00,TIAA Bank Stadium
2021,REG,9,2021-11-07,CIN,CLE,16,41,Home,CIN00,Paul Brown Stadium
2021,REG,9,2021-11-07,DAL,DEN,16,30,Home,DAL00,AT&T Stadium
2021,REG,9,2021-11-07,KC,GB,13,7,Home,KAN00,GEHA Field at Arrowhead Stadium
2021,REG,9,2021-11-07,MIA,HOU,17,9,Home,MIA00,Hard Rock Stadium
2021,REG,9,2021-11-07,PHI,LAC,24,27,Home,PHI00,Lincoln Financial Field
2021,REG,9,2021-11-07,NYG,LV,23,16,Home,NYC01,MetLife Stadium
2021,REG,9,2021-11-07,BAL,MIN,34,31,Home,BAL00,M&T Bank Stadium
2021,REG,9,2021-11-07,CAR,NE,6,24,Home,CAR00,Bank of America Stadium
2021,REG,9,2021-11-07,LA,TEN,16,28,Home,LAX01,SoFi Stadium
2021,REG,9,2021-11-08,PIT,CHI,29,27,Home,PIT00,Heinz Field
2021,REG,10,2021-11-11,MIA,BAL,22,10,Home,MIA00,Hard Rock Stadium
2021,REG,10,2021-11-14,DAL,ATL,43,3,Home,DAL00,AT&T Stadium
2021,REG,10,2021-11-14,NYJ,BUF,17,45,Home,NYC01,MetLife Stadium
2021,REG,10,2021-11-14,ARI,CAR,10,34,Home,PHO00,State Farm Stadium
2021,REG,10,2021-11-14,NE,CLE,45,7,Home,BOS00,Gillette Stadium
2021,REG,10,2021-11-14,PIT,DET,16,16,Home,PIT00,Heinz Field
2021,REG,10,2021-11-14,IND,JAX,23,17,Home,IND00,Lucas Oil Stadium
2021,REG,10,2021-11-14,LV,KC,14,41,Home,VEG00,Allegiant Stadium
2021,REG,10,2021-11-14,LAC,MIN,20,27,Home,LAX01,SoFi Stadium
2021,REG,10,2021-11-14,TEN,NO,23,21,Home,NAS00,Nissan Stadium
2021,REG,10,2021-11-14,DEN,PHI,13,30,Home,DEN00,Empower Field at Mile High
2021,REG,10,2021-11-14,GB,SEA,17,0,Home,GNB00,Lambeau Field
2021,REG,10,2021-11-14,WAS,TB,29,19,Home,WAS00,FedExField
2021,REG,10,2021-11-15,SF,LA,31,10,Home,SFO01,Levi's Stadium
2021,REG,11,2021-11-18,ATL,NE,0,25,Home,ATL97,Mercedes-Benz Stadium
2021,REG,11,2021-11-21,SEA,ARI,13,23,Home,SEA00,Lumen Field
2021,REG,11,2021-11-21,CHI,BAL,13,16,Home,CHI98,Soldier Field
2021,REG,11,2021-11-21,LV,CIN,13,32,Home,VEG00,Allegiant Stadium
2021,REG,11,2021-11-21,KC,DAL,19,9,Home,KAN00,GEHA Field at Arrowhead Stadium
2021,REG,11,2021-11-21,CLE,DET,13,10,Home,CLE00,FirstEnergy Stadium
2021,REG,11,2021-11-21,MIN,GB,34,31,Home,MIN01,U.S. Bank Stadium
2021,REG,11,2021-11-21,TEN,HOU,13,22,Home,NAS00,Nissan Stadium
2021,REG,11,2021-11-21,BUF,IND,15,41,Home,BUF00,New Era Field
2021,REG,11,2021-11-21,NYJ,MIA,17,24,Home,NYC01,MetLife Stadium
2021,REG,11,2021-11-21,PHI,NO,40,29,Home,PHI00,Lincoln Financial Field
2021,REG,11,2021-11-21,LAC,PIT,41,37,Home,LAX01,SoFi Stadium
2021,REG,11,2021-11-21,JAX,SF,10,30,Home,JAX00,TIAA Bank Stadium
2021,REG,11,2021-11-21,CAR,WAS,21,27,Home,CAR00,Bank of America Stadium
2021,REG,11,2021-11-22,TB,NYG,30,10,Home,TAM00,Raymond James Stadium
2021,REG,12,2021-11-25,NO,BUF,6,31,Home,NOR00,Mercedes-Benz Superdome
2021,REG,12,2021-11-25,DET,CHI,14,16,Home,DET00,Ford Field
2021,REG,12,2021-11-25,DAL,LV,33,36,Home,DAL00,AT&T Stadium
2021,REG,12,2021-11-28,JAX,ATL,14,21,Home,JAX00,TIAA Bank Stadium
2021,REG,12,2021-11-28,MIA,CAR,33,10,Home,MIA00,Hard Rock Stadium
2021,REG,12,2021-11-28,BAL,CLE,16,10,Home,BAL00,M&T Bank Stadium
2021,REG,12,2021-11-28,GB,LA,36,28,Home,GNB00,Lambeau Field
2021,REG,12,2021-11-28,DEN,LAC,28,13,Home,DEN00,Empower Field at Mile High
2021,REG,12,2021-11-28,SF,MIN,34,26,Home,SFO01,Levi's Stadium
2021,REG,12,2021-11-28,HOU,NYJ,14,21,Home,HOU00,NRG Stadium
2021,REG,12,2021-11-28,NYG,PHI,13,7,Home,NYC01,MetLife Stadium
2021,REG,12,2021-11-28,CIN,PIT,41,10,Home,CIN00,Paul Brown Stadium
2021,REG,12,2021-11-28,IND,TB,31,38,Home,IND00,Lucas Oil Stadium
2021,REG,12,2021-11-28,NE,TEN,36,13,Home,BOS00,Gillette Stadium
2021,REG,12,2021-11-29,WAS,SEA,17,15,Home,WAS00,FedExField
2021,REG,13,2021-12-02,NO,DAL,17,27,Home,NOR00,Mercedes-Benz Superdome
2021,REG,13,2021-12-05,CHI,ARI,22,33,Home,CHI98,Soldier Field
2021,REG,13,2021-12-05,PIT,BAL,20,19,Home,PIT00,Heinz Field
2021,REG,13,2021-12-05,KC,DEN,22,9,Home,KAN00,GEHA Field at Arrowhead Stadium
2021,REG,13,2021-12-05,HOU,IND,0,31,Home,HOU00,NRG Stadium
2021,REG,13,2021-12-05,LA,JAX,37,7,Home,LAX01,SoFi Stadium
2021,REG,13,2021-12-05,CIN,LAC,22,41,Home,CIN00,Paul Brown Stadium
2021,REG,13,2021-12-05,DET,MIN,29,27,Home,DET00,Ford Field
2021,REG,13,2021-12-05,MIA,NYG,20,9,Home,MIA00,Hard Rock Stadium
2021,REG,13,2021-12-05,NYJ,PHI,18,33,Home,NYC01,MetLife Stadium
2021,REG,13,2021-12-05,SEA,SF,30,23,Home,SEA00,Lumen Field
2021,REG,13,2021-12-05,ATL,TB,17,30,Home,ATL97,Mercedes-Benz Stadium
2021,REG,13,2021-12-05,LV,WAS,15,17,Home,VEG00,Allegiant Stadium
2021,REG,13,2021-12-06,BUF,NE,10,14,Home,BUF00,New Era Field
2021,REG,14,2021-12-09,MIN,PIT,36,28,Home,MIN01,U.S. Bank Stadium
2021,REG,14,2021-12-12,CAR,ATL,21,29,Home,CAR00,Bank of America Stadium
2021,REG,14,2021-12-12,CLE,BAL,24,22,Home,CLE00,FirstEnergy Stadium
2021,REG,14,2021-12-12,TB,BUF,33,27,Home,TAM00,Raymond James Stadium
2021,REG,14,2021-12-12,GB,CHI,45,30,Home,GNB00,Lambeau Field
2021,REG,14,2021-12-12,WAS,DAL,20,27,Home,WAS00,FedExField
2021,REG,14,2021-12-12,DEN,DET,38,10,Home,DEN00,Empower Field at Mile High
2021,REG,14,2021-12-12,TEN,JAX,20,0,Home,NAS00,Nissan Stadium
2021,REG,14,2021-12-12,KC,LV,48,9,Home,KAN00,GEHA Field at Arrowhead Stadium
2021,REG,14,2021-12-12,NYJ,NO,9,30,Home,NYC01,MetLife Stadium
2021,REG,14,2021-12-12,LAC,NYG,37,21,Home,LAX01,SoFi Stadium
2021,REG,14,2021-12-12,HOU,SEA,13,33,Home,HOU00,NRG Stadium
2021,REG,14,2021-12-12,CIN,SF,23,26,Home,CIN00,Paul Brown Stadium
2021,REG,14,2021-12-13,ARI,LA,23,30,Home,PHO00,State Farm Stadium
2021,REG,15,2021-12-16,LAC,KC,28,34,Home,LAX01,SoFi Stadium
2021,REG,15,2021-12-18,IND,NE,27,17,Home,IND00,Lucas Oil Stadium
2021,REG,15,2021-12-19,DET,ARI,30,12,Home,DET00,Ford Field
2021,REG,15,2021-12-19,SF,ATL,31,13,Home,SFO01,Levi's Stadium
2021,REG,15,2021-12-19,BUF,CAR,31,14,Home,BUF00,New Era Field
2021,REG,15,2021-12-19,DEN,CIN,10,15,Home,DEN00,Empower Field at Mile High
2021,REG,15,2021-12-19,NYG,DAL,6,21,Home,NYC01,MetLife Stadium
2021,REG,15,2021-12-19,BAL,GB,30,31,Home,BAL00,M&T Bank Stadium
2021,REG,15,2021-12-19,JAX,HOU,16,30,Home,JAX00,TIAA Bank Stadium
2021,REG,15,2021-12-19,TB,NO,0,9,Home,TAM00,Raymond James Stadium
2021,REG,15,2021-12-19,MIA,NYJ,31,24,Home,MIA00,Hard Rock Stadium
2021,REG,15,2021-12-19,PIT,TEN,19,13,Home,PIT00,Heinz Field
2021,REG,15,2021-12-20,CLE,LV,14,16,Home,CLE00,FirstEnergy Stadium
2021,REG,15,2021-12-20,CHI,MIN,9,17,Home,CHI98,Soldier Field
2021,REG,15,2021-12-21,LA,SEA,20,10,Home,LAX01,SoFi Stadium
2021,REG,15,2021-12-21,PHI,WAS,27,17,Home,PHI00,Lincoln Financial Field
2021,REG,16,2021-12-23,TEN,SF,20,17,Home,NAS00,Nissan Stadium
2021,REG,16,2021-12-25,GB,CLE,24,22,Home,GNB00,Lambeau Field
2021,REG,16,2021-12-25,ARI,IND,16,22,Home,PHO00,State Farm Stadium
2021,REG,16,2021-12-26,CIN,BAL,41,21,Home,CIN00,Paul Brown Stadium
2021,REG,16,2021-12-26,NE,BUF,21,33,Home,BOS00,Gillette Stadium
2021,REG,16,2021-12-26,SEA,CHI,24,25,Home,SEA00,Lumen Field
2021,REG,16,2021-12-26,LV,DEN,17,13,Home,VEG00,Allegiant Stadium
2021,REG,16,2021-12-26,ATL,DET,20,16,Home,ATL97,Mercedes-Benz Stadium
2021,REG,16,2021-12-26,NYJ,JAX,26,21,Home,NYC01,MetLife Stadium
2021,REG,16,2021-12-26,MIN,LA,23,30,Home,MIN01,U.S. Bank Stadium
2021,REG,16,2021-12-26,HOU,LAC,41,29,Home,HOU00,NRG Stadium
2021,REG,16,2021-12-26,PHI,NYG,34,10,Home,PHI00,Lincoln Financial Field
2021,REG,16,2021-12-26,KC,PIT,36,10,Home,KAN00,GEHA Field at Arrowhead Stadium
2021,REG,16,2021-12-26,CAR,TB,6,32,Home,CAR00,Bank of America Stadium
2021,REG,16,2021-12-26,DAL,WAS,56,14,Home,DAL00,AT&T Stadium
2021,REG,16,2021-12-27,NO,MIA,3,20,Home,NOR00,Mercedes-Benz Superdome
2021,REG,17,2022-01-02,DAL,ARI,22,25,Home,DAL00,AT&T Stadium
2021,REG,17,2022-01-02,BUF,ATL,29,15,Home,BUF00,New Era Field
2021,REG,17,2022-01-02,NO,CAR,18,10,Home,NOR00,Mercedes-Benz Superdome
2021,REG,17,2022-01-02,LAC,DEN,34,13,Home,LAX01,SoFi Stadium
2021,REG,17,2022-01-02,SEA,DET,51,29,Home,SEA00,Lumen Field
2021,REG,17,2022-01-02,SF,HOU,23,7,Home,SFO01,Levi's Stadium
2021,REG,17,2022-01-02,NE,JAX,50,10,Home,BOS00,Gillette Stadium
2021,REG,17,2022-01-02,CIN,KC,34,31,Home,CIN00,Paul Brown Stadium
2021,REG,17,2022-01-02,BAL,LA,19,20,Home,BAL00,M&T Bank Stadium
2021,REG,17,2022-01-02,IND,LV,20,23,Home,IND00,Lucas Oil Stadium
2021,REG,17,2022-01-02,TEN,MIA,34,3,Home,NAS00,Nissan Stadium
2021,REG,17,2022-01-02,GB,MIN,37,10,Home,GNB00,Lambeau Field
2021,REG,17,2022-01-02,CHI,NYG,29,3,Home,CHI98,Soldier Field
2021,REG,17,2022-01-02,WAS,PHI,16,20,Home,WAS00,FedExField
2021,REG,17,2022-01-02,NYJ,TB,24,28,Home,NYC01,MetLife Stadium
2021,REG,17,2022-01-03,PIT,CLE,26,14,Home,PIT00,Heinz Field
2021,REG,18,2022-01-08,PHI,DAL,26,51,Home,PHI00,Lincoln Financial Field
2021,REG,18,2022-01-08,DEN,KC,24,28,Home,DEN00,Empower Field at Mile High
2021,REG,18,2022-01-09,TB,CAR,41,17,Home,TAM00,Raymond James Stadium
2021,REG,18,2022-01-09,MIN,CHI,31,17,Home,MIN01,U.S. Bank Stadium
2021,REG,18,2022-01-09,CLE,CIN,21,16,Home,CLE00,FirstEnergy Stadium
2021,REG,18,2022-01-09,DET,GB,37,30,Home,DET00,Ford Field
2021,REG,18,2022-01-09,JAX,IND,26,11,Home,JAX00,TIAA Bank Stadium
2021,REG,18,2022-01-09,LV,LAC,35,32,Home,VEG00,Allegiant Stadium
2021,REG,18,2022-01-09,MIA,NE,33,24,Home,MIA00,Hard Rock Stadium
2021,REG,18,2022-01-09,ATL,NO,20,30,Home,ATL97,Mercedes-Benz Stadium
2021,REG,18,2022-01-09,BUF,NYJ,27,10,Home,BUF00,New Era Field
2021,REG,18,2022-01-09,BAL,PIT,13,16,Home,BAL00,M&T Bank Stadium
2021,REG,18,2022-01-09,ARI,SEA,30,38,Home,PHO00,State Farm Stadium
2021,REG,18,2022-01-09,LA,SF,24,27,Home,LAX01,SoFi Stadium
2021,REG,18,2022-01-09,HOU,TEN,25,28,Home,HOU00,NRG Stadium
2021,REG,18,2022-01-09,NYG,WAS,7,22,Home,NYC01,MetLife Stadium
2022,REG,1,2022-09-08,LA,BUF,10,31,Home,LAX01,SoFi Stadium
2022,REG,1,2022-09-11,NYJ,BAL,9,24,Home,NYC01,MetLife Stadium
2022,REG,1,2022-09-11,CAR,CLE,24,26,Home,CAR00,Bank of America Stadium
2022,REG,1,2022-09-11,MIN,GB,23,7,Home,MIN01,U.S. Bank Stadium
2022,REG,1,2022-09-11,HOU,IND,20,20,Home,HOU00,NRG Stadium
2022,REG,1,2022-09-11,WAS,JAX,28,22,Home,WAS00,FedExField
2022,REG,1,2022-09-11,ARI,KC,21,44,Home,PHO00,State Farm Stadium
2022,REG,1,2022-09-11,LAC,LV,24,19,Home,LAX01,SoFi Stadium
2022,REG,1,2022-09-11,MIA,NE,20,7,Home,MIA00,Hard Rock Stadium
2022,REG,1,2022-09-11,ATL,NO,26,27,Home,ATL97,Mercedes-Benz Stadium
2022,REG,1,2022-09-11,TEN,NYG,20,21,Home,NAS00,Nissan Stadium
2022,REG,1,2022-09-11,DET,PHI,35,38,Home,DET00,Ford Field
2022,REG,1,2022-09-11,CIN,PIT,20,23,Home,CIN00,Paycor Stadium
2022,REG,1,2022-09-11,CHI,SF,19,10,Home,CHI98,Soldier Field
2022,REG,1,2022-09-11,DAL,TB,3,19,Home,DAL00,AT&T Stadium
2022,REG,1,2022-09-12,SEA,DEN,17,16,Home,SEA00,Lumen Field
2022,REG,2,2022-09-15,KC,LAC,27,24,Home,KAN00,GEHA Field at Arrowhead Stadium
2022,REG,2,2022-09-18,LV,ARI,23,29,Home,VEG00,Allegiant Stadium
2022,REG,2,2022-09-18,LA,ATL,31,27,Home,LAX01,SoFi Stadium
2022,REG,2,2022-09-18,NYG,CAR,19,16,Home,NYC01,MetLife Stadium
2022,REG,2,2022-09-18,GB,CHI,27,10,Home,GNB00,Lambeau Field
2022,REG,2,2022-09-18,DAL,CIN,20,17,Home,DAL00,AT&T Stadium
2022,REG,2,2022-09-18,DEN,HOU,16,9,Home,DEN00,Empower Field at Mile High
2022,REG,2,2022-09-18,JAX,IND,24,0,Home,JAX00,TIAA Bank Stadium
2022,REG,2,2022-09-18,BAL,MIA,38,42,Home,BAL00,M&T Bank Stadium
2022,REG,2,2022-09-18,PIT,NE,14,17,Home,PIT00,Acrisure Stadium
2022,REG,2,2022-09-18,CLE,NYJ,30,31,Home,CLE00,FirstEnergy Stadium
2022,REG,2,2022-09-18,SF,SEA,27,7,Home,SFO01,Levi's Stadium
2022,REG,2,2022-09-18,NO,TB,10,20,Home,NOR00,Mercedes-Benz Superdome
2022,REG,2,2022-09-18,DET,WAS,36,27,Home,DET00,Ford Field
2022,REG,2,2022-09-19,PHI,MIN,24,7,Home,PHI00,Lincoln Financial Field
2022,REG,2,2022-09-19,BUF,TEN,41,7,Home,BUF00,New Era Field
2022,REG,3,2022-09-22,CLE,PIT,29,17,Home,CLE00,FirstEnergy Stadium
2022,REG,3,2022-09-25,SEA,ATL,23,27,Home,SEA00,Lumen Field
2022,REG,3,2022-09-25,NE,BAL,26,37,Home,BOS00,Gillette Stadium
2022,REG,3,2022-09-25,MIA,BUF,21,19,Home,MIA00,Hard Rock Stadium
2022,REG,3,2022-09-25,NYJ,CIN,12,27,Home,NYC01,MetLife Stadium
2022,REG,3,2022-09-25,MIN,DET,28,24,Home,MIN01,U.S. Bank Stadium
2022,REG,3,2022-09-25,TB,GB,12,14,Home,TAM00,Raymond James Stadium
2022,REG,3,2022-09-25,CHI,HOU,23,20,Home,CHI98,Soldier Field
2022,REG,3,2022-09-25,LAC,JAX,10,38,Home,LAX01,SoFi Stadium
2022,REG,3,2022-09-25,IND,KC,20,17,Home,IND00,Lucas Oil Stadium
2022,REG,3,2022-09-25,ARI,LA,12,20,Home,PHO00,State Farm Stadium
2022,REG,3,2022-09-25,TEN,LV,24,22,Home,NAS00,Nissan Stadium
2022,REG,3,2022-09-25,CAR,NO,22,14,Home,CAR00,Bank of America Stadium
2022,REG,3,2022-09-25,WAS,PHI,8,24,Home,WAS00,FedExField
2022,REG,3,2022-09-25,DEN,SF,11,10,Home,DEN00,Empower Field at Mile High
2022,REG,3,2022-09-26,NYG,DAL,16,23,Home,NYC01,MetLife Stadium
2022,REG,4,2022-09-29,CIN,MIA,27,15,Home,CIN00,Paycor Stadium
2022,REG,4,2022-10-02,CAR,ARI,16,26,Home,CAR00,Bank of America Stadium
2022,REG,4,2022-10-02,BAL,BUF,20,23,Home,BAL00,M&T Bank Stadium
2022,REG,4,2022-10-02,NYG,CHI,20,12,Home,NYC01,MetLife Stadium
2022,REG,4,2022-10-02,ATL,CLE,23,20,Home,ATL97,Mercedes-Benz Stadium
2022,REG,4,2022-10-02,LV,DEN,32,23,Home,VEG00,Allegiant Stadium
2022,REG,4,2022-10-02,PHI,JAX,29,21,Home,PHI00,Lincoln Financial Field
2022,REG,4,2022-10-02,TB,KC,31,41,Home,TAM00,Raymond James Stadium
2022,REG,4,2022-10-02,HOU,LAC,24,34,Home,HOU00,NRG Stadium
2022,REG,4,2022-10-02,NO,MIN,25,28,Neutral,LON02,Tottenham Stadium
2022,REG,4,2022-10-02,GB,NE,27,24,Home,GNB00,Lambeau Field
2022,REG,4,2022-10-02,PIT,NYJ,20,24,Home,PIT00,Acrisure Stadium
2022,REG,4,2022-10-02,DET,SEA,45,48,Home,DET00,Ford Field
2022,REG,4,2022-10-02,IND,TEN,17,24,Home,IND00,Lucas Oil Stadium
2022,REG,4,2022-10-02,DAL,WAS,25,10,Home,DAL00,AT&T Stadium
2022,REG,4,2022-10-03,SF,LA,24,9,Home,SFO01,Levi's Stadium
2022,REG,5,2022-10-06,DEN,IND,9,12,Home,DEN00,Empower Field at Mile High
2022,REG,5,2022-10-09,TB,ATL,21,15,Home,TAM00,Raymond James Stadium
2022,REG,5,2022-10-09,MIN,CHI,29,22,Home,MIN01,U.S. Bank Stadium
2022,REG,5,2022-10-09,BAL,CIN,19,17,Home,BAL00,M&T Bank Stadium
2022,REG,5,2022-10-09,LA,DAL,10,22,Home,LAX01,SoFi Stadium
2022,REG,5,2022-10-09,NE,DET,29,0,Home,BOS00,Gillette Stadium
2022,REG,5,2022-10-09,JAX,HOU,6,13,Home,JAX00,TIAA Bank Stadium
2022,REG,5,2022-10-09,CLE,LAC,28,30,Home,CLE00,FirstEnergy Stadium
2022,REG,5,2022-10-09,NYJ,MIA,40,17,Home,NYC01,MetLife Stadium
2022,REG,5,2022-10-09,GB,NYG,22,27,Neutral,LON02,Tottenham Stadium
2022,REG,5,2022-10-09,ARI,PHI,17,20,Home,PHO00,State Farm Stadium
2022,REG,5,2022-10-09,BUF,PIT,38,3,Home,BUF00,New Era Field
2022,REG,5,2022-10-09,NO,SEA,39,32,Home,NOR00,Mercedes-Benz Superdome
2022,REG,5,2022-10-09,CAR,SF,15,37,Home,CAR00,Bank of America Stadium
2022,REG,5,2022-10-09,WAS,TEN,17,21,Home,WAS00,FedExField
2022,REG,5,2022-10-10,KC,LV,30,29,Home,KAN00,GEHA Field at Arrowhead Stadium
2022,REG,6,2022-10-13,CHI,WAS,7,12,Home,CHI98,Soldier Field
2022,REG,6,2022-10-16,SEA,ARI,19,9,Home,SEA00,Lumen Field
2022,REG,6,2022-10-16,NYG,BAL,24,20,Home,NYC01,MetLife Stadium
2022,REG,6,2022-10-16,KC,BUF,20,24,Home,KAN00,GEHA Field at Arrowhead Stadium
2022,REG,6,2022-10-16,LA,CAR,24,10,Home,LAX01,SoFi Stadium
2022,REG,6,2022-10-16,NO,CIN,26,30,Home,NOR00,Mercedes-Benz Superdome
2022,REG,6,2022-10-16,PHI,DAL,26,17,Home,PHI00,Lincoln Financial Field
2022,REG,6,2022-10-16,IND,JAX,34,27,Home,IND00,Lucas Oil Stadium
2022,REG,6,2022-10-16,MIA,MIN,16,24,Home,MIA00,Hard Rock Stadium
2022,REG,6,2022-10-16,CLE,NE,15,38,Home,CLE00,FirstEnergy Stadium
2022,REG,6,2022-10-16,GB,NYJ,10,27,Home,GNB00,Lambeau Field
2022,REG,6,2022-10-16,ATL,SF,28,14,Home,ATL97,Mercedes-Benz Stadium
2022,REG,6,2022-10-16,PIT,TB,20,18,Home,PIT00,Acrisure Stadium
2022,REG,6,2022-10-17,LAC,DEN,19,16,Home,LAX01,SoFi Stadium
2022,REG,7,2022-10-20,ARI,NO,42,34,Home,PHO00,State Farm Stadium
2022,REG,7,2022-10-23,CIN,ATL,35,17,Home,CIN00,Paycor Stadium
2022,REG,7,2022-10-23,BAL,CLE,23,20,Home,BAL00,M&T Bank Stadium
2022,REG,7,2022-10-23,DAL,DET,24,6,Home,DAL00,AT&T Stadium
2022,REG,7,2022-10-23,WAS,GB,23,21,Home,WAS00,FedExField
2022,REG,7,2022-10-23,LV,HOU,38,20,Home,VEG00,Allegiant Stadium
2022,REG,7,2022-10-23,TEN,IND,19,10,Home,NAS00,Nissan Stadium
2022,REG,7,2022-10-23,SF,KC,23,44,Home,SFO01,Levi's Stadium
2022,REG,7,2022-10-23,JAX,NYG,17,23,Home,JAX00,TIAA Bank Stadium
2022,REG,7,2022-10-23,DEN,NYJ,9,16,Home,DEN00,Empower Field at Mile High
2022,REG,7,2022-10-23,MIA,PIT,16,10,Home,MIA00,Hard Rock Stadium
2022,REG,7,2022-10-23,LAC,SEA,23,37,Home,LAX01,SoFi Stadium
2022,REG,7,2022-10-23,CAR,TB,21,3,Home,CAR00,Bank of America Stadium
2022,REG,7,2022-10-24,NE,CHI,14,33,Home,BOS00,Gillette Stadium
2022,REG,8,2022-10-27,TB,BAL,22,27,Home,TAM00,Raymond James Stadium
2022,REG,8,2022-10-30,MIN,ARI,34,26,Home,MIN01,U.S. Bank Stadium
2022,REG,8,2022-10-30,ATL,CAR,37,34,Home,ATL97,Mercedes-Benz Stadium
2022,REG,8,2022-10-30,DAL,CHI,49,29,Home,DAL00,AT&T Stadium
2022,REG,8,2022-10-30,JAX,DEN,17,21,Neutral,LON00,Wembley Stadium
2022,REG,8,2022-10-30,BUF,GB,27,17,Home,BUF00,New Era Field
2022,REG,8,2022-10-30,NO,LV,24,0,Home,NOR00,Mercedes-Benz Superdome
2022,REG,8,2022-10-30,DET,MIA,27,31,Home,DET00,Ford Field
2022,REG,8,2022-10-30,NYJ,NE,17,22,Home,NYC01,MetLife Stadium
2022,REG,8,2022-10-30,SEA,NYG,27,13,Home,SEA00,Lumen Field
2022,REG,8,2022-10-30,PHI,PIT,35,13,Home,PHI00,Lincoln Financial Field
2022,REG,8,2022-10-30,LA,SF,14,31,Home,LAX01,SoFi Stadium
2022,REG,8,2022-10-30,HOU,TEN,10,17,Home,HOU00,NRG Stadium
2022,REG,8,2022-10-30,IND,WAS,16,17,Home,IND00,Lucas Oil Stadium
2022,REG,8,2022-10-31,CLE,CIN,32,13,Home,CLE00,FirstEnergy Stadium
2022,REG,9,2022-11-03,HOU,PHI,17,29,Home,HOU00,NRG Stadium
2022,REG,9,2022-11-06,NYJ,BUF,20,17,Home,NYC01,MetLife Stadium
2022,REG,9,2022-11-06,CIN,CAR,42,21,Home,CIN00,Paycor Stadium
2022,REG,9,2022-11-06,DET,GB,15,9,Home,DET00,Ford Field
2022,REG,9,2022-11-06,NE,IND,26,3,Home,BOS00,Gillette Stadium
2022,REG,9,2022-11-06,TB,LA,16,13,Home,TAM00,Raymond James Stadium
2022,REG,9,2022-11-06,ATL,LAC,17,20,Home,ATL97,Mercedes-Benz Stadium
2022,REG,9,2022-11-06,JAX,LV,27,20,Home,JAX00,TIAA Bank Stadium
2022,REG,9,2022-11-06,CHI,MIA,32,35,Home,CHI98,Soldier Field
2022,REG,9,2022-11-06,WAS,MIN,17,20,Home,WAS00,FedExField
2022,REG,9,2022-11-06,ARI,SEA,21,31,Home,PHO00,State Farm Stadium
2022,REG,9,2022-11-06,KC,TEN,20,17,Home,KAN00,GEHA Field at Arrowhead Stadium
2022,REG,9,2022-11-07,NO,BAL,13,27,Home,NOR00,Mercedes-Benz Superdome
2022,REG,10,2022-11-10,CAR,ATL,25,15,Home,CAR00,Bank of America Stadium
2022,REG,10,2022-11-13,LA,ARI,17,27,Home,LAX01,SoFi Stadium
2022,REG,10,2022-11-13,MIA,CLE,39,17,Home,MIA00,Hard Rock Stadium
2022,REG,10,2022-11-13,GB,DAL,31,28,Home,GNB00,Lambeau Field
2022,REG,10,2022-11-13,TEN,DEN,17,10,Home,NAS00,Nissan Stadium
2022,REG,10,2022-11-13,CHI,DET,30,31,Home,CHI98,Soldier Field
2022,REG,10,2022-11-13,NYG,HOU,24,16,Home,NYC01,MetLife Stadium
2022,REG,10,2022-11-13,LV,IND,20,25,Home,VEG00,Allegiant Stadium
2022,REG,10,2022-11-13,KC,JAX,27,17,Home,KAN00,GEHA Field at Arrowhead Stadium
2022,REG,10,2022-11-13,SF,LAC,22,16,Home,SFO01,Levi's Stadium
2022,REG,10,2022-11-13,BUF,MIN,30,33,Home,BUF00,New Era Field
2022,REG,10,2022-11-13,PIT,NO,20,10,Home,PIT00,Acrisure Stadium
2022,REG,10,2022-11-13,TB,SEA,21,16,Neutral,GER00,Allianz Arena
2022,REG,10,2022-11-14,PHI,WAS,21,32,Home,PHI00,Lincoln Financial Field
2022,REG,11,2022-11-17,GB,TEN,17,27,Home,GNB00,Lambeau Field
2022,REG,11,2022-11-20,BAL,CAR,13,3,Home,BAL00,M&T Bank Stadium
2022,REG,11,2022-11-20,ATL,CHI,27,24,Home,ATL97,Mercedes-Benz Stadium
2022,REG,11,2022-11-20,PIT,CIN,30,37,Home,PIT00,Acrisure Stadium
2022,REG,11,2022-11-20,BUF,CLE,31,23,Neutral,DET00,Ford Field
2022,REG,11,2022-11-20,MIN,DAL,3,40,Home,MIN01,U.S. Bank Stadium
2022,REG,11,2022-11-20,NYG,DET,18,31,Home,NYC01,MetLife Stadium
2022,REG,11,2022-11-20,LAC,KC,27,30,Home,LAX01,SoFi Stadium
2022,REG,11,2022-11-20,NO,LA,27,20,Home,NOR00,Mercedes-Benz Superdome
2022,REG,11,2022-11-20,DEN,LV,16,22,Home,DEN00,Empower Field at Mile High
2022,REG,11,2022-11-20,NE,NYJ,10,3,Home,BOS00,Gillette Stadium
2022,REG,11,2022-11-20,IND,PHI,16,17,Home,IND00,Lucas Oil Stadium
2022,REG,11,2022-11-20,HOU,WAS,10,23,Home,HOU00,NRG Stadium
2022,REG,11,2022-11-21,ARI,SF,10,38,Neutral,MEX00,Azteca Stadium
2022,REG,12,2022-11-24,DET,BUF,25,28,Home,DET00,Ford Field
2022,REG,12,2022-11-24,MIN,NE,33,26,Home,MIN01,U.S. Bank Stadium
2022,REG,12,2022-11-24,DAL,NYG,28,20,Home,DAL00,AT&T Stadium
2022,REG,12,2022-11-27,WAS,ATL,19,13,Home,WAS00,FedExField
2022,REG,12,2022-11-27,JAX,BAL,28,27,Home,JAX00,TIAA Bank Stadium
2022,REG,12,2022-11-27,NYJ,CHI,31,10,Home,NYC01,MetLife Stadium
2022,REG,12,2022-11-27,TEN,CIN,16,20,Home,NAS00,Nissan Stadium
2022,REG,12,2022-11-27,CAR,DEN,23,10,Home,CAR00,Bank of America Stadium
2022,REG,12,2022-11-27,PHI,GB,40,33,Home,PHI00,Lincoln Financial Field
2022,REG,12,2022-11-27,MIA,HOU,30,15,Home,MIA00,Hard Rock Stadium
2022,REG,12,2022-11-27,KC,LA,26,10,Home,KAN00,GEHA Field at Arrowhead Stadium
2022,REG,12,2022-11-27,ARI,LAC,24,25,Home,PHO00,State Farm Stadium
2022,REG,12,2022-11-27,SEA,LV,34,40,Home,SEA00,Lumen Field
2022,REG,12,2022-11-27,SF,NO,13,0,Home,SFO01,Levi's Stadium
2022,REG,12,2022-11-27,CLE,TB,23,17,Home,CLE00,FirstEnergy Stadium
2022,REG,12,2022-11-28,IND,PIT,17,24,Home,IND00,Lucas Oil Stadium
2022,REG,13,2022-12-01,NE,BUF,10,24,Home,BOS00,Gillette Stadium
2022,REG,13,2022-12-04,HOU,CLE,14,27,Home,HOU00,NRG Stadium
2022,REG,13,2022-12-04,BAL,DEN,10,9,Home,BAL00,M&T Bank Stadium
2022,REG,13,2022-12-04,CHI,GB,19,28,Home,CHI98,Soldier Field
2022,REG,13,2022-12-04,DAL,IND,54,19,Home,DAL00,AT&T Stadium
2022,REG,13,2022-12-04,DET,JAX,40,14,Home,DET00,Ford Field
2022,REG,13,2022-12-04,CIN,KC,27,24,Home,CIN00,Paycor Stadium
2022,REG,13,2022-12-04,LV,LAC,27,20,Home,VEG00,Allegiant Stadium
2022,REG,13,2022-12-04,SF,MIA,33,17,Home,SFO01,Levi's Stadium
2022,REG,13,2022-12-04,MIN,NYJ,27,22,Home,MIN01,U.S. Bank Stadium
2022,REG,13,2022-12-04,ATL,PIT,16,19,Home,ATL97,Mercedes-Benz Stadium
2022,REG,13,2022-12-04,LA,SEA,23,27,Home,LAX01,SoFi Stadium
2022,REG,13,2022-12-04,PHI,TEN,35,10,Home,PHI00,Lincoln Financial Field
2022,REG,13,2022-12-04,NYG,WAS,20,20,Home,NYC01,MetLife Stadium
2022,REG,13,2022-12-05,TB,NO,17,16,Home,TAM00,Raymond James Stadium
2022,REG,14,2022-12-08,LA,LV,17,16,Home,LAX01,SoFi Stadium
2022,REG,14,2022-12-11,PIT,BAL,14,16,Home,PIT00,Acrisure Stadium
2022,REG,14,2022-12-11,SEA,CAR,24,30,Home,SEA00,Lumen Field
2022,REG,14,2022-12-11,CIN,CLE,23,10,Home,CIN00,Paycor Stadium
2022,REG,14,2022-12-11,DAL,HOU,27,23,Home,DAL00,AT&T Stadium
2022,REG,14,2022-12-11,TEN,JAX,22,36,Home,NAS00,Nissan Stadium
2022,REG,14,2022-12-11,DEN,KC,28,34,Home,DEN00,Empower Field at Mile High
2022,REG,14,2022-12-11,LAC,MIA,23,17,Home,LAX01,SoFi Stadium
2022,REG,14,2022-12-11,DET,MIN,34,23,Home,DET00,Ford Field
2022,REG,14,2022-12-11,BUF,NYJ,20,12,Home,BUF00,New Era Field
2022,REG,14,2022-12-11,NYG,PHI,22,48,Home,NYC01,MetLife Stadium
2022,REG,14,2022-12-11,SF,TB,35,7,Home,SFO01,Levi's Stadium
2022,REG,14,2022-12-12,ARI,NE,13,27,Home,PHO00,State Farm Stadium
2022,REG,15,2022-12-15,SEA,SF,13,21,Home,SEA00,Lumen Field
2022,REG,15,2022-12-17,CLE,BAL,13,3,Home,CLE00,FirstEnergy Stadium
2022,REG,15,2022-12-17,MIN,IND,39,36,Home,MIN01,U.S. Bank Stadium
2022,REG,15,2022-12-17,BUF,MIA,32,29,Home,BUF00,New Era Field
2022,REG,15,2022-12-18,DEN,ARI,24,15,Home,DEN00,Empower Field at Mile High
2022,REG,15,2022-12-18,NO,ATL,21,18,Home,NOR00,Mercedes-Benz Superdome
2022,REG,15,2022-12-18,TB,CIN,23,34,Home,TAM00,Raymond James Stadium
2022,REG,15,2022-12-18,JAX,DAL,40,34,Home,JAX00,TIAA Bank Stadium
2022,REG,15,2022-12-18,NYJ,DET,17,20,Home,NYC01,MetLife Stadium
2022,REG,15,2022-12-18,HOU,KC,24,30,Home,HOU00,NRG Stadium
2022,REG,15,2022-12-18,LV,NE,30,24,Home,VEG00,Allegiant Stadium
2022,REG,15,2022-12-18,WAS,NYG,12,20,Home,WAS00,FedExField
2022,REG,15,2022-12-18,CHI,PHI,20,25,Home,CHI98,Soldier Field
2022,REG,15,2022-12-18,CAR,PIT,16,24,Home,CAR00,Bank of America Stadium
2022,REG,15,2022-12-18,LAC,TEN,17,14,Home,LAX01,SoFi Stadium
2022,REG,15,2022-12-19,GB,LA,24,12,Home,GNB00,Lambeau Field
2022,REG,16,2022-12-22,NYJ,JAX,3,19,Home,NYC01,MetLife Stadium
2022,REG,16,2022-12-24,BAL,ATL,17,9,Home,BAL00,M&T Bank Stadium
2022,REG,16,2022-12-24,CHI,BUF,13,35,Home,CHI98,Soldier Field
2022,REG,16,2022-12-24,NE,CIN,18,22,Home,BOS00,Gillette Stadium
2022,REG,16,2022-12-24,CAR,DET,37,23,Home,CAR00,Bank of America Stadium
2022,REG,16,2022-12-24,TEN,HOU,14,19,Home,NAS00,Nissan Stadium
2022,REG,16,2022-12-24,PIT,LV,13,10,Home,PIT00,Acrisure Stadium
2022,REG,16,2022-12-24,CLE,NO,10,17,Home,CLE00,FirstEnergy Stadium
2022,REG,16,2022-12-24,MIN,NYG,27,24,Home,MIN01,U.S. Bank Stadium
2022,REG,16,2022-12-24,DAL,PHI,40,34,Home,DAL00,AT&T Stadium
2022,REG,16,2022-12-24,KC,SEA,24,10,Home,KAN00,GEHA Field at Arrowhead Stadium
2022,REG,16,2022-12-24,SF,WAS,37,20,Home,SFO01,Levi's Stadium
2022,REG,16,2022-12-25,LA,DEN,51,14,Home,LAX01,SoFi Stadium
2022,REG,16,2022-12-25,MIA,GB,20,26,Home,MIA00,Hard Rock Stadium
2022,REG,16,2022-12-25,ARI,TB,16,19,Home,PHO00,State Farm Stadium
2022,REG,16,2022-12-26,IND,LAC,3,20,Home,IND00,Lucas Oil Stadium
2022,REG,17,2022-12-29,TEN,DAL,13,27,Home,NAS00,Nissan Stadium
2022,REG,17,2023-01-01,ATL,ARI,20,19,Home,ATL97,Mercedes-Benz Stadium
2022,REG,17,2023-01-01,TB,CAR,30,24,Home,TAM00,Raymond James Stadium
2022,REG,17,2023-01-01,DET,CHI,41,10,Home,DET00,Ford Field
2022,REG,17,2023-01-01,WAS,CLE,10,24,Home,WAS00,FedExField
2022,REG,17,2023-01-01,KC,DEN,27,24,Home,KAN00,GEHA Field at Arrowhead Stadium
2022,REG,17,2023-01-01,NYG,IND,38,10,Home,NYC01,MetLife Stadium
2022,REG,17,2023-01-01,HOU,JAX,3,31,Home,HOU00,NRG Stadium
2022,REG,17,2023-01-01,LAC,LA,31,10,Home,LAX01,SoFi Stadium
2022,REG,17,2023-01-01,NE,MIA,23,21,Home,BOS00,Gillette Stadium
2022,REG,17,2023-01-01,GB,MIN,41,17,Home,GNB00,Lambeau Field
2022,REG,17,2023-01-01,PHI,NO,10,20,Home,PHI00,Lincoln Financial Field
2022,REG,17,2023-01-01,SEA,NYJ,23,6,Home,SEA00,Lumen Field
2022,REG,17,2023-01-01,BAL,PIT,13,16,Home,BAL00,M&T Bank Stadium
2022,REG,17,2023-01-01,LV,SF,34,37,Home,VEG00,Allegiant Stadium
2022,REG,18,2023-01-07,LV,KC,13,31,Home,VEG00,Allegiant Stadium
2022,REG,18,2023-01-07,JAX,TEN,20,16,Home,JAX00,TIAA Bank Stadium
2022,REG,18,2023-01-08,SF,ARI,38,13,Home,SFO01,Levi's Stadium
2022,REG,18,2023-01-08,CIN,BAL,27,16,Home,CIN00,Paycor Stadium
2022,REG,18,2023-01-08,NO,CAR,7,10,Home,NOR00,Mercedes-Benz Superdome
2022,REG,18,2023-01-08,PIT,CLE,28,14,Home,PIT00,Acrisure Stadium
2022,REG,18,2023-01-08,WAS,DAL,26,6,Home,WAS00,FedExField
2022,REG,18,2023-01-08,GB,DET,16,20,Home,GNB00,Lambeau Field
2022,REG,18,2023-01-08,IND,HOU,31,32,Home,IND00,Lucas Oil Stadium
2022,REG,18,2023-01-08,SEA,LA,19,16,Home,SEA00,Lumen Field
2022,REG,18,2023-01-08,DEN,LAC,31,28,Home,DEN00,Empower Field at Mile High
2022,REG,18,2023-01-08,CHI,MIN,13,29,Home,CHI98,Soldier Field
2022,REG,18,2023-01-08,BUF,NE,35,23,Home,BUF00,New Era Field
2022,REG,18,2023-01-08,PHI,NYG,22,16,Home,PHI00,Lincoln Financial Field
2022,REG,18,2023-01-08,MIA,NYJ,11,6,Home,MIA00,Hard Rock Stadium
2022,REG,18,2023-01-08,ATL,TB,30,17,Home,ATL97,Mercedes-Benz Stadium
2023,REG,1,2023-09-07,KC,DET,20,21,Home,KAN00,GEHA Field at Arrowhead Stadium
2023,REG,1,2023-09-10,WAS,ARI,20,16,Home,WAS00,FedExField
2023,REG,1,2023-09-10,ATL,CAR,24,10,Home,ATL97,Mercedes-Benz Stadium
2023,REG,1,2023-09-10,CLE,CIN,24,3,Home,CLE00,FirstEnergy Stadium
2023,REG,1,2023-09-10,NYG,DAL,0,40,Home,NYC01,MetLife Stadium
2023,REG,1,2023-09-10,CHI,GB,20,38,Home,CHI98,Soldier Field
2023,REG,1,2023-09-10,BAL,HOU,25,9,Home,BAL00,M&T Bank Stadium
2023,REG,1,2023-09-10,IND,JAX,21,31,Home,IND00,Lucas Oil Stadium
2023,REG,1,2023-09-10,SEA,LA,13,30,Home,SEA00,Lumen Field
2023,REG,1,2023-09-10,DEN,LV,16,17,Home,DEN00,Empower Field at Mile High
2023,REG,1,2023-09-10,LAC,MIA,34,36,Home,LAX01,SoFi Stadium
2023,REG,1,2023-09-10,NE,PHI,20,25,Home,BOS00,Gillette Stadium
2023,REG,1,2023-09-10,PIT,SF,7,30,Home,PIT00,Acrisure Stadium
2023,REG,1,2023-09-10,MIN,TB,17,20,Home,MIN01,U.S. Bank Stadium
2023,REG,1,2023-09-10,NO,TEN,16,15,Home,NOR00,Mercedes-Benz Superdome
2023,REG,1,2023-09-11,NYJ,BUF,22,16,Home,NYC01,MetLife Stadium
2023,REG,2,2023-09-14,PHI,MIN,34,28,Home,PHI00,Lincoln Financial Field
2023,REG,2,2023-09-17,CIN,BAL,24,27,Home,CIN00,Paycor Stadium
2023,REG,2,2023-09-17,TB,CHI,27,17,Home,TAM00,Raymond James Stadium
2023,REG,2,2023-09-17,ATL,GB,25,24,Home,ATL97,Mercedes-Benz Stadium
2023,REG,2,2023-09-17,HOU,IND,20,31,Home,HOU00,NRG Stadium
2023,REG,2,2023-09-17,JAX,KC,9,17,Home,JAX00,TIAA Bank Stadium
2023,REG,2,2023-09-17,TEN,LAC,27,24,Home,NAS00,Nissan Stadium
2023,REG,2,2023-09-17,BUF,LV,38,10,Home,BUF00,New Era Field
2023,REG,2,2023-09-17,NE,MIA,17,24,Home,BOS00,Gillette Stadium
2023,REG,2,2023-09-17,ARI,NYG,28,31,Home,PHO00,State Farm Stadium
2023,REG,2,2023-09-17,DAL,NYJ,30,10,Home,DAL00,AT&T Stadium
2023,REG,2,2023-09-17,DET,SEA,31,37,Home,DET00,Ford Field
2023,REG,2,2023-09-17,LA,SF,23,30,Home,LAX01,SoFi Stadium
2023,REG,2,2023-09-17,DEN,WAS,33,35,Home,DEN00,Empower Field at Mile High
2023,REG,2,2023-09-18,PIT,CLE,26,22,Home,PIT00,Acrisure Stadium
2023,REG,2,2023-09-18,CAR,NO,17,20,Home,CAR00,Bank of America Stadium
2023,REG,3,2023-09-21,SF,NYG,30,12,Home,SFO01,Levi's Stadium
2023,REG,3,2023-09-24,DET,ATL,20,6,Home,DET00,Ford Field
2023,REG,3,2023-09-24,WAS,BUF,3,37,Home,WAS00,FedExField
2023,REG,3,2023-09-24,SEA,CAR,37,27,Home,SEA00,Lumen Field
2023,REG,3,2023-09-24,KC,CHI,41,10,Home,KAN00,GEHA Field at Arrowhead Stadium
2023,REG,3,2023-09-24,ARI,DAL,28,16,Home,PHO00,State Farm Stadium
2023,REG,3,2023-09-24,MIA,DEN,70,20,Home,MIA00,Hard Rock Stadium
2023,REG,3,2023-09-24,JAX,HOU,17,37,Home,JAX00,TIAA Bank Stadium
2023,REG,3,2023-09-24,BAL,IND,19,22,Home,BAL00,M&T Bank Stadium
2023,REG,3,2023-09-24,MIN,LAC,24,28,Home,MIN01,U.S. Bank Stadium
2023,REG,3,2023-09-24,NYJ,NE,10,15,Home,NYC01,MetLife Stadium
2023,REG,3,2023-09-24,GB,NO,18,17,Home,GNB00,Lambeau Field
2023,REG,3,2023-09-24,LV,PIT,18,23,Home,VEG00,Allegiant Stadium
2023,REG,3,2023-09-24,CLE,TEN,27,3,Home,CLE00,FirstEnergy Stadium
2023,REG,3,2023-09-25,CIN,LA,19,16,Home,CIN00,Paycor Stadium
2023,REG,3,2023-09-25,TB,PHI,11,25,Home,TAM00,Raymond James Stadium
2023,REG,4,2023-09-28,GB,DET,20,34,Home,GNB00,Lambeau Field
2023,REG,4,2023-10-01,SF,ARI,35,16,Home,SFO01,Levi's Stadium
2023,REG,4,2023-10-01,JAX,ATL,23,7,Neutral,LON00,Wembley Stadium
2023,REG,4,2023-10-01,CLE,BAL,3,28,Home,CLE00,FirstEnergy Stadium
2023,REG,4,2023-10-01,TEN,CIN,27,3,Home,NAS00,Nissan Stadium
2023,REG,4,2023-10-01,CHI,DEN,28,31,Home,CHI98,Soldier Field
2023,REG,4,2023-10-01,NYJ,KC,20,23,Home,NYC01,MetLife Stadium
2023,REG,4,2023-10-01,IND,LA,23,29,Home,IND00,Lucas Oil Stadium
2023,REG,4,2023-10-01,LAC,LV,24,17,Home,LAX01,SoFi Stadium
2023,REG,4,2023-10-01,BUF,MIA,48,20,Home,BUF00,New Era Field
2023,REG,4,2023-10-01,CAR,MIN,13,21,Home,CAR00,Bank of America Stadium
2023,REG,4,2023-10-01,DAL,NE,38,3,Home,DAL00,AT&T Stadium
2023,REG,4,2023-10-01,HOU,PIT,30,6,Home,HOU00,NRG Stadium
2023,REG,4,2023-10-01,NO,TB,9,26,Home,NOR00,Mercedes-Benz Superdome
2023,REG,4,2023-10-01,PHI,WAS,34,31,Home,PHI00,Lincoln Financial Field
2023,REG,4,2023-10-02,NYG,SEA,3,24,Home,NYC01,MetLife Stadium
2023,REG,5,2023-10-05,WAS,CHI,20,40,Home,WAS00,FedExField
2023,REG,5,2023-10-08,PIT,BAL,17,10,Home,PIT00,Acrisure Stadium
2023,REG,5,2023-10-08,DET,CAR,42,24,Home,DET00,Ford Field
2023,REG,5,2023-10-08,ARI,CIN,20,34,Home,PHO00,State Farm Stadium
2023,REG,5,2023-10-08,SF,DAL,42,10,Home,SFO01,Levi's Stadium
2023,REG,5,2023-10-08,ATL,HOU,21,19,Home,ATL97,Mercedes-Benz Stadium
2023,REG,5,2023-10-08,BUF,JAX,20,25,Neutral,LON02,Tottenham Stadium
2023,REG,5,2023-10-08,MIN,KC,20,27,Home,MIN01,U.S. Bank Stadium
2023,REG,5,2023-10-08,NE,NO,0,34,Home,BOS00,Gillette Stadium
2023,REG,5,2023-10-08,MIA,NYG,31,16,Home,MIA00,Hard Rock Stadium
2023,REG,5,2023-10-08,DEN,NYJ,21,31,Home,DEN00,Empower Field at Mile High
2023,REG,5,2023-10-08,LA,PHI,14,23,Home,LAX01,SoFi Stadium
2023,REG,5,2023-10-08,IND,TEN,23,16,Home,IND00,Lucas Oil Stadium
2023,REG,5,2023-10-09,LV,GB,17,13,Home,VEG00,Allegiant Stadium
2023,REG,6,2023-10-12,KC,DEN,19,8,Home,KAN00,GEHA Field at Arrowhead Stadium
2023,REG,6,2023-10-15,LA,ARI,26,9,Home,LAX01,SoFi Stadium
2023,REG,6,2023-10-15,TEN,BAL,16,24,Neutral,LON02,Tottenham Stadium
2023,REG,6,2023-10-15,MIA,CAR,42,21,Home,MIA00,Hard Rock Stadium
2023,REG,6,2023-10-15,TB,DET,6,20,Home,TAM00,Raymond James Stadium
2023,REG,6,2023-10-15,JAX,IND,37,20,Home,JAX00,TIAA Bank Stadium
2023,REG,6,2023-10-15,CHI,MIN,13,19,Home,CHI98,Soldier Field
2023,REG,6,2023-10-15,LV,NE,21,17,Home,VEG00,Allegiant Stadium
2023,REG,6,2023-10-15,HOU,NO,20,13,Home,HOU00,NRG Stadium
2023,REG,6,2023-10-15,BUF,NYG,14,9,Home,BUF00,New Era Field
2023,REG,6,2023-10-15,NYJ,PHI,20,14,Home,NYC01,MetLife Stadium
2023,REG,6,2023-10-15,CIN,SEA,17,13,Home,CIN00,Paycor Stadium
2023,REG,6,2023-10-15,CLE,SF,19,17,Home,CLE00,FirstEnergy Stadium
2023,REG,6,2023-10-15,ATL,WAS,16,24,Home,ATL97,Mercedes-Benz Stadium
2023,REG,6,2023-10-16,LAC,DAL,17,20,Home,LAX01,SoFi Stadium
2023,REG,7,2023-10-19,NO,JAX,24,31,Home,NOR00,Mercedes-Benz Superdome
2023,REG,7,2023-10-22,SEA,ARI,20,10,Home,SEA00,Lumen Field
2023,REG,7,2023-10-22,TB,ATL,13,16,Home,TAM00,Raymond James Stadium
2023,REG,7,2023-10-22,NE,BUF,29,25,Home,BOS00,Gillette Stadium
2023,REG,7,2023-10-22,IND,CLE,38,39,Home,IND00,Lucas Oil Stadium
2023,REG,7,2023-10-22,BAL,DET,38,6,Home,BAL00,M&T Bank Stadium
2023,REG,7,2023-10-22,DEN,GB,19,17,Home,DEN00,Empower Field at Mile High
2023,REG,7,2023-10-22,KC,LAC,31,17,Home,KAN00,GEHA Field at Arrowhead Stadium
2023,REG,7,2023-10-22,CHI,LV,30,12,Home,CHI98,Soldier Field
2023,REG,7,2023-10-22,PHI,MIA,31,17,Home,PHI00,Lincoln Financial Field
2023,REG,7,2023-10-22,LA,PIT,17,24,Home,LAX01,SoFi Stadium
2023,REG,7,2023-10-22,NYG,WAS,14,7,Home,NYC01,MetLife Stadium
2023,REG,7,2023-10-23,MIN,SF,22,17,Home,MIN01,U.S. Bank Stadium
2023,REG,8,2023-10-26,BUF,TB,24,18,Home,BUF00,New Era Field
2023,REG,8,2023-10-29,TEN,ATL,28,23,Home,NAS00,Nissan Stadium
2023,REG,8,2023-10-29,ARI,BAL,24,31,Home,PHO00,State Farm Stadium
2023,REG,8,2023-10-29,LAC,CHI,30,13,Home,LAX01,SoFi Stadium
2023,REG,8,2023-10-29,SF,CIN,17,31,Home,SFO01,Levi's Stadium
2023,REG,8,2023-10-29,SEA,CLE,24,20,Home,SEA00,Lumen Field
2023,REG,8,2023-10-29,CAR,HOU,15,13,Home,CAR00,Bank of America Stadium
2023,REG,8,2023-10-29,PIT,JAX,10,20,Home,PIT00,Acrisure Stadium
2023,REG,8,2023-10-29,DEN,KC,24,9,Home,DEN00,Empower Field at Mile High
2023,REG,8,2023-10-29,DAL,LA,43,20,Home,DAL00,AT&T Stadium
2023,REG,8,2023-10-29,GB,MIN,10,24,Home,GNB00,Lambeau Field
2023,REG,8,2023-10-29,MIA,NE,31,17,Home,MIA00,Hard Rock Stadium
2023,REG,8,2023-10-29,IND,NO,27,38,Home,IND00,Lucas Oil Stadium
2023,REG,8,2023-10-29,NYG,NYJ,10,13,Home,NYC01,MetLife Stadium
2023,REG,8,2023-10-29,WAS,PHI,31,38,Home,WAS00,FedExField
2023,REG,8,2023-10-30,DET,LV,26,14,Home,DET00,Ford Field
2023,REG,9,2023-11-02,PIT,TEN,20,16,Home,PIT00,Acrisure Stadium
2023,REG,9,2023-11-05,CLE,ARI,27,0,Home,CLE00,FirstEnergy Stadium
2023,REG,9,2023-11-05,CIN,BUF,24,18,Home,CIN00,Paycor Stadium
2023,REG,9,2023-11-05,NO,CHI,24,17,Home,NOR00,Mercedes-Benz Superdome
2023,REG,9,2023-11-05,PHI,DAL,28,23,Home,PHI00,Lincoln Financial Field
2023,REG,9,2023-11-05,CAR,IND,13,27,Home,CAR00,Bank of America Stadium
2023,REG,9,2023-11-05,GB,LA,20,3,Home,GNB00,Lambeau Field
2023,REG,9,2023-11-05,KC,MIA,21,14,Neutral,FRA00,Deutsche Bank Park
2023,REG,9,2023-11-05,ATL,MIN,28,31,Home,ATL97,Mercedes-Benz Stadium
2023,REG,9,2023-11-05,LV,NYG,30,6,Home,VEG00,Allegiant Stadium
2023,REG,9,2023-11-05,BAL,SEA,37,3,Home,BAL00,M&T Bank Stadium
2023,REG,9,2023-11-05,HOU,TB,39,37,Home,HOU00,NRG Stadium
2023,REG,9,2023-11-05,NE,WAS,17,20,Home,BOS00,Gillette Stadium
2023,REG,9,2023-11-06,NYJ,LAC,6,27,Home,NYC01,MetLife Stadium
2023,REG,10,2023-11-09,CHI,CAR,16,13,Home,CHI98,Soldier Field
2023,REG,10,2023-11-12,ARI,ATL,25,23,Home,PHO00,State Farm Stadium
2023,REG,10,2023-11-12,BAL,CLE,31,33,Home,BAL00,M&T Bank Stadium
2023,REG,10,2023-11-12,LAC,DET,38,41,Home,LAX01,SoFi Stadium
2023,REG,10,2023-11-12,PIT,GB,23,19,Home,PIT00,Acrisure Stadium
2023,REG,10,2023-11-12,CIN,HOU,27,30,Home,CIN00,Paycor Stadium
2023,REG,10,2023-11-12,NE,IND,6,10,Neutral,FRA00,Deutsche Bank Park
2023,REG,10,2023-11-12,MIN,NO,27,19,Home,MIN01,U.S. Bank Stadium
2023,REG,10,2023-11-12,DAL,NYG,49,17,Home,DAL00,AT&T Stadium
2023,REG,10,2023-11-12,LV,NYJ,16,12,Home,VEG00,Allegiant Stadium
2023,REG,10,2023-11-12,JAX,SF,3,34,Home,JAX00,TIAA Bank Stadium
2023,REG,10,2023-11-12,TB,TEN,20,6,Home,TAM00,Raymond James Stadium
2023,REG,10,2023-11-12,SEA,WAS,29,26,Home,SEA00,Lumen Field
2023,REG,10,2023-11-13,BUF,DEN,22,24,Home,BUF00,New Era Field
2023,REG,11,2023-11-16,BAL,CIN,34,20,Home,BAL00,M&T Bank Stadium
2023,REG,11,2023-11-19,HOU,ARI,21,16,Home,HOU00,NRG Stadium
2023,REG,11,2023-11-19,DET,CHI,31,26,Home,DET00,Ford Field
2023,REG,11,2023-11-19,CAR,DAL,10,33,Home,CAR00,Bank of America Stadium
2023,REG,11,2023-11-19,GB,LAC,23,20,Home,GNB00,Lambeau Field
2023,REG,11,2023-11-19,MIA,LV,20,13,Home,MIA00,Hard Rock Stadium
2023,REG,11,2023-11-19,DEN,MIN,21,20,Home,DEN00,Empower Field at Mile High
2023,REG,11,2023-11-19,WAS,NYG,19,31,Home,WAS00,FedExField
2023,REG,11,2023-11-19,BUF,NYJ,32,6,Home,BUF00,New Era Field
2023,REG,11,2023-11-19,CLE,PIT,13,10,Home,CLE00,FirstEnergy Stadium
2023,REG,11,2023-11-19,LA,SEA,17,16,Home,LAX01,SoFi Stadium
2023,REG,11,2023-11-19,SF,TB,27,14,Home,SFO01,Levi's Stadium
2023,REG,11,2023-11-19,JAX,TEN,34,14,Home,JAX00,TIAA Bank Stadium
2023,REG,11,2023-11-20,KC,PHI,17,21,Home,KAN00,GEHA Field at Arrowhead Stadium
2023,REG,12,2023-11-23,DET,GB,22,29,Home,DET00,Ford Field
2023,REG,12,2023-11-23,SEA,SF,13,31,Home,SEA00,Lumen Field
2023,REG,12,2023-11-23,DAL,WAS,45,10,Home,DAL00,AT&T Stadium
2023,REG,12,2023-11-24,NYJ,MIA,13,34,Home,NYC01,MetLife Stadium
2023,REG,12,2023-11-26,LAC,BAL,10,20,Home,LAX01,SoFi Stadium
2023,REG,12,2023-11-26,PHI,BUF,37,34,Home,PHI00,Lincoln Financial Field
2023,REG,12,2023-11-26,TEN,CAR,17,10,Home,NAS00,Nissan Stadium
2023,REG,12,2023-11-26,DEN,CLE,29,12,Home,DEN00,Empower Field at Mile High
2023,REG,12,2023-11-26,HOU,JAX,21,24,Home,HOU00,NRG Stadium
2023,REG,12,2023-11-26,LV,KC,17,31,Home,VEG00,Allegiant Stadium
2023,REG,12,2023-11-26,ARI,LA,14,37,Home,PHO00,State Farm Stadium
2023,REG,12,2023-11-26,NYG,NE,10,7,Home,NYC01,MetLife Stadium
2023,REG,12,2023-11-26,ATL,NO,24,15,Home,ATL97,Mercedes-Benz Stadium
2023,REG,12,2023-11-26,CIN,PIT,10,16,Home,CIN00,Paycor Stadium
2023,REG,12,2023-11-26,IND,TB,27,20,Home,IND00,Lucas Oil Stadium
2023,REG,12,2023-11-27,MIN,CHI,10,12,Home,MIN01,U.S. Bank Stadium
2023,REG,13,2023-11-30,DAL,SEA,41,35,Home,DAL00,AT&T Stadium
2023,REG,13,2023-12-03,PIT,ARI,10,24,Home,PIT00,Acrisure Stadium
2023,REG,13,2023-12-03,NYJ,ATL,8,13,Home,NYC01,MetLife Stadium
2023,REG,13,2023-12-03,TB,CAR,21,18,Home,TAM00,Raymond James Stadium
2023,REG,13,2023-12-03,LA,CLE,36,19,Home,LAX01,SoFi Stadium
2023,REG,13,2023-12-03,HOU,DEN,22,17,Home,HOU00,NRG Stadium
2023,REG,13,2023-12-03,NO,DET,28,33,Home,NOR00,Mercedes-Benz Superdome
2023,REG,13,2023-12-03,TEN,IND,28,31,Home,NAS00,Nissan Stadium
2023,REG,13,2023-12-03,GB,KC,27,19,Home,GNB00,Lambeau Field
2023,REG,13,2023-12-03,NE,LAC,0,6,Home,BOS00,Gillette Stadium
2023,REG,13,2023-12-03,WAS,MIA,15,45,Home,WAS00,FedExField
2023,REG,13,2023-12-03,PHI,SF,19,42,Home,PHI00,Lincoln Financial Field
2023,REG,13,2023-12-04,JAX,CIN,31,34,Home,JAX00,TIAA Bank Stadium
2023,REG,14,2023-12-07,PIT,NE,18,21,Home,PIT00,Acrisure Stadium
2023,REG,14,2023-12-10,KC,BUF,17,20,Home,KAN00,GEHA Field at Arrowhead Stadium
2023,REG,14,2023-12-10,NO,CAR,28,6,Home,NOR00,Mercedes-Benz Superdome
2023,REG,14,2023-12-10,LAC,DEN,7,24,Home,LAX01,SoFi Stadium
2023,REG,14,2023-12-10,CHI,DET,28,13,Home,CHI98,Soldier Field
2023,REG,14,2023-12-10,NYJ,HOU,30,6,Home,NYC01,MetLife Stadium
2023,REG,14,2023-12-10,CIN,IND,34,14,Home,CIN00,Paycor Stadium
2023,REG,14,2023-12-10,CLE,JAX,31,27,Home,CLE00,FirstEnergy Stadium
2023,REG,14,2023-12-10,BAL,LA,37,31,Home,BAL00,M&T Bank Stadium
2023,REG,14,2023-12-10,LV,MIN,0,3,Home,VEG00,Allegiant Stadium
2023,REG,14,2023-12-10,DAL,PHI,33,13,Home,DAL00,AT&T Stadium
2023,REG,14,2023-12-10,SF,SEA,28,16,Home,SFO01,Levi's Stadium
2023,REG,14,2023-12-10,ATL,TB,25,29,Home,ATL97,Mercedes-Benz Stadium
2023,REG,14,2023-12-11,NYG,GB,24,22,Home,NYC01,MetLife Stadium
2023,REG,14,2023-12-11,MIA,TEN,27,28,Home,MIA00,Hard Rock Stadium
2023,REG,15,2023-12-14,LV,LAC,63,21,Home,VEG00,Allegiant Stadium
2023,REG,15,2023-12-16,DET,DEN,42,17,Home,DET00,Ford Field
2023,REG,15,2023-12-16,CIN,MIN,27,24,Home,CIN00,Paycor Stadium
2023,REG,15,2023-12-16,IND,PIT,30,13,Home,IND00,Lucas Oil Stadium
2023,REG,15,2023-12-17,CAR,ATL,9,7,Home,CAR00,Bank of America Stadium
2023,REG,15,2023-12-17,JAX,BAL,7,23,Home,JAX00,TIAA Bank Stadium
2023,REG,15,2023-12-17,CLE,CHI,20,17,Home,CLE00,FirstEnergy Stadium
2023,REG,15,2023-12-17,BUF,DAL,31,10,Home,BUF00,New Era Field
2023,REG,15,2023-12-17,TEN,HOU,16,19,Home,NAS00,Nissan Stadium
2023,REG,15,2023-12-17,NE,KC,17,27,Home,BOS00,Gillette Stadium
2023,REG,15,2023-12-17,NO,NYG,24,6,Home,NOR00,Mercedes-Benz Superdome
2023,REG,15,2023-12-17,MIA,NYJ,30,0,Home,MIA00,Hard Rock Stadium
2023,REG,15,2023-12-17,ARI,SF,29,45,Home,PHO00,State Farm Stadium
2023,REG,15,2023-12-17,GB,TB,20,34,Home,GNB00,Lambeau Field
2023,REG,15,2023-12-17,LA,WAS,28,20,Home,LAX01,SoFi Stadium
2023,REG,15,2023-12-18,SEA,PHI,20,17,Home,SEA00,Lumen Field
2023,REG,16,2023-12-21,LA,NO,30,22,Home,LAX01,SoFi Stadium
2023,REG,16,2023-12-23,LAC,BUF,22,24,Home,LAX01,SoFi Stadium
2023,REG,16,2023-12-23,PIT,CIN,34,11,Home,PIT00,Acrisure Stadium
2023,REG,16,2023-12-24,CHI,ARI,27,16,Home,CHI98,Soldier Field
2023,REG,16,2023-12-24,HOU,CLE,22,36,Home,HOU00,NRG Stadium
2023,REG,16,2023-12-24,MIA,DAL,22,20,Home,MIA00,Hard Rock Stadium
2023,REG,16,2023-12-24,MIN,DET,24,30,Home,MIN01,U.S. Bank Stadium
2023,REG,16,2023-12-24,CAR,GB,30,33,Home,CAR00,Bank of America Stadium
2023,REG,16,2023-12-24,ATL,IND,29,10,Home,ATL97,Mercedes-Benz Stadium
2023,REG,16,2023-12-24,TB,JAX,30,12,Home,TAM00,Raymond James Stadium
2023,REG,16,2023-12-24,DEN,NE,23,26,Home,DEN00,Empower Field at Mile High
2023,REG,16,2023-12-24,TEN,SEA,17,20,Home,NAS00,Nissan Stadium
2023,REG,16,2023-12-24,NYJ,WAS,30,28,Home,NYC01,MetLife Stadium
2023,REG,16,2023-12-25,SF,BAL,19,33,Home,SFO01,Levi's Stadium
2023,REG,16,2023-12-25,KC,LV,14,20,Home,KAN00,GEHA Field at Arrowhead Stadium
2023,REG,16,2023-12-25,PHI,NYG,33,25,Home,PHI00,Lincoln Financial Field
2023,REG,17,2023-12-28,CLE,NYJ,37,20,Home,CLE00,FirstEnergy Stadium
2023,REG,17,2023-12-30,DAL,DET,20,19,Home,DAL00,AT&T Stadium
2023,REG,17,2023-12-31,PHI,ARI,31,35,Home,PHI00,Lincoln Financial Field
2023,REG,17,2023-12-31,CHI,ATL,37,17,Home,CHI98,Soldier Field
2023,REG,17,2023-12-31,JAX,CAR,26,0,Home,JAX00,TIAA Bank Stadium
2023,REG,17,2023-12-31,KC,CIN,25,17,Home,KAN00,GEHA Field at Arrowhead Stadium
2023,REG,17,2023-12-31,MIN,GB,10,33,Home,MIN01,U.S. Bank Stadium
2023,REG,17,2023-12-31,NYG,LA,25,26,Home,NYC01,MetLife Stadium
2023,REG,17,2023-12-31,DEN,LAC,16,9,Home,DEN00,Empower Field at Mile High
2023,REG,17,2023-12-31,IND,LV,23,20,Home,IND00,Lucas Oil Stadium
2023,REG,17,2023-12-31,BAL,MIA,56,19,Home,BAL00,M&T Bank Stadium
2023,REG,17,2023-12-31,BUF,NE,27,21,Home,BUF00,New Era Field
2023,REG,17,2023-12-31,TB,NO,13,23,Home,TAM00,Raymond James Stadium
2023,REG,17,2023-12-31,SEA,PIT,23,30,Home,SEA00,Lumen Field
2023,REG,17,2023-12-31,WAS,SF,10,27,Home,WAS00,FedExField
2023,REG,17,2023-12-31,HOU,TEN,26,3,Home,HOU00,NRG Stadium
2023,REG,18,2024-01-06,IND,HOU,19,23,Home,IND00,Lucas Oil Stadium
2023,REG,18,2024-01-06,BAL,PIT,10,17,Home,BAL00,M&T Bank Stadium
2023,REG,18,2024-01-07,NO,ATL,48,17,Home,NOR00,Mercedes-Benz Superdome
2023,REG,18,2024-01-07,MIA,BUF,14,21,Home,MIA00,Hard Rock Stadium
2023,REG,18,2024-01-07,GB,CHI,17,9,Home,GNB00,Lambeau Field
2023,REG,18,2024-01-07,CIN,CLE,31,14,Home,CIN00,Paycor Stadium
2023,REG,18,2024-01-07,WAS,DAL,10,38,Home,WAS00,FedExField
2023,REG,18,2024-01-07,LV,DEN,27,14,Home,VEG00,Allegiant Stadium
2023,REG,18,2024-01-07,TEN,JAX,28,20,Home,NAS00,Nissan Stadium
2023,REG,18,2024-01-07,LAC,KC,12,13,Home,LAX01,SoFi Stadium
2023,REG,18,2024-01-07,SF,LA,20,21,Home,SFO01,Levi's Stadium
2023,REG,18,2024-01-07,DET,MIN,30,20,Home,DET00,Ford Field
2023,REG,18,2024-01-07,NE,NYJ,3,17,Home,BOS00,Gillette Stadium
2023,REG,18,2024-01-07,NYG,PHI,27,10,Home,NYC01,MetLife Stadium
2023,REG,18,2024-01-07,ARI,SEA,20,21,Home,PHO00,State Farm Stadium
2023,REG,18,2024-01-07,CAR,TB,0,9,Home,CAR00,Bank of America Stadium
2024,REG,1,2024-09-05,KC,BAL,27,20,Home,KAN00,GEHA Field at Arrowhead Stadium
2024,REG,1,2024-09-06,PHI,GB,34,29,Neutral,SAO00,Arena Corinthians
2024,REG,1,2024-09-08,BUF,ARI,34,28,Home,BUF00,New Era Field
2024,REG,1,2024-09-08,NO,CAR,47,10,Home,NOR00,Mercedes-Benz Superdome
2024,REG,1,2024-09-08,CLE,DAL,17,33,Home,CLE00,FirstEnergy Stadium
2024,REG,1,2024-09-08,SEA,DEN,26,20,Home,SEA00,Lumen Field
2024,REG,1,2024-09-08,IND,HOU,27,29,Home,IND00,Lucas Oil Stadium
2024,REG,1,2024-09-08,MIA,JAX,20,17,Home,MIA00,Hard Rock Stadium
2024,REG,1,2024-09-08,DET,LA,26,20,Home,DET00,Ford Field
2024,REG,1,2024-09-08,LAC,LV,22,10,Home,LAX01,SoFi Stadium
2024,REG,1,2024-09-08,NYG,MIN,6,28,Home,NYC01,MetLife Stadium
2024,REG,1,2024-09-08,CIN,NE,10,16,Home,CIN00,Paycor Stadium
2024,REG,1,2024-09-08,ATL,PIT,10,18,Home,ATL97,Mercedes-Benz Stadium
2024,REG,1,2024-09-08,CHI,TEN,24,17,Home,CHI98,Soldier Field
2024,REG,1,2024-09-08,TB,WAS,37,20,Home,TAM00,Raymond James Stadium
2024,REG,1,2024-09-09,SF,NYJ,32,19,Home,SFO01,Levi's Stadium
2024,REG,2,2024-09-12,MIA,BUF,10,31,Home,MIA00,Hard Rock Stadium
2024,REG,2,2024-09-15,HOU,CHI,19,13,Home,HOU00,NRG Stadium
2024,REG,2,2024-09-15,KC,CIN,26,25,Home,KAN00,GEHA Field at Arrowhead Stadium
2024,REG,2,2024-09-15,JAX,CLE,13,18,Home,JAX00,TIAA Bank Stadium
2024,REG,2,2024-09-15,GB,IND,16,10,Home,GNB00,Lambeau Field
2024,REG,2,2024-09-15,ARI,LA,41,10,Home,PHO00,State Farm Stadium
2024,REG,2,2024-09-15,CAR,LAC,3,26,Home,CAR00,Bank of America Stadium
2024,REG,2,2024-09-15,BAL,LV,23,26,Home,BAL00,M&T Bank Stadium
2024,REG,2,2024-09-15,DAL,NO,19,44,Home,DAL00,AT&T Stadium
2024,REG,2,2024-09-15,WAS,NYG,21,18,Home,WAS00,FedExField
2024,REG,2,2024-09-15,TEN,NYJ,17,24,Home,NAS00,Nissan Stadium
2024,REG,2,2024-09-15,DEN,PIT,6,13,Home,DEN00,Empower Field at Mile High
2024,REG,2,2024-09-15,NE,SEA,20,23,Home,BOS00,Gillette Stadium
2024,REG,2,2024-09-15,MIN,SF,23,17,Home,MIN01,U.S. Bank Stadium
2024,REG,2,2024-09-15,DET,TB,16,20,Home,DET00,Ford Field
2024,REG,2,2024-09-16,PHI,ATL,21,22,Home,PHI00,Lincoln Financial Field
2024,REG,3,2024-09-19,NYJ,NE,24,3,Home,NYC01,MetLife Stadium
2024,REG,3,2024-09-22,DAL,BAL,25,28,Home,DAL00,AT&T Stadium
2024,REG,3,2024-09-22,LV,CAR,22,36,Home,VEG00,Allegiant Stadium
2024,REG,3,2024-09-22,IND,CHI,21,16,Home,IND00,Lucas Oil Stadium
2024,REG,3,2024-09-22,TB,DEN,7,26,Home,TAM00,Raymond James Stadium
2024,REG,3,2024-09-22,ARI,DET,13,20,Home,PHO00,State Farm Stadium
2024,REG,3,2024-09-22,TEN,GB,14,30,Home,NAS00,Nissan Stadium
2024,REG,3,2024-09-22,MIN,HOU,34,7,Home,MIN01,U.S. Bank Stadium
2024,REG,3,2024-09-22,ATL,KC,17,22,Home,ATL97,Mercedes-Benz Stadium
2024,REG,3,2024-09-22,PIT,LAC,20,10,Home,PIT00,Acrisure Stadium
2024,REG,3,2024-09-22,SEA,MIA,24,3,Home,SEA00,Lumen Field
2024,REG,3,2024-09-22,CLE,NYG,15,21,Home,CLE00,FirstEnergy Stadium
2024,REG,3,2024-09-22,NO,PHI,12,15,Home,NOR00,Mercedes-Benz Superdome
2024,REG,3,2024-09-22,LA,SF,27,24,Home,LAX01,SoFi Stadium
2024,REG,3,2024-09-23,BUF,JAX,47,10,Home,BUF00,New Era Field
2024,REG,3,2024-09-23,CIN,WAS,33,38,Home,CIN00,Paycor Stadium
2024,REG,4,2024-09-26,NYG,DAL,15,20,Home,NYC01,MetLife Stadium
2024,REG,4,2024-09-29,BAL,BUF,35,10,Home,BAL00,M&T Bank Stadium
2024,REG,4,2024-09-29,CAR,CIN,24,34,Home,CAR00,Bank of America Stadium
2024,REG,4,2024-09-29,LV,CLE,20,16,Home,VEG00,Allegiant Stadium
2024,REG,4,2024-09-29,NYJ,DEN,9,10,Home,NYC01,MetLife Stadium
2024,REG,4,2024-09-29,HOU,JAX,24,20,Home,HOU00,NRG Stadium
2024,REG,4,2024-09-29,LAC,KC,10,17,Home,LAX01,SoFi Stadium
2024,REG,4,2024-09-29,CHI,LA,24,18,Home,CHI98,Soldier Field
2024,REG,4,2024-09-29,GB,MIN,29,31,Home,GNB00,Lambeau Field
2024,REG,4,2024-09-29,SF,NE,30,13,Home,SFO01,Levi's Stadium
2024,REG,4,2024-09-29,ATL,NO,26,24,Home,ATL97,Mercedes-Benz Stadium
2024,REG,4,2024-09-29,TB,PHI,33,16,Home,TAM00,Raymond James Stadium
2024,REG,4,2024-09-29,IND,PIT,27,24,Home,IND00,Lucas Oil Stadium
2024,REG,4,2024-09-29,ARI,WAS,14,42,Home,PHO00,State Farm Stadium
2024,REG,4,2024-09-30,DET,SEA,42,29,Home,DET00,Ford Field
2024,REG,4,2024-09-30,MIA,TEN,12,31,Home,MIA00,Hard Rock Stadium
2024,REG,5,2024-10-03,ATL,TB,36,30,Home,ATL97,Mercedes-Benz Stadium
2024,REG,5,2024-10-06,SF,ARI,23,24,Home,SFO01,Levi's Stadium
2024,REG,5,2024-10-06,CIN,BAL,38,41,Home,CIN00,Paycor Stadium
2024,REG,5,2024-10-06,HOU,BUF,23,20,Home,HOU00,NRG Stadium
2024,REG,5,2024-10-06,CHI,CAR,36,10,Home,CHI98,Soldier Field
2024,REG,5,2024-10-06,WAS,CLE,34,13,Home,WAS00,FedExField
2024,REG,5,2024-10-06,PIT,DAL,17,20,Home,PIT00,Acrisure Stadium
2024,REG,5,2024-10-06,LA,GB,19,24,Home,LAX01,SoFi Stadium
2024,REG,5,2024-10-06,JAX,IND,37,34,Home,JAX00,TIAA Bank Stadium
2024,REG,5,2024-10-06,DEN,LV,34,18,Home,DEN00,Empower Field at Mile High
2024,REG,5,2024-10-06,NE,MIA,10,15,Home,BOS00,Gillette Stadium
2024,REG,5,2024-10-06,SEA,NYG,20,29,Home,SEA00,Lumen Field
2024,REG,5,2024-10-06,MIN,NYJ,23,17,Neutral,LON02,Tottenham Stadium
2024,REG,5,2024-10-07,KC,NO,26,13,Home,KAN00,GEHA Field at Arrowhead Stadium
2024,REG,6,2024-10-10,SEA,SF,24,36,Home,SEA00,Lumen Field
2024,REG,6,2024-10-13,GB,ARI,34,13,Home,GNB00,Lambeau Field
2024,REG,6,2024-10-13,CAR,ATL,20,38,Home,CAR00,Bank of America Stadium
2024,REG,6,2024-10-13,NYG,CIN,7,17,Home,NYC01,MetLife Stadium
2024,REG,6,2024-10-13,PHI,CLE,20,16,Home,PHI00,Lincoln Financial Field
2024,REG,6,2024-10-13,DAL,DET,9,47,Home,DAL00,AT&T Stadium
2024,REG,6,2024-10-13,NE,HOU,21,41,Home,BOS00,Gillette Stadium
2024,REG,6,2024-10-13,TEN,IND,17,20,Home,NAS00,Nissan Stadium
2024,REG,6,2024-10-13,CHI,JAX,35,16,Neutral,LON02,Tottenham Stadium
2024,REG,6,2024-10-13,DEN,LAC,16,23,Home,DEN00,Empower Field at Mile High
2024,REG,6,2024-10-13,LV,PIT,13,32,Home,VEG00,Allegiant Stadium
2024,REG,6,2024-10-13,NO,TB,27,51,Home,NOR00,Mercedes-Benz Superdome
2024,REG,6,2024-10-13,BAL,WAS,30,23,Home,BAL00,M&T Bank Stadium
2024,REG,6,2024-10-14,NYJ,BUF,20,23,Home,NYC01,MetLife Stadium
2024,REG,7,2024-10-17,NO,DEN,10,33,Home,NOR00,Mercedes-Benz Superdome
2024,REG,7,2024-10-20,WAS,CAR,40,7,Home,WAS00,FedExField
2024,REG,7,2024-10-20,CLE,CIN,14,21,Home,CLE00,FirstEnergy Stadium
2024,REG,7,2024-10-20,MIN,DET,29,31,Home,MIN01,U.S. Bank Stadium
2024,REG,7,2024-10-20,GB,HOU,24,22,Home,GNB00,Lambeau Field
2024,REG,7,2024-10-20,SF,KC,18,28,Home,SFO01,Levi's Stadium
2024,REG,7,2024-10-20,LA,LV,20,15,Home,LAX01,SoFi Stadium
2024,REG,7,2024-10-20,IND,MIA,16,10,Home,IND00,Lucas Oil Stadium
2024,REG,7,2024-10-20,JAX,NE,32,16,Neutral,LON00,Wembley Stadium
2024,REG,7,2024-10-20,PIT,NYJ,37,15,Home,PIT00,Acrisure Stadium
2024,REG,7,2024-10-20,NYG,PHI,3,28,Home,NYC01,MetLife Stadium
2024,REG,7,2024-10-20,ATL,SEA,14,34,Home,ATL97,Mercedes-Benz Stadium
2024,REG,7,2024-10-20,BUF,TEN,34,10,Home,BUF00,New Era Field
2024,REG,7,2024-10-21,TB,BAL,31,41,Home,TAM00,Raymond James Stadium
2024,REG,7,2024-10-21,ARI,LAC,17,15,Home,PHO00,State Farm Stadium
2024,REG,8,2024-10-24,LA,MIN,30,20,Home,LAX01,SoFi Stadium
2024,REG,8,2024-10-27,MIA,ARI,27,28,Home,MIA00,Hard Rock Stadium
2024,REG,8,2024-10-27,TB,ATL,26,31,Home,TAM00,Raymond James Stadium
2024,REG,8,2024-10-27,CLE,BAL,29,24,Home,CLE00,FirstEnergy Stadium
2024,REG,8,2024-10-27,SEA,BUF,10,31,Home,SEA00,Lumen Field
2024,REG,8,2024-10-27,DEN,CAR,28,14,Home,DEN00,Empower Field at Mile High
2024,REG,8,2024-10-27,WAS,CHI,18,15,Home,WAS00,FedExField
2024,REG,8,2024-10-27,SF,DAL,30,24,Home,SFO01,Levi's Stadium
2024,REG,8,2024-10-27,JAX,GB,27,30,Home,JAX00,TIAA Bank Stadium
2024,REG,8,2024-10-27,HOU,IND,23,20,Home,HOU00,NRG Stadium
2024,REG,8,2024-10-27,LV,KC,20,27,Home,VEG00,Allegiant Stadium
2024,REG,8,2024-10-27,LAC,NO,26,8,Home,LAX01,SoFi Stadium
2024,REG,8,2024-10-27,NE,NYJ,25,22,Home,BOS00,Gillette Stadium
2024,REG,8,2024-10-27,CIN,PHI,17,37,Home,CIN00,Paycor Stadium
2024,REG,8,2024-10-27,DET,TEN,52,14,Home,DET00,Ford Field
2024,REG,8,2024-10-28,PIT,NYG,26,18,Home,PIT00,Acrisure Stadium
2024,REG,9,2024-10-31,NYJ,HOU,21,13,Home,NYC01,MetLife Stadium
2024,REG,9,2024-11-03,ARI,CHI,29,9,Home,PHO00,State Farm Stadium
2024,REG,9,2024-11-03,ATL,DAL,27,21,Home,ATL97,Mercedes-Benz Stadium
2024,REG,9,2024-11-03,BAL,DEN,41,10,Home,BAL00,M&T Bank Stadium
2024,REG,9,2024-11-03,GB,DET,14,24,Home,GNB00,Lambeau Field
2024,REG,9,2024-11-03,MIN,IND,21,13,Home,MIN01,U.S. Bank Stadium
2024,REG,9,2024-11-03,PHI,JAX,28,23,Home,PHI00,Lincoln Financial Field
2024,REG,9,2024-11-03,SEA,LA,20,26,Home,SEA00,Lumen Field
2024,REG,9,2024-11-03,CLE,LAC,10,27,Home,CLE00,FirstEnergy Stadium
2024,REG,9,2024-11-03,CIN,LV,41,24,Home,CIN00,Paycor Stadium
2024,REG,9,2024-11-03,BUF,MIA,30,27,Home,BUF00,New Era Field
2024,REG,9,2024-11-03,TEN,NE,20,17,Home,NAS00,Nissan Stadium
2024,REG,9,2024-11-03,CAR,NO,23,22,Home,CAR00,Bank of America Stadium
2024,REG,9,2024-11-03,NYG,WAS,22,27,Home,NYC01,MetLife Stadium
2024,REG,9,2024-11-04,KC,TB,30,24,Home,KAN00,GEHA Field at Arrowhead Stadium
2024,REG,10,2024-11-07,BAL,CIN,35,34,Home,BAL00,M&T Bank Stadium
2024,REG,10,2024-11-10,NO,ATL,20,17,Home,NOR00,Mercedes-Benz Superdome
2024,REG,10,2024-11-10,IND,BUF,20,30,Home,IND00,Lucas Oil Stadium
2024,REG,10,2024-11-10,KC,DEN,16,14,Home,KAN00,GEHA Field at Arrowhead Stadium
2024,REG,10,2024-11-10,HOU,DET,23,26,Home,HOU00,NRG Stadium
2024,REG,10,2024-11-10,JAX,MIN,7,12,Home,JAX00,TIAA Bank Stadium
2024,REG,10,2024-11-10,CHI,NE,3,19,Home,CHI98,Soldier Field
2024,REG,10,2024-11-10,CAR,NYG,20,17,Neutral,GER00,Allianz Arena
2024,REG,10,2024-11-10,ARI,NYJ,31,6,Home,PHO00,State Farm Stadium
2024,REG,10,2024-11-10,DAL,PHI,6,34,Home,DAL00,AT&T Stadium
2024,REG,10,2024-11-10,WAS,PIT,27,28,Home,WAS00,FedExField
2024,REG,10,2024-11-10,TB,SF,20,23,Home,TAM00,Raymond James Stadium
2024,REG,10,2024-11-10,LAC,TEN,27,17,Home,LAX01,SoFi Stadium
2024,REG,10,2024-11-11,LA,MIA,15,23,Home,LAX01,SoFi Stadium
2024,REG,11,2024-11-14,PHI,WAS,26,18,Home,PHI00,Lincoln Financial Field
2024,REG,11,2024-11-17,DEN,ATL,38,6,Home,DEN00,Empower Field at Mile High
2024,REG,11,2024-11-17,PIT,BAL,18,16,Home,PIT00,Acrisure Stadium
2024,REG,11,2024-11-17,LAC,CIN,34,27,Home,LAX01,SoFi Stadium
2024,REG,11,2024-11-17,NO,CLE,35,14,Home,NOR00,Mercedes-Benz Superdome
2024,REG,11,2024-11-17,CHI,GB,19,20,Home,CHI98,Soldier Field
2024,REG,11,2024-11-17,NYJ,IND,27,28,Home,NYC01,MetLife Stadium
2024,REG,11,2024-11-17,DET,JAX,52,6,Home,DET00,Ford Field
2024,REG,11,2024-11-17,BUF,KC,30,21,Home,BUF00,New Era Field
2024,REG,11,2024-11-17,NE,LA,22,28,Home,BOS00,Gillette Stadium
2024,REG,11,2024-11-17,MIA,LV,34,19,Home,MIA00,Hard Rock Stadium
2024,REG,11,2024-11-17,TEN,MIN,13,23,Home,NAS00,Nissan Stadium
2024,REG,11,2024-11-17,SF,SEA,17,20,Home,SFO01,Levi's Stadium
2024,REG,11,2024-11-18,DAL,HOU,10,34,Home,DAL00,AT&T Stadium
2024,REG,12,2024-11-21,CLE,PIT,24,19,Home,CLE00,FirstEnergy Stadium
2024,REG,12,2024-11-24,SEA,ARI,16,6,Home,SEA00,Lumen Field
2024,REG,12,2024-11-24,WAS,DAL,26,34,Home,WAS00,FedExField
2024,REG,12,2024-11-24,LV,DEN,19,29,Home,VEG00,Allegiant Stadium
2024,REG,12,2024-11-24,IND,DET,6,24,Home,IND00,Lucas Oil Stadium
2024,REG,12,2024-11-24,CAR,KC,27,30,Home,CAR00,Bank of America Stadium
2024,REG,12,2024-11-24,CHI,MIN,27,30,Home,CHI98,Soldier Field
2024,REG,12,2024-11-24,MIA,NE,34,15,Home,MIA00,Hard Rock Stadium
2024,REG,12,2024-11-24,LA,PHI,20,37,Home,LAX01,SoFi Stadium
2024,REG,12,2024-11-24,GB,SF,38,10,Home,GNB00,Lambeau Field
2024,REG,12,2024-11-24,NYG,TB,7,30,Home,NYC01,MetLife Stadium
2024,REG,12,2024-11-24,HOU,TEN,27,32,Home,HOU00,NRG Stadium
2024,REG,12,2024-11-25,LAC,BAL,23,30,Home,LAX01,SoFi Stadium
2024,REG,13,2024-11-28,DET,CHI,23,20,Home,DET00,Ford Field
2024,REG,13,2024-11-28,GB,MIA,30,17,Home,GNB00,Lambeau Field
2024,REG,13,2024-11-28,DAL,NYG,27,20,Home,DAL00,AT&T Stadium
2024,REG,13,2024-11-29,KC,LV,19,17,Home,KAN00,GEHA Field at Arrowhead Stadium
2024,REG,13,2024-12-01,MIN,ARI,23,22,Home,MIN01,U.S. Bank Stadium
2024,REG,13,2024-12-01,JAX,HOU,20,23,Home,JAX00,TIAA Bank Stadium
2024,REG,13,2024-12-01,NE,IND,24,25,Home,BOS00,Gillette Stadium
2024,REG,13,2024-12-01,NO,LA,14,21,Home,NOR00,Mercedes-Benz Superdome
2024,REG,13,2024-12-01,ATL,LAC,13,17,Home,ATL97,Mercedes-Benz Stadium
2024,REG,13,2024-12-01,BAL,PHI,19,24,Home,BAL00,M&T Bank Stadium
2024,REG,13,2024-12-01,CIN,PIT,38,44,Home,CIN00,Paycor Stadium
2024,REG,13,2024-12-01,NYJ,SEA,21,26,Home,NYC01,MetLife Stadium
2024,REG,13,2024-12-01,BUF,SF,35,10,Home,BUF00,New Era Field
2024,REG,13,2024-12-01,CAR,TB,23,26,Home,CAR00,Bank of America Stadium
2024,REG,13,2024-12-01,WAS,TEN,42,19,Home,WAS00,FedExField
2024,REG,13,2024-12-02,DEN,CLE,41,32,Home,DEN00,Empower Field at Mile High
2024,REG,14,2024-12-05,DET,GB,34,31,Home,DET00,Ford Field
2024,REG,14,2024-12-08,MIN,ATL,42,21,Home,MIN01,U.S. Bank Stadium
2024,REG,14,2024-12-08,LA,BUF,44,42,Home,LAX01,SoFi Stadium
2024,REG,14,2024-12-08,PHI,CAR,22,16,Home,PHI00,Lincoln Financial Field
2024,REG,14,2024-12-08,SF,CHI,38,13,Home,SFO01,Levi's Stadium
2024,REG,14,2024-12-08,PIT,CLE,27,14,Home,PIT00,Acrisure Stadium
2024,REG,14,2024-12-08,TEN,JAX,6,10,Home,NAS00,Nissan Stadium
2024,REG,14,2024-12-08,KC,LAC,19,17,Home,KAN00,GEHA Field at Arrowhead Stadium
2024,REG,14,2024-12-08,TB,LV,28,13,Home,TAM00,Raymond James Stadium
2024,REG,14,2024-12-08,NYG,NO,11,14,Home,NYC01,MetLife Stadium
2024,REG,14,2024-12-08,MIA,NYJ,32,26,Home,MIA00,Hard Rock Stadium
2024,REG,14,2024-12-08,ARI,SEA,18,30,Home,PHO00,State Farm Stadium
2024,REG,14,2024-12-09,DAL,CIN,20,27,Home,DAL00,AT&T Stadium
2024,REG,15,2024-12-12,SF,LA,6,12,Home,SFO01,Levi's Stadium
2024,REG,15,2024-12-15,NYG,BAL,14,35,Home,NYC01,MetLife Stadium
2024,REG,15,2024-12-15,DET,BUF,42,48,Home,DET00,Ford Field
2024,REG,15,2024-12-15,TEN,CIN,27,37,Home,NAS00,Nissan Stadium
2024,REG,15,2024-12-15,CAR,DAL,14,30,Home,CAR00,Bank of America Stadium
2024,REG,15,2024-12-15,SEA,GB,13,30,Home,SEA00,Lumen Field
2024,REG,15,2024-12-15,DEN,IND,31,13,Home,DEN00,Empower Field at Mile High
2024,REG,15,2024-12-15,CLE,KC,7,21,Home,CLE00,FirstEnergy Stadium
2024,REG,15,2024-12-15,HOU,MIA,20,12,Home,HOU00,NRG Stadium
2024,REG,15,2024-12-15,ARI,NE,30,17,Home,PHO00,State Farm Stadium
2024,REG,15,2024-12-15,JAX,NYJ,25,32,Home,JAX00,TIAA Bank Stadium
2024,REG,15,2024-12-15,PHI,PIT,27,13,Home,PHI00,Lincoln Financial Field
2024,REG,15,2024-12-15,LAC,TB,17,40,Home,LAX01,SoFi Stadium
2024,REG,15,2024-12-15,NO,WAS,19,20,Home,NOR00,Mercedes-Benz Superdome
2024,REG,15,2024-12-16,LV,ATL,9,15,Home,VEG00,Allegiant Stadium
2024,REG,15,2024-12-16,MIN,CHI,30,12,Home,MIN01,U.S. Bank Stadium
2024,REG,16,2024-12-19,LAC,DEN,34,27,Home,LAX01,SoFi Stadium
2024,REG,16,2024-12-21,KC,HOU,27,19,Home,KAN00,GEHA Field at Arrowhead Stadium
2024,REG,16,2024-12-21,BAL,PIT,34,17,Home,BAL00,M&T Bank Stadium
2024,REG,16,2024-12-22,CAR,ARI,36,30,Home,CAR00,Bank of America Stadium
2024,REG,16,2024-12-22,CIN,CLE,24,6,Home,CIN00,Paycor Stadium
2024,REG,16,2024-12-22,CHI,DET,17,34,Home,CHI98,Soldier Field
2024,REG,16,2024-12-22,LV,JAX,19,14,Home,VEG00,Allegiant Stadium
2024,REG,16,2024-12-22,NYJ,LA,9,19,Home,NYC01,MetLife Stadium
2024,REG,16,2024-12-22,SEA,MIN,24,27,Home,SEA00,Lumen Field
2024,REG,16,2024-12-22,BUF,NE,24,21,Home,BUF00,New Era Field
2024,REG,16,2024-12-22,ATL,NYG,34,7,Home,ATL97,Mercedes-Benz Stadium
2024,REG,16,2024-12-22,WAS,PHI,36,33,Home,WAS00,FedExField
2024,REG,16,2024-12-22,MIA,SF,29,17,Home,MIA00,Hard Rock Stadium
2024,REG,16,2024-12-22,DAL,TB,26,24,Home,DAL00,AT&T Stadium
2024,REG,16,2024-12-22,IND,TEN,38,30,Home,IND00,Lucas Oil Stadium
2024,REG,16,2024-12-23,GB,NO,34,0,Home,GNB00,Lambeau Field
2024,REG,17,2024-12-25,HOU,BAL,2,31,Home,HOU00,NRG Stadium
2024,REG,17,2024-12-25,PIT,KC,10,29,Home,PIT00,Acrisure Stadium
2024,REG,17,2024-12-26,CHI,SEA,3,6,Home,CHI98,Soldier Field
2024,REG,17,2024-12-28,LA,ARI,13,9,Home,LAX01,SoFi Stadium
2024,REG,17,2024-12-28,CIN,DEN,30,24,Home,CIN00,Paycor Stadium
2024,REG,17,2024-12-28,NE,LAC,7,40,Home,BOS00,Gillette Stadium
2024,REG,17,2024-12-29,WAS,ATL,30,24,Home,WAS00,FedExField
2024,REG,17,2024-12-29,TB,CAR,48,14,Home,TAM00,Raymond James Stadium
2024,REG,17,2024-12-29,PHI,DAL,41,7,Home,PHI00,Lincoln Financial Field
2024,REG,17,2024-12-29,MIN,GB,27,25,Home,MIN01,U.S. Bank Stadium
2024,REG,17,2024-12-29,NYG,IND,45,33,Home,NYC01,MetLife Stadium
2024,REG,17,2024-12-29,NO,LV,10,25,Home,NOR00,Mercedes-Benz Superdome
2024,REG,17,2024-12-29,CLE,MIA,3,20,Home,CLE00,FirstEnergy Stadium
2024,REG,17,2024-12-29,BUF,NYJ,40,14,Home,BUF00,New Era Field
2024,REG,17,2024-12-29,JAX,TEN,20,13,Home,JAX00,TIAA Bank Stadium
2024,REG,17,2024-12-30,SF,DET,34,40,Home,SFO01,Levi's Stadium
2024,REG,18,2025-01-04,PIT,CIN,17,19,Home,PIT00,Acrisure Stadium
2024,REG,18,2025-01-04,BAL,CLE,35,10,Home,BAL00,M&T Bank Stadium
2024,REG,18,2025-01-05,NE,BUF,23,16,Home,BOS00,Gillette Stadium
2024,REG,18,2025-01-05,ATL,CAR,38,44,Home,ATL97,Mercedes-Benz Stadium
2024,REG,18,2025-01-05,GB,CHI,22,24,Home,GNB00,Lambeau Field
2024,REG,18,2025-01-05,TEN,HOU,14,23,Home,NAS00,Nissan Stadium
2024,REG,18,2025-01-05,IND,JAX,26,23,Home,IND00,Lucas Oil Stadium
2024,REG,18,2025-01-05,DEN,KC,38,0,Home,DEN00,Empower Field at Mile High
2024,REG,18,2025-01-05,LV,LAC,20,34,Home,VEG00,Allegiant Stadium
2024,REG,18,2025-01-05,NYJ,MIA,32,20,Home,NYC01,MetLife Stadium
2024,REG,18,2025-01-05,DET,MIN,31,9,Home,DET00,Ford Field
2024,REG,18,2025-01-05,TB,NO,27,19,Home,TAM00,Raymond James Stadium
2024,REG,18,2025-01-05,PHI,NYG,20,13,Home,PHI00,Lincoln Financial Field
2024,REG,18,2025-01-05,LA,SEA,25,30,Home,LAX01,SoFi Stadium
2024,REG,18,2025-01-05,ARI,SF,47,24,Home,PHO00,State Farm Stadium
2024,REG,18,2025-01-05,DAL,WAS,19,23,Home,DAL00,AT&T Stadium
2025,REG,1,2025-09-04,PHI,DAL,24,20,Home,PHI00,Lincoln Financial Field
2025,REG,1,2025-09-05,LAC,KC,27,21,Neutral,LAX01,SoFi Stadium
2025,REG,1,2025-09-07,NO,ARI,13,20,Home,NOR00,Mercedes-Benz Superdome
2025,REG,1,2025-09-07,BUF,BAL,41,40,Home,BUF00,New Era Field
2025,REG,1,2025-09-07,JAX,CAR,26,10,Home,JAX00,TIAA Bank Stadium
2025,REG,1,2025-09-07,CLE,CIN,16,17,Home,CLE00,FirstEnergy Stadium
2025,REG,1,2025-09-07,GB,DET,27,13,Home,GNB00,Lambeau Field
2025,REG,1,2025-09-07,LA,HOU,14,9,Home,LAX01,SoFi Stadium
2025,REG,1,2025-09-07,NE,LV,13,20,Home,BOS00,Gillette Stadium
2025,REG,1,2025-09-07,IND,MIA,33,8,Home,IND00,Lucas Oil Stadium
2025,REG,1,2025-09-07,WAS,NYG,21,6,Home,WAS00,FedExField
2025,REG,1,2025-09-07,NYJ,PIT,32,34,Home,NYC01,MetLife Stadium
2025,REG,1,2025-09-07,SEA,SF,13,17,Home,SEA00,Lumen Field
2025,REG,1,2025-09-07,ATL,TB,20,23,Home,ATL97,Mercedes-Benz Stadium
2025,REG,1,2025-09-07,DEN,TEN,20,12,Home,DEN00,Empower Field at Mile High
2025,REG,1,2025-09-08,CHI,MIN,24,27,Home,CHI98,Soldier Field
2025,REG,2,2025-09-11,GB,WAS,27,18,Home,GNB00,Lambeau Field
2025,REG,2,2025-09-14,MIN,ATL,6,22,Home,MIN01,U.S. Bank Stadium
2025,REG,2,2025-09-14,NYJ,BUF,10,30,Home,NYC01,MetLife Stadium
2025,REG,2,2025-09-14,ARI,CAR,27,22,Home,PHO00,State Farm Stadium
2025,REG,2,2025-09-14,DET,CHI,52,21,Home,DET00,Ford Field
2025,REG,2,2025-09-14,BAL,CLE,41,17,Home,BAL00,M&T Bank Stadium
2025,REG,2,2025-09-14,IND,DEN,29,28,Home,IND00,Lucas Oil Stadium
2025,REG,2,2025-09-14,CIN,JAX,31,27,Home,CIN00,Paycor Stadium
2025,REG,2,2025-09-14,TEN,LA,19,33,Home,NAS00,Nissan Stadium
2025,REG,2,2025-09-14,MIA,NE,27,33,Home,MIA00,Hard Rock Stadium
2025,REG,2,2025-09-14,DAL,NYG,40,37,Home,DAL00,AT&T Stadium
2025,REG,2,2025-09-14,KC,PHI,17,20,Home,KAN00,GEHA Field at Arrowhead Stadium
2025,REG,2,2025-09-14,PIT,SEA,17,31,Home,PIT00,Acrisure Stadium
2025,REG,2,2025-09-14,NO,SF,21,26,Home,NOR00,Mercedes-Benz Superdome
2025,REG,2,2025-09-15,LV,LAC,9,20,Home,VEG00,Allegiant Stadium
2025,REG,2,2025-09-15,HOU,TB,19,20,Home,HOU00,NRG Stadium
2025,REG,3,2025-09-18,BUF,MIA,31,21,Home,BUF00,New Era Field
2025,REG,3,2025-09-21,SF,ARI,16,15,Home,SFO01,Levi's Stadium
2025,REG,3,2025-09-21,CAR,ATL,30,0,Home,CAR00,Bank of America Stadium
2025,REG,3,2025-09-21,MIN,CIN,48,10,Home,MIN01,U.S. Bank Stadium
2025,REG,3,2025-09-21,CHI,DAL,31,14,Home,CHI98,Soldier Field
2025,REG,3,2025-09-21,LAC,DEN,23,20,Home,LAX01,SoFi Stadium
2025,REG,3,2025-09-21,CLE,GB,13,10,Home,CLE00,FirstEnergy Stadium
2025,REG,3,2025-09-21,JAX,HOU,17,10,Home,JAX00,TIAA Bank Stadium
2025,REG,3,2025-09-21,TEN,IND,20,41,Home,NAS00,Nissan Stadium
2025,REG,3,2025-09-21,NYG,KC,9,22,Home,NYC01,MetLife Stadium
2025,REG,3,2025-09-21,PHI,LA,33,26,Home,PHI00,Lincoln Financial Field
2025,REG,3,2025-09-21,WAS,LV,41,24,Home,WAS00,FedExField
2025,REG,3,2025-09-21,SEA,NO,44,13,Home,SEA00,Lumen Field
2025,REG,3,2025-09-21,TB,NYJ,29,27,Home,TAM00,Raymond James Stadium
2025,REG,3,2025-09-21,NE,PIT,14,21,Home,BOS00,Gillette Stadium
2025,REG,3,2025-09-22,BAL,DET,30,38,Home,BAL00,M&T Bank Stadium
2025,REG,4,2025-09-25,ARI,SEA,20,23,Home,PHO00,State Farm Stadium
2025,REG,4,2025-09-28,KC,BAL,37,20,Home,KAN00,GEHA Field at Arrowhead Stadium
2025,REG,4,2025-09-28,NE,CAR,42,13,Home,BOS00,Gillette Stadium
2025,REG,4,2025-09-28,LV,CHI,24,25,Home,VEG00,Allegiant Stadium
2025,REG,4,2025-09-28,DET,CLE,34,10,Home,DET00,Ford Field
2025,REG,4,2025-09-28,DAL,GB,40,40,Home,DAL00,AT&T Stadium
2025,REG,4,2025-09-28,LA,IND,27,20,Home,LAX01,SoFi Stadium
2025,REG,4,2025-09-28,SF,JAX,21,26,Home,SFO01,Levi's Stadium
2025,REG,4,2025-09-28,NYG,LAC,21,18,Home,NYC01,MetLife Stadium
2025,REG,4,2025-09-28,PIT,MIN,24,21,Neutral,PIT00,Acrisure Stadium
2025,REG,4,2025-09-28,BUF,NO,31,19,Home,BUF00,New Era Field
2025,REG,4,2025-09-28,TB,PHI,25,31,Home,TAM00,Raymond James Stadium
2025,REG,4,2025-09-28,HOU,TEN,26,0,Home,HOU00,NRG Stadium
2025,REG,4,2025-09-28,ATL,WAS,34,27,Home,ATL97,Mercedes-Benz Stadium
2025,REG,4,2025-09-29,DEN,CIN,28,3,Home,DEN00,Empower Field at Mile High
2025,REG,4,2025-09-29,MIA,NYJ,27,21,Home,MIA00,Hard Rock Stadium
2025,REG,5,2025-10-02,LA,SF,23,26,Home,LAX01,SoFi Stadium
2025,REG,5,2025-10-05,NYJ,DAL,22,37,Home,NYC01,MetLife Stadium
2025,REG,5,2025-10-05,PHI,DEN,17,21,Home,PHI00,Lincoln Financial Field
2025,REG,5,2025-10-05,CIN,DET,24,37,Home,CIN00,Paycor Stadium
2025,REG,5,2025-10-05,BAL,HOU,10,44,Home,BAL00,M&T Bank Stadium
2025,REG,5,2025-10-05,IND,LV,40,6,Home,IND00,Lucas Oil Stadium
2025,REG,5,2025-10-05,CAR,MIA,27,24,Home,CAR00,Bank of America Stadium
2025,REG,5,2025-10-05,CLE,MIN,17,21,Neutral,CLE00,FirstEnergy Stadium
2025,REG,5,2025-10-05,BUF,NE,20,23,Home,BUF00,New Era Field
2025,REG,5,2025-10-05,NO,NYG,26,14,Home,NOR00,Mercedes-Benz Superdome
2025,REG,5,2025-10-05,SEA,TB,35,38,Home,SEA00,Lumen Field
2025,REG,5,2025-10-05,ARI,TEN,21,22,Home,PHO00,State Farm Stadium
2025,REG,5,2025-10-05,LAC,WAS,10,27,Home,LAX01,SoFi Stadium
2025,REG,5,2025-10-06,JAX,KC,31,28,Home,JAX00,TIAA Bank Stadium
2025,REG,6,2025-10-09,NYG,PHI,34,17,Home,NYC01,MetLife Stadium
2025,REG,6,2025-10-12,IND,ARI,31,27,Home,IND00,Lucas Oil Stadium
2025,REG,6,2025-10-12,GB,CIN,27,18,Home,GNB00,Lambeau Field
2025,REG,6,2025-10-12,PIT,CLE,23,9,Home,PIT00,Acrisure Stadium
2025,REG,6,2025-10-12,CAR,DAL,30,27,Home,CAR00,Bank of America Stadium
2025,REG,6,2025-10-12,NYJ,DEN,11,13,Neutral,NYC01,MetLife Stadium
2025,REG,6,2025-10-12,KC,DET,30,17,Home,KAN00,GEHA Field at Arrowhead Stadium
2025,REG,6,2025-10-12,BAL,LA,3,17,Home,BAL00,M&T Bank Stadium
2025,REG,6,2025-10-12,MIA,LAC,27,29,Home,MIA00,Hard Rock Stadium
2025,REG,6,2025-10-12,NO,NE,19,25,Home,NOR00,Mercedes-Benz Superdome
2025,REG,6,2025-10-12,JAX,SEA,12,20,Home,JAX00,TIAA Bank Stadium
2025,REG,6,2025-10-12,TB,SF,30,19,Home,TAM00,Raymond James Stadium
2025,REG,6,2025-10-12,LV,TEN,20,10,Home,VEG00,Allegiant Stadium
2025,REG,6,2025-10-13,ATL,BUF,24,14,Home,ATL97,Mercedes-Benz Stadium
2025,REG,6,2025-10-13,WAS,CHI,24,25,Home,WAS00,FedExField
2025,REG,7,2025-10-16,CIN,PIT,33,31,Home,CIN00,Paycor Stadium
2025,REG,7,2025-10-19,SF,ATL,20,10,Home,SFO01,Levi's Stadium
2025,REG,7,2025-10-19,NYJ,CAR,6,13,Home,NYC01,MetLife Stadium
2025,REG,7,2025-10-19,ARI,GB,23,27,Home,PHO00,State Farm Stadium
2025,REG,7,2025-10-19,LAC,IND,24,38,Home,LAX01,SoFi Stadium
2025,REG,7,2025-10-19,JAX,LA,7,35,Neutral,JAX00,TIAA Bank Stadium
2025,REG,7,2025-10-19,KC,LV,31,0,Home,KAN00,GEHA Field at Arrowhead Stadium
2025,REG,7,2025-10-19,CLE,MIA,31,6,Home,CLE00,FirstEnergy Stadium
2025,REG,7,2025-10-19,TEN,NE,13,31,Home,NAS00,Nissan Stadium
2025,REG,7,2025-10-19,CHI,NO,26,14,Home,CHI98,Soldier Field
2025,REG,7,2025-10-19,DEN,NYG,33,32,Home,DEN00,Empower Field at Mile High
2025,REG,7,2025-10-19,MIN,PHI,22,28,Home,MIN01,U.S. Bank Stadium
2025,REG,7,2025-10-19,DAL,WAS,44,22,Home,DAL00,AT&T Stadium
2025,REG,7,2025-10-20,SEA,HOU,27,19,Home,SEA00,Lumen Field
2025,REG,7,2025-10-20,DET,TB,24,9,Home,DET00,Ford Field
2025,REG,8,2025-10-23,LAC,MIN,37,10,Home,LAX01,SoFi Stadium
2025,REG,8,2025-10-26,CAR,BUF,9,40,Home,CAR00,Bank of America Stadium
2025,REG,8,2025-10-26,BAL,CHI,30,16,Home,BAL00,M&T Bank Stadium
2025,REG,8,2025-10-26,NE,CLE,32,13,Home,BOS00,Gillette Stadium
2025,REG,8,2025-10-26,DEN,DAL,44,24,Home,DEN00,Empower Field at Mile High
2025,REG,8,2025-10-26,PIT,GB,25,35,Home,PIT00,Acrisure Stadium
2025,REG,8,2025-10-26,ATL,MIA,10,34,Home,ATL97,Mercedes-Benz Stadium
2025,REG,8,2025-10-26,PHI,NYG,38,20,Home,PHI00,Lincoln Financial Field
2025,REG,8,2025-10-26,CIN,NYJ,38,39,Home,CIN00,Paycor Stadium
2025,REG,8,2025-10-26,HOU,SF,26,15,Home,HOU00,NRG Stadium
2025,REG,8,2025-10-26,NO,TB,3,23,Home,NOR00,Mercedes-Benz Superdome
2025,REG,8,2025-10-26,IND,TEN,38,14,Home,IND00,Lucas Oil Stadium
2025,REG,8,2025-10-27,KC,WAS,28,7,Home,KAN00,GEHA Field at Arrowhead Stadium
2025,REG,9,2025-10-30,MIA,BAL,6,28,Home,MIA00,Hard Rock Stadium
2025,REG,9,2025-11-02,NE,ATL,24,23,Home,BOS00,Gillette Stadium
2025,REG,9,2025-11-02,GB,CAR,13,16,Home,GNB00,Lambeau Field
2025,REG,9,2025-11-02,CIN,CHI,42,47,Home,CIN00,Paycor Stadium
2025,REG,9,2025-11-02,HOU,DEN,15,18,Home,HOU00,NRG Stadium
2025,REG,9,2025-11-02,PIT,IND,27,20,Home,PIT00,Acrisure Stadium
2025,REG,9,2025-11-02,LV,JAX,29,30,Home,VEG00,Allegiant Stadium
2025,REG,9,2025-11-02,BUF,KC,28,21,Home,BUF00,New Era Field
2025,REG,9,2025-11-02,TEN,LAC,20,27,Home,NAS00,Nissan Stadium
2025,REG,9,2025-11-02,DET,MIN,24,27,Home,DET00,Ford Field
2025,REG,9,2025-11-02,LA,NO,34,10,Home,LAX01,SoFi Stadium
2025,REG,9,2025-11-02,WAS,SEA,14,38,Home,WAS00,FedExField
2025,REG,9,2025-11-02,NYG,SF,24,34,Home,NYC01,MetLife Stadium
2025,REG,9,2025-11-03,DAL,ARI,17,27,Home,DAL00,AT&T Stadium
2025,REG,10,2025-11-06,DEN,LV,10,7,Home,DEN00,Empower Field at Mile High
2025,REG,10,2025-11-09,SEA,ARI,44,22,Home,SEA00,Lumen Field
2025,REG,10,2025-11-09,IND,ATL,31,25,Neutral,IND00,Lucas Oil Stadium
2025,REG,10,2025-11-09,MIN,BAL,19,27,Home,MIN01,U.S. Bank Stadium
2025,REG,10,2025-11-09,MIA,BUF,30,13,Home,MIA00,Hard Rock Stadium
2025,REG,10,2025-11-09,NYJ,CLE,27,20,Home,NYC01,MetLife Stadium
2025,REG,10,2025-11-09,WAS,DET,22,44,Home,WAS00,FedExField
2025,REG,10,2025-11-09,HOU,JAX,36,29,Home,HOU00,NRG Stadium
2025,REG,10,2025-11-09,SF,LA,26,42,Home,SFO01,Levi's Stadium
2025,REG,10,2025-11-09,TB,NE,23,28,Home,TAM00,Raymond James Stadium
2025,REG,10,2025-11-09,CAR,NO,7,17,Home,CAR00,Bank of America Stadium
2025,REG,10,2025-11-09,CHI,NYG,24,20,Home,CHI98,Soldier Field
2025,REG,10,2025-11-09,LAC,PIT,25,10,Home,LAX01,SoFi Stadium
2025,REG,10,2025-11-10,GB,PHI,7,10,Home,GNB00,Lambeau Field
2025,REG,11,2025-11-13,NE,NYJ,27,14,Home,BOS00,Gillette Stadium
2025,REG,11,2025-11-16,CLE,BAL,16,23,Home,CLE00,FirstEnergy Stadium
2025,REG,11,2025-11-16,ATL,CAR,27,30,Home,ATL97,Mercedes-Benz Stadium
2025,REG,11,2025-11-16,MIN,CHI,17,19,Home,MIN01,U.S. Bank Stadium
2025,REG,11,2025-11-16,PIT,CIN,34,12,Home,PIT00,Acrisure Stadium
2025,REG,11,2025-11-16,PHI,DET,16,9,Home,PHI00,Lincoln Financial Field
2025,REG,11,2025-11-16,NYG,GB,20,27,Home,NYC01,MetLife Stadium
2025,REG,11,2025-11-16,TEN,HOU,13,16,Home,NAS00,Nissan Stadium
2025,REG,11,2025-11-16,DEN,KC,22,19,Home,DEN00,Empower Field at Mile High
2025,REG,11,2025-11-16,JAX,LAC,35,6,Home,JAX00,TIAA Bank Stadium
2025,REG,11,2025-11-16,LA,SEA,21,19,Home,LAX01,SoFi Stadium
2025,REG,11,2025-11-16,ARI,SF,22,41,Home,PHO00,State Farm Stadium
2025,REG,11,2025-11-16,BUF,TB,44,32,Home,BUF00,New Era Field
2025,REG,11,2025-11-16,MIA,WAS,16,13,Neutral,MIA00,Hard Rock Stadium
2025,REG,11,2025-11-17,LV,DAL,16,33,Home,VEG00,Allegiant Stadium
2025,REG,12,2025-11-20,HOU,BUF,23,19,Home,HOU00,NRG Stadium
2025,REG,12,2025-11-23,NO,ATL,10,24,Home,NOR00,Mercedes-Benz Superdome
2025,REG,12,2025-11-23,LV,CLE,10,24,Home,VEG00,Allegiant Stadium
2025,REG,12,2025-11-23,KC,IND,23,20,Home,KAN00,GEHA Field at Arrowhead Stadium
2025,REG,12,2025-11-23,ARI,JAX,24,27,Home,PHO00,State Farm Stadium
2025,REG,12,2025-11-23,GB,MIN,23,6,Home,GNB00,Lambeau Field
2025,REG,12,2025-11-23,CIN,NE,20,26,Home,CIN00,Paycor Stadium
2025,REG,12,2025-11-23,DET,NYG,34,27,Home,DET00,Ford Field
2025,REG,12,2025-11-23,BAL,NYJ,23,10,Home,BAL00,M&T Bank Stadium
2025,REG,12,2025-11-23,DAL,PHI,24,21,Home,DAL00,AT&T Stadium
2025,REG,12,2025-11-23,CHI,PIT,31,28,Home,CHI98,Soldier Field
2025,REG,12,2025-11-23,TEN,SEA,24,30,Home,NAS00,Nissan Stadium
2025,REG,12,2025-11-23,LA,TB,34,7,Home,LAX01,SoFi Stadium
2025,REG,12,2025-11-24,SF,CAR,20,9,Home,SFO01,Levi's Stadium
2025,REG,13,2025-11-27,BAL,CIN,14,32,Home,BAL00,M&T Bank Stadium
2025,REG,13,2025-11-27,DET,GB,24,31,Home,DET00,Ford Field
2025,REG,13,2025-11-27,DAL,KC,31,28,Home,DAL00,AT&T Stadium
2025,REG,13,2025-11-28,PHI,CHI,15,24,Home,PHI00,Lincoln Financial Field
2025,REG,13,2025-11-30,TB,ARI,20,17,Home,TAM00,Raymond James Stadium
2025,REG,13,2025-11-30,NYJ,ATL,27,24,Home,NYC01,MetLife Stadium
2025,REG,13,2025-11-30,PIT,BUF,7,26,Home,PIT00,Acrisure Stadium
2025,REG,13,2025-11-30,WAS,DEN,26,27,Home,WAS00,FedExField
2025,REG,13,2025-11-30,IND,HOU,16,20,Home,IND00,Lucas Oil Stadium
2025,REG,13,2025-11-30,TEN,JAX,3,25,Home,NAS00,Nissan Stadium
2025,REG,13,2025-11-30,CAR,LA,31,28,Home,CAR00,Bank of America Stadium
2025,REG,13,2025-11-30,LAC,LV,31,14,Home,LAX01,SoFi Stadium
2025,REG,13,2025-11-30,SEA,MIN,26,0,Home,SEA00,Lumen Field
2025,REG,13,2025-11-30,MIA,NO,21,17,Home,MIA00,Hard Rock Stadium
2025,REG,13,2025-11-30,CLE,SF,8,26,Home,CLE00,FirstEnergy Stadium
2025,REG,13,2025-12-01,NE,NYG,33,15,Home,BOS00,Gillette Stadium
2025,REG,14,2025-12-04,DET,DAL,44,30,Home,DET00,Ford Field
2025,REG,14,2025-12-07,GB,CHI,28,21,Home,GNB00,Lambeau Field
2025,REG,14,2025-12-07,BUF,CIN,39,34,Home,BUF00,New Era Field
2025,REG,14,2025-12-07,LV,DEN,17,24,Home,VEG00,Allegiant Stadium
2025,REG,14,2025-12-07,KC,HOU,10,20,Home,KAN00,GEHA Field at Arrowhead Stadium
2025,REG,14,2025-12-07,JAX,IND,36,19,Home,JAX00,TIAA Bank Stadium
2025,REG,14,2025-12-07,ARI,LA,17,45,Home,PHO00,State Farm Stadium
2025,REG,14,2025-12-07,NYJ,MIA,10,34,Home,NYC01,MetLife Stadium
2025,REG,14,2025-12-07,TB,NO,20,24,Home,TAM00,Raymond James Stadium
2025,REG,14,2025-12-07,BAL,PIT,22,27,Home,BAL00,M&T Bank Stadium
2025,REG,14,2025-12-07,ATL,SEA,9,37,Home,ATL97,Mercedes-Benz Stadium
2025,REG,14,2025-12-07,CLE,TEN,29,31,Home,CLE00,FirstEnergy Stadium
2025,REG,14,2025-12-07,MIN,WAS,31,0,Home,MIN01,U.S. Bank Stadium
2025,REG,14,2025-12-08,LAC,PHI,22,19,Home,LAX01,SoFi Stadium
2025,REG,15,2025-12-11,TB,ATL,28,29,Home,TAM00,Raymond James Stadium
2025,REG,15,2025-12-14,HOU,ARI,40,20,Home,HOU00,NRG Stadium
2025,REG,15,2025-12-14,CIN,BAL,0,24,Home,CIN00,Paycor Stadium
2025,REG,15,2025-12-14,NE,BUF,31,35,Home,BOS00,Gillette Stadium
2025,REG,15,2025-12-14,NO,CAR,20,17,Home,NOR00,Mercedes-Benz Superdome
2025,REG,15,2025-12-14,CHI,CLE,31,3,Home,CHI98,Soldier Field
2025,REG,15,2025-12-14,LA,DET,41,34,Home,LAX01,SoFi Stadium
2025,REG,15,2025-12-14,DEN,GB,34,26,Home,DEN00,Empower Field at Mile High
2025,REG,15,2025-12-14,SEA,IND,18,16,Home,SEA00,Lumen Field
2025,REG,15,2025-12-14,KC,LAC,13,16,Home,KAN00,GEHA Field at Arrowhead Stadium
2025,REG,15,2025-12-14,PHI,LV,31,0,Home,PHI00,Lincoln Financial Field
2025,REG,15,2025-12-14,DAL,MIN,26,34,Home,DAL00,AT&T Stadium
2025,REG,15,2025-12-14,JAX,NYJ,48,20,Home,JAX00,TIAA Bank Stadium
2025,REG,15,2025-12-14,SF,TEN,37,24,Home,SFO01,Levi's Stadium
2025,REG,15,2025-12-14,NYG,WAS,21,29,Home,NYC01,MetLife Stadium
2025,REG,15,2025-12-15,PIT,MIA,28,15,Home,PIT00,Acrisure Stadium
2025,REG,16,2025-12-18,SEA,LA,38,37,Home,SEA00,Lumen Field
2025,REG,16,2025-12-20,CHI,GB,22,16,Home,CHI98,Soldier Field
2025,REG,16,2025-12-20,WAS,PHI,18,29,Home,WAS00,FedExField
2025,REG,16,2025-12-21,ARI,ATL,19,26,Home,PHO00,State Farm Stadium
2025,REG,16,2025-12-21,CLE,BUF,20,23,Home,CLE00,FirstEnergy Stadium
2025,REG,16,2025-12-21,MIA,CIN,21,45,Home,MIA00,Hard Rock Stadium
2025,REG,16,2025-12-21,DEN,JAX,20,34,Home,DEN00,Empower Field at Mile High
2025,REG,16,2025-12-21,TEN,KC,26,9,Home,NAS00,Nissan Stadium
2025,REG,16,2025-12-21,DAL,LAC,17,34,Home,DAL00,AT&T Stadium
2025,REG,16,2025-12-21,HOU,LV,23,21,Home,HOU00,NRG Stadium
2025,REG,16,2025-12-21,NYG,MIN,13,16,Home,NYC01,MetLife Stadium
2025,REG,16,2025-12-21,BAL,NE,24,28,Home,BAL00,M&T Bank Stadium
2025,REG,16,2025-12-21,NO,NYJ,29,6,Home,NOR00,Mercedes-Benz Superdome
2025,REG,16,2025-12-21,DET,PIT,24,29,Home,DET00,Ford Field
2025,REG,16,2025-12-21,CAR,TB,23,20,Home,CAR00,Bank of America Stadium
2025,REG,16,2025-12-22,IND,SF,27,48,Home,IND00,Lucas Oil Stadium
2025,REG,17,2025-12-25,WAS,DAL,23,30,Home,WAS00,FedExField
2025,REG,17,2025-12-25,KC,DEN,13,20,Home,KAN00,GEHA Field at Arrowhead Stadium
2025,REG,17,2025-12-25,MIN,DET,23,10,Home,MIN01,U.S. Bank Stadium
2025,REG,17,2025-12-27,GB,BAL,24,41,Home,GNB00,Lambeau Field
2025,REG,17,2025-12-27,LAC,HOU,16,20,Home,LAX01,SoFi Stadium
2025,REG,17,2025-12-28,CIN,ARI,37,14,Home,CIN00,Paycor Stadium
2025,REG,17,2025-12-28,SF,CHI,42,38,Home,SFO01,Levi's Stadium
2025,REG,17,2025-12-28,IND,JAX,17,23,Home,IND00,Lucas Oil Stadium
2025,REG,17,2025-12-28,NYJ,NE,10,42,Home,NYC01,MetLife Stadium
2025,REG,17,2025-12-28,TEN,NO,26,34,Home,NAS00,Nissan Stadium
2025,REG,17,2025-12-28,LV,NYG,10,34,Home,VEG00,Allegiant Stadium
2025,REG,17,2025-12-28,BUF,PHI,12,13,Home,BUF00,New Era Field
2025,REG,17,2025-12-28,CLE,PIT,13,6,Home,CLE00,FirstEnergy Stadium
2025,REG,17,2025-12-28,CAR,SEA,10,27,Home,CAR00,Bank of America Stadium
2025,REG,17,2025-12-28,MIA,TB,20,17,Home,MIA00,Hard Rock Stadium
2025,REG,17,2025-12-29,ATL,LA,27,24,Home,ATL97,Mercedes-Benz Stadium
2025,REG,18,2026-01-03,TB,CAR,16,14,Home,TAM00,Raymond James Stadium
2025,REG,18,2026-01-03,SF,SEA,3,13,Home,SFO01,Levi's Stadium
2025,REG,18,2026-01-04,LA,ARI,37,20,Home,LAX01,SoFi Stadium
2025,REG,18,2026-01-04,PIT,BAL,26,24,Home,PIT00,Acrisure Stadium
2025,REG,18,2026-01-04,CIN,CLE,18,20,Home,CIN00,Paycor Stadium
2025,REG,18,2026-01-04,NYG,DAL,34,17,Home,NYC01,MetLife Stadium
2025,REG,18,2026-01-04,CHI,DET,16,19,Home,CHI98,Soldier Field
2025,REG,18,2026-01-04,MIN,GB,16,3,Home,MIN01,U.S. Bank Stadium
2025,REG,18,2026-01-04,HOU,IND,38,30,Home,HOU00,NRG Stadium
2025,REG,18,2026-01-04,LV,KC,14,12,Home,VEG00,Allegiant Stadium
2025,REG,18,2026-01-04,DEN,LAC,19,3,Home,DEN00,Empower Field at Mile High
2025,REG,18,2026-01-04,NE,MIA,38,10,Home,BOS00,Gillette Stadium
2025,REG,18,2026-01-04,ATL,NO,19,17,Home,ATL97,Mercedes-Benz Stadium
2025,REG,18,2026-01-04,BUF,NYJ,35,8,Home,BUF00,New Era Field
2025,REG,18,2026-01-04,JAX,TEN,41,7,Home,JAX00,TIAA Bank Stadium
2025,REG,18,2026-01-04,PHI,WAS,17,24,Home,PHI00,Lincoln Financial Field
2026,REG,1,2026-09-09,SEA,NE,,,Home,SEA00,Lumen Field
2026,REG,1,2026-09-10,LA,SF,,,Neutral,MEL00,Melbourne Cricket Ground
2026,REG,1,2026-09-13,LAC,ARI,,,Home,LAX01,SoFi Stadium
2026,REG,1,2026-09-13,PIT,ATL,,,Home,PIT00,Acrisure Stadium
2026,REG,1,2026-09-13,IND,BAL,,,Home,IND00,Lucas Oil Stadium
2026,REG,1,2026-09-13,HOU,BUF,,,Home,HOU00,Reliant Stadium
2026,REG,1,2026-09-13,CAR,CHI,,,Home,CAR00,Bank of America Stadium
2026,REG,1,2026-09-13,JAX,CLE,,,Home,JAX00,EverBank Stadium
2026,REG,1,2026-09-13,NYG,DAL,,,Home,NYC01,MetLife Stadium
2026,REG,1,2026-09-13,MIN,GB,,,Home,MIN01,U.S. Bank Stadium
2026,REG,1,2026-09-13,LV,MIA,,,Home,VEG00,Allegiant Stadium
2026,REG,1,2026-09-13,DET,NO,,,Home,DET00,Ford Field
2026,REG,1,2026-09-13,TEN,NYJ,,,Home,NAS00,Nissan Stadium
2026,REG,1,2026-09-13,CIN,TB,,,Home,CIN00,Paycor Stadium
2026,REG,1,2026-09-13,PHI,WAS,,,Home,PHI00,Lincoln Financial Field
2026,REG,1,2026-09-14,KC,DEN,,,Home,KAN00,GEHA Field at Arrowhead Stadium
2026,REG,2,2026-09-17,BUF,DET,,,Home,BUF00,Highmark Stadium
2026,REG,2,2026-09-20,ATL,CAR,,,Home,ATL97,Mercedes-Benz Stadium
2026,REG,2,2026-09-20,HOU,CIN,,,Home,HOU00,Reliant Stadium
2026,REG,2,2026-09-20,TB,CLE,,,Home,TAM00,Raymond James Stadium
2026,REG,2,2026-09-20,NYJ,GB,,,Home,NYC01,MetLife Stadium
2026,REG,2,2026-09-20,KC,IND,,,Home,KAN00,GEHA Field at Arrowhead Stadium
2026,REG,2,2026-09-20,DEN,JAX,,,Home,DEN00,Empower Field at Mile High
2026,REG,2,2026-09-20,LAC,LV,,,Home,LAX01,SoFi Stadium
2026,REG,2,2026-09-20,SF,MIA,,,Home,SFO01,Levi's Stadium
2026,REG,2,2026-09-20,CHI,MIN,,,Home,CHI98,Soldier Field
2026,REG,2,2026-09-20,BAL,NO,,,Home,BAL00,M&T Bank Stadium
2026,REG,2,2026-09-20,TEN,PHI,,,Home,NAS00,Nissan Stadium
2026,REG,2,2026-09-20,NE,PIT,,,Home,BOS00,Gillette Stadium
2026,REG,2,2026-09-20,ARI,SEA,,,Home,PHO00,State Farm Stadium
2026,REG,2,2026-09-20,DAL,WAS,,,Home,DAL00,AT&T Stadium
2026,REG,2,2026-09-21,LA,NYG,,,Home,LAX01,SoFi Stadium
2026,REG,3,2026-09-24,GB,ATL,,,Home,GNB00,Lambeau Field
2026,REG,3,2026-09-27,SF,ARI,,,Home,SFO01,Levi's Stadium
2026,REG,3,2026-09-27,DAL,BAL,,,Neutral,RIO00,Maracana Stadium
2026,REG,3,2026-09-27,CLE,CAR,,,Home,CLE00,Huntington Bank Field
2026,REG,3,2026-09-27,PIT,CIN,,,Home,PIT00,Acrisure Stadium
2026,REG,3,2026-09-27,IND,HOU,,,Home,IND00,Lucas Oil Stadium
2026,REG,3,2026-09-27,MIA,KC,,,Home,MIA00,Hard Rock Stadium
2026,REG,3,2026-09-27,DEN,LA,,,Home,DEN00,Empower Field at Mile High
2026,REG,3,2026-09-27,BUF,LAC,,,Home,BUF00,Highmark Stadium
2026,REG,3,2026-09-27,NO,LV,,,Home,NOR00,Caesars Superdome
2026,REG,3,2026-09-27,TB,MIN,,,Home,TAM00,Raymond James Stadium
2026,REG,3,2026-09-27,JAX,NE,,,Home,JAX00,EverBank Stadium
2026,REG,3,2026-09-27,DET,NYJ,,,Home,DET00,Ford Field
2026,REG,3,2026-09-27,WAS,SEA,,,Home,WAS00,Northwest Stadium
2026,REG,3,2026-09-27,NYG,TEN,,,Home,NYC01,MetLife Stadium
2026,REG,3,2026-09-28,CHI,PHI,,,Home,CHI98,Soldier Field
2026,REG,4,2026-10-01,CLE,PIT,,,Home,CLE00,Huntington Bank Field
2026,REG,4,2026-10-04,NYG,ARI,,,Home,NYC01,MetLife Stadium
2026,REG,4,2026-10-04,HOU,DAL,,,Home,HOU00,Reliant Stadium
2026,REG,4,2026-10-04,SF,DEN,,,Home,SFO01,Levi's Stadium
2026,REG,4,2026-10-04,CAR,DET,,,Home,CAR00,Bank of America Stadium
2026,REG,4,2026-10-04,TB,GB,,,Home,TAM00,Raymond James Stadium
2026,REG,4,2026-10-04,WAS,IND,,,Neutral,LON02,Tottenham Hotspur Stadium
2026,REG,4,2026-10-04,CIN,JAX,,,Home,CIN00,Paycor Stadium
2026,REG,4,2026-10-04,LV,KC,,,Home,VEG00,Allegiant Stadium
2026,REG,4,2026-10-04,PHI,LA,,,Home,PHI00,Lincoln Financial Field
2026,REG,4,2026-10-04,SEA,LAC,,,Home,SEA00,Lumen Field
2026,REG,4,2026-10-04,MIN,MIA,,,Home,MIN01,U.S. Bank Stadium
2026,REG,4,2026-10-04,BUF,NE,,,Home,BUF00,Highmark Stadium
2026,REG,4,2026-10-04,CHI,NYJ,,,Home,CHI98,Soldier Field
2026,REG,4,2026-10-04,BAL,TEN,,,Home,BAL00,M&T Bank Stadium
2026,REG,4,2026-10-05,NO,ATL,,,Home,NOR00,Caesars Superdome
2026,REG,5,2026-10-08,DAL,TB,,,Home,DAL00,AT&T Stadium
2026,REG,5,2026-10-11,ATL,BAL,,,Home,ATL97,Mercedes-Benz Stadium
2026,REG,5,2026-10-11,GB,CHI,,,Home,GNB00,Lambeau Field
2026,REG,5,2026-10-11,MIA,CIN,,,Home,MIA00,Hard Rock Stadium
2026,REG,5,2026-10-11,NYJ,CLE,,,Home,NYC01,MetLife Stadium
2026,REG,5,2026-10-11,LAC,DEN,,,Home,LAX01,SoFi Stadium
2026,REG,5,2026-10-11,ARI,DET,,,Home,PHO00,State Farm Stadium
2026,REG,5,2026-10-11,TEN,HOU,,,Home,NAS00,Nissan Stadium
2026,REG,5,2026-10-11,PIT,IND,,,Home,PIT00,Acrisure Stadium
2026,REG,5,2026-10-11,NE,LV,,,Home,BOS00,Gillette Stadium
2026,REG,5,2026-10-11,NO,MIN,,,Home,NOR00,Caesars Superdome
2026,REG,5,2026-10-11,WAS,NYG,,,Home,WAS00,Northwest Stadium
2026,REG,5,2026-10-11,JAX,PHI,,,Home,JAX00,Tottenham Hotspur Stadium
2026,REG,5,2026-10-11,SEA,SF,,,Home,SEA00,Lumen Field
2026,REG,5,2026-10-12,LA,BUF,,,Home,LAX01,SoFi Stadium
2026,REG,6,2026-10-15,DEN,SEA,,,Home,DEN00,Empower Field at Mile High
2026,REG,6,2026-10-18,LA,ARI,,,Home,LAX01,SoFi Stadium
2026,REG,6,2026-10-18,CLE,BAL,,,Home,CLE00,Huntington Bank Field
2026,REG,6,2026-10-18,LV,BUF,,,Home,VEG00,Allegiant Stadium
2026,REG,6,2026-10-18,PHI,CAR,,,Home,PHI00,Lincoln Financial Field
2026,REG,6,2026-10-18,ATL,CHI,,,Home,ATL97,Mercedes-Benz Stadium
2026,REG,6,2026-10-18,GB,DAL,,,Home,GNB00,Lambeau Field
2026,REG,6,2026-10-18,JAX,HOU,,,Neutral,LON00,Wembley Stadium
2026,REG,6,2026-10-18,KC,LAC,,,Home,KAN00,GEHA Field at Arrowhead Stadium
2026,REG,6,2026-10-18,NYG,NO,,,Home,NYC01,MetLife Stadium
2026,REG,6,2026-10-18,NE,NYJ,,,Home,BOS00,Gillette Stadium
2026,REG,6,2026-10-18,TB,PIT,,,Home,TAM00,Raymond James Stadium
2026,REG,6,2026-10-18,IND,TEN,,,Home,IND00,Lucas Oil Stadium
2026,REG,6,2026-10-19,SF,WAS,,,Home,SFO01,Levi's Stadium
2026,REG,7,2026-10-22,CHI,NE,,,Home,CHI98,Soldier Field
2026,REG,7,2026-10-25,BAL,CIN,,,Home,BAL00,M&T Bank Stadium
2026,REG,7,2026-10-25,TEN,CLE,,,Home,NAS00,Nissan Stadium
2026,REG,7,2026-10-25,ARI,DEN,,,Home,PHO00,State Farm Stadium
2026,REG,7,2026-10-25,DET,GB,,,Home,DET00,Ford Field
2026,REG,7,2026-10-25,MIN,IND,,,Home,MIN01,U.S. Bank Stadium
2026,REG,7,2026-10-25,SEA,KC,,,Home,SEA00,Lumen Field
2026,REG,7,2026-10-25,LV,LA,,,Home,VEG00,Allegiant Stadium
2026,REG,7,2026-10-25,NYJ,MIA,,,Home,NYC01,MetLife Stadium
2026,REG,7,2026-10-25,HOU,NYG,,,Home,HOU00,Reliant Stadium
2026,REG,7,2026-10-25,NO,PIT,,,Neutral,PAR00,Stade de France
2026,REG,7,2026-10-25,ATL,SF,,,Home,ATL97,Mercedes-Benz Stadium
2026,REG,7,2026-10-25,CAR,TB,,,Home,CAR00,Bank of America Stadium
2026,REG,7,2026-10-26,PHI,DAL,,,Home,PHI00,Lincoln Financial Field
2026,REG,8,2026-10-29,GB,CAR,,,Home,GNB00,Lambeau Field
2026,REG,8,2026-11-01,DAL,ARI,,,Home,DAL00,AT&T Stadium
2026,REG,8,2026-11-01,TB,ATL,,,Home,TAM00,Raymond James Stadium
2026,REG,8,2026-11-01,BUF,BAL,,,Home,BUF00,Highmark Stadium
2026,REG,8,2026-11-01,PIT,CLE,,,Home,PIT00,Acrisure Stadium
2026,REG,8,2026-11-01,JAX,IND,,,Home,JAX00,EverBank Stadium
2026,REG,8,2026-11-01,DEN,KC,,,Home,DEN00,Empower Field at Mile High
2026,REG,8,2026-11-01,LA,LAC,,,Home,LAX01,SoFi Stadium
2026,REG,8,2026-11-01,NYJ,LV,,,Home,NYC01,MetLife Stadium
2026,REG,8,2026-11-01,DET,MIN,,,Home,DET00,Ford Field
2026,REG,8,2026-11-01,MIA,NE,,,Home,MIA00,Hard Rock Stadium
2026,REG,8,2026-11-01,WAS,PHI,,,Home,WAS00,Northwest Stadium
2026,REG,8,2026-11-01,CIN,TEN,,,Home,CIN00,Paycor Stadium
2026,REG,8,2026-11-02,SEA,CHI,,,Home,SEA00,Lumen Field
2026,REG,9,2026-11-05,BAL,JAX,,,Home,BAL00,M&T Bank Stadium
2026,REG,9,2026-11-08,SEA,ARI,,,Home,SEA00,Lumen Field
2026,REG,9,2026-11-08,ATL,CIN,,,Neutral,MAD01,Bernabeu
2026,REG,9,2026-11-08,NO,CLE,,,Home,NOR00,Caesars Superdome
2026,REG,9,2026-11-08,IND,DAL,,,Home,IND00,Lucas Oil Stadium
2026,REG,9,2026-11-08,CAR,DEN,,,Home,CAR00,Bank of America Stadium
2026,REG,9,2026-11-08,MIA,DET,,,Home,MIA00,Hard Rock Stadium
2026,REG,9,2026-11-08,NE,GB,,,Home,BOS00,Gillette Stadium
2026,REG,9,2026-11-08,LAC,HOU,,,Home,LAX01,SoFi Stadium
2026,REG,9,2026-11-08,WAS,LA,,,Home,WAS00,Northwest Stadium
2026,REG,9,2026-11-08,SF,LV,,,Home,SFO01,Levi's Stadium
2026,REG,9,2026-11-08,PHI,NYG,,,Home,PHI00,Lincoln Financial Field
2026,REG,9,2026-11-08,KC,NYJ,,,Home,KAN00,GEHA Field at Arrowhead Stadium
2026,REG,9,2026-11-08,CHI,TB,,,Home,CHI98,Soldier Field
2026,REG,9,2026-11-09,MIN,BUF,,,Home,MIN01,U.S. Bank Stadium
2026,REG,10,2026-11-12,NYG,WAS,,,Home,NYC01,MetLife Stadium
2026,REG,10,2026-11-15,NYJ,BUF,,,Home,NYC01,MetLife Stadium
2026,REG,10,2026-11-15,NO,CAR,,,Home,NOR00,Caesars Superdome
2026,REG,10,2026-11-15,CLE,HOU,,,Home,CLE00,Huntington Bank Field
2026,REG,10,2026-11-15,TEN,JAX,,,Home,NAS00,Nissan Stadium
2026,REG,10,2026-11-15,ATL,KC,,,Home,ATL97,Mercedes-Benz Stadium
2026,REG,10,2026-11-15,ARI,LA,,,Home,PHO00,State Farm Stadium
2026,REG,10,2026-11-15,IND,MIA,,,Home,IND00,Lucas Oil Stadium
2026,REG,10,2026-11-15,GB,MIN,,,Home,GNB00,Lambeau Field
2026,REG,10,2026-11-15,DET,NE,,,Neutral,MUN01,FC Bayern Munich Stadium
2026,REG,10,2026-11-15,CIN,PIT,,,Home,CIN00,Paycor Stadium
2026,REG,10,2026-11-15,LV,SEA,,,Home,VEG00,Allegiant Stadium
2026,REG,10,2026-11-15,DAL,SF,,,Home,DAL00,AT&T Stadium
2026,REG,10,2026-11-16,BAL,LAC,,,Home,BAL00,M&T Bank Stadium
2026,REG,11,2026-11-19,HOU,IND,,,Home,HOU00,Reliant Stadium
2026,REG,11,2026-11-22,KC,ARI,,,Home,KAN00,GEHA Field at Arrowhead Stadium
2026,REG,11,2026-11-22,CAR,BAL,,,Home,CAR00,Bank of America Stadium
2026,REG,11,2026-11-22,NYG,JAX,,,Home,NYC01,MetLife Stadium
2026,REG,11,2026-11-22,DEN,LV,,,Home,DEN00,Empower Field at Mile High
2026,REG,11,2026-11-22,BUF,MIA,,,Home,BUF00,Highmark Stadium
2026,REG,11,2026-11-22,SF,MIN,,,Neutral,MEX00,Estadio Banorte
2026,REG,11,2026-11-22,CHI,NO,,,Home,CHI98,Soldier Field
2026,REG,11,2026-11-22,LAC,NYJ,,,Home,LAX01,SoFi Stadium
2026,REG,11,2026-11-22,PHI,PIT,,,Home,PHI00,Lincoln Financial Field
2026,REG,11,2026-11-22,DET,TB,,,Home,DET00,Ford Field
2026,REG,11,2026-11-22,DAL,TEN,,,Home,DAL00,AT&T Stadium
2026,REG,11,2026-11-23,WAS,CIN,,,Home,WAS00,Northwest Stadium
2026,REG,12,2026-11-25,LA,GB,,,Home,LAX01,SoFi Stadium
2026,REG,12,2026-11-26,DET,CHI,,,Home,DET00,Ford Field
2026,REG,12,2026-11-26,BUF,KC,,,Home,BUF00,Highmark Stadium
2026,REG,12,2026-11-26,DAL,PHI,,,Home,DAL00,AT&T Stadium
2026,REG,12,2026-11-27,PIT,DEN,,,Home,PIT00,Acrisure Stadium
2026,REG,12,2026-11-29,MIN,ATL,,,Home,MIN01,U.S. Bank Stadium
2026,REG,12,2026-11-29,HOU,BAL,,,Home,HOU00,Reliant Stadium
2026,REG,12,2026-11-29,CLE,LV,,,Home,CLE00,Huntington Bank Field
2026,REG,12,2026-11-29,LAC,NE,,,Home,LAX01,SoFi Stadium
2026,REG,12,2026-11-29,CIN,NO,,,Home,CIN00,Paycor Stadium
2026,REG,12,2026-11-29,IND,NYG,,,Home,IND00,Lucas Oil Stadium
2026,REG,12,2026-11-29,MIA,NYJ,,,Home,MIA00,Hard Rock Stadium
2026,REG,12,2026-11-29,SF,SEA,,,Home,SFO01,Levi's Stadium
2026,REG,12,2026-11-29,JAX,TEN,,,Home,JAX00,EverBank Stadium
2026,REG,12,2026-11-29,ARI,WAS,,,Home,PHO00,State Farm Stadium
2026,REG,12,2026-11-30,TB,CAR,,,Home,TAM00,Raymond James Stadium
2026,REG,13,2026-12-03,LA,KC,,,Home,LAX01,SoFi Stadium
2026,REG,13,2026-12-06,NE,BUF,,,Home,BOS00,Gillette Stadium
2026,REG,13,2026-12-06,MIN,CAR,,,Home,MIN01,U.S. Bank Stadium
2026,REG,13,2026-12-06,CLE,CIN,,,Home,CLE00,Huntington Bank Field
2026,REG,13,2026-12-06,ATL,DET,,,Home,ATL97,Mercedes-Benz Stadium
2026,REG,13,2026-12-06,NO,GB,,,Home,NOR00,Caesars Superdome
2026,REG,13,2026-12-06,PIT,HOU,,,Home,PIT00,Acrisure Stadium
2026,REG,13,2026-12-06,CHI,JAX,,,Home,CHI98,Soldier Field
2026,REG,13,2026-12-06,TB,LAC,,,Home,TAM00,Raymond James Stadium
2026,REG,13,2026-12-06,DEN,MIA,,,Home,DEN00,Empower Field at Mile High
2026,REG,13,2026-12-06,ARI,PHI,,,Home,PHO00,State Farm Stadium
2026,REG,13,2026-12-06,NYG,SF,,,Home,NYC01,MetLife Stadium
2026,REG,13,2026-12-06,TEN,WAS,,,Home,NAS00,Nissan Stadium
2026,REG,13,2026-12-07,SEA,DAL,,,Home,SEA00,Lumen Field
2026,REG,14,2026-12-10,NE,MIN,,,Home,BOS00,Gillette Stadium
2026,REG,14,2026-12-13,CLE,ATL,,,Home,CLE00,Huntington Bank Field
2026,REG,14,2026-12-13,GB,BUF,,,Home,GNB00,Lambeau Field
2026,REG,14,2026-12-13,MIA,CHI,,,Home,MIA00,Hard Rock Stadium
2026,REG,14,2026-12-13,NYJ,DEN,,,Home,NYC01,MetLife Stadium
2026,REG,14,2026-12-13,WAS,HOU,,,Home,WAS00,Northwest Stadium
2026,REG,14,2026-12-13,PHI,IND,,,Home,PHI00,Lincoln Financial Field
2026,REG,14,2026-12-13,CIN,KC,,,Home,CIN00,Paycor Stadium
2026,REG,14,2026-12-13,SF,LA,,,Home,SFO01,Levi's Stadium
2026,REG,14,2026-12-13,LV,LAC,,,Home,VEG00,Allegiant Stadium
2026,REG,14,2026-12-13,CAR,NO,,,Home,CAR00,Bank of America Stadium
2026,REG,14,2026-12-13,SEA,NYG,,,Home,SEA00,Lumen Field
2026,REG,14,2026-12-13,BAL,TB,,,Home,BAL00,M&T Bank Stadium
2026,REG,14,2026-12-13,DET,TEN,,,Home,DET00,Ford Field
2026,REG,14,2026-12-14,JAX,PIT,,,Home,JAX00,EverBank Stadium
2026,REG,15,2026-12-17,LAC,SF,,,Home,LAX01,SoFi Stadium
2026,REG,15,2026-12-19,BUF,CHI,,,Home,BUF00,Highmark Stadium
2026,REG,15,2026-12-19,PHI,SEA,,,Home,PHI00,Lincoln Financial Field
2026,REG,15,2026-12-20,WAS,ATL,,,Home,WAS00,Northwest Stadium
2026,REG,15,2026-12-20,PIT,BAL,,,Home,PIT00,Acrisure Stadium
2026,REG,15,2026-12-20,CAR,CIN,,,Home,CAR00,Bank of America Stadium
2026,REG,15,2026-12-20,NYG,CLE,,,Home,NYC01,MetLife Stadium
2026,REG,15,2026-12-20,LA,DAL,,,Home,LAX01,SoFi Stadium
2026,REG,15,2026-12-20,LV,DEN,,,Home,VEG00,Allegiant Stadium
2026,REG,15,2026-12-20,MIN,DET,,,Home,MIN01,U.S. Bank Stadium
2026,REG,15,2026-12-20,TEN,IND,,,Home,NAS00,Nissan Stadium
2026,REG,15,2026-12-20,HOU,JAX,,,Home,HOU00,Reliant Stadium
2026,REG,15,2026-12-20,GB,MIA,,,Home,GNB00,Lambeau Field
2026,REG,15,2026-12-20,TB,NO,,,Home,TAM00,Raymond James Stadium
2026,REG,15,2026-12-20,ARI,NYJ,,,Home,PHO00,State Farm Stadium
2026,REG,15,2026-12-21,KC,NE,,,Home,KAN00,GEHA Field at Arrowhead Stadium
2026,REG,16,2026-12-24,PHI,HOU,,,Home,PHI00,Lincoln Financial Field
2026,REG,16,2026-12-25,DEN,BUF,,,Home,DEN00,Empower Field at Mile High
2026,REG,16,2026-12-25,CHI,GB,,,Home,CHI98,Soldier Field
2026,REG,16,2026-12-25,SEA,LA,,,Home,SEA00,Lumen Field
2026,REG,16,2026-12-27,NO,ARI,,,Home,NOR00,Caesars Superdome
2026,REG,16,2026-12-27,PIT,CAR,,,Home,PIT00,Acrisure Stadium
2026,REG,16,2026-12-27,IND,CIN,,,Home,IND00,Lucas Oil Stadium
2026,REG,16,2026-12-27,BAL,CLE,,,Home,BAL00,M&T Bank Stadium
2026,REG,16,2026-12-27,DAL,JAX,,,Home,DAL00,AT&T Stadium
2026,REG,16,2026-12-27,MIA,LAC,,,Home,MIA00,Hard Rock Stadium
2026,REG,16,2026-12-27,NYJ,NE,,,Home,NYC01,MetLife Stadium
2026,REG,16,2026-12-27,KC,SF,,,Home,KAN00,GEHA Field at Arrowhead Stadium
2026,REG,16,2026-12-27,ATL,TB,,,Home,ATL97,Mercedes-Benz Stadium
2026,REG,16,2026-12-27,LV,TEN,,,Home,VEG00,Allegiant Stadium
2026,REG,16,2026-12-27,MIN,WAS,,,Home,MIN01,U.S. Bank Stadium
2026,REG,16,2026-12-28,DET,NYG,,,Home,DET00,Ford Field
2026,REG,17,2026-12-31,CIN,BAL,,,Home,CIN00,Paycor Stadium
2026,REG,17,2027-01-03,MIA,BUF,,,Home,MIA00,Hard Rock Stadium
2026,REG,17,2027-01-03,NE,DEN,,,Home,BOS00,Gillette Stadium
2026,REG,17,2027-01-03,CHI,DET,,,Home,CHI98,Soldier Field
2026,REG,17,2027-01-03,CLE,IND,,,Home,CLE00,Huntington Bank Field
2026,REG,17,2027-01-03,LAC,KC,,,Home,LAX01,SoFi Stadium
2026,REG,17,2027-01-03,TB,LA,,,Home,TAM00,Raymond James Stadium
2026,REG,17,2027-01-03,ARI,LV,,,Home,PHO00,State Farm Stadium
2026,REG,17,2027-01-03,NYJ,MIN,,,Home,NYC01,MetLife Stadium
2026,REG,17,2027-01-03,ATL,NO,,,Home,ATL97,Mercedes-Benz Stadium
2026,REG,17,2027-01-03,DAL,NYG,,,Home,DAL00,AT&T Stadium
2026,REG,17,2027-01-03,SF,PHI,,,Home,SFO01,Levi's Stadium
2026,REG,17,2027-01-03,TEN,PIT,,,Home,NAS00,Nissan Stadium
2026,REG,17,2027-01-03,CAR,SEA,,,Home,CAR00,Bank of America Stadium
2026,REG,17,2027-01-03,JAX,WAS,,,Home,JAX00,EverBank Stadium
2026,REG,17,2027-01-04,GB,HOU,,,Home,GNB00,Lambeau Field
2026,REG,18,2027-01-10,CAR,ATL,,,Home,CAR00,Bank of America Stadium
2026,REG,18,2027-01-10,MIN,CHI,,,Home,MIN01,U.S. Bank Stadium
2026,REG,18,2027-01-10,CIN,CLE,,,Home,CIN00,Paycor Stadium
2026,REG,18,2027-01-10,WAS,DAL,,,Home,WAS00,Northwest Stadium
2026,REG,18,2027-01-10,GB,DET,,,Home,GNB00,Lambeau Field
2026,REG,18,2027-01-10,IND,JAX,,,Home,IND00,Lucas Oil Stadium
2026,REG,18,2027-01-10,DEN,LAC,,,Home,DEN00,Empower Field at Mile High
2026,REG,18,2027-01-10,KC,LV,,,Home,KAN00,GEHA Field at Arrowhead Stadium
2026,REG,18,2027-01-10,NE,MIA,,,Home,BOS00,Gillette Stadium
2026,REG,18,2027-01-10,BUF,NYJ,,,Home,BUF00,Highmark Stadium
2026,REG,18,2027-01-10,NYG,PHI,,,Home,NYC01,MetLife Stadium
2026,REG,18,2027-01-10,BAL,PIT,,,Home,BAL00,M&T Bank Stadium
2026,REG,18,2027-01-10,LA,SEA,,,Home,LAX01,SoFi Stadium
2026,REG,18,2027-01-10,ARI,SF,,,Home,PHO00,State Farm Stadium
2026,REG,18,2027-01-10,NO,TB,,,Home,NOR00,Caesars Superdome
2026,REG,18,2027-01-10,HOU,TEN,,,Home,HOU00,Reliant Stadium
